GameID,League,Season,Date,HomeTeam,AwayTeam,Result
1772556,argprimeradivision,2013-2014,02.08.2013,Godoy Cruz,Argentinos Juniors,3:1
1772561,argprimeradivision,2013-2014,03.08.2013,Arsenal de Sarandí,Estudiantes,1:1
1772562,argprimeradivision,2013-2014,03.08.2013,All Boys,Atlético Rafaela,1:1
1772560,argprimeradivision,2013-2014,03.08.2013,Tigre,Vélez Sarsfield,1:2
1772557,argprimeradivision,2013-2014,04.08.2013,Colón de Santa Fe,Racing Club,1:1
1772559,argprimeradivision,2013-2014,04.08.2013,San Lorenzo,Olimpo de Bahía Blanca,2:1
1772563,argprimeradivision,2013-2014,04.08.2013,Lanús,Belgrano de Córdoba,3:0
1772558,argprimeradivision,2013-2014,04.08.2013,Gimnasia de La Plata,River Plate,1:0
1772555,argprimeradivision,2013-2014,05.08.2013,Rosario Central,Quilmes,2:0
1772554,argprimeradivision,2013-2014,14.08.2013,Boca Juniors,Newells Old Boys,2:3
1772572,argprimeradivision,2013-2014,07.08.2013,Argentinos Juniors,Colón de Santa Fe,2:0
1772566,argprimeradivision,2013-2014,07.08.2013,Belgrano de Córdoba,Boca Juniors,1:2
1772568,argprimeradivision,2013-2014,08.08.2013,Estudiantes,All Boys,1:0
1772567,argprimeradivision,2013-2014,08.08.2013,Atlético Rafaela,Lanús,2:1
1772573,argprimeradivision,2013-2014,08.08.2013,Quilmes,Godoy Cruz,1:0
1772569,argprimeradivision,2013-2014,09.08.2013,Vélez Sarsfield,Arsenal de Sarandí,0:0
1772570,argprimeradivision,2013-2014,09.08.2013,Olimpo de Bahía Blanca,Tigre,0:0
1772571,argprimeradivision,2013-2014,10.08.2013,Racing Club,San Lorenzo,0:3
1772564,argprimeradivision,2013-2014,10.08.2013,River Plate,Rosario Central,1:0
1772565,argprimeradivision,2013-2014,28.08.2013,Newells Old Boys,Gimnasia de La Plata,3:0
1772581,argprimeradivision,2013-2014,16.08.2013,Arsenal de Sarandí,Olimpo de Bahía Blanca,3:1
1772577,argprimeradivision,2013-2014,17.08.2013,Colón de Santa Fe,Quilmes,1:0
1772578,argprimeradivision,2013-2014,17.08.2013,Gimnasia de La Plata,Rosario Central,3:1
1772579,argprimeradivision,2013-2014,18.08.2013,San Lorenzo,Argentinos Juniors,0:3
1772575,argprimeradivision,2013-2014,18.08.2013,Newells Old Boys,Belgrano de Córdoba,0:0
1772580,argprimeradivision,2013-2014,18.08.2013,Tigre,Racing Club,3:1
1772574,argprimeradivision,2013-2014,18.08.2013,Boca Juniors,Atlético Rafaela,2:1
1772576,argprimeradivision,2013-2014,19.08.2013,Godoy Cruz,River Plate,0:0
1772582,argprimeradivision,2013-2014,19.08.2013,All Boys,Vélez Sarsfield,1:1
1772583,argprimeradivision,2013-2014,20.08.2013,Lanús,Estudiantes,1:1
1772586,argprimeradivision,2013-2014,23.08.2013,Belgrano de Córdoba,Gimnasia de La Plata,1:2
1772587,argprimeradivision,2013-2014,23.08.2013,Atlético Rafaela,Newells Old Boys,0:2
1772591,argprimeradivision,2013-2014,24.08.2013,Racing Club,Arsenal de Sarandí,0:2
1772589,argprimeradivision,2013-2014,24.08.2013,Vélez Sarsfield,Lanús,0:0
1772592,argprimeradivision,2013-2014,24.08.2013,Argentinos Juniors,Tigre,1:0
1772585,argprimeradivision,2013-2014,24.08.2013,Rosario Central,Godoy Cruz,1:0
1772590,argprimeradivision,2013-2014,25.08.2013,Olimpo de Bahía Blanca,All Boys,1:1
1772584,argprimeradivision,2013-2014,25.08.2013,River Plate,Colón de Santa Fe,1:2
1772588,argprimeradivision,2013-2014,26.08.2013,Estudiantes,Boca Juniors,2:0
1772593,argprimeradivision,2013-2014,27.08.2013,Quilmes,San Lorenzo,3:2
1772595,argprimeradivision,2013-2014,31.08.2013,Newells Old Boys,Estudiantes,1:1
1772600,argprimeradivision,2013-2014,31.08.2013,Tigre,Quilmes,0:1
1772602,argprimeradivision,2013-2014,01.09.2013,All Boys,Racing Club,1:0
1772598,argprimeradivision,2013-2014,01.09.2013,Gimnasia de La Plata,Godoy Cruz,0:0
1772597,argprimeradivision,2013-2014,01.09.2013,Colón de Santa Fe,Rosario Central,2:1
1772594,argprimeradivision,2013-2014,01.09.2013,Boca Juniors,Vélez Sarsfield,2:1
1772599,argprimeradivision,2013-2014,02.09.2013,San Lorenzo,River Plate,1:0
1772601,argprimeradivision,2013-2014,02.09.2013,Arsenal de Sarandí,Argentinos Juniors,0:0
1772596,argprimeradivision,2013-2014,02.09.2013,Belgrano de Córdoba,Atlético Rafaela,3:2
1772603,argprimeradivision,2013-2014,03.09.2013,Lanús,Olimpo de Bahía Blanca,3:0
1772609,argprimeradivision,2013-2014,07.09.2013,Vélez Sarsfield,Newells Old Boys,3:0
1772608,argprimeradivision,2013-2014,07.09.2013,Estudiantes,Belgrano de Córdoba,1:1
1772606,argprimeradivision,2013-2014,07.09.2013,Godoy Cruz,Colón de Santa Fe,1:0
1772612,argprimeradivision,2013-2014,07.09.2013,Argentinos Juniors,All Boys,1:0
1772607,argprimeradivision,2013-2014,07.09.2013,Atlético Rafaela,Gimnasia de La Plata,2:1
1772611,argprimeradivision,2013-2014,08.09.2013,Racing Club,Lanús,1:1
1772605,argprimeradivision,2013-2014,08.09.2013,Rosario Central,San Lorenzo,0:2
1772613,argprimeradivision,2013-2014,08.09.2013,Quilmes,Arsenal de Sarandí,0:1
1772604,argprimeradivision,2013-2014,08.09.2013,River Plate,Tigre,3:0
1772610,argprimeradivision,2013-2014,09.09.2013,Olimpo de Bahía Blanca,Boca Juniors,3:0
1772623,argprimeradivision,2013-2014,13.09.2013,Lanús,Argentinos Juniors,4:0
1772616,argprimeradivision,2013-2014,14.09.2013,Belgrano de Córdoba,Vélez Sarsfield,3:0
1772615,argprimeradivision,2013-2014,14.09.2013,Newells Old Boys,Olimpo de Bahía Blanca,2:1
1772622,argprimeradivision,2013-2014,14.09.2013,All Boys,Quilmes,4:0
1772619,argprimeradivision,2013-2014,15.09.2013,San Lorenzo,Godoy Cruz,0:0
1772617,argprimeradivision,2013-2014,15.09.2013,Atlético Rafaela,Estudiantes,1:0
1772620,argprimeradivision,2013-2014,15.09.2013,Tigre,Rosario Central,2:0
1772614,argprimeradivision,2013-2014,15.09.2013,Boca Juniors,Racing Club,2:0
1772621,argprimeradivision,2013-2014,16.09.2013,Arsenal de Sarandí,River Plate,1:1
1772618,argprimeradivision,2013-2014,18.09.2013,Gimnasia de La Plata,Colón de Santa Fe,1:0
1772626,argprimeradivision,2013-2014,20.09.2013,Godoy Cruz,Tigre,2:0
1772631,argprimeradivision,2013-2014,21.09.2013,Racing Club,Newells Old Boys,0:1
1772630,argprimeradivision,2013-2014,21.09.2013,Olimpo de Bahía Blanca,Belgrano de Córdoba,1:1
1772625,argprimeradivision,2013-2014,22.09.2013,Rosario Central,Arsenal de Sarandí,1:1
1772633,argprimeradivision,2013-2014,22.09.2013,Quilmes,Lanús,0:0
1772627,argprimeradivision,2013-2014,22.09.2013,Colón de Santa Fe,San Lorenzo,0:2
1772628,argprimeradivision,2013-2014,22.09.2013,Estudiantes,Gimnasia de La Plata,1:1
1772632,argprimeradivision,2013-2014,22.09.2013,Argentinos Juniors,Boca Juniors,0:0
1772624,argprimeradivision,2013-2014,23.09.2013,River Plate,All Boys,1:0
1772629,argprimeradivision,2013-2014,24.09.2013,Vélez Sarsfield,Atlético Rafaela,4:1
1772641,argprimeradivision,2013-2014,27.09.2013,Arsenal de Sarandí,Godoy Cruz,1:0
1772642,argprimeradivision,2013-2014,27.09.2013,All Boys,Rosario Central,1:1
1772638,argprimeradivision,2013-2014,28.09.2013,Estudiantes,Vélez Sarsfield,0:0
1772639,argprimeradivision,2013-2014,28.09.2013,San Lorenzo,Gimnasia de La Plata,3:0
1772637,argprimeradivision,2013-2014,28.09.2013,Atlético Rafaela,Olimpo de Bahía Blanca,2:0
1772635,argprimeradivision,2013-2014,29.09.2013,Newells Old Boys,Argentinos Juniors,2:0
1772640,argprimeradivision,2013-2014,29.09.2013,Tigre,Colón de Santa Fe,1:0
1772636,argprimeradivision,2013-2014,29.09.2013,Belgrano de Córdoba,Racing Club,3:0
1772634,argprimeradivision,2013-2014,29.09.2013,Boca Juniors,Quilmes,2:0
1772643,argprimeradivision,2013-2014,30.09.2013,Lanús,River Plate,0:1
1772652,argprimeradivision,2013-2014,05.10.2013,Argentinos Juniors,Belgrano de Córdoba,1:3
1772650,argprimeradivision,2013-2014,05.10.2013,Olimpo de Bahía Blanca,Estudiantes,1:1
1772653,argprimeradivision,2013-2014,05.10.2013,Quilmes,Newells Old Boys,0:2
1772649,argprimeradivision,2013-2014,06.10.2013,San Lorenzo,Tigre,0:0
1772644,argprimeradivision,2013-2014,06.10.2013,River Plate,Boca Juniors,0:1
1772651,argprimeradivision,2013-2014,07.10.2013,Racing Club,Atlético Rafaela,0:1
1772647,argprimeradivision,2013-2014,07.10.2013,Colón de Santa Fe,Arsenal de Sarandí,0:1
1772646,argprimeradivision,2013-2014,07.10.2013,Godoy Cruz,All Boys,2:0
1772648,argprimeradivision,2013-2014,08.10.2013,Gimnasia de La Plata,Vélez Sarsfield,2:1
1772645,argprimeradivision,2013-2014,08.10.2013,Rosario Central,Lanús,2:1
1772662,argprimeradivision,2013-2014,12.10.2013,All Boys,Colón de Santa Fe,0:0
1772657,argprimeradivision,2013-2014,12.10.2013,Atlético Rafaela,Argentinos Juniors,1:0
1772656,argprimeradivision,2013-2014,12.10.2013,Belgrano de Córdoba,Quilmes,0:1
1772661,argprimeradivision,2013-2014,13.10.2013,Arsenal de Sarandí,San Lorenzo,2:1
1772658,argprimeradivision,2013-2014,13.10.2013,Estudiantes,Racing Club,1:0
1772659,argprimeradivision,2013-2014,13.10.2013,Vélez Sarsfield,Olimpo de Bahía Blanca,1:2
1772654,argprimeradivision,2013-2014,13.10.2013,Boca Juniors,Rosario Central,1:1
1772655,argprimeradivision,2013-2014,14.10.2013,Newells Old Boys,River Plate,1:0
1772660,argprimeradivision,2013-2014,14.10.2013,Tigre,Gimnasia de La Plata,1:1
1772663,argprimeradivision,2013-2014,15.10.2013,Lanús,Godoy Cruz,0:1
1772673,argprimeradivision,2013-2014,18.10.2013,Quilmes,Atlético Rafaela,1:1
1772672,argprimeradivision,2013-2014,18.10.2013,Argentinos Juniors,Estudiantes,1:0
1772671,argprimeradivision,2013-2014,19.10.2013,Racing Club,Vélez Sarsfield,0:1
1772667,argprimeradivision,2013-2014,19.10.2013,Colón de Santa Fe,Lanús,0:3
1772669,argprimeradivision,2013-2014,20.10.2013,San Lorenzo,All Boys,3:0
1772665,argprimeradivision,2013-2014,20.10.2013,Rosario Central,Newells Old Boys,2:1
1772668,argprimeradivision,2013-2014,20.10.2013,Gimnasia de La Plata,Olimpo de Bahía Blanca,2:2
1772670,argprimeradivision,2013-2014,20.10.2013,Tigre,Arsenal de Sarandí,2:1
1772664,argprimeradivision,2013-2014,20.10.2013,River Plate,Belgrano de Córdoba,0:0
1772666,argprimeradivision,2013-2014,21.10.2013,Godoy Cruz,Boca Juniors,2:2
1772679,argprimeradivision,2013-2014,23.10.2013,Vélez Sarsfield,Argentinos Juniors,2:0
1772682,argprimeradivision,2013-2014,23.10.2013,All Boys,Tigre,0:0
1772677,argprimeradivision,2013-2014,23.10.2013,Atlético Rafaela,River Plate,0:0
1772683,argprimeradivision,2013-2014,24.10.2013,Lanús,San Lorenzo,3:2
1772676,argprimeradivision,2013-2014,25.10.2013,Belgrano de Córdoba,Rosario Central,0:1
1772675,argprimeradivision,2013-2014,25.10.2013,Newells Old Boys,Godoy Cruz,1:1
1772674,argprimeradivision,2013-2014,25.10.2013,Boca Juniors,Colón de Santa Fe,2:0
1772681,argprimeradivision,2013-2014,26.10.2013,Arsenal de Sarandí,Gimnasia de La Plata,1:1
1772678,argprimeradivision,2013-2014,28.10.2013,Estudiantes,Quilmes,1:0
1772680,argprimeradivision,2013-2014,29.10.2013,Olimpo de Bahía Blanca,Racing Club,0:1
1772691,argprimeradivision,2013-2014,01.11.2013,Arsenal de Sarandí,All Boys,1:1
1772687,argprimeradivision,2013-2014,02.11.2013,Colón de Santa Fe,Newells Old Boys,2:2
1772692,argprimeradivision,2013-2014,02.11.2013,Argentinos Juniors,Olimpo de Bahía Blanca,4:0
1772685,argprimeradivision,2013-2014,02.11.2013,Rosario Central,Atlético Rafaela,3:2
1772686,argprimeradivision,2013-2014,02.11.2013,Godoy Cruz,Belgrano de Córdoba,1:1
1772688,argprimeradivision,2013-2014,03.11.2013,Gimnasia de La Plata,Racing Club,1:3
1772690,argprimeradivision,2013-2014,03.11.2013,Tigre,Lanús,2:3
1772693,argprimeradivision,2013-2014,03.11.2013,Quilmes,Vélez Sarsfield,1:1
1772689,argprimeradivision,2013-2014,03.11.2013,San Lorenzo,Boca Juniors,1:0
1772684,argprimeradivision,2013-2014,04.11.2013,River Plate,Estudiantes,1:2
1772697,argprimeradivision,2013-2014,09.11.2013,Atlético Rafaela,Godoy Cruz,3:1
1772700,argprimeradivision,2013-2014,09.11.2013,Olimpo de Bahía Blanca,Quilmes,0:1
1772702,argprimeradivision,2013-2014,09.11.2013,All Boys,Gimnasia de La Plata,2:1
1772698,argprimeradivision,2013-2014,09.11.2013,Estudiantes,Rosario Central,1:1
1772695,argprimeradivision,2013-2014,10.11.2013,Newells Old Boys,San Lorenzo,1:1
1772694,argprimeradivision,2013-2014,10.11.2013,Boca Juniors,Tigre,2:1
1772696,argprimeradivision,2013-2014,10.11.2013,Belgrano de Córdoba,Colón de Santa Fe,2:0
1772701,argprimeradivision,2013-2014,10.11.2013,Racing Club,Argentinos Juniors,0:1
1772699,argprimeradivision,2013-2014,11.11.2013,Vélez Sarsfield,River Plate,0:0
1772703,argprimeradivision,2013-2014,12.11.2013,Lanús,Arsenal de Sarandí,2:0
1772708,argprimeradivision,2013-2014,16.11.2013,Gimnasia de La Plata,Argentinos Juniors,0:0
1772712,argprimeradivision,2013-2014,16.11.2013,All Boys,Lanús,2:3
1772706,argprimeradivision,2013-2014,16.11.2013,Godoy Cruz,Estudiantes,2:1
1772713,argprimeradivision,2013-2014,16.11.2013,Quilmes,Racing Club,1:1
1772709,argprimeradivision,2013-2014,17.11.2013,San Lorenzo,Belgrano de Córdoba,4:2
1772705,argprimeradivision,2013-2014,17.11.2013,Rosario Central,Vélez Sarsfield,2:3
1772704,argprimeradivision,2013-2014,17.11.2013,River Plate,Olimpo de Bahía Blanca,1:3
1772707,argprimeradivision,2013-2014,18.11.2013,Colón de Santa Fe,Atlético Rafaela,0:1
1772711,argprimeradivision,2013-2014,18.11.2013,Arsenal de Sarandí,Boca Juniors,3:2
1772710,argprimeradivision,2013-2014,19.11.2013,Tigre,Newells Old Boys,2:1
1772719,argprimeradivision,2013-2014,23.11.2013,Vélez Sarsfield,Godoy Cruz,2:1
1772722,argprimeradivision,2013-2014,23.11.2013,Argentinos Juniors,Quilmes,1:1
1772720,argprimeradivision,2013-2014,23.11.2013,Olimpo de Bahía Blanca,Rosario Central,1:0
1772717,argprimeradivision,2013-2014,24.11.2013,Atlético Rafaela,San Lorenzo,2:2
1772723,argprimeradivision,2013-2014,24.11.2013,Lanús,Gimnasia de La Plata,0:0
1772714,argprimeradivision,2013-2014,24.11.2013,Boca Juniors,All Boys,0:2
1772715,argprimeradivision,2013-2014,24.11.2013,Newells Old Boys,Arsenal de Sarandí,1:1
1772721,argprimeradivision,2013-2014,25.11.2013,Racing Club,River Plate,1:0
1772718,argprimeradivision,2013-2014,25.11.2013,Estudiantes,Colón de Santa Fe,1:0
1772716,argprimeradivision,2013-2014,26.11.2013,Belgrano de Córdoba,Tigre,2:0
1772726,argprimeradivision,2013-2014,29.11.2013,Godoy Cruz,Olimpo de Bahía Blanca,0:1
1772725,argprimeradivision,2013-2014,30.11.2013,Rosario Central,Racing Club,1:1
1772727,argprimeradivision,2013-2014,30.11.2013,Colón de Santa Fe,Vélez Sarsfield,0:2
1772730,argprimeradivision,2013-2014,30.11.2013,Tigre,Atlético Rafaela,3:1
1772731,argprimeradivision,2013-2014,30.11.2013,Arsenal de Sarandí,Belgrano de Córdoba,1:4
1772732,argprimeradivision,2013-2014,01.12.2013,All Boys,Newells Old Boys,3:1
1772728,argprimeradivision,2013-2014,01.12.2013,Gimnasia de La Plata,Quilmes,3:2
1772729,argprimeradivision,2013-2014,01.12.2013,San Lorenzo,Estudiantes,0:0
1772733,argprimeradivision,2013-2014,01.12.2013,Lanús,Boca Juniors,2:2
1772724,argprimeradivision,2013-2014,02.12.2013,River Plate,Argentinos Juniors,1:0
1772736,argprimeradivision,2013-2014,06.12.2013,Belgrano de Córdoba,All Boys,1:0
1772741,argprimeradivision,2013-2014,07.12.2013,Racing Club,Godoy Cruz,2:0
1772742,argprimeradivision,2013-2014,07.12.2013,Argentinos Juniors,Rosario Central,1:2
1772737,argprimeradivision,2013-2014,07.12.2013,Atlético Rafaela,Arsenal de Sarandí,1:1
1772738,argprimeradivision,2013-2014,08.12.2013,Estudiantes,Tigre,0:2
1772734,argprimeradivision,2013-2014,08.12.2013,Boca Juniors,Gimnasia de La Plata,1:1
1772743,argprimeradivision,2013-2014,09.12.2013,Quilmes,River Plate,1:1
1772740,argprimeradivision,2013-2014,10.12.2013,Olimpo de Bahía Blanca,Colón de Santa Fe,1:0
1772735,argprimeradivision,2013-2014,15.12.2013,Newells Old Boys,Lanús,2:2
1772739,argprimeradivision,2013-2014,15.12.2013,Vélez Sarsfield,San Lorenzo,0:0
2189227,argprimeradivision,2013-2014,07.02.2014,Estudiantes,Arsenal de Sarandí,1:0
2189226,argprimeradivision,2013-2014,07.02.2014,Vélez Sarsfield,Tigre,0:0
2189225,argprimeradivision,2013-2014,08.02.2014,Olimpo de Bahía Blanca,San Lorenzo,2:0
2189222,argprimeradivision,2013-2014,08.02.2014,Argentinos Juniors,Godoy Cruz,2:1
2189228,argprimeradivision,2013-2014,08.02.2014,Atlético Rafaela,All Boys,1:1
2189223,argprimeradivision,2013-2014,09.02.2014,Racing Club,Colón de Santa Fe,3:0
2189221,argprimeradivision,2013-2014,09.02.2014,Quilmes,Rosario Central,0:1
2189220,argprimeradivision,2013-2014,09.02.2014,Newells Old Boys,Boca Juniors,0:0
2189224,argprimeradivision,2013-2014,10.02.2014,River Plate,Gimnasia de La Plata,1:0
2189229,argprimeradivision,2013-2014,11.02.2014,Belgrano de Córdoba,Lanús,2:2
2189239,argprimeradivision,2013-2014,14.02.2014,Godoy Cruz,Quilmes,2:0
2189234,argprimeradivision,2013-2014,15.02.2014,All Boys,Estudiantes,0:1
2189235,argprimeradivision,2013-2014,15.02.2014,Arsenal de Sarandí,Vélez Sarsfield,1:3
2189236,argprimeradivision,2013-2014,15.02.2014,Tigre,Olimpo de Bahía Blanca,0:0
2189237,argprimeradivision,2013-2014,16.02.2014,San Lorenzo,Racing Club,1:0
2189238,argprimeradivision,2013-2014,16.02.2014,Colón de Santa Fe,Argentinos Juniors,1:0
2189231,argprimeradivision,2013-2014,16.02.2014,Gimnasia de La Plata,Newells Old Boys,3:0
2189233,argprimeradivision,2013-2014,16.02.2014,Lanús,Atlético Rafaela,0:3
2189230,argprimeradivision,2013-2014,16.02.2014,Rosario Central,River Plate,1:1
2189232,argprimeradivision,2013-2014,17.02.2014,Boca Juniors,Belgrano de Córdoba,2:3
2189247,argprimeradivision,2013-2014,18.02.2014,Olimpo de Bahía Blanca,Arsenal de Sarandí,0:2
2189248,argprimeradivision,2013-2014,18.02.2014,Vélez Sarsfield,All Boys,3:0
2189246,argprimeradivision,2013-2014,19.02.2014,Racing Club,Tigre,0:1
2189243,argprimeradivision,2013-2014,19.02.2014,Quilmes,Colón de Santa Fe,0:2
2189245,argprimeradivision,2013-2014,19.02.2014,Argentinos Juniors,San Lorenzo,0:2
2189249,argprimeradivision,2013-2014,19.02.2014,Estudiantes,Lanús,2:1
2189242,argprimeradivision,2013-2014,20.02.2014,River Plate,Godoy Cruz,1:2
2189241,argprimeradivision,2013-2014,20.02.2014,Belgrano de Córdoba,Newells Old Boys,1:1
2189244,argprimeradivision,2013-2014,20.02.2014,Rosario Central,Gimnasia de La Plata,3:1
2189240,argprimeradivision,2013-2014,21.02.2014,Atlético Rafaela,Boca Juniors,1:0
2189255,argprimeradivision,2013-2014,22.02.2014,Lanús,Vélez Sarsfield,3:2
2189256,argprimeradivision,2013-2014,22.02.2014,All Boys,Olimpo de Bahía Blanca,1:0
2189257,argprimeradivision,2013-2014,23.02.2014,Arsenal de Sarandí,Racing Club,3:1
2189253,argprimeradivision,2013-2014,23.02.2014,Newells Old Boys,Atlético Rafaela,4:1
2189259,argprimeradivision,2013-2014,23.02.2014,San Lorenzo,Quilmes,1:0
2189254,argprimeradivision,2013-2014,23.02.2014,Boca Juniors,Estudiantes,1:0
2189250,argprimeradivision,2013-2014,24.02.2014,Colón de Santa Fe,River Plate,3:1
2189251,argprimeradivision,2013-2014,24.02.2014,Godoy Cruz,Rosario Central,3:0
2189258,argprimeradivision,2013-2014,24.02.2014,Tigre,Argentinos Juniors,0:0
2189252,argprimeradivision,2013-2014,25.02.2014,Gimnasia de La Plata,Belgrano de Córdoba,2:2
2189264,argprimeradivision,2013-2014,28.02.2014,Godoy Cruz,Gimnasia de La Plata,0:2
2189268,argprimeradivision,2013-2014,01.03.2014,Racing Club,All Boys,1:1
2189260,argprimeradivision,2013-2014,01.03.2014,Vélez Sarsfield,Boca Juniors,1:0
2189262,argprimeradivision,2013-2014,01.03.2014,Atlético Rafaela,Belgrano de Córdoba,1:2
2189267,argprimeradivision,2013-2014,02.03.2014,Argentinos Juniors,Arsenal de Sarandí,2:0
2189263,argprimeradivision,2013-2014,02.03.2014,Rosario Central,Colón de Santa Fe,0:1
2189266,argprimeradivision,2013-2014,02.03.2014,Quilmes,Tigre,1:0
2189269,argprimeradivision,2013-2014,02.03.2014,Olimpo de Bahía Blanca,Lanús,2:0
2189265,argprimeradivision,2013-2014,02.03.2014,River Plate,San Lorenzo,1:0
2189261,argprimeradivision,2013-2014,03.03.2014,Estudiantes,Newells Old Boys,0:0
2189272,argprimeradivision,2013-2014,04.03.2014,Colón de Santa Fe,Godoy Cruz,1:1
2189273,argprimeradivision,2013-2014,04.03.2014,Gimnasia de La Plata,Atlético Rafaela,1:1
2189278,argprimeradivision,2013-2014,05.03.2014,All Boys,Argentinos Juniors,0:0
2189274,argprimeradivision,2013-2014,05.03.2014,Belgrano de Córdoba,Estudiantes,1:1
2189277,argprimeradivision,2013-2014,05.03.2014,Lanús,Racing Club,1:0
2189276,argprimeradivision,2013-2014,06.03.2014,Boca Juniors,Olimpo de Bahía Blanca,2:0
2189275,argprimeradivision,2013-2014,06.03.2014,Newells Old Boys,Vélez Sarsfield,4:1
2189279,argprimeradivision,2013-2014,06.03.2014,Arsenal de Sarandí,Quilmes,0:2
2189271,argprimeradivision,2013-2014,06.03.2014,San Lorenzo,Rosario Central,2:1
2189270,argprimeradivision,2013-2014,07.03.2014,Tigre,River Plate,0:0
2189284,argprimeradivision,2013-2014,08.03.2014,Colón de Santa Fe,Gimnasia de La Plata,0:0
2189289,argprimeradivision,2013-2014,08.03.2014,Argentinos Juniors,Lanús,0:2
2189283,argprimeradivision,2013-2014,08.03.2014,Estudiantes,Atlético Rafaela,0:0
2189282,argprimeradivision,2013-2014,09.03.2014,Vélez Sarsfield,Belgrano de Córdoba,3:1
2189285,argprimeradivision,2013-2014,09.03.2014,Godoy Cruz,San Lorenzo,1:1
2189281,argprimeradivision,2013-2014,09.03.2014,Olimpo de Bahía Blanca,Newells Old Boys,1:0
2189287,argprimeradivision,2013-2014,09.03.2014,River Plate,Arsenal de Sarandí,1:0
2189280,argprimeradivision,2013-2014,10.03.2014,Racing Club,Boca Juniors,1:2
2189288,argprimeradivision,2013-2014,10.03.2014,Quilmes,All Boys,1:2
2189286,argprimeradivision,2013-2014,11.03.2014,Rosario Central,Tigre,1:1
2189295,argprimeradivision,2013-2014,14.03.2014,Atlético Rafaela,Vélez Sarsfield,3:1
2189292,argprimeradivision,2013-2014,15.03.2014,Tigre,Godoy Cruz,0:0
2189296,argprimeradivision,2013-2014,15.03.2014,Belgrano de Córdoba,Olimpo de Bahía Blanca,1:1
2189293,argprimeradivision,2013-2014,16.03.2014,San Lorenzo,Colón de Santa Fe,0:0
2189294,argprimeradivision,2013-2014,16.03.2014,Gimnasia de La Plata,Estudiantes,0:1
2189291,argprimeradivision,2013-2014,16.03.2014,Arsenal de Sarandí,Rosario Central,1:1
2189297,argprimeradivision,2013-2014,16.03.2014,Newells Old Boys,Racing Club,2:0
2189298,argprimeradivision,2013-2014,16.03.2014,Boca Juniors,Argentinos Juniors,1:1
2189290,argprimeradivision,2013-2014,17.03.2014,All Boys,River Plate,3:2
2189299,argprimeradivision,2013-2014,17.03.2014,Lanús,Quilmes,1:0
2189303,argprimeradivision,2013-2014,21.03.2014,Olimpo de Bahía Blanca,Atlético Rafaela,2:1
2189306,argprimeradivision,2013-2014,22.03.2014,Colón de Santa Fe,Tigre,1:0
2189302,argprimeradivision,2013-2014,22.03.2014,Racing Club,Belgrano de Córdoba,2:0
2189301,argprimeradivision,2013-2014,22.03.2014,Argentinos Juniors,Newells Old Boys,0:0
2189308,argprimeradivision,2013-2014,22.03.2014,Rosario Central,All Boys,2:0
2189304,argprimeradivision,2013-2014,23.03.2014,Vélez Sarsfield,Estudiantes,1:1
2189307,argprimeradivision,2013-2014,23.03.2014,Godoy Cruz,Arsenal de Sarandí,2:1
2189305,argprimeradivision,2013-2014,23.03.2014,Gimnasia de La Plata,San Lorenzo,2:1
2189309,argprimeradivision,2013-2014,23.03.2014,River Plate,Lanús,2:0
2189300,argprimeradivision,2013-2014,24.03.2014,Quilmes,Boca Juniors,0:0
2189312,argprimeradivision,2013-2014,28.03.2014,All Boys,Godoy Cruz,0:0
2189316,argprimeradivision,2013-2014,28.03.2014,Estudiantes,Olimpo de Bahía Blanca,0:0
2189318,argprimeradivision,2013-2014,29.03.2014,Belgrano de Córdoba,Argentinos Juniors,0:0
2189314,argprimeradivision,2013-2014,29.03.2014,Vélez Sarsfield,Gimnasia de La Plata,5:1
2189319,argprimeradivision,2013-2014,30.03.2014,Newells Old Boys,Quilmes,1:1
2189317,argprimeradivision,2013-2014,30.03.2014,Atlético Rafaela,Racing Club,2:2
2189311,argprimeradivision,2013-2014,30.03.2014,Lanús,Rosario Central,2:1
2189313,argprimeradivision,2013-2014,30.03.2014,Arsenal de Sarandí,Colón de Santa Fe,1:0
2189310,argprimeradivision,2013-2014,30.03.2014,Boca Juniors,River Plate,1:2
2189315,argprimeradivision,2013-2014,31.03.2014,Tigre,San Lorenzo,2:2
2189322,argprimeradivision,2013-2014,01.04.2014,Quilmes,Belgrano de Córdoba,1:0
2189325,argprimeradivision,2013-2014,01.04.2014,Olimpo de Bahía Blanca,Vélez Sarsfield,1:2
2189323,argprimeradivision,2013-2014,02.04.2014,Argentinos Juniors,Atlético Rafaela,0:0
2189324,argprimeradivision,2013-2014,02.04.2014,Racing Club,Estudiantes,3:3
2189329,argprimeradivision,2013-2014,02.04.2014,Godoy Cruz,Lanús,1:0
2189320,argprimeradivision,2013-2014,02.04.2014,Rosario Central,Boca Juniors,2:1
2189328,argprimeradivision,2013-2014,02.04.2014,Colón de Santa Fe,All Boys,1:0
2189321,argprimeradivision,2013-2014,03.04.2014,River Plate,Newells Old Boys,1:0
2189326,argprimeradivision,2013-2014,03.04.2014,Gimnasia de La Plata,Tigre,3:1
2189327,argprimeradivision,2013-2014,04.04.2014,San Lorenzo,Arsenal de Sarandí,2:0
2189333,argprimeradivision,2013-2014,06.04.2014,Lanús,Colón de Santa Fe,1:0
2189337,argprimeradivision,2013-2014,06.04.2014,Vélez Sarsfield,Racing Club,0:1
2189331,argprimeradivision,2013-2014,06.04.2014,Newells Old Boys,Rosario Central,0:1
2189339,argprimeradivision,2013-2014,06.04.2014,Atlético Rafaela,Quilmes,2:2
2189335,argprimeradivision,2013-2014,06.04.2014,All Boys,San Lorenzo,1:2
2189336,argprimeradivision,2013-2014,06.04.2014,Arsenal de Sarandí,Tigre,0:1
2189332,argprimeradivision,2013-2014,06.04.2014,Boca Juniors,Godoy Cruz,3:0
2189330,argprimeradivision,2013-2014,07.04.2014,Belgrano de Córdoba,River Plate,2:1
2189338,argprimeradivision,2013-2014,08.04.2014,Estudiantes,Argentinos Juniors,1:0
2189334,argprimeradivision,2013-2014,09.04.2014,Olimpo de Bahía Blanca,Gimnasia de La Plata,0:2
2189348,argprimeradivision,2013-2014,11.04.2014,Tigre,All Boys,2:0
2189342,argprimeradivision,2013-2014,12.04.2014,Rosario Central,Belgrano de Córdoba,0:0
2189344,argprimeradivision,2013-2014,12.04.2014,Quilmes,Estudiantes,1:3
2189345,argprimeradivision,2013-2014,12.04.2014,Argentinos Juniors,Vélez Sarsfield,2:1
2189346,argprimeradivision,2013-2014,13.04.2014,Racing Club,Olimpo de Bahía Blanca,1:1
2189349,argprimeradivision,2013-2014,13.04.2014,San Lorenzo,Lanús,1:4
2189341,argprimeradivision,2013-2014,13.04.2014,Godoy Cruz,Newells Old Boys,0:1
2189347,argprimeradivision,2013-2014,13.04.2014,Gimnasia de La Plata,Arsenal de Sarandí,2:0
2189343,argprimeradivision,2013-2014,13.04.2014,River Plate,Atlético Rafaela,2:0
2189340,argprimeradivision,2013-2014,14.04.2014,Colón de Santa Fe,Boca Juniors,0:0
2189358,argprimeradivision,2013-2014,15.04.2014,Olimpo de Bahía Blanca,Argentinos Juniors,3:0
2189359,argprimeradivision,2013-2014,15.04.2014,Vélez Sarsfield,Quilmes,1:3
2189351,argprimeradivision,2013-2014,16.04.2014,Atlético Rafaela,Rosario Central,2:3
2189350,argprimeradivision,2013-2014,16.04.2014,Estudiantes,River Plate,0:0
2189353,argprimeradivision,2013-2014,16.04.2014,Newells Old Boys,Colón de Santa Fe,0:1
2189355,argprimeradivision,2013-2014,17.04.2014,Boca Juniors,San Lorenzo,0:0
2189357,argprimeradivision,2013-2014,17.04.2014,All Boys,Arsenal de Sarandí,1:1
2189352,argprimeradivision,2013-2014,17.04.2014,Belgrano de Córdoba,Godoy Cruz,1:2
2189354,argprimeradivision,2013-2014,18.04.2014,Racing Club,Gimnasia de La Plata,0:1
2189356,argprimeradivision,2013-2014,01.05.2014,Lanús,Tigre,0:0
2189364,argprimeradivision,2013-2014,19.04.2014,Rosario Central,Estudiantes,0:0
2189366,argprimeradivision,2013-2014,19.04.2014,Quilmes,Olimpo de Bahía Blanca,0:1
2189361,argprimeradivision,2013-2014,20.04.2014,San Lorenzo,Newells Old Boys,0:0
2189362,argprimeradivision,2013-2014,20.04.2014,Colón de Santa Fe,Belgrano de Córdoba,0:0
2189367,argprimeradivision,2013-2014,20.04.2014,Argentinos Juniors,Racing Club,0:1
2189369,argprimeradivision,2013-2014,20.04.2014,Arsenal de Sarandí,Lanús,3:1
2189365,argprimeradivision,2013-2014,20.04.2014,River Plate,Vélez Sarsfield,1:0
2189360,argprimeradivision,2013-2014,21.04.2014,Tigre,Boca Juniors,0:1
2189363,argprimeradivision,2013-2014,21.04.2014,Godoy Cruz,Atlético Rafaela,3:0
2189368,argprimeradivision,2013-2014,21.04.2014,Gimnasia de La Plata,All Boys,2:1
2189376,argprimeradivision,2013-2014,26.04.2014,Newells Old Boys,Tigre,2:1
2189375,argprimeradivision,2013-2014,26.04.2014,Belgrano de Córdoba,San Lorenzo,0:0
2189373,argprimeradivision,2013-2014,26.04.2014,Atlético Rafaela,Colón de Santa Fe,1:1
2189374,argprimeradivision,2013-2014,26.04.2014,Argentinos Juniors,Gimnasia de La Plata,0:2
2189371,argprimeradivision,2013-2014,27.04.2014,Vélez Sarsfield,Rosario Central,4:1
2189379,argprimeradivision,2013-2014,27.04.2014,Racing Club,Quilmes,0:1
2189372,argprimeradivision,2013-2014,27.04.2014,Estudiantes,Godoy Cruz,0:1
2189378,argprimeradivision,2013-2014,27.04.2014,Lanús,All Boys,1:0
2189377,argprimeradivision,2013-2014,27.04.2014,Boca Juniors,Arsenal de Sarandí,4:2
2189370,argprimeradivision,2013-2014,28.04.2014,Olimpo de Bahía Blanca,River Plate,1:1
2189388,argprimeradivision,2013-2014,03.05.2014,Quilmes,Argentinos Juniors,1:0
2189384,argprimeradivision,2013-2014,03.05.2014,Colón de Santa Fe,Estudiantes,0:2
2189386,argprimeradivision,2013-2014,03.05.2014,Rosario Central,Olimpo de Bahía Blanca,0:0
2189385,argprimeradivision,2013-2014,04.05.2014,Godoy Cruz,Vélez Sarsfield,1:1
2189383,argprimeradivision,2013-2014,04.05.2014,San Lorenzo,Atlético Rafaela,2:0
2189381,argprimeradivision,2013-2014,04.05.2014,Arsenal de Sarandí,Newells Old Boys,3:2
2189389,argprimeradivision,2013-2014,04.05.2014,Gimnasia de La Plata,Lanús,0:0
2189387,argprimeradivision,2013-2014,04.05.2014,River Plate,Racing Club,3:2
2189380,argprimeradivision,2013-2014,05.05.2014,All Boys,Boca Juniors,1:3
2189382,argprimeradivision,2013-2014,06.05.2014,Tigre,Belgrano de Córdoba,2:1
2189392,argprimeradivision,2013-2014,09.05.2014,Olimpo de Bahía Blanca,Godoy Cruz,3:1
2189395,argprimeradivision,2013-2014,10.05.2014,Estudiantes,San Lorenzo,3:0
2189398,argprimeradivision,2013-2014,10.05.2014,Newells Old Boys,All Boys,4:2
2189396,argprimeradivision,2013-2014,10.05.2014,Atlético Rafaela,Tigre,1:1
2189393,argprimeradivision,2013-2014,11.05.2014,Vélez Sarsfield,Colón de Santa Fe,2:0
2189391,argprimeradivision,2013-2014,11.05.2014,Racing Club,Rosario Central,0:0
2189394,argprimeradivision,2013-2014,11.05.2014,Quilmes,Gimnasia de La Plata,2:0
2189397,argprimeradivision,2013-2014,11.05.2014,Belgrano de Córdoba,Arsenal de Sarandí,0:0
2189399,argprimeradivision,2013-2014,11.05.2014,Boca Juniors,Lanús,3:1
2189390,argprimeradivision,2013-2014,12.05.2014,Argentinos Juniors,River Plate,0:2
2189402,argprimeradivision,2013-2014,17.05.2014,All Boys,Belgrano de Córdoba,0:0
2189408,argprimeradivision,2013-2014,18.05.2014,Rosario Central,Argentinos Juniors,3:2
2189403,argprimeradivision,2013-2014,18.05.2014,Arsenal de Sarandí,Atlético Rafaela,1:2
2189406,argprimeradivision,2013-2014,18.05.2014,Colón de Santa Fe,Olimpo de Bahía Blanca,2:1
2189407,argprimeradivision,2013-2014,18.05.2014,Godoy Cruz,Racing Club,2:1
2189400,argprimeradivision,2013-2014,18.05.2014,Gimnasia de La Plata,Boca Juniors,0:1
2189404,argprimeradivision,2013-2014,18.05.2014,Tigre,Estudiantes,2:1
2189409,argprimeradivision,2013-2014,18.05.2014,River Plate,Quilmes,5:0
2189401,argprimeradivision,2013-2014,19.05.2014,Lanús,Newells Old Boys,1:1
2189405,argprimeradivision,2013-2014,20.05.2014,San Lorenzo,Vélez Sarsfield,2:3
