GameID,Minute,PlayerIn,PlayerOut,Team
2517459,65,Lihué Prichoda,Franco Colela,Banfield
2517459,76,Claudio Villagra,Walter Erviti,Banfield
2517459,81,Thomas Rodríguez,Giovanni Simeone,Banfield
2517459,50,Walter Bou,Jorge Valdez Chamorro,Gimnasia de La Plata
2517459,51,José DAngelo,Matias Noble,Gimnasia de La Plata
2517459,74,Ezequiel Bonifacio,Osvaldo Barsottini,Gimnasia de La Plata
2517466,46,Diego Mendoza,Alejandro Gamarra,Huracán
2517466,46,Cristian Espinoza,Patricio Toranzo,Huracán
2517466,76,Ezequiel Miralles,Mauro Bogado,Huracán
2517466,74,Federico Scoppa,Esteban Orfano,Atlético Rafaela
2517466,80,Ignacio Pussetto,Federico Anselmo,Atlético Rafaela
2517466,90,Bruno Urribarri,Mathías Abero,Atlético Rafaela
2517463,49,Victor Salazar,Cristian Villagra,Rosario Central
2517463,67,Giovani Lo Celso,César Delgado,Rosario Central
2517463,77,Gastón Gil Romero,Franco Cervi,Rosario Central
2517463,63,Santiago García,Jaime Ayoví,Godoy Cruz
2517463,65,Ángel González,Gastón Giménez,Godoy Cruz
2517463,77,Juan Garro,Gabriel Carabajal,Godoy Cruz
2517464,77,Juan Dinenno,Sebastian Penco,Aldosivi
2517464,81,Ismael Quílez,Gastón Díaz,Aldosivi
2517464,83,Nicolás Castro,Martín Rivero,Aldosivi
2517464,80,Francisco Pizzini,Fernando González,Olimpo de Bahía Blanca
2517464,83,Cristian Villanueva,Jean Pierre Barrientos,Olimpo de Bahía Blanca
2517465,46,Lautaro Rinaldi,Juan Cobo,Argentinos Juniors
2517465,56,Luciano Cabral,Facundo Barboza,Argentinos Juniors
2517465,78,Lucas Cano,Nahuel Rodríguez,Argentinos Juniors
2517465,53,Sebastián Rincón,Lucas Janson,Tigre
2517465,65,Carlos Luna,José Correa,Tigre
2517465,76,Alexis Castro,Lucas Wilchez,Tigre
2517458,43,Nicolás Bertocchi,Fernando Telechea,Patronato de Paraná
2517458,46,Ivan Furios,Jonathan Ferrari,Patronato de Paraná
2517458,80,Marcelo Guzmán,Fernando De la Fuente,Patronato de Paraná
2517458,53,Fernando Belluschi,Pedro Franco,San Lorenzo
2517458,53,Franco Mussis,Enzo Kalinski,San Lorenzo
2517458,75,Nicolás Blandi,Leandro Romagnoli,San Lorenzo
2517471,56,Javier Toledo,Joaquín Molina,San Martín de San Juan
2517471,66,Emilio Hernández,Lucas Salas,San Martín de San Juan
2517471,69,Juan Galeano,Marcos Gelabert,San Martín de San Juan
2517471,58,Mauro Fórmica,Denis Rodriguez,Newells Old Boys
2517471,58,Daniel Mancini,Nehuén Paz,Newells Old Boys
2517471,88,Milton Valenzuela,Emanuel Insúa,Newells Old Boys
2517469,38,Gabriel Esparza,Cristian Canuhé,Temperley
2517469,60,Fernando Brandán,Ariel Cólzera,Temperley
2517469,76,Rubén Ramírez,Martín Pérez Guedes,Temperley
2517469,60,Fernando Gago,Marcelo Meli,Boca Juniors
2517469,61,Cristian Pavón,Nicolás Lodeiro,Boca Juniors
2517462,25,Juan Martínez Trejo,Cristian Rodríguez,Independiente
2517462,58,Germán Denis,Juan Martínez Trejo,Independiente
2517462,75,Rodrigo Gómez,Juan Lucero,Independiente
2517462,60,Sebastián Prediger,Fernando Márquez,Belgrano de Córdoba
2517462,69,Claudio Bieler,Iván Óbolo,Belgrano de Córdoba
2517462,74,César Pereyra,Jorge Velázquez,Belgrano de Córdoba
2517468,51,Tomás Cardona,Tomás Martínez,Defensa y Justicia
2517468,56,Maximiliano Calzada,Hernán Fredes,Defensa y Justicia
2517468,70,Mariano Guerreiro,Agustín Bouzat,Defensa y Justicia
2517468,54,Bruno Pittón,Santiago Zurbriggen,Unión de Santa Fe
2517468,56,Martín Rolle,Diego Villar,Unión de Santa Fe
2517468,57,Franco Soldano,Julio César Rodríguez,Unión de Santa Fe
2517460,21,Ismael Benegas,Yamil Garnier,Colón de Santa Fe
2517460,73,Franco Mazurek,Victor Figueroa,Colón de Santa Fe
2517460,85,Nicolás Silva,Mauricio Sperdutti,Colón de Santa Fe
2517460,46,Fernando Luna,Gonzalo Giménez,Arsenal de Sarandí
2517460,46,Federico Lértora,Ramiro Carrera,Arsenal de Sarandí
2517460,68,Joaquín Boghossian,Gonzalo Bazán,Arsenal de Sarandí
2517470,67,Matías Ballini,Emanuel Molina,Atlético Tucumán
2517470,70,José Méndez,Leandro González,Atlético Tucumán
2517470,76,Cristian Menéndez,Fernando Zampedri,Atlético Tucumán
2517470,56,Lisandro López,Lucas Bareiro,Racing Club
2517470,70,Roger Martínez,Gustavo Bou,Racing Club
2517470,74,Francisco Cerro,Ricardo Noir,Racing Club
2517467,83,Gonzalo Bueno,Carlos Auzqui,Estudiantes
2517467,88,Juan Cavallaro,Facundo Sánchez,Estudiantes
2517467,72,Iván Marcone,Víctor Ayala,Lanús
2517467,84,Nicolás Pasquini,Nicolás Aguirre,Lanús
2517467,88,Marcelo Herrera,Diego Braghieri,Lanús
2517461,9,Nicolás Domingo,Éder Balanta,River Plate
2517461,63,Sebastián Driussi,Rodrigo Mora,River Plate
2517461,66,Iván Alonso,Gonzalo Martínez,River Plate
2517461,62,Lucas Pérez Godoy,Fernando Elizari,Quilmes
2517461,62,Emanuel Morales,Matías Morales,Quilmes
2517461,74,Daniel Imperiale,Ezequiel Rescaldani,Quilmes
2517457,66,Kevin Mercado,Nicolás Sánchez,Sarmiento de Junín
2517457,72,Israel Coll,Hamilton Pereira,Sarmiento de Junín
2517457,76,Carlos Bueno,Fabio Álvarez,Sarmiento de Junín
2517457,61,Jorge Correa,Fabricio Alvarenga,Vélez Sarsfield
2517457,77,Agustin Doffo,Yamil Asad,Vélez Sarsfield
2517457,84,Lucas Romero,Hernán Toledo,Vélez Sarsfield
2517475,56,Mariano Barbieri,Milton Céliz,Arsenal de Sarandí
2517475,60,Gabriel Sanabria,Matías Zaldivar,Arsenal de Sarandí
2517475,68,Juan Sánchez,Gonzalo Bazán,Arsenal de Sarandí
2517475,64,Claudio Villagra,Walter Erviti,Banfield
2517475,75,Lihué Prichoda,Gonzalo Bettini,Banfield
2517475,85,Thomas Rodríguez,Brian Sarmiento,Banfield
2517482,61,Lucas Gamba,Julio César Rodríguez,Unión de Santa Fe
2517482,74,Martín Rolle,Nelson Acevedo,Unión de Santa Fe
2517482,76,Franco Soldano,Claudio Riaño,Unión de Santa Fe
2517482,46,Gabriel Esparza,Matías Sánchez,Temperley
2517482,56,Gonzalo Ríos,Rubén Ramírez,Temperley
2517482,73,Fernando Brandán,Martín Pérez Guedes,Temperley
2517472,61,Fabricio Angileri,Juan Garro,Godoy Cruz
2517472,68,Gabriel Carabajal,Pol Fernández,Godoy Cruz
2517472,82,David Ramírez,Fernando Godoy,Godoy Cruz
2517472,57,Leandro Fernández,Martín Benítez,Independiente
2517472,76,Rodrigo Gómez,Claudio Aquino,Independiente
2517472,83,Diego Vera,Germán Denis,Independiente
2517474,46,Damián Arce,Sebastián Romero,Quilmes
2517474,65,Braian Mansilla,Matías Morales,Quilmes
2517474,74,Daniel Imperiale,Adrián Calello,Quilmes
2517474,63,Adrián Bastía,Franco Mazurek,Colón de Santa Fe
2517474,72,Nicolás Silva,Diego Lagos,Colón de Santa Fe
2517474,84,Santiago Biglieri,Victor Figueroa,Colón de Santa Fe
2517477,46,Franco Mussis,Fernando Belluschi,San Lorenzo
2517477,58,Ezequiel Cerutti,Martín Cauteruccio,San Lorenzo
2517477,59,Sebastián Blanco,Marcos Angeleri,San Lorenzo
2517477,44,Guillermo Ferracutti,Guillermo Cosaro,Sarmiento de Junín
2517477,46,Francisco Dutari,Matías Lequi,Sarmiento de Junín
2517477,77,Israel Coll,Nicolás Sánchez,Sarmiento de Junín
2517484,34,Sebastián Martínez,Víctor López,Atlético Rafaela
2517484,60,Ignacio Pussetto,Emiliano Romero,Atlético Rafaela
2517484,71,Facundo Parra,Esteban Orfano,Atlético Rafaela
2517484,50,Gonzalo Bueno,Lucas Viatri,Estudiantes
2517484,72,Juan Cavallaro,Carlos Auzqui,Estudiantes
2517484,90,David Barbona,Gastón Fernández,Estudiantes
2517486,55,Ismael Quílez,Pablo Lugüercio,Aldosivi
2517486,77,Nicolás Castro,Cristian Llama,Aldosivi
2517486,78,Juan Dinenno,Sebastian Penco,Aldosivi
2517486,46,Braian Romero,Facundo Barboza,Argentinos Juniors
2517486,60,Lautaro Rinaldi,Federico Insúa,Argentinos Juniors
2517486,71,Lucas Rodríguez,Nahuel Rodríguez,Argentinos Juniors
2517478,46,Matías Pérez Acuña,Lautaro Gianetti,Vélez Sarsfield
2517478,64,Nicolás Delgadillo,Jorge Correa,Vélez Sarsfield
2517478,73,Maximiliano Romero,Yamil Asad,Vélez Sarsfield
2517478,72,Juan Sills,Jonathan Blanco,Olimpo de Bahía Blanca
2517478,76,Orlando Gaona,Joel Amoroso,Olimpo de Bahía Blanca
2517478,89,Francisco Pizzini,Ezequiel Parnisari,Olimpo de Bahía Blanca
2517480,55,Lisandro López,Diego Milito,Racing Club
2517480,61,Rodrigo de Paul,Marcos Acuña,Racing Club
2517480,81,Federico Vismara,Gustavo Bou,Racing Club
2517480,56,Javier Toledo,Emanuel Dening,San Martín de San Juan
2517480,64,Daniel González,Joaquín Molina,San Martín de San Juan
2517480,72,Javier Capelli,Pablo Aguilar,San Martín de San Juan
2517479,46,Gustavo Colman,Walter Montoya,Rosario Central
2517479,73,Victor Salazar,Javier Pinola,Rosario Central
2517479,88,Gastón Gil Romero,Damián Musto,Rosario Central
2517479,64,Denis Rodriguez,Mauro Fórmica,Newells Old Boys
2517479,67,Ignacio Scocco,Luis Advíncula,Newells Old Boys
2517479,86,Héctor Fértoli,Maxi Rodriguez,Newells Old Boys
2517483,78,Pablo Mouche,Óscar Benítez,Lanús
2517483,79,Nicolás Pasquini,Nicolás Aguirre,Lanús
2517483,88,Miguel Almirón,José Sand,Lanús
2517483,64,Ciro Rius,Tomás Martínez,Defensa y Justicia
2517483,70,Tomás Pochettino,Hernán Fredes,Defensa y Justicia
2517483,82,Eugenio Isnaldo,Agustín Bouzat,Defensa y Justicia
2517476,33,Lorenzo Faravelli,Álvaro Fernández,Gimnasia de La Plata
2517476,57,Walter Bou,Erik Ramírez,Gimnasia de La Plata
2517476,85,Ezequiel Bonifacio,Franco Niell,Gimnasia de La Plata
2517476,58,Nicolás Bertocchi,Lautaro Comas,Patronato de Paraná
2517476,80,Facundo Callejo,Marcelo Guzmán,Patronato de Paraná
2517481,46,Marcelo Meli,Frank Fabra,Boca Juniors
2517481,58,Federico Carrizo,Rodrigo Bentancur,Boca Juniors
2517481,68,Andrés Chávez,Sebastián Palacios,Boca Juniors
2517481,63,Rodrigo Aliendro,Guillermo Acosta,Atlético Tucumán
2517481,75,Matías Ballini,Lucas Villalba,Atlético Tucumán
2517481,83,Cristian Menéndez,Luis Rodríguez,Atlético Tucumán
2517473,66,Claudio Bieler,Iván Óbolo,Belgrano de Córdoba
2517473,66,Sebastián Prediger,Mario Bolatti,Belgrano de Córdoba
2517473,79,Sebastián Luna,Iván Etevenaux,Belgrano de Córdoba
2517473,56,Iván Alonso,Lucas Alario,River Plate
2517473,56,Nicolás Bertolo,Ignacio Fernández,River Plate
2517473,62,Gonzalo Martínez,Lucho González,River Plate
2517485,18,Jorge Rodríguez,Lucas Wilchez,Tigre
2517485,49,Santiago Izaguirre,Lucas Pittinari,Tigre
2517485,73,Lucas Menossi,Ezequiel Cirigliano,Tigre
2517485,20,Carlos Araujo,Luca Sosa,Huracán
2517485,59,Mariano González,Alejandro Gamarra,Huracán
2517485,79,Lucas Villarruel,Daniel Montenegro,Huracán
2517487,53,Francisco Pizzini,Jonathan Blanco,Olimpo de Bahía Blanca
2517487,63,Franco Troyansky,Jean Pierre Barrientos,Olimpo de Bahía Blanca
2517487,57,Martín Cauteruccio,Héctor Villalba,San Lorenzo
2517487,66,Mauro Matos,Nicolás Blandi,San Lorenzo
2517487,78,Pablo Barrientos,Ezequiel Cerutti,San Lorenzo
2517490,46,Claudio Villagra,Brian Sarmiento,Banfield
2517490,53,Giovanni Simeone,Luciano Gómez,Banfield
2517490,68,Miguel Escobar,Lihué Prichoda,Banfield
2517490,46,Braian Mansilla,Ezequiel Rescaldani,Quilmes
2517490,46,Daniel Imperiale,Damián Arce,Quilmes
2517490,69,Maximiliano Paredes,Fernando Elizari,Quilmes
2517494,46,Nahuel Rodríguez,Lucas Rodríguez,Argentinos Juniors
2517494,46,Federico Insúa,Guillermo Benítez,Argentinos Juniors
2517494,67,Facundo Barboza,Braian Romero,Argentinos Juniors
2517494,59,Leandro Desábato,Yamil Asad,Vélez Sarsfield
2517494,63,Blas Cáceres,Jorge Correa,Vélez Sarsfield
2517494,66,Fabricio Alvarenga,Hernán Toledo,Vélez Sarsfield
2517497,59,Nicolás Stefanelli,Humberto Osorio,Defensa y Justicia
2517497,64,Maximiliano Calzada,Tomás Martínez,Defensa y Justicia
2517497,75,Ciro Rius,Fabian Bordagaray,Defensa y Justicia
2517497,21,Gastón Colmán,Emiliano Romero,Atlético Rafaela
2517497,65,Facundo Parra,Gastón Colmán,Atlético Rafaela
2517497,72,Esteban Orfano,Mathías Abero,Atlético Rafaela
2517501,65,Mauro Fórmica,Ignacio Scocco,Newells Old Boys
2517501,71,Lucas Mugni,Denis Rodriguez,Newells Old Boys
2517501,79,Raúl Villalba,Diego Mateo,Newells Old Boys
2517501,61,Roger Martínez,Washington Camacho,Racing Club
2517501,67,Gastón Díaz,Facundo Pereyra,Racing Club
2517501,76,Lautaro Martínez,Lisandro López,Racing Club
2517489,66,Marcos Quiroga,Damián Lemos,Patronato de Paraná
2517489,70,Matías Quiroga,Nicolás Bertocchi,Patronato de Paraná
2517489,74,Leonardo Acosta,Lautaro Comas,Patronato de Paraná
2517489,59,Mariano Barbieri,Matías Zaldivar,Arsenal de Sarandí
2517489,70,Juan Sánchez,Miguel Caneo,Arsenal de Sarandí
2517489,74,Fernando Luna,Gonzalo Bazán,Arsenal de Sarandí
2517493,66,Ezequiel Vidal,Emiliano Rigoni,Independiente
2517493,68,Diego Vera,Claudio Aquino,Independiente
2517493,78,Rodrigo Gómez,Jorge Ortiz,Independiente
2517493,67,Marco Rubén,Marcelo Larrondo,Rosario Central
2517493,76,Giovani Lo Celso,Jonás Aguirre,Rosario Central
2517493,89,Paulo Ferrari,Victor Salazar,Rosario Central
2517500,57,Joaquín Molina,Emanuel Dening,San Martín de San Juan
2517500,66,Maximiliano Lugo,Marcos Gelabert,San Martín de San Juan
2517500,78,Daniel González,Ezequiel Montagna,San Martín de San Juan
2517500,65,Nicolás Lodeiro,Sebastián Palacios,Boca Juniors
2517500,84,Marcelo Meli,Rodrigo Bentancur,Boca Juniors
2517488,46,Carlos Bueno,Nicolás Sánchez,Sarmiento de Junín
2517488,46,Kevin Mercado,Fabio Álvarez,Sarmiento de Junín
2517488,77,Israel Coll,Hamilton Pereira,Sarmiento de Junín
2517488,54,Ezequiel Bonifacio,Erik Ramírez,Gimnasia de La Plata
2517488,80,Omar Pouso,Lorenzo Faravelli,Gimnasia de La Plata
2517488,86,Brian Andrada,Lucas Licht,Gimnasia de La Plata
2517496,46,Facundo Quintana,Lucas Diarte,Estudiantes
2517496,46,Juan Cavallaro,Facundo Sánchez,Estudiantes
2517496,76,Elías Umere,David Barbona,Estudiantes
2517496,23,Juan Blengio,Sebastián Balmaceda,Tigre
2517496,33,Ezequiel Cirigliano,Érik Godoy,Tigre
2517496,75,Kevin Itabel,Federico González,Tigre
2517491,71,Adrián Bastía,Victor Figueroa,Colón de Santa Fe
2517491,78,Franco Mazurek,Alan Ruíz,Colón de Santa Fe
2517491,84,Cristian Palomeque,Mauricio Sperdutti,Colón de Santa Fe
2517491,46,Lucas Parodi,Sebastián Prediger,Belgrano de Córdoba
2517491,55,César Pereyra,Iván Óbolo,Belgrano de Córdoba
2517491,67,Claudio Bieler,Fernando Márquez,Belgrano de Córdoba
2517498,60,Ariel Cólzera,Marcos Figueroa,Temperley
2517498,72,Rubén Ramírez,Gonzalo Ríos,Temperley
2517498,82,Martín Pérez Guedes,Leonardo Di Lorenzo,Temperley
2517498,59,Miguel Almirón,Nicolás Aguirre,Lanús
2517498,78,Pablo Mouche,Óscar Benítez,Lanús
2517498,80,Víctor Ayala,Iván Marcone,Lanús
2517492,46,Joaquín Arzura,Nicolás Bertolo,River Plate
2517492,63,Andrés DAlessandro,Gonzalo Martínez,River Plate
2517492,69,Tabaré Viudez,Sebastián Driussi,River Plate
2517492,56,Gabriel Carabajal,Fabricio Angileri,Godoy Cruz
2517492,73,Juan Garro,Jaime Ayoví,Godoy Cruz
2517492,78,David Ramírez,Pol Fernández,Godoy Cruz
2517499,67,Leonel Di Plácido,Guillermo Acosta,Atlético Tucumán
2517499,78,Matías Ballini,Lucas Villalba,Atlético Tucumán
2517499,86,José Méndez,Leandro González,Atlético Tucumán
2517499,57,Martín Rolle,Nelson Acevedo,Unión de Santa Fe
2517499,61,Santiago Nagüel,Diego Villar,Unión de Santa Fe
2517499,67,Lucas Gamba,Julio César Rodríguez,Unión de Santa Fe
2517495,51,Lucas Villarruel,Matías Fritzler,Huracán
2517495,71,Mariano González,Cristian Espinoza,Huracán
2517495,82,Ezequiel Miralles,Mauro Bogado,Huracán
2517495,46,Matías Rosso,Nicolás Castro,Aldosivi
2517495,46,Neri Bandiera,Martín Rivero,Aldosivi
2517495,90,Juan Dinenno,Hernán Lamberti,Aldosivi
2517508,61,Sebastián Blanco,Leandro Romagnoli,San Lorenzo
2517508,65,Ezequiel Cerutti,Néstor Ortigoza,San Lorenzo
2517508,83,Mauro Matos,Franco Mussis,San Lorenzo
2517508,65,Leandro Desábato,Fabricio Alvarenga,Vélez Sarsfield
2517508,69,Nicolás Delgadillo,Yamil Asad,Vélez Sarsfield
2517508,83,Blas Cáceres,Hernán Toledo,Vélez Sarsfield
2517507,46,Matias Noble,Javier Mendoza,Gimnasia de La Plata
2517507,80,Osvaldo Barsottini,Lucas Licht,Gimnasia de La Plata
2517507,83,Antonio Medina,Facundo Castillón,Gimnasia de La Plata
2517507,57,Jean Pierre Barrientos,David Vega,Olimpo de Bahía Blanca
2517507,85,Franco Troyansky,Walter Acuña,Olimpo de Bahía Blanca
2517507,90,Brian Ferreira,Pablo Miguez,Olimpo de Bahía Blanca
2517510,61,Pablo Pérez,Fernando Gago,Boca Juniors
2517510,76,Andrés Chávez,Carlos Tévez,Boca Juniors
2517510,82,Marcelo Meli,Andrés Cubas,Boca Juniors
2517510,46,Sebastián DAngelo,Luis Unsain,Newells Old Boys
2517510,56,Lucas Mugni,Ignacio Scocco,Newells Old Boys
2517510,83,Mauro Fórmica,Luis Advíncula,Newells Old Boys
2517504,64,Sebastián Prediger,Lucas Parodi,Belgrano de Córdoba
2517504,64,Fernando Márquez,Claudio Bieler,Belgrano de Córdoba
2517504,75,José Rojas,César Pereyra,Belgrano de Córdoba
2517504,58,Enzo Trinidad,Claudio Villagra,Banfield
2517504,70,Luciano Gómez,Jorge Rodriguez,Banfield
2517504,77,Lihué Prichoda,Franco Colela,Banfield
2517514,46,Kevin Itabel,Lucas Menossi,Tigre
2517514,46,Sebastián Píriz,Lucas Wilchez,Tigre
2517514,71,Carlos Luna,Sebastián Rincón,Tigre
2517514,58,Marcelo Benítez,Hernán Fredes,Defensa y Justicia
2517514,59,Eugenio Isnaldo,Agustín Bouzat,Defensa y Justicia
2517514,80,Ciro Rius,Nicolás Stefanelli,Defensa y Justicia
2517503,51,Ángel González,Fernando Zuqui,Godoy Cruz
2517503,60,Juan Garro,Gabriel Carabajal,Godoy Cruz
2517503,63,Emanuel García,Pol Fernández,Godoy Cruz
2517503,46,Adrián Bastía,Diego Lagos,Colón de Santa Fe
2517503,61,Franco Mazurek,Pablo Ledesma,Colón de Santa Fe
2517503,77,Cristian Palomeque,Victor Figueroa,Colón de Santa Fe
2517509,56,Diego Vera,Germán Denis,Independiente
2517509,73,Claudio Aquino,Martín Benítez,Independiente
2517509,81,Emiliano Rigoni,Jorge Ortiz,Independiente
2517509,52,Lisandro López,Diego Milito,Racing Club
2517509,62,Rodrigo de Paul,Gastón Díaz,Racing Club
2517509,90,Roger Martínez,Iván Pillud,Racing Club
2517502,33,Jonás Aguirre,José Fernandez,Rosario Central
2517502,57,Gustavo Colman,Walter Montoya,Rosario Central
2517502,90,Franco Cervi,Cristian Villagra,Rosario Central
2517502,46,Milton Casco,Gabriel Mercado,River Plate
2517502,62,Camilo Mayada,Tabaré Viudez,River Plate
2517502,65,Joaquín Arzura,Leonardo Ponzio,River Plate
2517505,59,Daniel Imperiale,Fernando Elizari,Quilmes
2517505,62,Federico Andrada,Matías Morales,Quilmes
2517505,82,Damián Arce,Braian Mansilla,Quilmes
2517505,46,Marcelo Guzmán,Lautaro Comas,Patronato de Paraná
2517505,46,Matías Quiroga,Marcos Quiroga,Patronato de Paraná
2517505,76,Abel Masuero,Walter Andrade,Patronato de Paraná
2517506,41,Juan Sánchez,Joaquín Boghossian,Arsenal de Sarandí
2517506,60,Gabriel Sanabria,Matías Zaldivar,Arsenal de Sarandí
2517506,71,Miguel Caneo,Gonzalo Bazán,Arsenal de Sarandí
2517506,67,Maximiliano Fornari,Diego Cháves,Sarmiento de Junín
2517506,72,Israel Coll,Hamilton Pereira,Sarmiento de Junín
2517506,74,Andrés Franzoia,Fabio Álvarez,Sarmiento de Junín
2517511,46,Martín Rolle,Santiago Nagüel,Unión de Santa Fe
2517511,68,Santiago Zurbriggen,Rolando García,Unión de Santa Fe
2517511,75,Lucas Gamba,Franco Soldano,Unión de Santa Fe
2517511,53,Daniel González,Marcos Gelabert,San Martín de San Juan
2517511,54,Leandro Martínez,Ezequiel Montagna,San Martín de San Juan
2517511,71,Joaquín Molina,Emanuel Dening,San Martín de San Juan
2517513,28,Bruno Urribarri,Sebastián Martínez,Atlético Rafaela
2517513,46,Ignacio Pussetto,Mathías Abero,Atlético Rafaela
2517513,64,Gastón Colmán,Federico Anselmo,Atlético Rafaela
2517513,58,Martín Pérez Guedes,Fernando Brandán,Temperley
2517513,70,Ariel Cólzera,Marcos Figueroa,Temperley
2517513,84,Adrián Arregui,Gonzalo Ríos,Temperley
2517512,64,Víctor Ayala,Román Martínez,Lanús
2517512,72,Óscar Benítez,Pablo Mouche,Lanús
2517512,82,Miguel Almirón,José Sand,Lanús
2517512,66,Rodrigo Aliendro,Guillermo Acosta,Atlético Tucumán
2517512,73,José Méndez,Lucas Villalba,Atlético Tucumán
2517512,89,Juan Govea,Nery Leyes,Atlético Tucumán
2517515,54,Neri Bandiera,Nicolás Castro,Aldosivi
2517515,61,Juan Dinenno,Sebastian Penco,Aldosivi
2517515,79,Ramiro Garay,Franco Canever,Aldosivi
2517515,46,Facundo Quintana,Carlos Auzqui,Estudiantes
2517515,65,Julián Marchioni,Gastón Fernández,Estudiantes
2517515,73,Leandro González Pirez,Leandro Desábato,Estudiantes
2517516,57,Carlos Bueno,Emilio Zelaya,Argentinos Juniors
2517516,70,Damián Batallini,Braian Romero,Argentinos Juniors
2517516,85,Federico Insúa,Luciano Cabral,Argentinos Juniors
2517516,46,Mariano González,Cristian Espinoza,Huracán
2517516,68,Lucas Chacana,Alejandro Gamarra,Huracán
2517530,60,Lucas Mugni,Franco Escobar,Newells Old Boys
2517530,85,Héctor Fértoli,Luis Advíncula,Newells Old Boys
2517530,90,Mauro Fórmica,Ignacio Scocco,Newells Old Boys
2517530,66,Franco Soldano,Claudio Riaño,Unión de Santa Fe
2517530,78,Mauro Pittón,Mauricio Martínez,Unión de Santa Fe
2517530,81,Martín Rolle,Lucas Gamba,Unión de Santa Fe
2517521,61,Claudio Villagra,Miguel Escobar,Banfield
2517521,75,Agustin Fontana,Jorge Rodriguez,Banfield
2517521,67,Facundo Silva,Gabriel Carabajal,Godoy Cruz
2517521,74,David Ramírez,Jaime Ayoví,Godoy Cruz
2517521,88,Emanuel García,Pol Fernández,Godoy Cruz
2517519,46,Renzo Spinacci,Hamilton Pereira,Sarmiento de Junín
2517519,49,Maximiliano Caire,Maximiliano Fornari,Sarmiento de Junín
2517519,61,Diego Cháves,Carlos Bueno,Sarmiento de Junín
2517519,52,Federico Andrada,Lucas Pérez Godoy,Quilmes
2517519,62,Braian Mansilla,Daniel Imperiale,Quilmes
2517519,84,Juan Celaya,Damián Malrechauffe,Quilmes
2517525,46,Pablo Rosales,Augusto Solari,Estudiantes
2517525,56,Leandro González Pirez,Leandro Desábato,Estudiantes
2517525,67,Lucas Rodríguez,Facundo Quintana,Estudiantes
2517525,58,Lucas Rodríguez,Guillermo Benítez,Argentinos Juniors
2517525,62,Emilio Zelaya,Nahuel Rodríguez,Argentinos Juniors
2517525,76,Iván Colman,Braian Romero,Argentinos Juniors
2517524,66,Alejandro Gamarra,Matías Fritzler,Huracán
2517524,78,Tomás Molina,Mariano González,Huracán
2517524,33,Martín Cauteruccio,Nicolás Blandi,San Lorenzo
2517524,46,Franco Mussis,Pablo Barrientos,San Lorenzo
2517524,68,Mauro Matos,Néstor Ortigoza,San Lorenzo
2517526,58,Pablo Santillo,Gabriel Arias,Defensa y Justicia
2517526,90,Marcelo Benítez,Hernán Fredes,Defensa y Justicia
2517526,90,Andrés Ríos,Nicolás Stefanelli,Defensa y Justicia
2517526,69,Juan Dinenno,Cristian Llama,Aldosivi
2517526,82,Matías Rosso,Neri Bandiera,Aldosivi
2517520,37,Lautaro Geminiani,Ivan Furios,Patronato de Paraná
2517520,46,Abel Masuero,Walter Andrade,Patronato de Paraná
2517520,73,Damián Lemos,Matías Garrido,Patronato de Paraná
2517520,52,Lucas Parodi,Jorge Velázquez,Belgrano de Córdoba
2517520,61,Sebastián Luna,Iván Etevenaux,Belgrano de Córdoba
2517520,67,César Pereyra,Guillermo Farré,Belgrano de Córdoba
2517522,46,Adrián Bastía,Victor Figueroa,Colón de Santa Fe
2517522,46,Luis Castillo,Santiago Villafañe,Colón de Santa Fe
2517522,71,Nicolás Silva,Diego Lagos,Colón de Santa Fe
2517522,67,Pablo Álvarez,Cristian Villagra,Rosario Central
2517522,75,Gustavo Colman,Marco Rubén,Rosario Central
2517522,80,Joaquin Pereyra,Walter Montoya,Rosario Central
2517518,64,Orlando Gaona,Joel Amoroso,Olimpo de Bahía Blanca
2517518,72,Franco Troyansky,Walter Acuña,Olimpo de Bahía Blanca
2517518,86,Mario Paglialunga,Jacobo Mansilla,Olimpo de Bahía Blanca
2517518,46,Agustin Vuletich,Matías Zaldivar,Arsenal de Sarandí
2517518,46,Yeimar Gómez,Luciano Vella,Arsenal de Sarandí
2517518,80,Miguel Caneo,Gonzalo Papa,Arsenal de Sarandí
2517528,80,Lucas Villalba,Leandro González,Atlético Tucumán
2517528,82,Juan Govea,Luis Rodríguez,Atlético Tucumán
2517528,86,Fernando Zampedri,Cristian Menéndez,Atlético Tucumán
2517528,62,Facundo Parra,Federico Scoppa,Atlético Rafaela
2517528,66,Esteban Orfano,Matías Catalán,Atlético Rafaela
2517528,78,Mathías Abero,Ignacio Pussetto,Atlético Rafaela
2517531,45,Federico Vismara,Francisco Cerro,Racing Club
2517531,62,Gustavo Bou,Diego Milito,Racing Club
2517531,77,Rodrigo de Paul,Roger Martínez,Racing Club
2517531,46,Andrés Chávez,Rodrigo Bentancur,Boca Juniors
2517531,62,Leonardo Jara,Pablo Pérez,Boca Juniors
2517531,79,Federico Carrizo,Nahuel Molina Lucero,Boca Juniors
2517529,63,Ezequiel Montagna,Lucas Salas,San Martín de San Juan
2517529,70,Maximiliano Lugo,Emanuel Dening,San Martín de San Juan
2517529,75,Joaquín Molina,Javier Toledo,San Martín de San Juan
2517529,69,Óscar Benítez,Pablo Mouche,Lanús
2517529,84,Nicolás Pasquini,Román Martínez,Lanús
2517529,90,Víctor Ayala,José Sand,Lanús
2517517,59,Santiago Stelcaldo,Fabricio Alvarenga,Vélez Sarsfield
2517517,64,Yamil Asad,Jorge Correa,Vélez Sarsfield
2517517,75,Leandro Desábato,Blas Cáceres,Vélez Sarsfield
2517517,67,Antonio Medina,Walter Bou,Gimnasia de La Plata
2517517,76,Federico Rasic,Matias Noble,Gimnasia de La Plata
2517517,86,Javier Mendoza,Facundo Castillón,Gimnasia de La Plata
2517523,19,Camilo Mayada,Leonardo Pisculichi,River Plate
2517523,46,Ignacio Fernández,Joaquín Arzura,River Plate
2517523,70,Iván Alonso,Gonzalo Martínez,River Plate
2517523,57,Diego Vera,Germán Denis,Independiente
2517523,64,Martín Benítez,Claudio Aquino,Independiente
2517523,75,Cristian Rodríguez,Leandro Fernández,Independiente
2517527,46,Ariel Cólzera,Marcos Figueroa,Temperley
2517527,70,Gastón Aguirre,Leandro Sapetti,Temperley
2517527,83,Adrián Arregui,Gonzalo Ríos,Temperley
2517527,44,Sebastián Rincón,Federico González,Tigre
2517527,45,Ezequiel Cirigliano,Martín Galmarini,Tigre
2517527,66,Lucas Janson,Lucas Wilchez,Tigre
2517536,62,Braian Mansilla,Matías Orihuela,Quilmes
2517536,80,Damián Arce,Daniel Imperiale,Quilmes
2517536,66,Orlando Gaona,Joel Amoroso,Olimpo de Bahía Blanca
2517536,73,Franco Troyansky,Walter Acuña,Olimpo de Bahía Blanca
2517536,86,Jean Pierre Barrientos,Jacobo Mansilla,Olimpo de Bahía Blanca
2517545,22,Nicolás Freire,Patricio Matricardi,Argentinos Juniors
2517545,46,Luciano Cabral,Guillermo Benítez,Argentinos Juniors
2517545,67,Federico Insúa,Esteban Rolón,Argentinos Juniors
2517545,59,Maximiliano Calzada,Tomás Pochettino,Defensa y Justicia
2517545,64,Andrés Ríos,Agustín Bouzat,Defensa y Justicia
2517545,74,Damián Martínez,Hugo Silva,Defensa y Justicia
2517537,59,Franco Costa,Gonzalo Bazán,Arsenal de Sarandí
2517537,66,Franco Bellocq,Mariano Barbieri,Arsenal de Sarandí
2517537,73,Germán Ferreyra,Claudio Corvalán,Arsenal de Sarandí
2517537,56,Blas Cáceres,Braian Cufré,Vélez Sarsfield
2517537,60,Maximiliano Romero,Santiago Stelcaldo,Vélez Sarsfield
2517537,78,Diego Zabala,Jorge Correa,Vélez Sarsfield
2517541,72,Nicolás Pasquini,Pablo Mouche,Lanús
2517541,83,Agustín Pelletieri,Iván Marcone,Lanús
2517541,88,Sergio González,Lautaro Acosta,Lanús
2517541,46,Ignacio Scocco,Denis Rodriguez,Newells Old Boys
2517541,72,Mauro Fórmica,Luis Advíncula,Newells Old Boys
2517541,75,Franco Escobar,Fabricio Formiliano,Newells Old Boys
2517542,58,Mauro Albertengo,Gastón Colmán,Atlético Rafaela
2517542,64,Diego Montiel,Esteban Orfano,Atlético Rafaela
2517542,81,Federico Anselmo,Gabriel Morales,Atlético Rafaela
2517542,60,Nicolás Pelaitay,Marcos Gelabert,San Martín de San Juan
2517542,67,Maximiliano Lugo,Javier Toledo,San Martín de San Juan
2517542,78,Joaquín Molina,Lucas Salas,San Martín de San Juan
2517546,71,Ezequiel Miralles,Cristian Espinoza,Huracán
2517546,72,Matías Giordano,Marcos Díaz,Huracán
2517546,81,Mariano González,Alejandro Gamarra,Huracán
2517546,57,Lucas Rodríguez,Facundo Quintana,Estudiantes
2517546,57,Leonardo Gil,Juan Cavallaro,Estudiantes
2517546,70,Nahuel Luna,Israel Damonte,Estudiantes
2517535,22,Sebastián Prediger,Guillermo Farré,Belgrano de Córdoba
2517535,69,César Pereyra,Iván Óbolo,Belgrano de Córdoba
2517535,76,Gastón Álvarez Suárez,Jorge Velázquez,Belgrano de Córdoba
2517535,53,Andrés Franzoia,Renzo Spinacci,Sarmiento de Junín
2517535,67,Rodrigo Depetris,Maximiliano Fornari,Sarmiento de Junín
2517535,72,Diego Cháves,Carlos Bueno,Sarmiento de Junín
2517538,16,Antonio Medina,Facundo Castillón,Gimnasia de La Plata
2517538,71,Luciano Perdomo,Roberto Brum,Gimnasia de La Plata
2517538,80,Ezequiel Bonifacio,Facundo Oreja,Gimnasia de La Plata
2517538,58,Néstor Ortigoza,Enzo Kalinski,San Lorenzo
2517538,58,Martín Cauteruccio,Pablo Barrientos,San Lorenzo
2517538,75,Leandro Romagnoli,Sebastián Blanco,San Lorenzo
2517532,59,Martín Benítez,Rodrigo Gómez,Independiente
2517532,68,Cristian Rodríguez,Germán Denis,Independiente
2517532,82,Jesús Méndez,Jorge Ortiz,Independiente
2517532,7,Ismael Benegas,Yamil Garnier,Colón de Santa Fe
2517532,58,Nicolás Silva,Diego Lagos,Colón de Santa Fe
2517532,80,Franco Mazurek,Clemente Rodríguez,Colón de Santa Fe
2517539,68,Gonzalo Martínez,Ignacio Fernández,River Plate
2517539,68,Iván Alonso,Sebastián Driussi,River Plate
2517539,73,Lucho González,Leonardo Ponzio,River Plate
2517539,60,Marcelo Meli,Rodrigo Bentancur,Boca Juniors
2517539,74,Andrés Chávez,Sebastián Palacios,Boca Juniors
2517539,80,Nicolás Colazo,Pablo Pérez,Boca Juniors
2517533,16,Pablo Álvarez,Cristian Villagra,Rosario Central
2517533,63,Rodrigo Battaglia,Walter Montoya,Rosario Central
2517533,76,César Delgado,Germán Herrera,Rosario Central
2517533,71,Enzo Trinidad,Brian Sarmiento,Banfield
2517533,83,Claudio Villagra,Franco Colela,Banfield
2517533,87,Luciano Gómez,Giovanni Simeone,Banfield
2517544,46,Ramiro Arias,Franco Canever,Aldosivi
2517544,71,Juan Dinenno,Cristian Llama,Aldosivi
2517544,71,Nicolás Castro,Martín Rivero,Aldosivi
2517544,70,Martín Pérez Guedes,Cristian Canuhé,Temperley
2517544,70,Rubén Ramírez,Marcos Figueroa,Temperley
2517544,88,Cristian Tarragona,Ariel Cólzera,Temperley
2517540,46,Rolando García,Emir Faccioli,Unión de Santa Fe
2517540,78,Julio César Rodríguez,Claudio Riaño,Unión de Santa Fe
2517540,86,Martín Rolle,Diego Villar,Unión de Santa Fe
2517540,81,Lisandro López,Ricardo Noir,Racing Club
2517540,81,Rodrigo de Paul,Facundo Pereyra,Racing Club
2517540,90,Ezequiel Videla,Roger Martínez,Racing Club
2517543,26,Sebastián Rincón,Kevin Itabel,Tigre
2517543,69,Lucas Menossi,Sebastián Píriz,Tigre
2517543,76,Santiago Villarreal,Ezequiel Cirigliano,Tigre
2517543,63,José Méndez,Guillermo Acosta,Atlético Tucumán
2517543,72,Franco Quiroga,Nicolás Romat,Atlético Tucumán
2517543,77,Juan Govea,Luis Rodríguez,Atlético Tucumán
2517534,71,Juan Garro,Santiago García,Godoy Cruz
2517534,86,Sebastián Olivares,Luciano Abecasis,Godoy Cruz
2517534,87,Emanuel García,Pol Fernández,Godoy Cruz
2517534,58,Matías Donoso,Matías Quiroga,Patronato de Paraná
2517534,71,Fernando De la Fuente,Walter Andrade,Patronato de Paraná
2517534,79,Leonardo Acosta,Mauricio Carrasco,Patronato de Paraná
2517560,54,Gastón Díaz,Iván Pillud,Racing Club
2517560,75,Lisandro López,Marcos Acuña,Racing Club
2517560,85,Rodrigo de Paul,Roger Martínez,Racing Club
2517560,59,Miguel Almirón,Pablo Mouche,Lanús
2517560,72,Óscar Benítez,Nicolás Aguirre,Lanús
2517560,88,Víctor Ayala,Román Martínez,Lanús
2517559,71,Mauricio Tévez,Maxi Rodriguez,Newells Old Boys
2517559,80,Fabricio Formiliano,Lucas Mugni,Newells Old Boys
2517559,85,Mauro Fórmica,Ignacio Scocco,Newells Old Boys
2517559,19,Esteban Orfano,Gabriel Graciani,Atlético Rafaela
2517559,67,Mauro Albertengo,Gastón Colmán,Atlético Rafaela
2517559,74,Federico Anselmo,Gabriel Morales,Atlético Rafaela
2517549,8,Orlando Gaona,Francisco Pizzini,Olimpo de Bahía Blanca
2517549,62,David Vega,Jacobo Mansilla,Olimpo de Bahía Blanca
2517549,78,Jonathan Blanco,Walter Acuña,Olimpo de Bahía Blanca
2517549,39,Lucas Parodi,Sebastián Prediger,Belgrano de Córdoba
2517549,72,Gabriel Alanis,Jorge Velázquez,Belgrano de Córdoba
2517549,75,Gastón Álvarez Suárez,Lucas Parodi,Belgrano de Córdoba
2517555,51,Humberto Osorio,Nicolás Stefanelli,Defensa y Justicia
2517555,51,Agustín Bouzat,Tomás Martínez,Defensa y Justicia
2517555,66,Andrés Ríos,Tomás Pochettino,Defensa y Justicia
2517555,57,Mariano González,Daniel Montenegro,Huracán
2517555,71,Ezequiel Miralles,Alejandro Gamarra,Huracán
2517555,84,German Mandarino,Cristian Espinoza,Huracán
2517552,59,Claudio Villagra,Franco Colela,Banfield
2517552,73,Enzo Trinidad,Brian Sarmiento,Banfield
2517552,56,Martín Benítez,Rodrigo Gómez,Independiente
2517552,66,Germán Denis,Cristian Rodríguez,Independiente
2517552,80,Jesús Méndez,Emiliano Rigoni,Independiente
2517558,52,Lucas Salas,Emilio Hernández,San Martín de San Juan
2517558,57,Ezequiel Montagna,Daniel González,San Martín de San Juan
2517558,79,Emiliano Agüero,Marcos Gelabert,San Martín de San Juan
2517558,46,Sebastián Rincón,Alexis Castro,Tigre
2517558,79,Lucas Wilchez,Kevin Itabel,Tigre
2517558,85,José Correa,Emiliano Papa,Tigre
2517547,58,Ezequiel Cerutti,Lautaro Montoya,San Lorenzo
2517547,58,Sebastián Blanco,Ezequiel Ávila,San Lorenzo
2517547,75,Martín Cauteruccio,Enzo Kalinski,San Lorenzo
2517547,37,Germán Ferreyra,Luciano Vella,Arsenal de Sarandí
2517547,75,Ramiro Carrera,Gonzalo Bazán,Arsenal de Sarandí
2517547,80,Federico Milo,Gabriel Sanabria,Arsenal de Sarandí
2517556,46,Rubén Ramírez,Martín Pérez Guedes,Temperley
2517556,64,Ariel Cólzera,Cristian Canuhé,Temperley
2517556,73,Fernando Brandán,Marcos Figueroa,Temperley
2517556,54,Federico Insúa,Iván Colman,Argentinos Juniors
2517556,60,Leonel Mosevich,Luciano Cabral,Argentinos Juniors
2517556,73,Lucas Rodríguez,Damián Batallini,Argentinos Juniors
2517551,73,Fernando De la Fuente,Mauricio Carrasco,Patronato de Paraná
2517551,84,Alejandro Almada,Matías Garrido,Patronato de Paraná
2517551,87,Nicolás Bertocchi,Marcelo Guzmán,Patronato de Paraná
2517551,60,Gustavo Colman,Walter Montoya,Rosario Central
2517551,76,César Delgado,Victor Salazar,Rosario Central
2517551,84,Germán Herrera,Franco Cervi,Rosario Central
2517554,36,Carlos Auzqui,Juan Cavallaro,Estudiantes
2517554,67,Lucas Rodríguez,Lucas Viatri,Estudiantes
2517554,79,Leonardo Gil,Gastón Fernández,Estudiantes
2517554,52,Franco Niell,Lorenzo Faravelli,Gimnasia de La Plata
2517554,59,Nicolás Mazzola,Walter Bou,Gimnasia de La Plata
2517554,77,Antonio Medina,Franco Niell,Gimnasia de La Plata
2517553,38,Adrián Bastía,Diego Lagos,Colón de Santa Fe
2517553,70,Nicolás Silva,Victor Figueroa,Colón de Santa Fe
2517553,75,Santiago Villafañe,Clemente Rodríguez,Colón de Santa Fe
2517553,45,Tabaré Viudez,Lucho González,River Plate
2517553,65,Joaquín Arzura,Andrés DAlessandro,River Plate
2517553,75,Nicolás Bertolo,Gonzalo Martínez,River Plate
2517557,61,Lucas Villalba,Guillermo Acosta,Atlético Tucumán
2517557,61,Fernando Zampedri,Juan Govea,Atlético Tucumán
2517557,66,Matías Ballini,Nery Leyes,Atlético Tucumán
2517557,62,Ismael Quílez,Gastón Díaz,Aldosivi
2517557,79,Damián Ledesma,Cristian Llama,Aldosivi
2517557,90,Juan Dinenno,Sebastian Penco,Aldosivi
2517550,58,Hamilton Pereira,Fermín Antonini,Sarmiento de Junín
2517550,61,Gustavo Canto,Maximiliano Caire,Sarmiento de Junín
2517550,79,Rodrigo Depetris,Walter Busse,Sarmiento de Junín
2517550,53,Ángel González,Gabriel Carabajal,Godoy Cruz
2517550,74,David Ramírez,Facundo Silva,Godoy Cruz
2517550,80,Javier Correa,Jaime Ayoví,Godoy Cruz
2517561,75,Andrés Chávez,Sebastián Palacios,Boca Juniors
2517561,76,Pablo Pérez,Rodrigo Bentancur,Boca Juniors
2517561,85,Marcelo Meli,Federico Carrizo,Boca Juniors
2517561,70,Martín Rolle,Diego Villar,Unión de Santa Fe
2517561,72,Mauro Pittón,Nelson Acevedo,Unión de Santa Fe
2517561,79,Franco Soldano,Claudio Riaño,Unión de Santa Fe
2517548,61,Santiago Stelcaldo,Maximiliano Romero,Vélez Sarsfield
2517548,75,Nicolás Delgadillo,Diego Zabala,Vélez Sarsfield
2517548,78,Matías Vargas,Jorge Correa,Vélez Sarsfield
2517548,30,Maximiliano Paredes,Gastón Bottino,Quilmes
2517548,69,Braian Mansilla,Federico Andrada,Quilmes
2517548,90,Matías Orihuela,Ezequiel Rescaldani,Quilmes
2517568,64,Gabriel Sanabria,Gonzalo Bazán,Arsenal de Sarandí
2517568,69,Agustin Vuletich,Fernando Luna,Arsenal de Sarandí
2517568,77,Ramiro Carrera,Mariano Barbieri,Arsenal de Sarandí
2517568,46,Lorenzo Faravelli,Roberto Brum,Gimnasia de La Plata
2517568,58,Oliver Paz Benítez,Mauricio Romero,Gimnasia de La Plata
2517568,75,Ezequiel Bonifacio,Antonio Medina,Gimnasia de La Plata
2517573,67,Ramiro Arias,Franco Canever,Aldosivi
2517573,71,Neri Bandiera,Hernán Lamberti,Aldosivi
2517573,83,Juan Dinenno,Nicolás Castro,Aldosivi
2517573,46,Daniel González,Ezequiel Montagna,San Martín de San Juan
2517573,87,Maximiliano Lugo,Lucas Salas,San Martín de San Juan
2517576,52,Lucas Rodríguez,Gastón Fernández,Estudiantes
2517576,72,Elías Umere,Carlos Auzqui,Estudiantes
2517576,86,Julián Marchioni,Lucas Viatri,Estudiantes
2517576,47,Agustín Bouzat,Nicolás Stefanelli,Defensa y Justicia
2517576,52,Rafael Delgado,Tomás Martínez,Defensa y Justicia
2517576,75,Humberto Osorio,Guido Rodríguez,Defensa y Justicia
2517566,46,Claudio Bieler,José Rojas,Belgrano de Córdoba
2517566,58,Sebastián Luna,Renzo Saravia,Belgrano de Córdoba
2517566,64,Gabriel Alanis,Guillermo Farré,Belgrano de Córdoba
2517566,34,Maximiliano Romero,Mariano Pavone,Vélez Sarsfield
2517566,63,Leandro Desábato,Jorge Correa,Vélez Sarsfield
2517566,75,Emiliano Amor,Blas Cáceres,Vélez Sarsfield
2517569,47,Cristian Palomeque,Nicolás Silva,Colón de Santa Fe
2517569,59,Franco Mazurek,Pablo Ledesma,Colón de Santa Fe
2517569,68,Pablo Vegetti,Osvaldo Barsottini,Colón de Santa Fe
2517569,60,Jonathan Fleita,Bruno Pittón,Unión de Santa Fe
2517569,80,Mauro Pittón,Martín Rolle,Unión de Santa Fe
2517569,87,Julio César Rodríguez,Franco Soldano,Unión de Santa Fe
2517565,68,Javier Correa,Jaime Ayoví,Godoy Cruz
2517565,72,Emanuel García,Ángel González,Godoy Cruz
2517565,85,David Ramírez,Santiago García,Godoy Cruz
2517565,58,David Vega,Jacobo Mansilla,Olimpo de Bahía Blanca
2517565,58,Francisco Pizzini,Walter Acuña,Olimpo de Bahía Blanca
2517565,72,Jonathan Blanco,Pablo Miguez,Olimpo de Bahía Blanca
2517574,63,Carlos Bueno,Braian Romero,Argentinos Juniors
2517574,71,Iván Colman,Federico Insúa,Argentinos Juniors
2517574,76,Lautaro Rinaldi,Emilio Zelaya,Argentinos Juniors
2517574,46,Franco Quiroga,Guillermo Acosta,Atlético Tucumán
2517574,67,Juan Govea,Rodrigo Aliendro,Atlético Tucumán
2517574,86,Fernando Zampedri,Cristian Menéndez,Atlético Tucumán
2517563,45,Cristian Rodríguez,Rodrigo Gómez,Independiente
2517563,68,Emiliano Rigoni,Gustavo Toledo,Independiente
2517563,84,Emanuel Aguilera,Martín Benítez,Independiente
2517563,45,Fernando De la Fuente,Matías Quiroga,Patronato de Paraná
2517563,45,Lautaro Geminiani,Matías Garrido,Patronato de Paraná
2517563,77,Nicolás Bertocchi,Mauricio Carrasco,Patronato de Paraná
2517567,70,Ignacio Colombini,Matías Orihuela,Quilmes
2517567,78,Lucas Pérez Godoy,Rodrigo Braña,Quilmes
2517567,87,Fernando Elizari,Ezequiel Rescaldani,Quilmes
2517567,61,Héctor Villalba,Néstor Ortigoza,San Lorenzo
2517567,61,Mauro Matos,Martín Cauteruccio,San Lorenzo
2517567,76,Paulo Díaz,Franco Mussis,San Lorenzo
2517562,46,Gonzalo Martínez,Emanuel Mammana,River Plate
2517562,70,Lucas Alario,Rodrigo Mora,River Plate
2517562,77,Tabaré Viudez,Andrés DAlessandro,River Plate
2517562,78,Luciano Gómez,Giovanni Simeone,Banfield
2517562,82,Romel Morales,Walter Erviti,Banfield
2517562,85,Jorge Rodriguez,Thomas Rodríguez,Banfield
2517575,64,Lucas Chacana,Cristian Espinoza,Huracán
2517575,70,Ezequiel Miralles,Daniel Montenegro,Huracán
2517575,80,Alejandro Gamarra,Ezequiel Miralles,Huracán
2517575,46,Adrián Arregui,Matías Sánchez,Temperley
2517575,58,Cristian Canuhé,Fernando Brandán,Temperley
2517575,77,Marcos Figueroa,Leonardo Di Lorenzo,Temperley
2517570,53,Nicolás Aguirre,Pablo Mouche,Lanús
2517570,77,Óscar Benítez,José Sand,Lanús
2517570,86,Víctor Ayala,Román Martínez,Lanús
2517570,66,Sebastián Palacios,Nicolás Lodeiro,Boca Juniors
2517570,76,Rodrigo Bentancur,Federico Carrizo,Boca Juniors
2517570,83,Andrés Chávez,Pablo Pérez,Boca Juniors
2517564,46,Walter Montoya,Gustavo Colman,Rosario Central
2517564,83,Jonás Aguirre,Marco Rubén,Rosario Central
2517564,89,Rodrigo Battaglia,Giovani Lo Celso,Rosario Central
2517564,31,Andrés Franzoia,Nicolás Sánchez,Sarmiento de Junín
2517564,46,Walter Busse,Renzo Spinacci,Sarmiento de Junín
2517564,70,Kevin Mercado,Hamilton Pereira,Sarmiento de Junín
2517571,28,Axel Werner,Germán Montoya,Atlético Rafaela
2517571,57,Facundo Parra,Gabriel Morales,Atlético Rafaela
2517571,68,Ignacio Pussetto,Esteban Orfano,Atlético Rafaela
2517571,63,Federico Vismara,Francisco Cerro,Racing Club
2517571,76,Facundo Pereyra,Ricardo Noir,Racing Club
2517571,83,Yonathan Cabral,Marcos Acuña,Racing Club
2517572,66,Lucas Menossi,Sebastián Rincón,Tigre
2517572,72,Fernando Redondo,Ezequiel Cirigliano,Tigre
2517572,76,Ramón Mierez,Lucas Janson,Tigre
2517572,59,Mauro Fórmica,Raúl Villalba,Newells Old Boys
2517572,88,Mauricio Tévez,Maxi Rodriguez,Newells Old Boys
2517586,64,Matías Ballini,Nery Leyes,Atlético Tucumán
2517586,76,Fernando Zampedri,Luis Rodríguez,Atlético Tucumán
2517586,79,Rodrigo Aliendro,José Méndez,Atlético Tucumán
2517586,62,Ezequiel Miralles,Ramón Ábila,Huracán
2517586,72,Lucas Chacana,Alejandro Gamarra,Huracán
2517586,90,Lucas Villarruel,Daniel Montenegro,Huracán
2517580,46,Orlando Gaona,Walter Acuña,Olimpo de Bahía Blanca
2517580,78,David Vega,Francisco Pizzini,Olimpo de Bahía Blanca
2517580,65,Jonás Aguirre,Franco Cervi,Rosario Central
2517580,71,Rodrigo Migone,Walter Montoya,Rosario Central
2517585,58,Cristian Tarragona,Rubén Ramírez,Temperley
2517585,66,Fernando Brandán,Martín Pérez Guedes,Temperley
2517585,78,Leonardo Di Lorenzo,Matías Sánchez,Temperley
2517585,71,Leonardo Gil,Lucas Viatri,Estudiantes
2517585,77,Elías Umere,Juan Cavallaro,Estudiantes
2517585,90,Julián Marchioni,Augusto Solari,Estudiantes
2517589,45,Gastón Díaz,Iván Pillud,Racing Club
2517589,72,Ricardo Noir,Marcos Acuña,Racing Club
2517589,78,Diego Milito,Francisco Cerro,Racing Club
2517589,49,Rodrigo Erramuspe,Martín Galmarini,Tigre
2517589,78,Carlos Luna,Federico González,Tigre
2517589,82,Sebastián Píriz,Lucas Janson,Tigre
2517590,60,Fernando Tobio,Leonardo Jara,Boca Juniors
2517590,64,Nicolás Lodeiro,Pablo Pérez,Boca Juniors
2517590,87,Andrés Chávez,Federico Carrizo,Boca Juniors
2517590,46,Gabriel Morales,Mathías Abero,Atlético Rafaela
2517590,62,Federico Anselmo,Facundo Parra,Atlético Rafaela
2517590,86,Joel Sacks,Ignacio Pussetto,Atlético Rafaela
2517582,72,Marcos Minetti,Mauricio Carrasco,Patronato de Paraná
2517582,82,Lautaro Geminiani,Marcelo Guzmán,Patronato de Paraná
2517582,84,Matías Donoso,Fernando Telechea,Patronato de Paraná
2517582,60,Leonardo Pisculichi,Andrés DAlessandro,River Plate
2517582,70,Iván Alonso,Lucas Alario,River Plate
2517582,70,Lucho González,Nicolás Domingo,River Plate
2517583,76,Nahuel Yeri,Thomas Rodríguez,Banfield
2517583,61,Cristian Sain,Luis Castillo,Colón de Santa Fe
2517583,70,Nicolás Silva,Victor Figueroa,Colón de Santa Fe
2517583,83,Diego Lagos,Pablo Ledesma,Colón de Santa Fe
2517588,72,Lucas Mugni,Daniel Mancini,Newells Old Boys
2517588,78,Mauro Fórmica,Ignacio Scocco,Newells Old Boys
2517588,87,Mauricio Tévez,Jalil Elías,Newells Old Boys
2517588,16,Ramiro Arias,Cristian Llama,Aldosivi
2517588,46,Neri Bandiera,Nicolás Castro,Aldosivi
2517588,90,Emiliano Borjas,Santiago Rosales,Aldosivi
2517578,46,Juan Mercier,Mauro Matos,San Lorenzo
2517578,67,Pablo Barrientos,Sebastián Blanco,San Lorenzo
2517578,84,Leandro Romagnoli,Fernando Belluschi,San Lorenzo
2517578,57,Iván Óbolo,Gastón Álvarez Suárez,Belgrano de Córdoba
2517578,68,Jorge Velázquez,Fernando Márquez,Belgrano de Córdoba
2517578,70,Lucas Parodi,Mario Bolatti,Belgrano de Córdoba
2517587,55,Maximiliano Lugo,Daniel González,San Martín de San Juan
2517587,69,Nicolás Pelaitay,Marcos Gelabert,San Martín de San Juan
2517587,72,Emilio Hernández,Lucas Salas,San Martín de San Juan
2517587,59,Federico Insúa,Carlos Bueno,Argentinos Juniors
2517587,59,Emilio Zelaya,Juan Cobo,Argentinos Juniors
2517587,74,Damián Batallini,Joaquin Laso,Argentinos Juniors
2517584,52,Humberto Osorio,Andrés Ríos,Defensa y Justicia
2517584,52,Agustín Bouzat,Tomás Martínez,Defensa y Justicia
2517584,72,Nicolás Stefanelli,Eugenio Isnaldo,Defensa y Justicia
2517584,58,Juan Sánchez,Gabriel Sanabria,Arsenal de Sarandí
2517584,65,Miguel Caneo,Fernando Luna,Arsenal de Sarandí
2517584,78,Federico Milo,Gonzalo Bazán,Arsenal de Sarandí
2517579,37,Braian Cufré,Jorge Correa,Vélez Sarsfield
2517579,76,Santiago Stelcaldo,Blas Cáceres,Vélez Sarsfield
2517579,77,Matías Vargas,Damián Pérez,Vélez Sarsfield
2517579,71,Gastón Giménez,Fernando Godoy,Godoy Cruz
2517579,75,Javier Correa,Santiago García,Godoy Cruz
2517579,84,Emanuel García,Pol Fernández,Godoy Cruz
2517581,63,Kevin Mercado,Fermín Antonini,Sarmiento de Junín
2517581,71,Nicolás Sánchez,Fabio Álvarez,Sarmiento de Junín
2517581,84,Juan López,Maximiliano Fornari,Sarmiento de Junín
2517581,59,Martín Benítez,Leandro Fernández,Independiente
2517581,71,Claudio Aquino,Jorge Ortiz,Independiente
2517581,83,Rodrigo Gómez,Emiliano Rigoni,Independiente
2517577,68,Javier Mendoza,Facundo Castillón,Gimnasia de La Plata
2517577,78,Leandro Contin,Walter Bou,Gimnasia de La Plata
2517577,86,Omar Pouso,Federico Rasic,Gimnasia de La Plata
2517577,61,Fernando Elizari,Daniel Imperiale,Quilmes
2517577,74,Braian Mansilla,Federico Andrada,Quilmes
2517577,85,Ignacio Colombini,Sebastián Romero,Quilmes
2517591,14,Julio César Rodríguez,Franco Soldano,Unión de Santa Fe
2517591,46,Diego Villar,Martín Rolle,Unión de Santa Fe
2517591,85,Matías Fantín,Mauricio Martínez,Unión de Santa Fe
2517591,53,Víctor Ayala,Román Martínez,Lanús
2517591,57,Nicolás Aguirre,Pablo Mouche,Lanús
2517591,70,Agustín Pelletieri,Iván Marcone,Lanús
2517592,59,Diego Lagos,Victor Figueroa,Colón de Santa Fe
2517592,77,Nicolás Silva,Mauricio Sperdutti,Colón de Santa Fe
2517592,83,Federico Ruiz,Pablo Ledesma,Colón de Santa Fe
2517592,58,Fernando De la Fuente,Marcelo Guzmán,Patronato de Paraná
2517592,62,Matías Donoso,Matías Quiroga,Patronato de Paraná
2517592,90,Nicolás Bertocchi,Mauricio Carrasco,Patronato de Paraná
2517596,66,Ángel González,Fernando Godoy,Godoy Cruz
2517596,72,Gastón Giménez,Facundo Silva,Godoy Cruz
2517596,78,Javier Correa,Jaime Ayoví,Godoy Cruz
2517596,43,Martín Cauteruccio,Sebastián Blanco,San Lorenzo
2517596,78,Franco Mussis,Mauro Matos,San Lorenzo
2517596,90,Paulo Díaz,Néstor Ortigoza,San Lorenzo
2517604,49,Mariano González,Lucas Chacana,Huracán
2517604,62,Daniel Montenegro,Ezequiel Miralles,Huracán
2517604,90,Mauro Bogado,Ramón Ábila,Huracán
2517604,62,Gustavo Villarruel,Lucas Salas,San Martín de San Juan
2517604,64,Maximiliano Lugo,Daniel González,San Martín de San Juan
2517604,88,Leandro Martínez,Javier Capelli,San Martín de San Juan
2517593,46,Joaquín Arzura,Emanuel Mammana,River Plate
2517593,52,Camilo Mayada,Leonardo Pisculichi,River Plate
2517593,69,Sebastián Driussi,Tabaré Viudez,River Plate
2517593,56,Kevin Mercado,Fermín Antonini,Sarmiento de Junín
2517593,70,Diego Cháves,Fabio Álvarez,Sarmiento de Junín
2517593,81,Ignacio Cacheiro,Alexis Niz,Sarmiento de Junín
2517606,46,Andrés Ríos,Tomás Martínez,Defensa y Justicia
2517606,46,Humberto Osorio,Agustín Bouzat,Defensa y Justicia
2517606,78,Ciro Rius,Nicolás Stefanelli,Defensa y Justicia
2517606,67,Cristian Tarragona,Leonardo Di Lorenzo,Temperley
2517606,75,Fernando Brandán,Adrián Arregui,Temperley
2517606,81,Nahuel Peralta,Martín Pérez Guedes,Temperley
2517594,46,Jorge Ortiz,Diego Rodríguez,Independiente
2517594,46,Leandro Fernández,Martín Benítez,Independiente
2517594,84,Claudio Aquino,Jesús Méndez,Independiente
2517594,60,Jonathan Blanco,Orlando Gaona,Olimpo de Bahía Blanca
2517594,75,Jean Pierre Barrientos,Jacobo Mansilla,Olimpo de Bahía Blanca
2517594,84,Franco Troyansky,Joel Amoroso,Olimpo de Bahía Blanca
2517599,55,Claudio Villagra,Thomas Rodríguez,Banfield
2517599,65,Brian Sarmiento,Nahuel Yeri,Banfield
2517599,81,Giovanni Simeone,Franco Colela,Banfield
2517599,62,Óscar Benítez,Pablo Mouche,Lanús
2517599,64,Marcelo Herrera,Diego Braghieri,Lanús
2517599,74,Gonzalo Castellani,Román Martínez,Lanús
2517603,67,Luciano Cabral,Lucas Rodríguez,Argentinos Juniors
2517603,80,Carlos Bueno,Emilio Zelaya,Argentinos Juniors
2517603,84,Federico Insúa,Damián Batallini,Argentinos Juniors
2517603,54,Mauricio Tévez,Ignacio Scocco,Newells Old Boys
2517603,60,Mauro Fórmica,Daniel Mancini,Newells Old Boys
2517595,48,Giovani Lo Celso,Germán Herrera,Rosario Central
2517595,77,Maximiliano González,Franco Cervi,Rosario Central
2517595,90,Rodrigo Migone,Gastón Gil Romero,Rosario Central
2517595,66,Nicolás Delgadillo,Blas Cáceres,Vélez Sarsfield
2517595,74,Diego Zabala,Santiago Stelcaldo,Vélez Sarsfield
2517595,81,Nicolás Servetto,Yamil Asad,Vélez Sarsfield
2517602,24,Ramiro Arias,Gastón Díaz,Aldosivi
2517602,63,Lucas Di Yorio,Franco Canever,Aldosivi
2517602,82,Nicolás Castro,Martín Rivero,Aldosivi
2517602,33,Federico Vismara,Francisco Cerro,Racing Club
2517602,46,Yonathan Cabral,Sergio Vittor,Racing Club
2517602,81,Diego Milito,Ricardo Noir,Racing Club
2517601,74,Diego Castaño,Sebastián Píriz,Tigre
2517601,79,Carlos Luna,Federico González,Tigre
2517601,83,Rodrigo Erramuspe,Emiliano Papa,Tigre
2517601,40,Fernando Gago,Rodrigo Bentancur,Boca Juniors
2517601,56,Carlos Tévez,Nicolás Colazo,Boca Juniors
2517601,72,Federico Carrizo,Marcelo Meli,Boca Juniors
2517597,46,Gastón Álvarez Suárez,Esteban Espíndola López,Belgrano de Córdoba
2517597,60,Fernando Márquez,César Pereyra,Belgrano de Córdoba
2517597,69,Iván Etevenaux,Claudio Bieler,Belgrano de Córdoba
2517597,58,Federico Rasic,Facundo Castillón,Gimnasia de La Plata
2517597,71,Álvaro Fernández,Kevin Ceceri,Gimnasia de La Plata
2517597,79,Leandro Contin,Walter Bou,Gimnasia de La Plata
2517598,72,Daniel Imperiale,Adrián Calello,Quilmes
2517598,72,Ignacio Colombini,Braian Mansilla,Quilmes
2517598,81,Fernando Elizari,Gastón Bottino,Quilmes
2517598,64,Miguel Caneo,Gonzalo Bazán,Arsenal de Sarandí
2517598,77,Juan Sánchez,Ramiro Carrera,Arsenal de Sarandí
2517598,84,Leonardo Rolón,Mariano Barbieri,Arsenal de Sarandí
2517600,58,Matías Catalán,Gabriel Graciani,Atlético Rafaela
2517600,63,Federico Anselmo,Facundo Parra,Atlético Rafaela
2517600,76,Gastón Colmán,Walter Serrano,Atlético Rafaela
2517600,66,Diego Villar,Martín Rolle,Unión de Santa Fe
2517600,79,Julio César Rodríguez,Tomás Bolzicco,Unión de Santa Fe
2517600,82,Agustín Sandona,Bruno Pittón,Unión de Santa Fe
2517605,46,Juan Cavallaro,Lucas Viatri,Estudiantes
2517605,75,Lucas Rodríguez,Gastón Fernández,Estudiantes
2517605,83,Nicolás Talpone,Augusto Solari,Estudiantes
2517605,46,Franco Quiroga,Nicolás Romat,Atlético Tucumán
2517605,62,Juan Govea,Matías Ballini,Atlético Tucumán
2517605,82,Fernando Zampedri,Rodrigo Aliendro,Atlético Tucumán
2517612,66,Kevin Mercado,Maximiliano Caire,Sarmiento de Junín
2517612,76,Juan López,Maximiliano Fornari,Sarmiento de Junín
2517612,83,Nicolás Sánchez,Fabio Álvarez,Sarmiento de Junín
2517612,46,Pablo Cuevas,Luis Castillo,Colón de Santa Fe
2517612,74,Nicolás Silva,Mauricio Sperdutti,Colón de Santa Fe
2517612,80,Franco Mazurek,Victor Figueroa,Colón de Santa Fe
2517608,58,Franco Niell,Walter Bou,Gimnasia de La Plata
2517608,65,Facundo Castillón,Maximiliano Meza,Gimnasia de La Plata
2517608,85,Javier Mendoza,Lucas Licht,Gimnasia de La Plata
2517608,73,Ángel González,Fernando Godoy,Godoy Cruz
2517608,81,Gastón Giménez,Javier Correa,Godoy Cruz
2517608,90,Fabricio Angileri,Facundo Silva,Godoy Cruz
2517621,55,Gonzalo Castellani,Agustín Pelletieri,Lanús
2517621,69,Óscar Benítez,Pablo Mouche,Lanús
2517621,90,Víctor Ayala,Román Martínez,Lanús
2517621,64,Mateo Castellano,Gabriel Graciani,Atlético Rafaela
2517621,71,Federico Anselmo,Ignacio Pussetto,Atlético Rafaela
2517621,78,Esteban Orfano,Facundo Parra,Atlético Rafaela
2517615,39,Guillermo Acosta,Rodrigo Aliendro,Atlético Tucumán
2517615,75,Juan Govea,Lucas Villalba,Atlético Tucumán
2517615,79,Fernando Zampedri,Luis Rodríguez,Atlético Tucumán
2517615,46,Hugo Silva,Tomás Pochettino,Defensa y Justicia
2517615,59,Humberto Osorio,Eugenio Isnaldo,Defensa y Justicia
2517615,67,Javier Yacuzzi,Ciro Rius,Defensa y Justicia
2517617,58,Héctor Fértoli,Mauricio Tévez,Newells Old Boys
2517617,72,Ignacio Scocco,Jalil Elías,Newells Old Boys
2517617,84,Fabricio Formiliano,Mauro Fórmica,Newells Old Boys
2517617,43,Mariano González,Daniel Montenegro,Huracán
2517617,67,Lucas Villarruel,Matías Fritzler,Huracán
2517617,79,Lucas Chacana,Mauro Bogado,Huracán
2517619,46,Nicolás Lodeiro,Nahuel Molina Lucero,Boca Juniors
2517619,66,Guillermo Sara,Agustín Orión,Boca Juniors
2517619,78,Andrés Cubas,Sebastián Palacios,Boca Juniors
2517619,59,Juan Dinenno,Nicolás Castro,Aldosivi
2517619,83,Lucas Di Yorio,Sebastian Penco,Aldosivi
2517620,48,Claudio Riaño,Tomás Bolzicco,Unión de Santa Fe
2517620,66,Diego Villar,Martín Rolle,Unión de Santa Fe
2517620,74,Manuel De Iriondo,Jonathan Fleita,Unión de Santa Fe
2517620,61,Lucas Wilchez,Sebastián Rincón,Tigre
2517620,71,Carlos Luna,Alexis Castro,Tigre
2517620,80,Horacio Orzán,Martín Galmarini,Tigre
2517618,46,Lautaro Martínez,Rodrigo de Paul,Racing Club
2517618,46,Lucas Bareiro,Marcos Acuña,Racing Club
2517618,74,Diego Milito,Facundo Pereyra,Racing Club
2517618,87,Luciano Cabral,Braian Romero,Argentinos Juniors
2517618,90,Juan Cobo,Cristian Ledesma,Argentinos Juniors
2517609,62,Juan Mercier,Martín Cauteruccio,San Lorenzo
2517609,80,Sebastián Blanco,Ezequiel Cerutti,San Lorenzo
2517609,83,Héctor Villalba,Fernando Belluschi,San Lorenzo
2517609,46,Germán Herrera,José Fernandez,Rosario Central
2517609,65,Pablo Becker,Walter Montoya,Rosario Central
2517609,74,Jonás Aguirre,Cristian Villagra,Rosario Central
2517610,13,Alan Aguerre,Fabián Assmann,Vélez Sarsfield
2517610,46,Maximiliano Romero,Yamil Asad,Vélez Sarsfield
2517610,75,Nicolás Delgadillo,Santiago Stelcaldo,Vélez Sarsfield
2517610,70,Domingo Blanco,Claudio Aquino,Independiente
2517610,76,Diego Rodríguez,Jorge Ortiz,Independiente
2517610,86,Germán Denis,Leandro Fernández,Independiente
2517614,57,Gabriel Esparza,Abel Peralta,Temperley
2517614,66,Ariel Cólzera,Cristian Canuhé,Temperley
2517614,84,Leonardo Di Lorenzo,Marcos Figueroa,Temperley
2517614,23,Leonel Bontempo,Juan Celaya,Quilmes
2517614,64,Mariano Uglessich,Ezequiel Rescaldani,Quilmes
2517614,77,Braian Mansilla,Daniel Imperiale,Quilmes
2517616,13,Javier Capelli,Juan Mattia,San Martín de San Juan
2517616,57,Daniel González,Marcos Gelabert,San Martín de San Juan
2517616,71,Gustavo Villarruel,Lucas Salas,San Martín de San Juan
2517616,70,Lucas Rodríguez,Juan Cavallaro,Estudiantes
2517616,78,Elías Umere,Augusto Solari,Estudiantes
2517616,84,Leonardo Gil,Gastón Fernández,Estudiantes
2517611,37,Jonathan Blanco,Cristian Villanueva,Olimpo de Bahía Blanca
2517611,69,Jean Pierre Barrientos,Orlando Gaona,Olimpo de Bahía Blanca
2517611,71,Walter Acuña,Juan Sills,Olimpo de Bahía Blanca
2517611,26,Pablo Carreras,Leonel Vangioni,River Plate
2517611,62,Ignacio Fernández,Camilo Mayada,River Plate
2517611,66,Lucas Alario,Gonzalo Martínez,River Plate
2517613,64,Nicolás Bertocchi,Walter Andrade,Patronato de Paraná
2517613,64,Lautaro Comas,Mauricio Carrasco,Patronato de Paraná
2517613,76,Matías Donoso,Fernando Telechea,Patronato de Paraná
2517613,70,Enzo Trinidad,Claudio Villagra,Banfield
2517613,80,Franco Colela,Brian Sarmiento,Banfield
2517613,90,Nahuel Yeri,Walter Erviti,Banfield
2517607,68,Juan Sánchez,Ramiro Carrera,Arsenal de Sarandí
2517607,68,Fernando Luna,Gonzalo Bazán,Arsenal de Sarandí
2517607,80,Ramiro López,Gabriel Sanabria,Arsenal de Sarandí
2517607,63,Iván Etevenaux,Renzo Saravia,Belgrano de Córdoba
2517607,63,Iván Óbolo,Jorge Velázquez,Belgrano de Córdoba
2517607,81,Gabriel Alanis,Gastón Álvarez Suárez,Belgrano de Córdoba
2517633,46,Diego Montiel,Federico Scoppa,Atlético Rafaela
2517633,73,Mathías Abero,Gabriel Graciani,Atlético Rafaela
2517633,79,Matías Catalán,Ignacio Pussetto,Atlético Rafaela
2517633,66,Nicolás Bertocchi,Marcelo Guzmán,Patronato de Paraná
2517633,73,Matías Donoso,Fernando Telechea,Patronato de Paraná
2517622,56,Mario Paglialunga,Ezequiel Parnisari,Olimpo de Bahía Blanca
2517622,62,Franco Troyansky,Orlando Gaona,Olimpo de Bahía Blanca
2517622,80,David Vega,Francisco Pizzini,Olimpo de Bahía Blanca
2517622,46,Nahuel Pájaro,Guillermo Ortíz,Aldosivi
2517622,66,Juan Dinenno,Hernán Lamberti,Aldosivi
2517622,80,Nicolás Castro,Martín Rivero,Aldosivi
2517624,55,Agustin Doffo,Fabricio Alvarenga,Vélez Sarsfield
2517624,65,Maximiliano Romero,Nicolás Servetto,Vélez Sarsfield
2517624,76,Santiago Stelcaldo,Blas Cáceres,Vélez Sarsfield
2517624,57,Luciano Cabral,Facundo Barboza,Argentinos Juniors
2517624,65,Federico Insúa,Lucas Rodríguez,Argentinos Juniors
2517624,74,Carlos Bueno,Lucas Cano,Argentinos Juniors
2517629,59,Agustín Sandona,Emanuel Brítez,Unión de Santa Fe
2517629,66,Mauro Pittón,Nelson Acevedo,Unión de Santa Fe
2517629,69,Diego Villar,Martín Rolle,Unión de Santa Fe
2517629,53,Nicolás Silva,Diego Lagos,Colón de Santa Fe
2517629,79,Nicolás Leguizamón,Victor Figueroa,Colón de Santa Fe
2517630,46,Miguel Caneo,Gonzalo Papa,Arsenal de Sarandí
2517630,57,Fernando Luna,Gonzalo Bazán,Arsenal de Sarandí
2517630,61,Leonardo Rolón,Luciano Vella,Arsenal de Sarandí
2517630,53,Marcelo Benítez,Tomás Pochettino,Defensa y Justicia
2517630,63,Hernán Fredes,Nicolás Stefanelli,Defensa y Justicia
2517630,71,Humberto Osorio,Andrés Ríos,Defensa y Justicia
2517626,58,Pablo Barrientos,Franco Mussis,San Lorenzo
2517626,65,Martín Cauteruccio,Nicolás Blandi,San Lorenzo
2517626,73,Paulo Díaz,Sebastián Blanco,San Lorenzo
2517626,63,Cristian Espinoza,Lucas Villarruel,Huracán
2517626,71,Ezequiel Miralles,Mariano González,Huracán
2517636,65,Ángel González,Fabián Henríquez,Godoy Cruz
2517636,79,Javier Correa,Pol Fernández,Godoy Cruz
2517636,84,Gastón Giménez,Jaime Ayoví,Godoy Cruz
2517636,62,Leandro Martínez,Lucas Salas,San Martín de San Juan
2517636,76,Sergio Sagarzazu,Marcos Gelabert,San Martín de San Juan
2517636,87,Javier Capelli,Pablo Aguilar,San Martín de San Juan
2517631,46,Víctor Ayala,Pablo Mouche,Lanús
2517631,74,Óscar Benítez,José Sand,Lanús
2517631,90,Gonzalo Castellani,Román Martínez,Lanús
2517631,62,Claudio Villagra,Emanuel Cecchini,Banfield
2517631,77,Adrián Sporle,Eric Remedi,Banfield
2517631,84,Nahuel Yeri,Alexis Soto,Banfield
2517628,66,Matias Noble,Lucas Licht,Gimnasia de La Plata
2517628,71,Facundo Castillón,Maximiliano Meza,Gimnasia de La Plata
2517628,79,Federico Rasic,Franco Niell,Gimnasia de La Plata
2517628,54,Leandro Desábato,Leandro González Pirez,Estudiantes
2517628,65,Juan Cavallaro,Gastón Fernández,Estudiantes
2517628,86,Leonardo Gil,Carlos Auzqui,Estudiantes
2517623,76,Ignacio Scocco,Mauro Fórmica,Newells Old Boys
2517623,90,Mauricio Tévez,Jalil Elías,Newells Old Boys
2517623,59,Germán Herrera,Jonás Aguirre,Rosario Central
2517623,76,Walter Montoya,Gustavo Colman,Rosario Central
2517623,82,César Delgado,Giovani Lo Celso,Rosario Central
2517627,45,Marcelo Meli,Fernando Gago,Boca Juniors
2517627,86,Andrés Chávez,Cristian Pavón,Boca Juniors
2517627,61,Iván Alonso,Lucas Alario,River Plate
2517627,68,Sebastián Driussi,Rodrigo Mora,River Plate
2517627,73,Emanuel Mammana,Milton Casco,River Plate
2517625,61,Facundo Pereyra,Rodrigo de Paul,Racing Club
2517625,70,Óscar Romero,Diego Milito,Racing Club
2517625,83,Lisandro López,Ricardo Noir,Racing Club
2517625,46,Diego Vera,Cristian Rodríguez,Independiente
2517625,73,Martín Benítez,Emiliano Rigoni,Independiente
2517625,80,Germán Denis,Jesús Méndez,Independiente
2517634,31,Iván Etevenaux,Fernando Márquez,Belgrano de Córdoba
2517634,46,Iván Óbolo,Gastón Álvarez Suárez,Belgrano de Córdoba
2517634,65,César Pereyra,Claudio Bieler,Belgrano de Córdoba
2517634,73,José Méndez,Leonel Di Plácido,Atlético Tucumán
2517634,82,Franco Quiroga,Lucas Villalba,Atlético Tucumán
2517634,84,Juan Govea,Luis Rodríguez,Atlético Tucumán
2517635,82,Alexis Castro,Federico González,Tigre
2517635,84,Lucas Wilchez,Lucas Janson,Tigre
2517635,87,Diego Castaño,Jorge Rodríguez,Tigre
2517635,61,Kevin Mercado,Guillermo Ferracutti,Sarmiento de Junín
2517635,62,Fabio Álvarez,Walter Busse,Sarmiento de Junín
2517635,73,Andrés Franzoia,Maximiliano Caire,Sarmiento de Junín
2517632,62,Daniel Imperiale,Federico Andrada,Quilmes
2517632,74,Braian Mansilla,Ignacio Colombini,Quilmes
2517632,90,Matías Morales,Sebastián Romero,Quilmes
2517632,58,Cristian Canuhé,Abel Peralta,Temperley
2517632,69,Cristian Tarragona,Ariel Cólzera,Temperley
2517632,85,Rubén Ramírez,Matías Sánchez,Temperley
2517646,72,Juan Dinenno,Sebastian Penco,Aldosivi
2517646,78,Cristian Llama,Ismael Quílez,Aldosivi
2517646,68,Diego Villar,Bruno Pittón,Unión de Santa Fe
2517646,72,Tomás Bolzicco,Claudio Riaño,Unión de Santa Fe
2517646,78,Julio César Rodríguez,Martín Rolle,Unión de Santa Fe
2517649,66,Juan Cavallaro,Carlos Auzqui,Estudiantes
2517649,71,Lucas Rodríguez,Israel Damonte,Estudiantes
2517649,77,Elías Umere,Augusto Solari,Estudiantes
2517649,77,Ignacio Scocco,Héctor Fértoli,Newells Old Boys
2517649,87,Mauricio Tévez,Mauro Fórmica,Newells Old Boys
2517649,90,Sebastián Domínguez,Maxi Rodriguez,Newells Old Boys
2517638,70,Franco Mazurek,Mauricio Sperdutti,Colón de Santa Fe
2517638,74,Tomás Sandoval,Nicolás Leguizamón,Colón de Santa Fe
2517638,89,Santiago Villafañe,Cristian Sain,Colón de Santa Fe
2517638,46,Juan Quiroga,Jonathan Blanco,Olimpo de Bahía Blanca
2517638,58,Franco Troyansky,Francisco Pizzini,Olimpo de Bahía Blanca
2517638,59,Mario Paglialunga,Ezequiel Parnisari,Olimpo de Bahía Blanca
2517644,30,Lautaro Comas,Mauricio Carrasco,Patronato de Paraná
2517644,75,Marcos Minetti,Nicolás Bertocchi,Patronato de Paraná
2517644,80,Facundo Callejo,Fernando Telechea,Patronato de Paraná
2517644,45,Mathías Abero,Nelson Benítez,Atlético Rafaela
2517644,70,Diego Montiel,Federico Scoppa,Atlético Rafaela
2517644,75,Facundo Parra,Gabriel Graciani,Atlético Rafaela
2517640,61,Martín Benítez,Claudio Aquino,Independiente
2517640,69,Germán Denis,Jesús Méndez,Independiente
2517640,79,Gastón del Castillo,Leandro Fernández,Independiente
2517640,64,Pablo Barrientos,Martín Cauteruccio,San Lorenzo
2517640,82,Franco Mussis,Sebastián Blanco,San Lorenzo
2517640,90,Mauro Matos,Nicolás Blandi,San Lorenzo
2517643,60,Sebastián Prediger,Guillermo Farré,Belgrano de Córdoba
2517643,80,Iván Óbolo,César Pereyra,Belgrano de Córdoba
2517643,80,Gabriel Alanis,Adrián Argachá,Belgrano de Córdoba
2517643,67,Braian Mansilla,Ignacio Colombini,Quilmes
2517643,67,Fernando Elizari,Daniel Imperiale,Quilmes
2517643,78,Damián Malrechauffe,Federico Andrada,Quilmes
2517639,46,Gonzalo Montiel,Pablo Carreras,River Plate
2517639,59,Tomás Andrade,Nicolás Bertolo,River Plate
2517639,64,Exequiel Palacios,Luis Olivera,River Plate
2517639,38,Emiliano Amor,Fabricio Alvarenga,Vélez Sarsfield
2517639,65,Nicolás Tripichio,Maximiliano Romero,Vélez Sarsfield
2517639,73,Nicolás Servetto,Hernán Toledo,Vélez Sarsfield
2517642,58,Gastón Giménez,Fabián Henríquez,Godoy Cruz
2517642,68,Ángel González,Facundo Silva,Godoy Cruz
2517642,82,David Ramírez,Santiago García,Godoy Cruz
2517642,59,Juan Sánchez,Fernando Luna,Arsenal de Sarandí
2517642,69,Ezequiel Ruíz,Gonzalo Bazán,Arsenal de Sarandí
2517642,77,Miguel Caneo,Federico Lértora,Arsenal de Sarandí
2517648,52,Tomás Molina,Leandro Díaz,Huracán
2517648,61,Mauro Bogado,Lucas Villarruel,Huracán
2517648,68,Mariano González,Luca Sosa,Huracán
2517648,71,Lucas Bareiro,Rodrigo de Paul,Racing Club
2517648,79,Lautaro Martínez,Diego Milito,Racing Club
2517648,88,Gastón Campi,Facundo Pereyra,Racing Club
2517650,55,Nicolás Stefanelli,Andrés Ríos,Defensa y Justicia
2517650,73,Tomás Pochettino,Hernán Fredes,Defensa y Justicia
2517650,89,Agustín Bouzat,Tomás Martínez,Defensa y Justicia
2517650,17,Javier Capelli,Franco Lazzaroni,San Martín de San Juan
2517650,62,Ezequiel Montagna,Leandro Martínez,San Martín de San Juan
2517650,82,Jorge Luna,Maximiliano Lugo,San Martín de San Juan
2517647,21,Juan Cobo,Cristian Ledesma,Argentinos Juniors
2517647,46,Carlos Bueno,Lucas Cano,Argentinos Juniors
2517647,81,Leonel Mosevich,Federico Insúa,Argentinos Juniors
2517647,78,Pedro Silva,Federico Carrizo,Boca Juniors
2517641,70,Rodrigo Migone,Pablo Becker,Rosario Central
2517641,80,Maximiliano Lovera,César Delgado,Rosario Central
2517641,87,Rodrigo Battaglia,Gustavo Colman,Rosario Central
2517641,69,Leandro Contin,Franco Niell,Gimnasia de La Plata
2517641,69,Lorenzo Faravelli,Maximiliano Meza,Gimnasia de La Plata
2517641,75,Facundo Castillón,Matias Noble,Gimnasia de La Plata
2517645,23,José Correa,Carlos Luna,Tigre
2517645,57,Lucas Wilchez,Emiliano Papa,Tigre
2517645,72,Alexis Castro,Juan Blengio,Tigre
2517645,34,Marcelo Herrera,Diego Braghieri,Lanús
2517645,79,Agustín Pelletieri,Gonzalo Castellani,Lanús
2517645,84,Nicolás Aguirre,Óscar Benítez,Lanús
2517651,38,Ariel Cólzera,Marcos Figueroa,Temperley
2517651,81,Martín Pérez Guedes,Gabriel Esparza,Temperley
2517651,87,Fernando Brandán,Cristian Tarragona,Temperley
2517651,55,José Méndez,Nery Leyes,Atlético Tucumán
2517651,64,Luis Rodríguez,Juan Govea,Atlético Tucumán
2517651,81,Lucas Villalba,Leandro González,Atlético Tucumán
2517637,46,Franco Colela,Brian Sarmiento,Banfield
2517637,83,Claudio Pérez,Eric Remedi,Banfield
2517637,90,Adrián Sporle,Nahuel Yeri,Banfield
2517637,67,Kevin Mercado,Nicolás Sánchez,Sarmiento de Junín
2517637,68,Diego Cháves,Maximiliano Fornari,Sarmiento de Junín
2517637,84,Ignacio Cacheiro,Rodrigo Depetris,Sarmiento de Junín
2517664,62,Diego Villar,Martín Rolle,Unión de Santa Fe
2517664,76,Mauro Pittón,Nelson Acevedo,Unión de Santa Fe
2517664,87,Julio César Rodríguez,Claudio Riaño,Unión de Santa Fe
2517664,46,Emilio Zelaya,Juan Cobo,Argentinos Juniors
2517664,46,Luciano Cabral,Braian Romero,Argentinos Juniors
2517664,80,Sebastián Riquelme,Joaquin Laso,Argentinos Juniors
2517652,76,Lucas Suarez,Fernando Elizari,Quilmes
2517652,80,Adrián Calello,Federico Andrada,Quilmes
2517652,90,Ignacio Colombini,Emanuel Morales,Quilmes
2517652,70,David Ramírez,Facundo Silva,Godoy Cruz
2517652,76,Ángel González,Fernando Godoy,Godoy Cruz
2517652,82,Javier Correa,Lucas Ceballos,Godoy Cruz
2517660,57,Daniel González,Marcos Gelabert,San Martín de San Juan
2517660,67,Lucas Salas,Jorge Luna,San Martín de San Juan
2517660,73,Gustavo Villarruel,Emanuel Dening,San Martín de San Juan
2517660,24,Alexis Zárate,Cristian Chimino,Temperley
2517660,64,Ariel Cólzera,Adrián Arregui,Temperley
2517660,90,Ariel Rojas,Leonardo Di Lorenzo,Temperley
2517661,46,Ignacio Scocco,Daniel Mancini,Newells Old Boys
2517661,73,Joaquin Torres,Héctor Fértoli,Newells Old Boys
2517661,85,Mauricio Tévez,Jalil Elías,Newells Old Boys
2517661,71,Maximiliano Calzada,Hernán Fredes,Defensa y Justicia
2517661,80,Andrés Ríos,Tomás Martínez,Defensa y Justicia
2517661,82,Nicolás Stefanelli,Fabian Bordagaray,Defensa y Justicia
2517656,54,Diego Zabala,Fabricio Alvarenga,Vélez Sarsfield
2517656,73,Nicolás Tripichio,Mariano Pavone,Vélez Sarsfield
2517656,84,Nicolás Delgadillo,Leandro Somoza,Vélez Sarsfield
2517656,55,Lucas Comachi,Mauricio Sperdutti,Colón de Santa Fe
2517656,69,Emanuel Casado,Franco Leys,Colón de Santa Fe
2517656,82,Cristian Sain,Luis Castillo,Colón de Santa Fe
2517655,71,Pablo Barrientos,Sebastián Blanco,San Lorenzo
2517655,80,Martín Cauteruccio,Nicolás Blandi,San Lorenzo
2517655,89,Leandro Romagnoli,Ezequiel Cerutti,San Lorenzo
2517655,19,Lucho González,Andrés DAlessandro,River Plate
2517655,55,Gonzalo Martínez,Ignacio Fernández,River Plate
2517655,66,Tomás Andrade,Camilo Mayada,River Plate
2517662,65,Gustavo Bou,Diego Milito,Racing Club
2517662,65,Federico Vismara,Ezequiel Videla,Racing Club
2517662,90,Ricardo Noir,Sergio Vittor,Racing Club
2517662,56,Juan Cavallaro,Lucas Viatri,Estudiantes
2517662,70,Lucas Rodríguez,Gastón Fernández,Estudiantes
2517662,78,Gonzalo Bueno,Augusto Solari,Estudiantes
2517653,65,Ramiro Carrera,Juan Sánchez,Arsenal de Sarandí
2517653,74,Fernando Luna,Gonzalo Bazán,Arsenal de Sarandí
2517653,86,Miguel Caneo,Gabriel Sanabria,Arsenal de Sarandí
2517653,58,Rodrigo Migone,Pablo Becker,Rosario Central
2517653,80,Joaquin Pereyra,César Delgado,Rosario Central
2517653,88,Esteban Burgos,Gustavo Colman,Rosario Central
2517665,58,Nicolás Aguirre,Pablo Mouche,Lanús
2517665,78,Gonzalo Castellani,Román Martínez,Lanús
2517665,85,Nicolás Pasquini,Miguel Almirón,Lanús
2517665,38,Juan Dinenno,Sebastian Penco,Aldosivi
2517665,54,Hernán Lamberti,Neri Bandiera,Aldosivi
2517665,71,Cristian Llama,Nahuel Pájaro,Aldosivi
2517659,52,Lucas Villalba,Leandro González,Atlético Tucumán
2517659,85,Juan Govea,Pablo Cáceres,Atlético Tucumán
2517659,90,Ignacio Canuto,Guillermo Acosta,Atlético Tucumán
2517659,46,César Pereyra,Iván Etevenaux,Belgrano de Córdoba
2517659,75,Sebastián Luna,Sebastián Prediger,Belgrano de Córdoba
2517659,82,Gabriel Alanis,Renzo Saravia,Belgrano de Córdoba
2517663,66,Rodrigo Bentancur,Cristian Erbes,Boca Juniors
2517663,82,Pedro Silva,Nicolás Colazo,Boca Juniors
2517663,70,Alejandro Gamarra,Daniel Montenegro,Huracán
2517663,85,Lucas Chacana,Matías Fritzler,Huracán
2517666,46,Gabriel Graciani,Gabriel Morales,Atlético Rafaela
2517666,70,Facundo Parra,Federico Anselmo,Atlético Rafaela
2517666,77,Mauro Albertengo,Diego Montiel,Atlético Rafaela
2517666,65,Lucas Wilchez,Kevin Itabel,Tigre
2517666,77,José Correa,Federico González,Tigre
2517654,59,Franco Niell,Walter Bou,Gimnasia de La Plata
2517654,67,Lorenzo Faravelli,Facundo Castillón,Gimnasia de La Plata
2517654,76,Leandro Contin,Federico Rasic,Gimnasia de La Plata
2517654,46,Claudio Aquino,Emiliano Rigoni,Independiente
2517654,52,Leandro Fernández,Jorge Ortiz,Independiente
2517654,80,Diego Rodríguez,Julián Vitale,Independiente
2517657,46,Fernando González,Juan Sills,Olimpo de Bahía Blanca
2517657,46,Walter Acuña,Orlando Gaona,Olimpo de Bahía Blanca
2517657,66,David Vega,Jacobo Mansilla,Olimpo de Bahía Blanca
2517657,46,Thomas Rodríguez,Nahuel Yeri,Banfield
2517658,65,Renzo Spinacci,Maximiliano Caire,Sarmiento de Junín
2517658,71,Maximiliano Fornari,Kevin Mercado,Sarmiento de Junín
2517658,82,Guillermo Ferracutti,Diego Cháves,Sarmiento de Junín
2517658,46,Marcelo Guzmán,Matías Garrido,Patronato de Paraná
2517658,66,Leonardo Acosta,Fernando Telechea,Patronato de Paraná
2517658,76,Matías Quiroga,Lautaro Comas,Patronato de Paraná
2517677,68,Mariano González,Alejandro Gamarra,Huracán
2517677,79,Patricio Toranzo,Daniel Montenegro,Huracán
2517677,69,Diego Villar,Martín Rolle,Unión de Santa Fe
2517677,77,Julio César Rodríguez,Claudio Riaño,Unión de Santa Fe
2517677,82,Mauro Pittón,Nelson Acevedo,Unión de Santa Fe
2517679,63,Ciro Rius,Hernán Fredes,Defensa y Justicia
2517679,83,Tomás Pochettino,Fabian Bordagaray,Defensa y Justicia
2517679,86,Andrés Ríos,Tomás Martínez,Defensa y Justicia
2517679,46,Óscar Romero,Ricardo Noir,Racing Club
2517679,65,Gustavo Bou,Yonathan Cabral,Racing Club
2517679,85,Facundo Pereyra,Ezequiel Videla,Racing Club
2517681,63,José Méndez,Fernando Zampedri,Atlético Tucumán
2517681,63,Leonel Di Plácido,Nicolás Romat,Atlético Tucumán
2517681,82,Franco Quiroga,Guillermo Acosta,Atlético Tucumán
2517681,59,Sergio Sagarzazu,Maximiliano Lugo,San Martín de San Juan
2517681,69,Ezequiel Montagna,Leandro Martínez,San Martín de San Juan
2517681,85,Lucas Salas,Gustavo Villarruel,San Martín de San Juan
2517669,65,Tomás Sandoval,Mauricio Sperdutti,Colón de Santa Fe
2517669,79,Diego Lagos,Nicolás Leguizamón,Colón de Santa Fe
2517669,79,Emanuel Casado,Adrián Bastía,Colón de Santa Fe
2517669,71,Pablo Barrientos,Fernando Belluschi,San Lorenzo
2517669,83,Martín Cauteruccio,Ezequiel Cerutti,San Lorenzo
2517669,90,Franco Mussis,Nicolás Blandi,San Lorenzo
2517673,65,David Ramírez,Javier Correa,Godoy Cruz
2517673,90,Ángel González,Facundo Silva,Godoy Cruz
2517673,90,Sebastián Olivares,Fernando Zuqui,Godoy Cruz
2517673,46,Sebastián Prediger,Sebastián Luna,Belgrano de Córdoba
2517673,62,Iván Óbolo,César Pereyra,Belgrano de Córdoba
2517673,72,Iván Etevenaux,Guillermo Farré,Belgrano de Córdoba
2517670,46,Tomás Andrade,Camilo Mayada,River Plate
2517670,66,Leonel Vangioni,Gabriel Mercado,River Plate
2517670,90,Augusto Batalla,Marcelo Barovero,River Plate
2517670,66,Franco Niell,Federico Rasic,Gimnasia de La Plata
2517670,66,Lorenzo Faravelli,Kevin Ceceri,Gimnasia de La Plata
2517670,78,Mauricio Romero,Maximiliano Coronel,Gimnasia de La Plata
2517671,68,Saúl Nelle,Claudio Aquino,Independiente
2517671,72,Germán Denis,Diego Vera,Independiente
2517671,85,Rodrigo Gómez,Emiliano Rigoni,Independiente
2517671,60,Juan Sánchez,Gonzalo Bazán,Arsenal de Sarandí
2517671,86,Franco Costa,Gabriel Sanabria,Arsenal de Sarandí
2517671,86,Ramiro López,Claudio Corvalán,Arsenal de Sarandí
2517674,64,Renzo Spinacci,Maximiliano Caire,Sarmiento de Junín
2517674,77,Maximiliano Fornari,Walter Busse,Sarmiento de Junín
2517674,82,Ignacio Cacheiro,Rodrigo Depetris,Sarmiento de Junín
2517674,59,Ramón Mierez,José Correa,Tigre
2517674,74,Lucas Wilchez,Kevin Itabel,Tigre
2517674,84,Diego Castaño,Leandro Marín,Tigre
2517676,56,Nahuel Rodríguez,Juan Cobo,Argentinos Juniors
2517676,66,Emilio Zelaya,Federico Insúa,Argentinos Juniors
2517676,81,Francis Mac Allister,Damián Batallini,Argentinos Juniors
2517676,49,Diego Colotto,Gustavo Gómez,Lanús
2517676,81,Nicolás Pasquini,Pablo Mouche,Lanús
2517676,84,Román Martínez,Gonzalo Castellani,Lanús
2517680,46,Ariel Cólzera,Adrián Arregui,Temperley
2517680,55,Cristian Tarragona,Marcos Figueroa,Temperley
2517680,75,Abel Peralta,Fernando Brandán,Temperley
2517680,55,Lucas Boyé,Mauricio Tévez,Newells Old Boys
2517680,58,Franco Escobar,Luis Advíncula,Newells Old Boys
2517672,54,Ezequiel Rodríguez,Joaquin Pereyra,Rosario Central
2517672,64,Maximiliano Lovera,Hernán Da Campo,Rosario Central
2517672,75,Félix Banega,Cristian Villagra,Rosario Central
2517672,77,Ignacio Colombini,Federico Andrada,Quilmes
2517672,84,Juan Celaya,Leonel Bontempo,Quilmes
2517672,90,Matías Orihuela,Braian Mansilla,Quilmes
2517675,23,Hernán Lamberti,Nahuel Pájaro,Aldosivi
2517675,73,Nicolás Castro,Cristian Llama,Aldosivi
2517675,83,Juan Dinenno,Sebastian Penco,Aldosivi
2517675,46,Esteban Orfano,Diego Montiel,Atlético Rafaela
2517675,46,Emiliano Romero,Mateo Castellano,Atlético Rafaela
2517675,70,Gastón Colmán,Federico Anselmo,Atlético Rafaela
2517678,75,Julián Marchioni,Gastón Fernández,Estudiantes
2517678,83,Elías Umere,Augusto Solari,Estudiantes
2517678,88,Lucas Viatri,Juan Cavallaro,Estudiantes
2517678,65,Nicolás Benegas,Andrés Chávez,Boca Juniors
2517678,84,Gonzalo Maroni,Alexis Messidoro,Boca Juniors
2517667,67,Walter Andrade,Ivan Furios,Patronato de Paraná
2517667,70,Marcos Minetti,Damián Lemos,Patronato de Paraná
2517667,82,Nicolás Bertocchi,Lautaro Comas,Patronato de Paraná
2517667,25,Mario Paglialunga,Juan Sills,Olimpo de Bahía Blanca
2517667,58,Franco Troyansky,Francisco Pizzini,Olimpo de Bahía Blanca
2517667,67,David Vega,Pablo Miguez,Olimpo de Bahía Blanca
2517668,76,Claudio Villagra,Thomas Rodríguez,Banfield
2517668,82,Enzo Trinidad,Adrián Sporle,Banfield
2517668,67,Santiago Stelcaldo,Diego Zabala,Vélez Sarsfield
2517668,70,Gonzalo Yordán,Alan Aguerre,Vélez Sarsfield
2517668,79,Matías Pérez Acuña,Hernán Toledo,Vélez Sarsfield
2517684,70,Fernando Luna,Gonzalo Papa,Arsenal de Sarandí
2517684,73,Agustin Vuletich,Juan Sánchez,Arsenal de Sarandí
2517684,84,Miguel Caneo,Gabriel Sanabria,Arsenal de Sarandí
2517684,65,Lucho González,Camilo Mayada,River Plate
2517684,73,Leonardo Pisculichi,Gonzalo Martínez,River Plate
2517684,80,Sebastián Driussi,Iván Alonso,River Plate
2517696,64,Lucas Wilchez,Kevin Itabel,Tigre
2517696,73,Carlos Luna,Federico González,Tigre
2517696,87,Diego Castaño,Lucas Janson,Tigre
2517696,66,Juan Dinenno,Santiago Rosales,Aldosivi
2517696,83,Ramiro Garay,Nicolás Castro,Aldosivi
2517696,88,Raúl Poclaba,Martín Rivero,Aldosivi
2517688,56,Francisco Pizzini,Franco Troyansky,Olimpo de Bahía Blanca
2517688,62,Elías Borrego,Orlando Gaona,Olimpo de Bahía Blanca
2517688,68,Mario Paglialunga,David Vega,Olimpo de Bahía Blanca
2517688,63,Kevin Mercado,Juan López,Sarmiento de Junín
2517688,63,Diego Cháves,Maximiliano Fornari,Sarmiento de Junín
2517688,77,Renzo Spinacci,Rodrigo Depetris,Sarmiento de Junín
2517695,46,Mathías Abero,Diego Montiel,Atlético Rafaela
2517695,46,Federico Anselmo,Gastón Colmán,Atlético Rafaela
2517695,62,Esteban Orfano,Agustín Díaz,Atlético Rafaela
2517695,16,Lucas Rodríguez,Damián Batallini,Argentinos Juniors
2517695,82,Luciano Cabral,Federico Insúa,Argentinos Juniors
2517695,87,Francis Mac Allister,Braian Romero,Argentinos Juniors
2517691,46,Gastón Díaz,Iván Pillud,Racing Club
2517691,60,Gustavo Bou,Lisandro López,Racing Club
2517691,71,Francisco Cerro,Marcos Acuña,Racing Club
2517691,34,Leandro de Bortolí,Federico Crivelli,Temperley
2517691,46,Ariel Cólzera,Adrián Arregui,Temperley
2517691,70,Cristian Tarragona,Marcos Figueroa,Temperley
2517683,30,Matías Orihuela,Adrián Calello,Quilmes
2517683,61,Ezequiel Rescaldani,Federico Andrada,Quilmes
2517683,83,Ignacio Colombini,Matías Morales,Quilmes
2517683,60,Rodrigo Gómez,Domingo Blanco,Independiente
2517683,66,Gastón del Castillo,Martín Benítez,Independiente
2517683,76,Germán Denis,Leandro Fernández,Independiente
2517687,46,Nicolás Tripichio,Leandro Somoza,Vélez Sarsfield
2517687,68,Jorge Correa,Maximiliano Romero,Vélez Sarsfield
2517687,78,Fabricio Alvarenga,Diego Zabala,Vélez Sarsfield
2517687,73,Damián Pacco,Marcelo Guzmán,Patronato de Paraná
2517687,74,Matías Donoso,Fernando Telechea,Patronato de Paraná
2517687,84,Alejandro Almada,Nicolás Bertocchi,Patronato de Paraná
2517686,50,Pablo Barrientos,Néstor Ortigoza,San Lorenzo
2517686,68,Martín Cauteruccio,Nicolás Blandi,San Lorenzo
2517686,84,Mauro Matos,Sebastián Blanco,San Lorenzo
2517686,62,Thomas Rodríguez,Eric Remedi,Banfield
2517686,89,Claudio Pérez,Giovanni Simeone,Banfield
2517689,35,Maximiliano Lugo,Marcos Gelabert,San Martín de San Juan
2517689,73,Ezequiel Montagna,Emanuel Dening,San Martín de San Juan
2517689,77,Nicolás Pelaitay,Gustavo Villarruel,San Martín de San Juan
2517689,58,David Ramírez,Facundo Silva,Godoy Cruz
2517689,59,Ángel González,Fernando Godoy,Godoy Cruz
2517689,78,Javier Correa,Lucas Ceballos,Godoy Cruz
2517690,52,Ignacio Scocco,Lucas Boyé,Newells Old Boys
2517690,58,Daniel Mancini,Mauricio Tévez,Newells Old Boys
2517690,81,Emiliano Franco,Héctor Fértoli,Newells Old Boys
2517690,64,Lucas Villalba,Guillermo Acosta,Atlético Tucumán
2517690,69,Fernando Zampedri,José Méndez,Atlético Tucumán
2517690,82,Fernando Evangelista,Pablo Cáceres,Atlético Tucumán
2517692,53,Nicolás Benegas,Frank Fabra,Boca Juniors
2517692,74,Cata Díaz,Fernando Tobio,Boca Juniors
2517692,83,Alexis Messidoro,Pablo Pérez,Boca Juniors
2517692,72,Nicolás Stefanelli,Rafael Delgado,Defensa y Justicia
2517692,75,Elias Gómez,Eugenio Isnaldo,Defensa y Justicia
2517692,82,Ciro Rius,Tomás Martínez,Defensa y Justicia
2517693,64,Martín Rolle,Diego Villar,Unión de Santa Fe
2517693,67,Mauro Pittón,Nelson Acevedo,Unión de Santa Fe
2517693,74,Nicolás Andereggen,Santiago Nagüel,Unión de Santa Fe
2517693,46,Lucas Viatri,Lucas Rodríguez,Estudiantes
2517693,56,Julián Marchioni,Santiago Ascacíbar,Estudiantes
2517693,80,Leandro González Pirez,Gastón Fernández,Estudiantes
2517694,68,Leandro Maciel,Agustín Pelletieri,Lanús
2517694,75,Román Martínez,Pablo Mouche,Lanús
2517694,82,Diego Colotto,Diego Braghieri,Lanús
2517694,68,Alejandro Gamarra,Mariano González,Huracán
2517694,77,Patricio Toranzo,Daniel Montenegro,Huracán
2517694,86,Lucas Chacana,Mauro Bogado,Huracán
2517682,73,Germán Gaitán,César Pereyra,Belgrano de Córdoba
2517682,83,Gabriel Alanis,Jorge Velázquez,Belgrano de Córdoba
2517682,86,Gastón Álvarez Suárez,Iván Etevenaux,Belgrano de Córdoba
2517682,67,Giovani Lo Celso,Cristian Villagra,Rosario Central
2517682,78,Jonás Aguirre,Gustavo Colman,Rosario Central
2517682,87,Paulo Ferrari,Mauro Cetto,Rosario Central
2517685,46,Franco Niell,Federico Rasic,Gimnasia de La Plata
2517685,71,Facundo Castillón,Maximiliano Meza,Gimnasia de La Plata
2517685,79,Ezequiel Bonifacio,Walter Bou,Gimnasia de La Plata
2517685,52,Diego Lagos,Mauricio Sperdutti,Colón de Santa Fe
2517685,54,Victor Figueroa,Franco Leys,Colón de Santa Fe
2517685,83,Tomás Sandoval,Pablo Ledesma,Colón de Santa Fe
