GameID,Minute,Scorer,Team
8290699,12,Leandro Díaz,Sarmiento de Junín
8290702,31,Maximiliano Sigales,Godoy Cruz
8290696,57,Franco Niell,Gimnasia de La Plata
8290696,90,Nicolás Ibáñez,Gimnasia de La Plata
8290693,9,Agustín Orión,Racing Club
8290693,53,Marcos Acuña,Racing Club
8290698,75,Guillermo Acosta,Atlético Tucumán
8290694,11,Fernando Belluschi,San Lorenzo
8290694,56,Nicolás Blandi,San Lorenzo
8290694,13,Ezequiel Montagna,San Martín de San Juan
8290694,28,Ezequiel Montagna,San Martín de San Juan
8290700,45,Ignacio Bailone,Estudiantes
8290700,46,Lucas Rodríguez,Estudiantes
8290700,69,Israel Damonte,Estudiantes
8290701,85,Ignacio Scocco,Newells Old Boys
8290703,35,Emiliano Rigoni,Independiente
8290705,21,Federico Anselmo,Unión de Santa Fe
8290692,4,Sebastián Driussi,River Plate
8290692,51,Lucas Alario,River Plate
8290692,71,Andrés DAlessandro,River Plate
8290692,73,Gonzalo Martínez,River Plate
8290692,40,Santiago Silva,Banfield
8290704,67,Lautaro Acosta,Lanús
8290691,23,Ismael Blanco,Colón de Santa Fe
8290691,82,Diego Lagos,Colón de Santa Fe
8290697,4,Adrián Arregui,Temperley
8290715,27,Franco Niell,Gimnasia de La Plata
8290710,70,Luca Sosa,Huracán
8290710,25,Federico Andrada,Quilmes
8290718,13,Marcos Acuña,Racing Club
8290718,80,Gastón Díaz,Racing Club
8290717,78,Tomás Cardona,Defensa y Justicia
8290717,21,Nicolás Blandi,San Lorenzo
8290709,47,Diego Vera,Independiente
8290709,90,Ezequiel Barco,Independiente
8290711,75,Mauro Fórmica,Newells Old Boys
8290716,8,Mariano Pavone,Vélez Sarsfield
8290716,46,Mariano Pavone,Vélez Sarsfield
8290712,14,Ignacio Bailone,Estudiantes
8290708,33,Carlos Tévez,Boca Juniors
8290708,45,Cristian Pavón,Boca Juniors
8290708,84,Frank Fabra,Boca Juniors
8290719,61,Arturo Mina,River Plate
8290713,49,Jonathan Bottinelli,Arsenal de Sarandí
8290713,29,Cristian Menéndez,Atlético Tucumán
8290713,39,Cristian Menéndez,Atlético Tucumán
8290713,81,Guillermo Acosta,Atlético Tucumán
8290714,19,Fernando Luna,Atlético Rafaela
8290722,82,Ismael Blanco,Colón de Santa Fe
8290735,69,Lucas Gamba,Unión de Santa Fe
8290725,11,Sebastián Blanco,San Lorenzo
8290725,79,Nicolás Blandi,San Lorenzo
8290725,75,Nicolás Tripichio,Vélez Sarsfield
8290726,54,Walter Montoya,Rosario Central
8290726,57,Washington Camacho,Rosario Central
8290726,90,Nicolás Bertocchi,Patronato de Paraná
8290721,38,Sebastian Penco,Aldosivi
8290721,30,Nicolás Bertolo,Banfield
8290721,56,Santiago Silva,Banfield
8290721,69,Walter Erviti,Banfield
8290732,57,Cristian Garcia,Quilmes
8290732,80,Emiliano Rigoni,Independiente
8290730,52,Jonathan Santana,Sarmiento de Junín
8290730,44,Ignacio Scocco,Newells Old Boys
8290729,32,Carlos Auzqui,Estudiantes
8290729,54,Carlos Auzqui,Estudiantes
8290728,14,Marcos Figueroa,Temperley
8290728,4,Julio César Rodríguez,Arsenal de Sarandí
8290733,83,Javier Correa,Godoy Cruz
8290733,72,Gino Peruzzi,Boca Juniors
8290723,30,Lucas Alario,River Plate
8290723,58,Gustavo Villarruel,San Martín de San Juan
8290724,17,Sergio Vittor,Racing Club
8290724,65,Andrés Ríos,Defensa y Justicia
8290731,42,Carlos Luna,Tigre
8290731,90,Hugo Nervo,Huracán
8290727,57,Marco Borgnino,Atlético Rafaela
8290738,23,Carlos Rodríguez,Olimpo de Bahía Blanca
8290738,71,Francisco Pizzini,Olimpo de Bahía Blanca
8290738,90,Fernando Coniglio,Olimpo de Bahía Blanca
8290742,20,Ignacio Scocco,Newells Old Boys
8290742,29,Mauro Fórmica,Newells Old Boys
8290742,58,Ignacio Scocco,Newells Old Boys
8290742,83,Cristian Menéndez,Atlético Tucumán
8290747,13,Marcos Acuña,Racing Club
8290747,28,Marcos Acuña,Racing Club
8290747,39,Lisandro López,Racing Club
8290740,45,Víctor Cuesta,Independiente
8290740,18,Carlos Luna,Tigre
8290743,20,Jonathan Schunke,Estudiantes
8290743,56,Carlos Auzqui,Estudiantes
8290743,85,Augusto Solari,Estudiantes
8290737,78,Claudio Bieler,Belgrano de Córdoba
8290737,90,Claudio Bieler,Belgrano de Córdoba
8290746,5,Emanuel Mas,San Lorenzo
8290746,31,Emanuel Mas,San Lorenzo
8290739,7,Darío Benedetto,Boca Juniors
8290739,18,Darío Benedetto,Boca Juniors
8290739,23,Ricardo Centurión,Boca Juniors
8290739,25,Darío Benedetto,Boca Juniors
8290739,13,Hernán Da Campo,Quilmes
8290748,8,Tomás Pochettino,Defensa y Justicia
8290748,17,Lucas Bareiro,Defensa y Justicia
8290748,31,Alexander Barboza,Defensa y Justicia
8290748,82,Andrés Ríos,Defensa y Justicia
8290748,27,Sebastián Driussi,River Plate
8290748,64,Sebastián Driussi,River Plate
8290744,78,Joaquín Boghossian,Arsenal de Sarandí
8290744,90,Martín Giménez,Arsenal de Sarandí
8290744,12,Nicolás Ibáñez,Gimnasia de La Plata
8290744,25,Nicolás Ibáñez,Gimnasia de La Plata
8290763,22,Nicolás Benegas,Quilmes
8290763,74,Hernán Da Campo,Quilmes
8290763,64,Carlos Rodríguez,Olimpo de Bahía Blanca
8290764,39,Santiago García,Godoy Cruz
8290764,53,Jaime Ayoví,Godoy Cruz
8290764,77,Diego Godoy,Unión de Santa Fe
8290757,10,Marco Rubén,Rosario Central
8290757,53,Washington Camacho,Rosario Central
8290757,61,José Fernandez,Rosario Central
8290757,63,Marco Rubén,Rosario Central
8290757,77,Washington Camacho,Rosario Central
8290751,10,Sebastian Penco,Aldosivi
8290751,56,Sebastian Penco,Aldosivi
8290751,83,Leonardo Gil,Talleres de Córdoba
8290755,49,Lisandro López,Racing Club
8290755,81,Santiago Rosales,Racing Club
8290754,16,Sebastián Driussi,River Plate
8290754,45,Lucas Alario,River Plate
8290754,56,Sebastián Driussi,River Plate
8290756,1,Fernando Belluschi,San Lorenzo
8290756,26,Nicolás Blandi,San Lorenzo
8290756,57,Gabriel Gudiño,Atlético Rafaela
8290765,38,Mario Bolatti,Belgrano de Córdoba
8290765,90,Lautaro Acosta,Lanús
8290752,11,Carlos Matheu,Banfield
8290752,22,Walter Erviti,Banfield
8290752,55,Santiago Silva,Banfield
8290752,66,Emanuel Cecchini,Banfield
8290752,10,Mauricio Casierra,San Martín de San Juan
8290753,10,Emanuel Olivera,Colón de Santa Fe
8290761,39,Diego Vera,Independiente
8290762,4,Diego Morales,Tigre
8290762,81,Juan Insaurralde,Boca Juniors
8290760,1,Luca Sosa,Huracán
8290760,38,Diego Mendoza,Huracán
8290779,82,Andrés Ríos,Defensa y Justicia
8290778,53,Hernán Barcos,Vélez Sarsfield
8290778,81,Diego Zabala,Vélez Sarsfield
8290778,45,Iván Torres,Colón de Santa Fe
8290772,18,Federico Mancinelli,Huracán
8290772,13,Marcos Figueroa,Temperley
8290772,66,Alexis Zárate,Temperley
8290776,22,Gabriel Gudiño,Atlético Rafaela
8290776,76,Marco Borgnino,Atlético Rafaela
8290776,79,Marco Borgnino,Atlético Rafaela
8290776,45,Gustavo Bou,Racing Club
8290776,65,Óscar Romero,Racing Club
8290774,29,Israel Damonte,Estudiantes
8290774,39,Lucas Viatri,Estudiantes
8290774,56,Facundo Sánchez,Estudiantes
8290774,22,Walter Montoya,Rosario Central
8290774,52,Marco Rubén,Rosario Central
8290780,89,Diego Cháves,San Martín de San Juan
8290780,4,Sebastián Palacios,Talleres de Córdoba
8290780,47,Carlos Muñoz,Talleres de Córdoba
8290780,85,Jonathan Menéndez,Talleres de Córdoba
8290771,2,Fernando Zampedri,Atlético Tucumán
8290771,54,Leandro González,Atlético Tucumán
8290767,49,José Sand,Lanús
8290767,66,Román Martínez,Lanús
8290767,80,José Luis Gómez,Lanús
8290769,26,Jonathan Blanco,Olimpo de Bahía Blanca
8290769,21,Diego Morales,Tigre
8290769,44,Alexis Castro,Tigre
8290769,60,Sebastián Rincón,Tigre
8290769,90,Oliver Paz Benítez,Tigre
8290770,33,Ricardo Centurión,Boca Juniors
8290770,90,Walter Bou,Boca Juniors
8290773,77,Victor Figueroa,Newells Old Boys
8290775,89,Renzo Pérez,Arsenal de Sarandí
8290775,13,Martín Cauteruccio,San Lorenzo
8290775,20,Martín Cauteruccio,San Lorenzo
8290775,56,Martín Cauteruccio,San Lorenzo
8290777,55,Gabriel Vargas,Patronato de Paraná
8290777,90,Lucas Márquez,Patronato de Paraná
8290777,7,Sebastián Driussi,River Plate
8290768,13,Leonardo Sánchez,Unión de Santa Fe
8290768,27,Federico Andrada,Quilmes
8290792,32,Adrián Balboa,Sarmiento de Junín
8290792,9,José Correa,Olimpo de Bahía Blanca
8290782,42,Jonathan Menéndez,Talleres de Córdoba
8290782,53,Sebastián Palacios,Talleres de Córdoba
8290794,9,Gastón Bottino,Quilmes
8290795,44,Jaime Ayoví,Godoy Cruz
8290795,90,Javier Correa,Godoy Cruz
8290790,90,Adrián Arregui,Temperley
8290784,5,Fernando Telechea,Patronato de Paraná
8290786,26,Diego González,Racing Club
8290785,79,Andrés DAlessandro,River Plate
8290789,65,Lucas Licht,Gimnasia de La Plata
8290783,81,Santiago Silva,Banfield
8290788,90,Maxi Rodriguez,Newells Old Boys
8290793,77,Érik Godoy,Tigre
8290793,84,Carlos Luna,Tigre
8290793,87,Carlos Luna,Tigre
8290793,35,Emanuel Brítez,Unión de Santa Fe
8290787,39,Sebastián Blanco,San Lorenzo
8290787,10,Lucas Rodríguez,Estudiantes
8290787,70,Israel Damonte,Estudiantes
8290791,44,Fernando Zampedri,Atlético Tucumán
8290791,70,Cristian Menéndez,Atlético Tucumán
8290791,4,Cristian Pavón,Boca Juniors
8290791,47,Cristian Pavón,Boca Juniors
8290781,9,Joel Acosta,Aldosivi
8290781,55,Diego Cháves,San Martín de San Juan
8290781,58,Emanuel Dening,San Martín de San Juan
8290800,33,Jacobo Mansilla,Olimpo de Bahía Blanca
8290800,78,Fernando Coniglio,Olimpo de Bahía Blanca
8290800,83,Cristian Menéndez,Atlético Tucumán
8290808,49,Matías Quiroga,Patronato de Paraná
8290808,80,Fernando Telechea,Patronato de Paraná
8290809,39,Jonathan Menéndez,Talleres de Córdoba
8290809,90,Víctorio Ramis,Talleres de Córdoba
8290801,9,Gino Peruzzi,Boca Juniors
8290801,10,Cristian Pavón,Boca Juniors
8290801,66,Walter Bou,Boca Juniors
8290801,24,Gastón Aguirre,Temperley
8290803,7,Ignacio Pussetto,Huracán
8290803,52,Gustavo Colman,Rosario Central
8290805,33,Lucas Viatri,Estudiantes
8290805,90,Javier Toledo,Estudiantes
8290805,28,Marcos Acuña,Racing Club
8290798,61,José Sand,Lanús
8290798,52,Carlos Luna,Tigre
8290796,47,Jaime Ayoví,Godoy Cruz
8290796,52,Jaime Ayoví,Godoy Cruz
8290796,78,Jaime Ayoví,Godoy Cruz
8290796,82,Sebastian Penco,Aldosivi
8290804,34,Mauro Fórmica,Newells Old Boys
8290804,41,Maxi Rodriguez,Newells Old Boys
8290804,36,Gonzalo Bergessio,San Lorenzo
8290804,87,Paulo Díaz,San Lorenzo
8290807,38,Germán Conti,Colón de Santa Fe
8290807,60,Tomás Sandoval,Colón de Santa Fe
8290806,64,Joaquín Boghossian,Arsenal de Sarandí
8290806,69,Jonathan Bottinelli,Arsenal de Sarandí
8290806,31,Sebastián Driussi,River Plate
8290806,49,Gonzalo Martínez,River Plate
8290799,16,Franco Soldano,Unión de Santa Fe
8290825,55,Federico Andrada,Quilmes
8290816,44,Lucas Alario,River Plate
8290816,59,Carlos Auzqui,Estudiantes
8290823,15,Maximiliano Fornari,Sarmiento de Junín
8290823,30,José Sand,Lanús
8290823,66,Lautaro Acosta,Lanús
8290815,17,Pablo Ledesma,Colón de Santa Fe
8290817,39,Gustavo Bou,Racing Club
8290817,45,Gustavo Bou,Racing Club
8290817,44,Mauro Fórmica,Newells Old Boys
8290812,31,Luis Ardente,San Martín de San Juan
8290812,36,Emanuel Dening,San Martín de San Juan
8290814,59,Santiago Silva,Banfield
8290814,36,Gabriel Gudiño,Atlético Rafaela
8290818,27,Martín Cauteruccio,San Lorenzo
8290818,62,Sebastián Blanco,San Lorenzo
8290824,12,Alexis Castro,Tigre
8290824,74,Diego Morales,Tigre
8290824,27,Claudio Bieler,Belgrano de Córdoba
8290813,83,Sebastián Palacios,Talleres de Córdoba
8290820,32,Darío Benedetto,Boca Juniors
8290820,36,Darío Benedetto,Boca Juniors
8290820,43,Cristian Pavón,Boca Juniors
8290822,41,Fernando Zampedri,Atlético Tucumán
8290822,70,Bruno Pittón,Unión de Santa Fe
8290840,54,Matías Vargas,Vélez Sarsfield
8290840,90,Maximiliano Caire,Vélez Sarsfield
8290840,32,Nicolás Stefanelli,Defensa y Justicia
8290837,32,Jonathan Bottinelli,Arsenal de Sarandí
8290837,45,Juan Brunetta,Arsenal de Sarandí
8290837,11,Santiago Silva,Banfield
8290837,89,Adrián Sporle,Banfield
8290836,58,Lucas Viatri,Estudiantes
8290827,12,Ángel González,Godoy Cruz
8290827,24,Jaime Ayoví,Godoy Cruz
8290827,45,Carlos Luna,Tigre
8290829,54,Alejandro Silva,Lanús
8290830,21,Franco Soldano,Unión de Santa Fe
8290830,29,Diego Godoy,Unión de Santa Fe
8290830,36,Adrián Arregui,Temperley
8290834,90,Ignacio Pussetto,Huracán
8290834,39,Lautaro Martínez,Racing Club
8290826,16,Federico Andrada,Quilmes
8290828,57,Claudio Bieler,Belgrano de Córdoba
8290828,4,Adrián Balboa,Sarmiento de Junín
8290828,34,Adrián Balboa,Sarmiento de Junín
8290833,90,Germán Denis,Independiente
8290833,1,Gonzalo Bergessio,San Lorenzo
8290833,77,Fernando Belluschi,San Lorenzo
8290832,11,Darío Benedetto,Boca Juniors
8290832,17,Teófilo Gutiérrez,Rosario Central
8290838,4,Leonardo Godoy,Talleres de Córdoba
8290835,53,Ignacio Scocco,Newells Old Boys
8290839,14,Lucas Márquez,Patronato de Paraná
8290839,38,Matías Quiroga,Patronato de Paraná
8290839,49,Sebastián Bertoli,Patronato de Paraná
8290852,15,Ariel Cólzera,Temperley
8290852,19,Maximiliano Velázquez,Lanús
8290852,27,Lautaro Acosta,Lanús
8290852,44,José Sand,Lanús
8290846,40,Ismael Blanco,Colón de Santa Fe
8290846,24,Sebastián Prediger,Newells Old Boys
8290846,90,Maxi Rodriguez,Newells Old Boys
8290855,32,Carlos Luna,Tigre
8290855,38,Alexis Castro,Tigre
8290855,90,Federico González,Tigre
8290845,26,Santiago Silva,Banfield
8290845,37,Mauricio Sperdutti,Banfield
8290845,44,Walter Erviti,Banfield
8290845,21,Lucas Rodríguez,Estudiantes
8290845,73,Lucas Viatri,Estudiantes
8290850,45,Washington Camacho,Rosario Central
8290850,61,Víctor López,Olimpo de Bahía Blanca
8290847,64,Sebastián Driussi,River Plate
8290854,24,Guillermo Cosaro,Sarmiento de Junín
8290854,78,Leandro Díaz,Sarmiento de Junín
8290854,18,Nicolás Sánchez,Godoy Cruz
8290854,87,Santiago García,Godoy Cruz
8290849,45,Fernando Belluschi,San Lorenzo
8290849,21,Darío Benedetto,Boca Juniors
8290849,26,Walter Bou,Boca Juniors
8290848,24,Lisandro López,Racing Club
8290848,48,Gustavo Bou,Racing Club
8290848,65,Lisandro López,Racing Club
8290842,31,Nicolás Stefanelli,Defensa y Justicia
8290842,88,Alejandro Gagliardi,Patronato de Paraná
8290842,90,Nicolás Bertocchi,Patronato de Paraná
8290851,38,Franco Niell,Gimnasia de La Plata
8290851,18,Diego Godoy,Unión de Santa Fe
8290843,15,Gabriel Gudiño,Atlético Rafaela
8290843,86,Kevin Itabel,Atlético Rafaela
8290843,88,Mauro Albertengo,Atlético Rafaela
8290857,15,Gabriel Ramírez,Quilmes
8290857,55,Alexis Niz,Sarmiento de Junín
8290857,79,Leandro Díaz,Sarmiento de Junín
8290857,89,Leandro Díaz,Sarmiento de Junín
8290865,46,David Depetris,Huracán
8290865,25,Iván Torres,Colón de Santa Fe
8290865,82,Cristián Bernardi,Colón de Santa Fe
8290865,90,Nicolás Leguizamón,Colón de Santa Fe
8290869,28,Leonel Miranda,Defensa y Justicia
8290856,18,Diego Sosa,Tigre
8290856,48,Antonio Medina,Aldosivi
8290866,74,Nicolás Bertolo,Banfield
8290866,85,Nicolás Bertolo,Banfield
8290858,87,Javier Correa,Godoy Cruz
8290858,41,Fernando Zampedri,Atlético Tucumán
8290858,82,Fernando Zampedri,Atlético Tucumán
8290862,29,Francisco Pizzini,Olimpo de Bahía Blanca
8290862,12,Martín Cauteruccio,San Lorenzo
8290862,61,Nicolás Blandi,San Lorenzo
8290861,49,Franco Soldano,Unión de Santa Fe
8290861,58,Leonardo Sánchez,Unión de Santa Fe
8290863,41,Walter Bou,Boca Juniors
8290863,48,Walter Bou,Boca Juniors
8290863,80,Carlos Tévez,Boca Juniors
8290863,24,Emanuel Insúa,Racing Club
8290863,50,Lisandro López,Racing Club
8290863,74,Lisandro López,Racing Club
8290864,72,Diego Vera,Independiente
8290860,40,José Sand,Lanús
8290871,86,Alan Alegre,Aldosivi
8290871,34,Walter Andrade,Patronato de Paraná
8290885,45,Maximiliano Fornari,Sarmiento de Junín
8290885,36,Érik Godoy,Tigre
8290883,90,Marcos Figueroa,Temperley
8290872,47,Cristian Nasuti,Vélez Sarsfield
8290872,52,Mariano Pavone,Vélez Sarsfield
8290875,22,Ignacio Scocco,Newells Old Boys
8290875,90,Joel Amoroso,Newells Old Boys
8290880,30,Martín Cauteruccio,San Lorenzo
8290880,53,Nicolás Blandi,San Lorenzo
8290880,83,Martín Cauteruccio,San Lorenzo
8290880,73,Franco Soldano,Unión de Santa Fe
8290880,85,Guido Vadala,Unión de Santa Fe
8290882,76,Lorenzo Faravelli,Gimnasia de La Plata
8290882,67,Matías Suárez,Belgrano de Córdoba
8290879,29,Víctor López,Olimpo de Bahía Blanca
8290879,84,Jonathan Blanco,Olimpo de Bahía Blanca
8290878,34,Sebastián Driussi,River Plate
8290878,40,Lucas Alario,River Plate
8290878,14,Walter Bou,Boca Juniors
8290878,62,Carlos Tévez,Boca Juniors
8290878,81,Carlos Tévez,Boca Juniors
8290878,90,Ricardo Centurión,Boca Juniors
8290874,28,Juan Mattia,San Martín de San Juan
8290874,40,Facundo Barcelo,San Martín de San Juan
8290874,75,Emanuel Dening,San Martín de San Juan
8290874,73,Lucas Viatri,Estudiantes
8290874,90,Lucas Viatri,Estudiantes
8290876,40,Emanuel Cecchini,Banfield
8290877,28,Maximiliano Meza,Independiente
8290877,90,Germán Denis,Independiente
8290881,49,Maximiliano Lovera,Rosario Central
8290881,60,Lautaro Acosta,Lanús
8290881,62,Alejandro Silva,Lanús
8290884,43,Fernando Zampedri,Atlético Tucumán
8290884,50,David Barbona,Atlético Tucumán
8290884,85,Luis Rodríguez,Atlético Tucumán
8290873,60,Nicolás Stefanelli,Defensa y Justicia
8290873,90,Nicolás Stefanelli,Defensa y Justicia
8290896,82,Lucas Chacana,Huracán
8290889,44,Nicolás Ibáñez,Gimnasia de La Plata
8290889,55,Nicolás Ibáñez,Gimnasia de La Plata
8290889,85,Leandro Contin,Gimnasia de La Plata
8290886,25,Alan Alegre,Aldosivi
8290886,64,Neri Bandiera,Aldosivi
8290898,57,Lucas Viatri,Estudiantes
8290898,59,Leonel Miranda,Defensa y Justicia
8290898,73,Lucas Bareiro,Defensa y Justicia
8290892,43,Diego Godoy,Unión de Santa Fe
8290900,52,Kevin Itabel,Atlético Rafaela
8290900,34,Walter Andrade,Patronato de Paraná
8290900,47,Renzo Vera,Patronato de Paraná
8290895,90,Juan Cobo,Banfield
8290890,28,Germán Herrera,Rosario Central
8290890,73,Giovani Lo Celso,Rosario Central
8290891,6,Maximiliano Velázquez,Lanús
8290891,54,José Sand,Lanús
8290891,70,Martín Cauteruccio,San Lorenzo
8290891,82,Martín Cauteruccio,San Lorenzo
8290899,14,Sergio Velázquez,Arsenal de Sarandí
8290899,44,Leandro Marín,Arsenal de Sarandí
8290899,82,Hernán Barcos,Vélez Sarsfield
8290894,10,Ricardo Centurión,Boca Juniors
8290894,30,Carlos Tévez,Boca Juniors
8290894,61,Ricardo Centurión,Boca Juniors
8290894,78,Cristian Pavón,Boca Juniors
8290894,23,Nicolás Leguizamón,Colón de Santa Fe
8290897,1,Maxi Rodriguez,Newells Old Boys
8290897,16,Victor Figueroa,Newells Old Boys
8290897,21,Ignacio Scocco,Newells Old Boys
8290897,51,Diego Mateo,Newells Old Boys
8290897,64,Ignacio Scocco,Newells Old Boys
8290897,59,Marcos Gelabert,San Martín de San Juan
8290897,61,Luis Ardente,San Martín de San Juan
8290893,8,Rodrigo Cabalucci,Olimpo de Bahía Blanca
8290893,36,Lucas Alario,River Plate
8290893,77,Sebastián Driussi,River Plate
8290888,83,Gabriel Ramírez,Quilmes
8290903,7,Mariano Pavone,Vélez Sarsfield
8290903,45,Diego Zabala,Vélez Sarsfield
8290903,90,Mariano Pavone,Vélez Sarsfield
8290903,26,Augusto Solari,Estudiantes
8290903,47,Javier Toledo,Estudiantes
8290902,8,Damián Arce,Patronato de Paraná
8290902,14,Matías Quiroga,Patronato de Paraná
8290902,84,Gabriel Graciani,Patronato de Paraná
8290902,90,Alejandro Gagliardi,Patronato de Paraná
8290902,64,Juan Sánchez,Arsenal de Sarandí
8290902,81,Claudio Corvalán,Arsenal de Sarandí
8290904,54,Alexander Barboza,Defensa y Justicia
8290911,24,Paulo Díaz,San Lorenzo
8290911,40,Néstor Ortigoza,San Lorenzo
8290911,51,Christian Lema,Belgrano de Córdoba
8290907,16,Darío Benedetto,Boca Juniors
8290907,64,Darío Benedetto,Boca Juniors
8290905,3,Norberto Briasco,Huracán
8290910,2,Lautaro Martínez,Racing Club
8290910,25,Gustavo Bou,Racing Club
8290910,53,Marcos Acuña,Racing Club
8290913,18,Lucas Licht,Gimnasia de La Plata
8290913,32,Fabián Rinaudo,Gimnasia de La Plata
8290913,77,Mauro Matos,Gimnasia de La Plata
8290913,73,Hernán Da Campo,Quilmes
8290914,45,Claudio Vázquez,Temperley
8290914,70,Marcos Figueroa,Temperley
8290914,79,Mauro Guevgeozian,Temperley
8290914,67,Carlos Luna,Tigre
8290912,66,Gastón Giménez,Godoy Cruz
8290915,7,José Méndez,Atlético Tucumán
8290915,71,Fabio Álvarez,Atlético Tucumán
8290915,88,Héctor Cuevas,Sarmiento de Junín
8290901,50,Neri Bandiera,Aldosivi
8290908,50,Germán Conti,Colón de Santa Fe
8290908,32,Emiliano Tellechea,Olimpo de Bahía Blanca
8290906,26,Sebastián Palacios,Talleres de Córdoba
8290906,52,Emmanuel Gigliotti,Independiente
8290919,90,Washington Camacho,Rosario Central
8290923,59,Guillermo Ortíz,Colón de Santa Fe
8290923,85,Yamil Garnier,Colón de Santa Fe
8290928,8,Ignacio Scocco,Newells Old Boys
8290928,36,Ignacio Scocco,Newells Old Boys
8290928,51,Ignacio Scocco,Newells Old Boys
8290918,89,Brahian Alemán,Gimnasia de La Plata
8290927,14,Nicolás Romat,Huracán
8290927,20,Mariano González,Huracán
8290921,50,Jorge Velázquez,Belgrano de Córdoba
8290921,84,Fernando Márquez,Belgrano de Córdoba
8290917,64,Gervasio Núñez,Sarmiento de Junín
8290917,65,Adrián Balboa,Sarmiento de Junín
8290917,40,Marcos Figueroa,Temperley
8290920,45,Pol Fernández,Godoy Cruz
8290920,79,Pol Fernández,Godoy Cruz
8290929,37,Leandro Desábato,Estudiantes
8290924,83,Yonathan Cabral,Olimpo de Bahía Blanca
8290925,25,Óscar Benítez,Boca Juniors
8290925,45,Víctorio Ramis,Talleres de Córdoba
8290925,82,Emanuel Reynoso,Talleres de Córdoba
8290930,78,Juan Brunetta,Arsenal de Sarandí
8290930,33,Gabriel Gudiño,Atlético Rafaela
8290930,67,Leandro Díaz,Atlético Rafaela
8290922,35,José Sand,Lanús
8290922,48,Ariel Rojas,River Plate
8290922,79,Gonzalo Martínez,River Plate
8290922,90,Carlos Auzqui,River Plate
8290933,40,Fernando Telechea,Patronato de Paraná
8290933,56,Walter Andrade,Patronato de Paraná
8290938,12,Darío Cvitanich,Banfield
8290938,29,Nicolás Bertolo,Banfield
8290938,57,Emanuel Cecchini,Banfield
8290938,5,Lucas Gamba,Unión de Santa Fe
8290943,62,Teófilo Gutiérrez,Rosario Central
8290942,76,Ezequiel Cerutti,San Lorenzo
8290942,79,Ezequiel Ávila,San Lorenzo
8290942,90,Nicolás Blandi,San Lorenzo
8290944,40,Nicolás Mazzola,Gimnasia de La Plata
8290941,84,Diego González,Racing Club
8290941,90,Gustavo Bou,Racing Club
8290941,53,Javier Correa,Godoy Cruz
8290932,61,Gabriel Gudiño,Atlético Rafaela
8290932,82,Gastón Campi,Atlético Rafaela
8290932,26,Juan Otero,Estudiantes
8290932,63,Javier Toledo,Estudiantes
8290939,1,Facundo Pereyra,Colón de Santa Fe
8290936,88,Emanuel Dening,San Martín de San Juan
8290936,27,Cristian Pavón,Boca Juniors
8290936,56,Ricardo Centurión,Boca Juniors
8290940,46,Sebastián Driussi,River Plate
8290940,68,Gonzalo Martínez,River Plate
8290940,59,Christian Lema,Belgrano de Córdoba
8290945,30,Cristian Chimino,Temperley
8290945,90,Marcos Figueroa,Temperley
8290945,65,Fernando Zampedri,Atlético Tucumán
8290945,78,Fernando Zampedri,Atlético Tucumán
8290931,40,Jonathan Galván,Aldosivi
8290931,88,Leandro Sosa,Aldosivi
8290931,53,Lucas Wilchez,Arsenal de Sarandí
8290934,30,Diego Zabala,Vélez Sarsfield
8290934,86,Mauro Bogado,Huracán
8290937,56,Jonathan Menéndez,Talleres de Córdoba
8290935,23,Alexander Barboza,Defensa y Justicia
8290935,25,Nery Domínguez,Independiente
8290935,79,Juan Sánchez Miño,Independiente
8290947,25,Nicolás Mazzola,Gimnasia de La Plata
8290957,15,Emiliano Rigoni,Independiente
8290957,54,Juan Martínez,Vélez Sarsfield
8290959,63,Maxi Rodriguez,Newells Old Boys
8290946,35,Marcos Figueroa,Temperley
8290950,8,Federico Andrada,Quilmes
8290950,43,Federico Andrada,Quilmes
8290950,51,Gustavo Bou,Racing Club
8290950,60,Lautaro Martínez,Racing Club
8290950,86,Pablo Cuadra,Racing Club
8290952,85,Nicolás Leguizamón,Colón de Santa Fe
8290956,72,Darío Benedetto,Boca Juniors
8290960,15,Javier Toledo,Estudiantes
8290960,66,Augusto Solari,Estudiantes
8290953,5,José Sand,Lanús
8290953,59,José Sand,Lanús
8290953,80,Marcelo Herrera,Lanús
8290953,87,José Sand,Lanús
8290953,12,Gonzalo Bettini,Banfield
8290953,67,Brian Sarmiento,Banfield
8290948,27,Gervasio Núñez,Sarmiento de Junín
8290948,58,Gervasio Núñez,Sarmiento de Junín
8290948,40,Federico Carrizo,Rosario Central
8290948,51,Fabian Bordagaray,Rosario Central
8290949,53,Agustín Cardozo,Tigre
8290949,74,Alexis Castro,Tigre
8290949,89,Carlos Luna,Tigre
8290949,90,Ramón Mierez,Tigre
8290949,59,Nicolás Blandi,San Lorenzo
8290949,61,Bautista Merlini,San Lorenzo
8290949,82,Bautista Merlini,San Lorenzo
8290951,36,Javier Correa,Godoy Cruz
8290951,23,Lucas Alario,River Plate
8290951,83,Rodrigo Mora,River Plate
8290954,30,Lucas Gamba,Unión de Santa Fe
8290954,43,Lucas Gamba,Unión de Santa Fe
8290954,67,Franco Soldano,Unión de Santa Fe
8290954,90,Emanuel Brítez,Unión de Santa Fe
8290954,5,Sebastián Palacios,Talleres de Córdoba
8290954,47,Sebastián Palacios,Talleres de Córdoba
8290961,24,Jonathan Galván,Aldosivi
8290961,7,Matías Aguirregaray,Estudiantes
8290961,42,Sebastián Dubarbier,Estudiantes
8290961,62,Matías Aguirregaray,Estudiantes
8290961,72,Juan Cascini,Estudiantes
8290970,58,Diego Vera,Colón de Santa Fe
8290974,44,Federico Carrizo,Rosario Central
8290974,70,Marco Rubén,Rosario Central
8290974,84,Fernando Zampedri,Atlético Tucumán
8290962,39,Maxi Rodriguez,Newells Old Boys
8290973,37,Néstor Ortigoza,San Lorenzo
8290963,51,Leandro Díaz,Atlético Rafaela
8290963,90,Nicolás Romat,Huracán
8290968,46,Jonathan Menéndez,Talleres de Córdoba
8290968,67,Emanuel Reynoso,Talleres de Córdoba
8290968,74,Sebastián Palacios,Talleres de Córdoba
8290968,48,José Sand,Lanús
8290969,13,Darío Cvitanich,Banfield
8290969,40,Cristian Romero,Belgrano de Córdoba
8290964,4,Emiliano Rigoni,Independiente
8290964,40,Ezequiel Barco,Independiente
8290964,61,Emiliano Rigoni,Independiente
8290964,84,Diego Rodríguez,Independiente
8290964,88,Lucas Albertengo,Independiente
8290971,72,Lucas Alario,River Plate
8290971,87,Lucas Alario,River Plate
8290965,83,Maximiliano Romero,Vélez Sarsfield
8290965,25,Darío Benedetto,Boca Juniors
8290965,54,Gino Peruzzi,Boca Juniors
8290965,85,Cristian Pavón,Boca Juniors
8290966,70,Nicolás Stefanelli,Defensa y Justicia
8290966,42,Emiliano Tellechea,Olimpo de Bahía Blanca
8290975,30,Lorenzo Faravelli,Gimnasia de La Plata
8290975,65,Abel Peralta,Temperley
8290972,2,Diego González,Racing Club
8290972,40,Gustavo Bou,Racing Club
8290972,62,Lautaro Martínez,Racing Club
8290972,69,Gustavo Bou,Racing Club
8290972,3,Sebastián Rincón,Tigre
8290989,76,Norberto Briasco,Huracán
8290989,25,Juan Brunetta,Arsenal de Sarandí
8290989,88,Juan Sánchez,Arsenal de Sarandí
8290983,78,Guillermo Farré,Belgrano de Córdoba
8290983,65,Jonathan Menéndez,Talleres de Córdoba
8290988,52,Emmanuel Gigliotti,Independiente
8290988,47,Ángelo Martino,Atlético Rafaela
8290986,9,Diego Zabala,Vélez Sarsfield
8290979,86,Marcos Astina,Sarmiento de Junín
8290979,56,Lautaro Martínez,Racing Club
8290979,69,Lautaro Martínez,Racing Club
8290982,42,Javier Correa,Godoy Cruz
8290982,58,Fabricio Angileri,Godoy Cruz
8290982,86,Javier Correa,Godoy Cruz
8290982,17,Darío Cvitanich,Banfield
8290978,63,Fernando Zampedri,Atlético Tucumán
8290987,45,Darío Benedetto,Boca Juniors
8290987,90,Damián Arce,Patronato de Paraná
8290981,39,Diego Vera,Colón de Santa Fe
8290980,53,Sebastián Driussi,River Plate
8290980,79,Rodrigo Mora,River Plate
8290985,33,Andrés Ríos,Defensa y Justicia
8290985,83,Ignacio Rivero,Defensa y Justicia
8290977,66,Mauro Guevgeozian,Temperley
8290977,15,Washington Camacho,Rosario Central
8290977,72,Marco Rubén,Rosario Central
8290976,29,Fabián Rinaudo,Gimnasia de La Plata
8291004,32,Leonardo Di Lorenzo,Temperley
8290991,47,Mauro Fórmica,Newells Old Boys
8290991,82,Maxi Rodriguez,Newells Old Boys
8290991,90,Victor Figueroa,Newells Old Boys
8291003,14,Diego González,Racing Club
8291003,39,Miguel Barbieri,Racing Club
8291003,54,Gustavo Bou,Racing Club
8291003,64,Marco Torsiglieri,Racing Club
8291003,21,Luis Rodríguez,Atlético Tucumán
8291003,50,Leandro González,Atlético Tucumán
8291003,76,Luis Rodríguez,Atlético Tucumán
8290997,81,Agustín Bouzat,Defensa y Justicia
8291000,31,Brian Sarmiento,Banfield
8291000,86,Darío Cvitanich,Banfield
8290996,13,Mariano Pavone,Vélez Sarsfield
8290996,90,Matías Vargas,Vélez Sarsfield
8290996,34,Franco Soldano,Unión de Santa Fe
8291005,82,Washington Camacho,Rosario Central
8291005,86,Germán Herrera,Rosario Central
8291005,2,Brahian Alemán,Gimnasia de La Plata
8290992,51,Matías Aguirregaray,Estudiantes
8290992,53,Mariano González,Huracán
8290998,55,Gustavo Villarruel,San Martín de San Juan
8290998,64,Joaquín Molina,San Martín de San Juan
8290998,72,Fernando Márquez,Belgrano de Córdoba
8291002,50,Sebastián Driussi,River Plate
8291002,82,Lucas Pérez Godoy,Sarmiento de Junín
8290999,89,Sebastián Palacios,Talleres de Córdoba
8290993,28,Nicolás Figal,Independiente
8290993,35,Emiliano Rigoni,Independiente
8290995,30,Sebastián Bertoli,Patronato de Paraná
8290995,81,Damián Arce,Patronato de Paraná
8290995,82,Matías Quiroga,Patronato de Paraná
8290995,40,Rodrigo Cabalucci,Olimpo de Bahía Blanca
8290995,47,Rodrigo Cabalucci,Olimpo de Bahía Blanca
8290995,59,Franco Troyansky,Olimpo de Bahía Blanca
8290995,78,Emiliano Tellechea,Olimpo de Bahía Blanca
8291001,28,Diego Vera,Colón de Santa Fe
8291001,61,Nicolás Leguizamón,Colón de Santa Fe
8291001,47,Ramón Mierez,Tigre
8291012,64,Matías Orihuela,Quilmes
8291019,26,Martín Benítez,Independiente
8291019,56,Ezequiel Barco,Independiente
8291019,45,Facundo Sánchez,Estudiantes
8291019,47,Matías Aguirregaray,Estudiantes
8291007,71,Juan Mercier,San Lorenzo
8291020,74,Ignacio Scocco,Newells Old Boys
8291010,23,Diego Vera,Colón de Santa Fe
8291010,26,Facundo Pereyra,Colón de Santa Fe
8291010,84,Ismael Blanco,Colón de Santa Fe
8291010,89,Ismael Blanco,Colón de Santa Fe
8291011,43,Nicolás Bertolo,Banfield
8291008,2,Mauro Guevgeozian,Temperley
8291008,43,Leonardo Di Lorenzo,Temperley
8291008,85,Mauro Guevgeozian,Temperley
8291006,58,Germán Herrera,Rosario Central
8291006,83,Fabian Bordagaray,Rosario Central
8291018,4,Darío Benedetto,Boca Juniors
8291018,26,Darío Benedetto,Boca Juniors
8291018,61,Gonzalo Maroni,Boca Juniors
8291017,33,Carlos Rodríguez,Olimpo de Bahía Blanca
8291017,27,Fernando Luna,Atlético Rafaela
8291017,56,Gabriel Gudiño,Atlético Rafaela
8291014,84,Alexander Barboza,Defensa y Justicia
8291015,19,Hernán Toledo,Lanús
8291015,52,Alejandro Silva,Lanús
8291009,61,Ignacio Canuto,Atlético Tucumán
8291009,1,Jorge Moreira,River Plate
8291009,64,Gonzalo Martínez,River Plate
8291029,90,Joaquín Molina,San Martín de San Juan
8291030,33,Sebastián Palacios,Talleres de Córdoba
8291030,1,Agustín Cardozo,Tigre
8291030,11,Emiliano Ellacopulos,Tigre
8291026,52,José Sand,Lanús
8291026,83,José Sand,Lanús
8291034,35,Lautaro Martínez,Racing Club
8291025,48,Leandro Díaz,Atlético Rafaela
8291025,71,Ramiro Costa,Atlético Rafaela
8291025,80,Gabriel Gudiño,Atlético Rafaela
8291033,38,Lucas Alario,River Plate
8291033,63,Lucas Alario,River Plate
8291033,70,Sebastián Driussi,River Plate
8291033,89,Camilo Mayada,River Plate
8291033,43,Cristian Chimino,Temperley
8291021,45,Mariano González,Huracán
8291021,67,Diego Mendoza,Huracán
8291021,90,Norberto Briasco,Huracán
8291035,38,Néstor Ortigoza,San Lorenzo
8291035,58,Matías Caruzzo,San Lorenzo
8291035,67,Teófilo Gutiérrez,Rosario Central
8291022,20,Ignacio Scocco,Newells Old Boys
8291022,90,Maxi Rodriguez,Newells Old Boys
8291022,3,Fabricio Bustos,Independiente
8291022,48,Emiliano Rigoni,Independiente
8291022,72,Emmanuel Gigliotti,Independiente
8291022,77,Emmanuel Gigliotti,Independiente
8291032,45,Ismael Blanco,Colón de Santa Fe
8291032,90,Iván Torres,Colón de Santa Fe
8291032,29,Fernando Zampedri,Atlético Tucumán
8291032,82,David Barbona,Atlético Tucumán
8291031,38,Darío Cvitanich,Banfield
8291031,64,Darío Cvitanich,Banfield
8291027,86,Mariano Pavone,Vélez Sarsfield
8291027,52,Christian Lema,Belgrano de Córdoba
8291027,63,Federico Lértora,Belgrano de Córdoba
8291024,77,Marcos Curado,Arsenal de Sarandí
8291046,67,Gustavo Villarruel,San Martín de San Juan
8291046,41,Santiago García,Godoy Cruz
8291046,60,Santiago García,Godoy Cruz
8291038,26,Israel Damonte,Estudiantes
8291045,30,Ezequiel Rescaldani,Talleres de Córdoba
8291045,7,Matías Suárez,Belgrano de Córdoba
8291044,45,Nicolás Bertolo,Banfield
8291036,90,Mathías Abero,Atlético Rafaela
8291040,59,Marcos Angeleri,San Lorenzo
8291050,31,Fernando Coniglio,Olimpo de Bahía Blanca
8291050,82,Rodrigo Cabalucci,Olimpo de Bahía Blanca
8291043,27,Germán Conti,Colón de Santa Fe
8291043,62,Diego Vera,Colón de Santa Fe
8291039,89,Mauro Fórmica,Newells Old Boys
8291039,10,Federico Carrizo,Rosario Central
8291039,31,Marco Rubén,Rosario Central
8291039,90,Germán Herrera,Rosario Central
8291042,45,Fernando Gago,Boca Juniors
8291042,15,Gonzalo Martínez,River Plate
8291042,24,Lucas Alario,River Plate
8291042,90,Sebastián Driussi,River Plate
8291041,61,Emiliano Rigoni,Independiente
8291041,90,Maximiliano Meza,Independiente
8291049,49,Ivan Furios,Patronato de Paraná
8291049,68,Fernando Telechea,Patronato de Paraná
8291049,58,Joaquín Vivani,Sarmiento de Junín
8291049,85,Joaquín Vivani,Sarmiento de Junín
8291037,54,Federico Milo,Arsenal de Sarandí
8291037,73,Juan Brunetta,Arsenal de Sarandí
8291047,84,Tomás Pochettino,Defensa y Justicia
8291047,90,Tomás Pochettino,Defensa y Justicia
8291048,35,Mariano Pavone,Vélez Sarsfield
8291048,90,Mariano Pavone,Vélez Sarsfield
8291048,45,Alexis Castro,Tigre
8291055,38,Fabio Álvarez,Atlético Tucumán
8291055,50,Leandro González,Atlético Tucumán
8291055,88,David Barbona,Atlético Tucumán
8291060,80,Mariano Barbieri,Belgrano de Córdoba
8291060,24,Matías Quiroga,Patronato de Paraná
8291061,75,Román Martínez,Lanús
8291061,81,José Sand,Lanús
8291056,79,Brian Fernández,Sarmiento de Junín
8291056,22,Víctorio Ramis,Talleres de Córdoba
8291056,25,Ezequiel Rescaldani,Talleres de Córdoba
8291056,61,Jonathan Menéndez,Talleres de Córdoba
8291056,65,Víctorio Ramis,Talleres de Córdoba
8291064,28,Darío Benedetto,Boca Juniors
8291057,31,Lucas Menossi,Tigre
8291057,76,Emanuel Dening,San Martín de San Juan
8291062,79,Leonardo Rolón,Arsenal de Sarandí
8291065,27,Emmanuel Gigliotti,Independiente
8291065,81,Ezequiel Barco,Independiente
8291065,90,Walter Erviti,Independiente
8291059,4,Juan Garro,Godoy Cruz
8291059,18,Santiago García,Godoy Cruz
8291059,76,Juan Garro,Godoy Cruz
8291051,65,Alan Alegre,Aldosivi
8291054,30,Abel Peralta,Temperley
8291054,50,Alexis Zárate,Temperley
8291054,82,Lucas Mancinelli,Temperley
8291058,20,Ignacio Rivero,Defensa y Justicia
8291058,86,Andrés Ríos,Defensa y Justicia
8291052,23,Teófilo Gutiérrez,Rosario Central
8291052,56,Esteban Burgos,Rosario Central
8291052,60,Washington Camacho,Rosario Central
8291052,88,Maximiliano Lovera,Rosario Central
8291052,53,Lisandro López,Racing Club
8291063,34,Fernando Coniglio,Olimpo de Bahía Blanca
8291063,45,Fernando Coniglio,Olimpo de Bahía Blanca
8291063,90,Francisco Pizzini,Olimpo de Bahía Blanca
8291063,10,Juan Otero,Estudiantes
8291053,5,Sebastián Driussi,River Plate
8291053,54,Gonzalo Martínez,River Plate
8291053,67,Carlos Auzqui,River Plate
8291078,32,Iván Torres,Colón de Santa Fe
8291078,61,Nicolás Ibáñez,Gimnasia de La Plata
8291078,76,Nicolás Ibáñez,Gimnasia de La Plata
8291077,44,Nicolás Bertolo,Banfield
8291077,45,Emanuel Cecchini,Banfield
8291077,69,Claudio Villagra,Banfield
8291077,63,Mauro Guevgeozian,Temperley
8291068,41,Héctor Fértoli,Newells Old Boys
8291068,50,Maxi Rodriguez,Newells Old Boys
8291068,53,Héctor Fértoli,Newells Old Boys
8291068,47,Fernando Coniglio,Olimpo de Bahía Blanca
8291068,70,Nicolás Pantaleone,Olimpo de Bahía Blanca
8291067,90,Alejandro Gamarra,Huracán
8291067,75,Darío Benedetto,Boca Juniors
8291075,6,Nicolás Pelaitay,San Martín de San Juan
8291075,45,Mauricio Casierra,San Martín de San Juan
8291075,47,Gustavo Villarruel,San Martín de San Juan
8291075,73,Facundo Barcelo,San Martín de San Juan
8291075,77,Nicolás Maná,San Martín de San Juan
8291075,50,Brian Fernández,Sarmiento de Junín
8291080,47,Santiago Rosales,Racing Club
8291080,69,Marcos Acuña,Racing Club
8291080,58,Nicolás Blandi,San Lorenzo
8291074,58,Andrés Ríos,Defensa y Justicia
8291070,81,Germán Denis,Lanús
8291070,90,Germán Denis,Lanús
8291076,42,Sebastián Palacios,Talleres de Córdoba
8291076,59,Leonardo Gil,Talleres de Córdoba
8291076,55,Cristian Menéndez,Atlético Tucumán
8291071,28,Fernando Luna,Atlético Rafaela
8291071,40,Federico Lértora,Belgrano de Córdoba
8291071,42,Mariano Barbieri,Belgrano de Córdoba
8291072,19,Juan Garro,Godoy Cruz
8291072,37,Gastón Giménez,Godoy Cruz
8291072,90,Marcelo Benítez,Godoy Cruz
8291069,3,Matías Aguirregaray,Estudiantes
8291069,24,Matías Aguirregaray,Estudiantes
8291087,62,Brian Fernández,Sarmiento de Junín
8291090,49,Fernando Luna,Atlético Rafaela
8291090,90,Santiago Paz,Atlético Rafaela
8291088,35,Nicolás Domínguez,Vélez Sarsfield
8291088,51,Matías Vargas,Vélez Sarsfield
8291088,90,Mariano Pavone,Vélez Sarsfield
8291085,34,Mauro Guevgeozian,Temperley
8291085,73,Cristian Chimino,Temperley
8291085,86,Jonathan Menéndez,Talleres de Córdoba
8291093,7,Nelson Acevedo,Unión de Santa Fe
8291093,60,Nereo Fernández,Unión de Santa Fe
8291093,88,Rodrigo Erramuspe,Unión de Santa Fe
8291092,14,Matías Sánchez,Lanús
8291082,13,Nicolás Blandi,San Lorenzo
8291082,55,Paulo Díaz,San Lorenzo
8291082,19,Sebastián Driussi,River Plate
8291084,67,Mauricio Romero,Gimnasia de La Plata
8291084,45,Renato Civelli,Banfield
8291084,75,Darío Cvitanich,Banfield
8291091,55,Mariano Barbieri,Belgrano de Córdoba
8291091,54,Leonardo Rolón,Arsenal de Sarandí
8291091,61,Federico Milo,Arsenal de Sarandí
8291094,33,Fernando Coniglio,Olimpo de Bahía Blanca
8291094,39,Fernando Coniglio,Olimpo de Bahía Blanca
8291094,42,Rodrigo Cabalucci,Olimpo de Bahía Blanca
8291094,8,Ignacio Pussetto,Huracán
8291086,64,Luis Rodríguez,Atlético Tucumán
8291086,45,Facundo Barcelo,San Martín de San Juan
8291086,46,Facundo Barcelo,San Martín de San Juan
8291095,29,Darío Benedetto,Boca Juniors
8291095,45,Óscar Benítez,Boca Juniors
8291095,75,Darío Benedetto,Boca Juniors
8291089,38,Nicolás Bertocchi,Patronato de Paraná
8291081,32,Lautaro Martínez,Racing Club
8291081,22,Antonio Medina,Aldosivi
8291109,38,Nicolás Leguizamón,Colón de Santa Fe
8291109,58,Facundo Pereyra,Colón de Santa Fe
8291109,48,Fernando Belluschi,San Lorenzo
8291106,51,Mauro Guevgeozian,Temperley
8291098,30,Alejandro Gamarra,Huracán
8291107,53,Mauricio Romero,Gimnasia de La Plata
8291108,15,Mauricio Sperdutti,Banfield
8291108,52,Brian Sarmiento,Banfield
8291108,90,Darío Cvitanich,Banfield
8291108,49,Federico Carrizo,Rosario Central
8291101,74,Juan Sánchez,Arsenal de Sarandí
8291101,57,Santiago García,Godoy Cruz
8291101,73,Javier Correa,Godoy Cruz
8291100,18,Javier Toledo,Estudiantes
8291100,45,Leandro Desábato,Estudiantes
8291102,35,Fernando Luna,Atlético Rafaela
8291102,47,Federico Andrada,Quilmes
8291096,39,Cristian Pavón,Boca Juniors
8291096,41,Ricardo Centurión,Boca Juniors
8291096,77,Fernando Gago,Boca Juniors
8291096,84,Jonathan Silva,Boca Juniors
8291104,35,Mariano Pavone,Vélez Sarsfield
8291104,44,Nicolás Delgadillo,Vélez Sarsfield
8291104,47,Mariano Pavone,Vélez Sarsfield
8291104,86,Mariano Pavone,Vélez Sarsfield
8291104,90,Maximiliano Romero,Vélez Sarsfield
8291104,79,Adrián Scifo,Sarmiento de Junín
8291099,3,Héctor Fértoli,Newells Old Boys
8291099,90,Diego Braghieri,Lanús
8291103,17,Lucas Menossi,Tigre
8291103,90,Carlos Luna,Tigre
8291097,36,Lucas Albertengo,Independiente
8291097,51,Carlos Rodríguez,Olimpo de Bahía Blanca
8291105,28,Alexander Barboza,Defensa y Justicia
8291105,53,Nicolás Stefanelli,Defensa y Justicia
8291105,59,Nicolás Stefanelli,Defensa y Justicia
8291110,80,Marcelo Larrondo,River Plate
8291110,87,Jonatan Maidana,River Plate
8291110,16,Lautaro Martínez,Racing Club
8291110,49,Miguel Barbieri,Racing Club
8291110,60,Marcos Acuña,Racing Club
8291113,56,Fernando Belluschi,San Lorenzo
8291115,30,Franco Niell,Gimnasia de La Plata
8291115,4,Facundo Barcelo,San Martín de San Juan
8291114,39,Mauricio Martínez,Rosario Central
8291114,45,Teófilo Gutiérrez,Rosario Central
8291114,90,José Leguizamón,Rosario Central
8291114,8,Jonathan Menéndez,Talleres de Córdoba
8291114,24,Javier Gandolfi,Talleres de Córdoba
8291114,79,Víctorio Ramis,Talleres de Córdoba
8291120,16,Maximiliano González,Quilmes
8291120,32,Matías Pérez Acuña,Quilmes
8291120,10,Jonathan Bottinelli,Arsenal de Sarandí
8291120,29,Federico Milo,Arsenal de Sarandí
8291116,83,Ariel Cólzera,Temperley
8291116,90,Ariel Cólzera,Temperley
8291116,30,Leonel Miranda,Defensa y Justicia
8291116,65,Agustín Bouzat,Defensa y Justicia
8291116,79,Andrés Ríos,Defensa y Justicia
8291112,49,Matías Zaracho,Racing Club
8291125,75,Yonathan Cabral,Olimpo de Bahía Blanca
8291125,42,Ricardo Centurión,Boca Juniors
8291125,43,Darío Benedetto,Boca Juniors
8291125,62,Lisandro Magallán,Boca Juniors
8291111,69,Lucas Martínez,River Plate
8291122,44,Matías Suárez,Belgrano de Córdoba
8291122,90,Fernando Márquez,Belgrano de Córdoba
8291122,47,Mauro Fórmica,Newells Old Boys
8291118,30,Francisco Dutari,Sarmiento de Junín
8291118,10,Sebastián Bertoli,Patronato de Paraná
8291118,56,Damián Arce,Patronato de Paraná
8291118,63,Nicolás Bertocchi,Patronato de Paraná
8291123,71,José Sand,Lanús
8291123,90,Germán Denis,Lanús
8291119,75,Carlos Luna,Tigre
8291121,1,Facundo Sánchez,Estudiantes
8291121,85,Sebastián Dubarbier,Estudiantes
8291117,45,Guillermo Acosta,Atlético Tucumán
8291117,41,Matías Vargas,Vélez Sarsfield
8291124,33,Emiliano Rigoni,Independiente
8291124,65,Emiliano Rigoni,Independiente
8291124,80,Lucas Albertengo,Independiente
8291136,81,Alexander Barboza,Defensa y Justicia
8291137,38,Facundo Barcelo,San Martín de San Juan
8291137,45,Germán Herrera,Rosario Central
8291127,12,Darío Benedetto,Boca Juniors
8291127,49,Darío Benedetto,Boca Juniors
8291127,59,Brian Blasi,Unión de Santa Fe
8291133,24,Facundo Soloa,Atlético Rafaela
8291133,56,Alfredo Pussetto,Atlético Rafaela
8291133,4,Patricio Vidal,Sarmiento de Junín
8291133,40,Nicolás Rinaldi,Sarmiento de Junín
8291133,74,Patricio Vidal,Sarmiento de Junín
8291139,63,Darío Cvitanich,Banfield
8291139,47,Marcos Acuña,Racing Club
8291139,69,Iván Pillud,Racing Club
8291139,76,Diego González,Racing Club
8291132,19,Leonardo Rolón,Arsenal de Sarandí
8291132,76,Marcos Curado,Arsenal de Sarandí
8291132,18,Carlos Luna,Tigre
8291134,66,Damián Arce,Patronato de Paraná
8291134,5,David Barbona,Atlético Tucumán
8291126,20,Fernando Coniglio,Olimpo de Bahía Blanca
8291126,22,Fernando Coniglio,Olimpo de Bahía Blanca
8291126,73,Rodrigo Cabalucci,Olimpo de Bahía Blanca
8291130,50,Santiago García,Godoy Cruz
8291130,59,Javier Correa,Godoy Cruz
8291131,79,Lucas Viatri,Estudiantes
8291138,70,Leonardo Godoy,Talleres de Córdoba
8291138,90,Nicolás Blandi,San Lorenzo
8291128,37,Emiliano Rigoni,Independiente
8291128,60,Nicolás Aguirre,Lanús
