GameID,Minute,Scorer,Team
2225822,12,Claudio Aquino,Godoy Cruz
2225822,35,Rubén Ramírez,Godoy Cruz
2225822,58,Luis Jerez Silva,Godoy Cruz
2225821,58,Sebastián Abreu,Rosario Central
2225821,84,Rafael Delgado,Rosario Central
2225821,90,Walter Acuña,Rosario Central
2225821,40,Arnaldo González,Quilmes
2225823,82,Brian Fernández,Defensa y Justicia
2225823,34,Gabriel Hauche,Racing Club
2225823,36,Gabriel Hauche,Racing Club
2225823,60,Diego Milito,Racing Club
2225828,43,Federico Mancuello,Independiente
2225828,55,Francisco Pizzini,Independiente
2225828,74,Juan Lucero,Independiente
2225820,45,Mauricio Tévez,Newells Old Boys
2225824,90,Pablo Vegetti,Gimnasia de La Plata
2225824,81,Teófilo Gutiérrez,River Plate
2225827,37,Emilio Zelaya,Arsenal de Sarandí
2225827,84,Ramiro Carrera,Arsenal de Sarandí
2225827,36,Guido Carrillo,Estudiantes
2225826,88,Milton Caraglio,Vélez Sarsfield
2225829,5,Silvio Romero,Lanús
2225825,40,Mauro Matos,San Lorenzo
2225825,50,Néstor Ortigoza,San Lorenzo
2225831,48,Maxi Rodriguez,Newells Old Boys
2225831,59,Osvaldo Barsottini,Gimnasia de La Plata
2225836,11,Jonathan Blanco,Olimpo de Bahía Blanca
2225836,20,Jonathan Blanco,Olimpo de Bahía Blanca
2225836,90,Carlos Luna,Tigre
2225838,51,Santiago Salcedo,Banfield
2225838,81,Enzo Trinidad,Banfield
2225838,15,Emiliano Tellechea,Defensa y Justicia
2225838,69,Brian Fernández,Defensa y Justicia
2225838,84,Marcelo Benítez,Defensa y Justicia
2225835,6,Lucas Pratto,Vélez Sarsfield
2225835,56,Iván Marcone,Arsenal de Sarandí
2225835,90,Emilio Zelaya,Arsenal de Sarandí
2225834,38,Ernesto Goñi,Estudiantes
2225837,45,Luciano Lollo,Racing Club
2225837,90,Facundo Castillón,Racing Club
2225830,16,Teófilo Gutiérrez,River Plate
2225830,80,Leonardo Pisculichi,River Plate
2225832,90,Emmanuel Gigliotti,Boca Juniors
2225839,13,Gonzalo Klusener,Quilmes
2225839,56,Emiliano Carrasco,Quilmes
2225839,87,Rubén Ramírez,Godoy Cruz
2225839,89,Guillermo Cosaro,Godoy Cruz
2225833,30,Rodrigo Depetris,Atlético Rafaela
2225833,46,Lucas Albertengo,Atlético Rafaela
2225833,62,Silvio Romero,Lanús
2225847,33,Brahian Alemán,Arsenal de Sarandí
2225846,11,Érik Godoy,Tigre
2225846,39,Kevin Itabel,Tigre
2225846,46,Lucas Wilchez,Tigre
2225846,58,Kevin Itabel,Tigre
2225844,12,Pablo Vegetti,Gimnasia de La Plata
2225844,39,Fernando Barrientos,Rosario Central
2225844,90,Rafael Delgado,Rosario Central
2225841,42,Maxi Rodriguez,Newells Old Boys
2225841,63,Lorenzo Faravelli,Newells Old Boys
2225841,86,Maxi Rodriguez,Newells Old Boys
2225841,51,César Pereyra,Belgrano de Córdoba
2225841,67,Pier Barrios,Belgrano de Córdoba
2225841,90,Emiliano Rigoni,Belgrano de Córdoba
2225848,48,Lucas Pratto,Vélez Sarsfield
2225848,73,Lucas Pratto,Vélez Sarsfield
2225848,81,Leonardo Rolón,Vélez Sarsfield
2225848,85,Lucas Romero,Vélez Sarsfield
2225845,49,Santiago Salcedo,Banfield
2225845,90,Juan Cazares,Banfield
2225849,19,Víctor Ayala,Lanús
2225849,56,Joaquín Correa,Estudiantes
2225849,69,Leonardo Jara,Estudiantes
2225843,11,Washington Camacho,Defensa y Justicia
2225843,18,Brian Sarmiento,Quilmes
2225840,37,Mauricio Gómez,Atlético Rafaela
2225840,55,Federico González,Atlético Rafaela
2225840,74,Pol Fernández,Atlético Rafaela
2225842,2,Carlos Sánchez,River Plate
2225842,4,Teófilo Gutiérrez,River Plate
2225842,16,Rodrigo Mora,River Plate
2225842,63,Teófilo Gutiérrez,River Plate
2225856,51,Jonathan Blanco,Olimpo de Bahía Blanca
2225856,88,Sebastian Penco,Independiente
2225856,90,Federico Mancuello,Independiente
2225857,87,Diego Milito,Racing Club
2225851,69,Rubén Ramírez,Godoy Cruz
2225853,31,Adrián Bastía,Atlético Rafaela
2225853,66,Joel Sacks,Atlético Rafaela
2225853,84,Sergio Vittor,Atlético Rafaela
2225853,9,Maxi Rodriguez,Newells Old Boys
2225853,17,Leandro Fernández,Newells Old Boys
2225850,33,Carlos Sánchez,River Plate
2225850,42,Carlos Sánchez,River Plate
2225850,77,Teófilo Gutiérrez,River Plate
2225854,4,Joaquín Correa,Estudiantes
2225854,21,Diego Vera,Estudiantes
2225854,40,Diego Vera,Estudiantes
2225854,90,Jonathan Calleri,Boca Juniors
2225858,24,Santiago Salcedo,Banfield
2225855,82,Lucas Pratto,Vélez Sarsfield
2225859,23,Héctor Villalba,San Lorenzo
2225859,41,Gonzalo Verón,San Lorenzo
2225859,90,Néstor Ortigoza,San Lorenzo
2225864,34,Jorge Rojas,Gimnasia de La Plata
2225864,72,Javier Mendoza,Gimnasia de La Plata
2225863,74,Washington Camacho,Defensa y Justicia
2225863,51,Walter Acuña,Rosario Central
2225863,66,Franco Niell,Rosario Central
2225863,77,Antonio Medina,Rosario Central
2225861,71,Mauricio Tévez,Newells Old Boys
2225862,30,César Pereyra,Belgrano de Córdoba
2225862,52,Jorge Velázquez,Belgrano de Córdoba
2225862,75,Lucas Aveldaño,Belgrano de Córdoba
2225868,25,Sebastian Penco,Independiente
2225868,27,Federico Mancuello,Independiente
2225868,14,Diego Milito,Racing Club
2225860,56,Cata Díaz,Boca Juniors
2225860,62,Marcelo Meli,Boca Juniors
2225860,89,Andrés Chávez,Boca Juniors
2225860,45,Jorge Correa,Vélez Sarsfield
2225865,5,Mauro Matos,San Lorenzo
2225865,11,Leonardo Pisculichi,River Plate
2225865,58,Teófilo Gutiérrez,River Plate
2225865,78,Lucas Boyé,River Plate
2225869,12,Miguel Borja,Olimpo de Bahía Blanca
2225869,70,Miguel Borja,Olimpo de Bahía Blanca
2225867,59,Sebastián Palacios,Arsenal de Sarandí
2225873,38,Lucas Albertengo,Atlético Rafaela
2225873,77,Nicolás Royón,Atlético Rafaela
2225874,67,Román Martínez,Estudiantes
2225874,88,Ezequiel Cerutti,Estudiantes
2225874,37,Christian Lema,Belgrano de Córdoba
2225874,90,Julio Furch,Belgrano de Córdoba
2225878,60,Federico Mancuello,Independiente
2225871,30,Lucas Acevedo,Rosario Central
2225871,44,Juan Cavallaro,San Lorenzo
2225872,47,Sergio López,Godoy Cruz
2225872,69,Julio César Rodríguez,Defensa y Justicia
2225877,2,Ricardo Centurión,Racing Club
2225877,34,Silvio Romero,Lanús
2225877,45,Diego González,Lanús
2225877,90,Silvio Romero,Lanús
2225870,34,Rodrigo Mora,River Plate
2225870,48,Rodrigo Mora,River Plate
2225876,78,Emmanuel Gigliotti,Boca Juniors
2225879,22,Brian Sarmiento,Quilmes
2225879,58,Gonzalo Klusener,Quilmes
2225879,73,Nicolás López,Quilmes
2225879,90,Adrián Fernández,Quilmes
2225884,19,Javier Yacuzzi,Defensa y Justicia
2225884,59,Mariano Barbieri,Defensa y Justicia
2225884,90,Julio César Rodríguez,Defensa y Justicia
2225885,55,Néstor Ortigoza,San Lorenzo
2225885,60,Martín Cauteruccio,San Lorenzo
2225885,27,Leandro Fernández,Godoy Cruz
2225886,41,Carlos Luna,Tigre
2225886,45,Carlos Luna,Tigre
2225886,57,Sebastián Rincón,Tigre
2225886,80,Facundo Bertoglio,Tigre
2225886,29,José Valencia,Rosario Central
2225883,63,Juan Eluchans,Atlético Rafaela
2225888,26,Diego Rodríguez,Independiente
2225888,52,Diego Rodríguez,Independiente
2225888,60,Claudio Riaño,Independiente
2225888,90,Claudio Riaño,Independiente
2225888,90,Federico Mancuello,Independiente
2225888,10,Brian Sarmiento,Quilmes
2225888,71,Gonzalo Klusener,Quilmes
2225888,86,Jonathan Zacaría,Quilmes
2225889,48,Silvio Romero,Lanús
2225882,13,Lucas Zelarayán,Belgrano de Córdoba
2225881,89,Ignacio Scocco,Newells Old Boys
2225880,26,Jonathan Calleri,Boca Juniors
2225880,61,Gustavo Bou,Racing Club
2225880,70,Gustavo Bou,Racing Club
2225887,50,Hugo Nervo,Arsenal de Sarandí
2225887,51,Leonardo Pisculichi,River Plate
2225899,43,Alejandro Cabral,Quilmes
2225899,42,Silvio Romero,Lanús
2225896,73,Agustin Vuletich,Olimpo de Bahía Blanca
2225891,68,Damián Musto,Rosario Central
2225891,77,José Valencia,Rosario Central
2225891,87,José Valencia,Rosario Central
2225891,7,Emilio Zelaya,Arsenal de Sarandí
2225898,90,Emiliano Terzaghi,Banfield
2225898,66,Andrés Chávez,Boca Juniors
2225890,4,Leonardo Pisculichi,River Plate
2225890,37,Ariel Rojas,River Plate
2225890,66,Teófilo Gutiérrez,River Plate
2225890,78,Rodrigo Mora,River Plate
2225890,58,Federico Mancuello,Independiente
2225893,14,Julio César Rodríguez,Defensa y Justicia
2225893,19,Mauro Cetto,San Lorenzo
2225893,57,Mauro Matos,San Lorenzo
2225893,73,Enzo Kalinski,San Lorenzo
2225897,27,Gustavo Bou,Racing Club
2225897,10,Ignacio Scocco,Newells Old Boys
2225892,30,Jaime Ayoví,Godoy Cruz
2225892,68,Jaime Ayoví,Godoy Cruz
2225892,76,Gonzalo Cabrera,Godoy Cruz
2225892,90,Diego Rodríguez,Godoy Cruz
2225892,17,Carlos Luna,Tigre
2225892,32,Carlos Luna,Tigre
2225892,63,Leandro Garate,Tigre
2225904,51,Guido Carrillo,Estudiantes
2225904,69,Román Martínez,Estudiantes
2225904,90,Matías Aguirregaray,Estudiantes
2225904,10,Lucas Pratto,Vélez Sarsfield
2225904,90,Fabián Cubero,Vélez Sarsfield
2225908,51,Federico Mancuello,Independiente
2225908,86,Jesús Méndez,Independiente
2225905,21,Álvaro Fernández,Gimnasia de La Plata
2225905,90,Pablo Vegetti,Gimnasia de La Plata
2225906,71,Pablo Vitti,Tigre
2225906,90,Facundo Sánchez,Tigre
2225906,59,Washington Camacho,Defensa y Justicia
2225902,8,César Pereyra,Belgrano de Córdoba
2225902,18,Gustavo Bou,Racing Club
2225902,26,Marcos Acuña,Racing Club
2225902,82,Gustavo Bou,Racing Club
2225902,90,Marcos Acuña,Racing Club
2225900,52,Federico Carrizo,Boca Juniors
2225909,36,Lautaro Acosta,Lanús
2225909,71,Teófilo Gutiérrez,River Plate
2225907,15,Brahian Alemán,Arsenal de Sarandí
2225907,24,Emilio Zelaya,Arsenal de Sarandí
2225907,32,Emilio Zelaya,Arsenal de Sarandí
2225901,15,Ricardo Noir,Banfield
2225901,35,Walter Erviti,Banfield
2225901,58,Juan Cazares,Banfield
2225914,15,Pablo Vegetti,Gimnasia de La Plata
2225914,45,Ignacio Fernández,Gimnasia de La Plata
2225918,21,Santiago Salcedo,Banfield
2225918,54,Enzo Trinidad,Banfield
2225918,46,Jorge Velázquez,Belgrano de Córdoba
2225918,80,Emiliano Rigoni,Belgrano de Córdoba
2225915,30,Lucas Wilchez,Tigre
2225915,79,Sebastián Rincón,Tigre
2225913,51,Brian Fernández,Defensa y Justicia
2225913,58,Emiliano Tellechea,Defensa y Justicia
2225913,47,Ramiro Carrera,Arsenal de Sarandí
2225916,56,Néstor Moiraghi,Olimpo de Bahía Blanca
2225916,62,Néstor Moiraghi,Olimpo de Bahía Blanca
2225916,20,Jonathan Schunke,Estudiantes
2225919,42,Gonzalo Klusener,Quilmes
2225919,33,Maxi Rodriguez,Newells Old Boys
2225910,78,Germán Pezzella,River Plate
2225910,21,Lisandro Magallán,Boca Juniors
2225917,78,Sergio Vittor,Atlético Rafaela
2225917,88,Pol Fernández,Atlético Rafaela
2225911,65,Walter Acuña,Rosario Central
2225911,35,Silvio Romero,Lanús
2225911,54,Matías Martínez,Lanús
2225912,8,Fernando Zuqui,Godoy Cruz
2225912,37,Rubén Ramírez,Godoy Cruz
2225912,19,Federico Mancuello,Independiente
2225912,83,Alexis Zárate,Independiente
2225926,54,Carlos Luna,Tigre
2225929,40,Víctor Ayala,Lanús
2225929,47,Santiago Silva,Lanús
2225929,77,Silvio Romero,Lanús
2225929,60,Rubén Ramírez,Godoy Cruz
2225929,65,Jaime Ayoví,Godoy Cruz
2225929,73,Claudio Aquino,Godoy Cruz
2225925,21,Sebastián Domínguez,Vélez Sarsfield
2225925,23,Brian Ferreira,Vélez Sarsfield
2225925,68,Lucas Pratto,Vélez Sarsfield
2225925,87,Ramiro Cáseres,Vélez Sarsfield
2225925,45,Adrían Martínez,Olimpo de Bahía Blanca
2225922,47,Julio Furch,Belgrano de Córdoba
2225922,64,Sebastián Martínez,Quilmes
2225924,8,Diego Milito,Racing Club
2225924,30,Gustavo Bou,Racing Club
2225924,74,Gustavo Bou,Racing Club
2225924,87,Gabriel Hauche,Racing Club
2225923,9,Germán Rodríguez Rojas,Atlético Rafaela
2225923,18,Nicolás Orsini,Atlético Rafaela
2225923,35,Ricardo Noir,Banfield
2225923,51,Nicolás Tagliafico,Banfield
2225928,90,Sebastian Penco,Independiente
2225928,57,Mariano Barbieri,Defensa y Justicia
2225920,75,Mariano Echeverría,Boca Juniors
2225920,78,Leandro Marín,Boca Juniors
2225920,45,José Valencia,Rosario Central
2225921,68,Ramiro Funes Mori,River Plate
2225938,44,Emiliano Terzaghi,Banfield
2225938,81,Guido Carrillo,Estudiantes
2225935,83,Héctor Villalba,San Lorenzo
2225935,33,Daniel Montenegro,Independiente
2225935,68,Diego Rodríguez,Independiente
2225933,45,Washington Camacho,Defensa y Justicia
2225933,15,Nicolás Pasquini,Lanús
2225933,18,Jorge Valdez Chamorro,Lanús
2225931,29,Franco Niell,Rosario Central
2225931,37,Nery Domínguez,Rosario Central
2225937,12,Ricardo Centurión,Racing Club
2225937,42,Gustavo Bou,Racing Club
2225930,34,Leonel Vangioni,River Plate
2225930,73,Teófilo Gutiérrez,River Plate
2225930,88,Teófilo Gutiérrez,River Plate
2225932,44,Rolando García,Godoy Cruz
2225932,50,Jaime Ayoví,Godoy Cruz
2225932,9,Fernando Gago,Boca Juniors
2225932,74,Juan Martínez,Boca Juniors
2225932,82,Jonathan Calleri,Boca Juniors
2225936,77,Juan Blengio,Tigre
2225936,52,Ramiro Carrera,Arsenal de Sarandí
2225942,2,Julio Furch,Belgrano de Córdoba
2225948,1,Juan Lucero,Independiente
2225948,45,Juan Lucero,Independiente
2225948,56,Federico Mancuello,Independiente
2225948,40,Pablo Vitti,Tigre
2225945,54,Lucas Pratto,Vélez Sarsfield
2225941,45,Víctor López,Newells Old Boys
2225941,90,Maxi Rodriguez,Newells Old Boys
2225941,26,Claudio Aquino,Godoy Cruz
2225941,80,Leandro Fernández,Godoy Cruz
2225946,47,Juan Cobo,Olimpo de Bahía Blanca
2225946,45,Gabriel Hauche,Racing Club
2225944,81,Matías Aguirregaray,Estudiantes
2225949,19,Lautaro Acosta,Lanús
2225940,9,Juan Martínez,Boca Juniors
2225940,41,Juan Martínez,Boca Juniors
2225943,12,Diego Montiel,Atlético Rafaela
2225943,50,Leonardo Pisculichi,River Plate
2225943,66,Ariel Rojas,River Plate
2225947,45,Brahian Alemán,Arsenal de Sarandí
2225958,20,Nahuel Yeri,Banfield
2225958,58,Walter Erviti,Banfield
2225958,72,Nicolás Bertolo,Banfield
2225952,36,Jaime Ayoví,Godoy Cruz
2225952,53,Fernando Márquez,Belgrano de Córdoba
2225952,63,Emiliano Rigoni,Belgrano de Córdoba
2225952,67,Julio Furch,Belgrano de Córdoba
2225954,86,Gabriel Hauche,Racing Club
2225959,10,Alan Alegre,Quilmes
2225959,15,Francisco Ilarregui,Quilmes
2225959,60,Lucas Pratto,Vélez Sarsfield
2225951,24,Sergio Vittor,Atlético Rafaela
2225951,90,Adrián Bastía,Atlético Rafaela
2225955,52,Martín Cauteruccio,San Lorenzo
2225955,57,Gonzalo Verón,San Lorenzo
2225956,61,Leandro Garate,Tigre
2225956,70,Gabriel Peñalba,Tigre
2225956,80,Lucas Wilchez,Tigre
2225950,6,Diego Vera,Estudiantes
2225957,36,Brahian Alemán,Arsenal de Sarandí
2225957,74,Sebastian Penco,Independiente
2225953,71,Brian Fernández,Defensa y Justicia
2225969,7,Silvio Romero,Lanús
2225969,90,Diego González,Lanús
2225969,90,Lautaro Acosta,Lanús
2225969,16,Brahian Alemán,Arsenal de Sarandí
2225969,28,Ramiro Carrera,Arsenal de Sarandí
2225963,21,Walter Serrano,Atlético Rafaela
2225963,48,Federico González,Atlético Rafaela
2225963,51,Nicolás Orsini,Atlético Rafaela
2225963,8,Jaime Ayoví,Godoy Cruz
2225963,28,Rubén Ramírez,Godoy Cruz
2225963,41,Jaime Ayoví,Godoy Cruz
2225963,88,Leandro Fernández,Godoy Cruz
2225966,28,Adrían Martínez,Olimpo de Bahía Blanca
2225966,45,Mauricio Cuero,Olimpo de Bahía Blanca
2225966,80,Adrián Fernández,Quilmes
2225962,63,Lucas Zelarayán,Belgrano de Córdoba
2225962,70,Julio Furch,Belgrano de Córdoba
2225962,87,Jerry Bengtson,Belgrano de Córdoba
2225968,59,Lucas Licht,Gimnasia de La Plata
2225964,28,Ezequiel Cerutti,Estudiantes
2225967,7,Gustavo Bou,Racing Club
2225960,71,Emmanuel Gigliotti,Boca Juniors
2225960,83,Emmanuel Gigliotti,Boca Juniors
2225965,19,Milton Caraglio,Vélez Sarsfield
2225965,38,Gabriel Mercado,River Plate
2225961,37,Maxi Rodriguez,Newells Old Boys
2225961,67,Ignacio Scocco,Newells Old Boys
2225961,81,Maxi Rodriguez,Newells Old Boys
2225961,51,Martín Cauteruccio,San Lorenzo
2225973,50,Ciro Rius,Defensa y Justicia
2225973,70,Nicolás Bertocchi,Defensa y Justicia
2225973,81,Pol Fernández,Atlético Rafaela
2225974,55,Facundo Oreja,Gimnasia de La Plata
2225974,56,Nicolás Bertolo,Banfield
2225975,11,Néstor Ortigoza,San Lorenzo
2225975,15,Juan Mercier,San Lorenzo
2225975,42,Pablo Barrientos,San Lorenzo
2225975,87,Emanuel Mas,San Lorenzo
2225979,87,Gustavo Bou,Racing Club
2225972,9,José Fernandez,Godoy Cruz
2225972,83,Leandro Desábato,Estudiantes
2225976,23,Joaquín Arzura,Tigre
2225976,16,Maxi Rodriguez,Newells Old Boys
2225976,36,Víctor López,Newells Old Boys
2225970,24,Ramiro Funes Mori,River Plate
2225970,70,Miguel Borja,Olimpo de Bahía Blanca
2225977,51,Brahian Alemán,Arsenal de Sarandí
2225977,54,Mariano Echeverría,Boca Juniors
2225978,28,Sebastian Penco,Independiente
2225978,35,Daniel Montenegro,Independiente
2225978,89,Juan Lucero,Independiente
2225978,90,Víctor Cuesta,Independiente
2225978,2,Silvio Romero,Lanús
2225988,34,Ricardo Noir,Banfield
2225988,66,Gaspar Servio,Banfield
2225988,83,Jonathan Requena,Banfield
2225988,5,Adrián Scifo,Quilmes
2225983,62,Lucas Albertengo,Atlético Rafaela
2225983,87,Lucas Albertengo,Atlético Rafaela
2225986,38,Adrían Martínez,Olimpo de Bahía Blanca
2225986,76,Lucas Acevedo,Rosario Central
2225985,45,Lucas Pratto,Vélez Sarsfield
2225985,16,Jaime Ayoví,Godoy Cruz
2225985,29,Jaime Ayoví,Godoy Cruz
2225985,52,Guillermo Cosaro,Godoy Cruz
2225985,69,Rubén Ramírez,Godoy Cruz
2225989,20,Silvio Romero,Lanús
2225989,77,Víctor Ayala,Lanús
2225982,1,Lucas Zelarayán,Belgrano de Córdoba
2225982,75,Facundo Bertoglio,Tigre
2225982,90,Sebastián Rincón,Tigre
2225980,5,Jonathan Calleri,Boca Juniors
2225980,71,Jonathan Calleri,Boca Juniors
2225980,89,Emmanuel Gigliotti,Boca Juniors
2225980,54,Matiás Pisano,Independiente
2225987,15,Ramiro Funes Mori,River Plate
2225981,5,Maxi Rodriguez,Newells Old Boys
2225981,55,Maxi Rodriguez,Newells Old Boys
2225981,27,Brahian Alemán,Arsenal de Sarandí
2225981,61,Matias Sarulyte,Arsenal de Sarandí
2225981,64,Emilio Zelaya,Arsenal de Sarandí
2225981,69,Nicolás Aguirre,Arsenal de Sarandí
2225994,35,Pablo Vegetti,Gimnasia de La Plata
2225994,49,Pablo Vegetti,Gimnasia de La Plata
2225994,82,Lucas Licht,Gimnasia de La Plata
2225993,18,Lucas Pratto,Vélez Sarsfield
2225993,84,Lucas Pratto,Vélez Sarsfield
2225995,50,Néstor Ortigoza,San Lorenzo
2225995,74,Mauro Matos,San Lorenzo
2225995,82,Néstor Ortigoza,San Lorenzo
2225995,88,Julio Buffarini,San Lorenzo
2225998,79,Federico Mancuello,Independiente
2225991,42,Gastón Díaz,Racing Club
2225991,65,Diego Milito,Racing Club
2225991,80,Diego Milito,Racing Club
2225996,17,Facundo Sánchez,Tigre
2225996,52,Gabriel Peñalba,Tigre
2225996,88,Carlos Luna,Tigre
2225996,16,Juan Eluchans,Atlético Rafaela
2225990,54,Fernando Cavenaghi,River Plate
2225990,58,Carlos Sánchez,River Plate
2225990,75,Fernando Cavenaghi,River Plate
2225990,43,Nicolás Bertolo,Banfield
2225990,64,Santiago Salcedo,Banfield
2225999,2,Lautaro Acosta,Lanús
2225999,44,Lautaro Acosta,Lanús
2225999,75,Emanuel Insúa,Boca Juniors
2225999,88,Jonathan Calleri,Boca Juniors
2225992,32,Juan Sills,Olimpo de Bahía Blanca
2225992,36,Jonathan Blanco,Olimpo de Bahía Blanca
2225992,45,Miguel Borja,Olimpo de Bahía Blanca
2225997,52,Lucas Zelarayán,Belgrano de Córdoba
2225997,58,Fernando Márquez,Belgrano de Córdoba
2226004,6,Diego Vera,Estudiantes
2226004,49,Guido Carrillo,Estudiantes
2226004,72,Guido Carrillo,Estudiantes
2226004,84,Jonathan Schunke,Estudiantes
2226004,12,Sebastián Rincón,Tigre
2226004,79,Kevin Itabel,Tigre
2226005,89,Sebastián Domínguez,Vélez Sarsfield
2226005,84,Héctor Villalba,San Lorenzo
2226003,88,Nicolás Orsini,Atlético Rafaela
2226003,17,Brahian Alemán,Arsenal de Sarandí
2226003,18,Brahian Alemán,Arsenal de Sarandí
2226003,28,Emilio Zelaya,Arsenal de Sarandí
2226003,60,Sebastián Palacios,Arsenal de Sarandí
2226003,78,Cristian Chimino,Arsenal de Sarandí
2226003,82,Leandro Godoy,Arsenal de Sarandí
2226008,50,Santiago Salcedo,Banfield
2226008,66,Juan Cazares,Banfield
2226008,9,Lucas Lazo,Rosario Central
2226008,72,Franco Niell,Rosario Central
2226008,90,Franco Niell,Rosario Central
2226002,12,Julio Furch,Belgrano de Córdoba
2226002,35,Julio Furch,Belgrano de Córdoba
2226002,60,Fernando Márquez,Belgrano de Córdoba
2226002,81,Julio Furch,Belgrano de Córdoba
2226000,11,Jorge Rojas,Gimnasia de La Plata
2226000,46,Pablo Vegetti,Gimnasia de La Plata
2226007,49,Ricardo Centurión,Racing Club
2226009,82,Carlos Sánchez,River Plate
2324407,18,Milton Caraglio,Vélez Sarsfield
2324407,85,Milton Caraglio,Vélez Sarsfield
2324394,4,Franco Cervi,Rosario Central
2324398,34,Mauro Matos,San Lorenzo
2324398,70,Héctor Villalba,San Lorenzo
2324399,23,Nicolás Bertocchi,Defensa y Justicia
2324400,40,Leandro Fernández,Godoy Cruz
2324400,49,Ramiro López,San Martín de San Juan
2324406,54,Maxi Rodriguez,Newells Old Boys
2324406,59,Victor Figueroa,Newells Old Boys
2324406,11,Lucas Albertengo,Independiente
2324406,33,Lucas Albertengo,Independiente
2324406,72,Diego Rodríguez,Independiente
2324396,90,Juan Dinenno,Temperley
2324402,63,Enrique Triverio,Unión de Santa Fe
2324404,53,Santiago Silva,Lanús
2324395,29,Fernando Gago,Boca Juniors
2324395,73,Sebastián Palacios,Boca Juniors
2324395,86,Sebastián Palacios,Boca Juniors
2324395,44,Jonathan Blanco,Olimpo de Bahía Blanca
2324397,68,Andrés Franzoia,Argentinos Juniors
2324397,15,Alexis Niz,Atlético Rafaela
2324405,58,Héctor Cuevas,Sarmiento de Junín
2324405,24,Carlos Sánchez,River Plate
2324405,44,Fernando Cavenaghi,River Plate
2324405,74,Teófilo Gutiérrez,River Plate
2324405,83,Teófilo Gutiérrez,River Plate
2324401,44,Israel Damonte,Estudiantes
2324403,4,Sergio Escudero,Belgrano de Córdoba
2324403,21,Iván Óbolo,Belgrano de Córdoba
2324403,90,Lucas Zelarayán,Belgrano de Córdoba
2324403,43,Ramón Lentini,Nueva Chicago
2324419,87,Pol Fernández,Atlético Rafaela
2324419,2,Ricardo Noir,Banfield
2324419,30,Luciano Civelli,Banfield
2324419,37,Mauricio Cuero,Banfield
2324419,67,Nicolás Bertolo,Banfield
2324414,38,Ramón Ábila,Huracán
2324415,74,Guido Carrillo,Estudiantes
2324415,56,Leandro Fernández,Godoy Cruz
2324415,61,Juan Alvacete,Godoy Cruz
2324422,73,Yeimar Gómez,Rosario Central
2324422,75,Franco Niell,Rosario Central
2324422,90,Marco Rubén,Rosario Central
2324408,49,Ariel Cabral,Vélez Sarsfield
2324408,80,Yamil Asad,Vélez Sarsfield
2324408,85,Nicolás Martínez,Crucero del Norte
2324416,63,Renzo Vera,San Martín de San Juan
2324416,34,Maximiliano Meza,Gimnasia de La Plata
2324409,55,Maxi Rodriguez,Newells Old Boys
2324410,90,Matiás Pisano,Independiente
2324410,84,Héctor Cuevas,Sarmiento de Junín
2324413,3,Lucas Aveldaño,Nueva Chicago
2324413,66,Ramón Lentini,Nueva Chicago
2324413,15,Enrique Triverio,Unión de Santa Fe
2324413,21,Lucas Gamba,Unión de Santa Fe
2324411,53,Teófilo Gutiérrez,River Plate
2324411,72,Leonardo Ponzio,River Plate
2324411,68,Diego Buonanotte,Quilmes
2324411,77,Sebastián Romero,Quilmes
2324418,33,David Ramírez,Colón de Santa Fe
2324418,83,Jonathan Rodríguez,Argentinos Juniors
2324420,27,Juan Martínez,Boca Juniors
2324420,90,Jonathan Calleri,Boca Juniors
2324417,1,Ciro Rius,Defensa y Justicia
2324417,24,Franco Mussis,San Lorenzo
2324417,59,Martín Cauteruccio,San Lorenzo
2324432,45,Ramiro Carrera,Arsenal de Sarandí
2324432,24,Luis Solignac,Nueva Chicago
2324431,45,Jaime Ayoví,Godoy Cruz
2324431,89,Juan Garro,Godoy Cruz
2324431,76,Iván Borghello,Huracán
2324424,20,Carlos Luna,Tigre
2324423,87,Franco Niell,Rosario Central
2324433,36,Enrique Triverio,Unión de Santa Fe
2324433,34,Lautaro Acosta,Lanús
2324435,39,Rodrigo Gómez,Quilmes
2324435,9,Federico Mancuello,Independiente
2324435,69,Lucas Albertengo,Independiente
2324429,80,Mauro Cetto,San Lorenzo
2324429,23,Carlos Bueno,San Martín de San Juan
2324429,82,Marcos Figueroa,San Martín de San Juan
2324430,52,Pablo Vegetti,Gimnasia de La Plata
2324430,40,Jonathan Schunke,Estudiantes
2324430,48,Guido Carrillo,Estudiantes
2324430,90,Ezequiel Cerutti,Estudiantes
2324426,19,Jonathan Calleri,Boca Juniors
2324425,5,Marcos Acuña,Racing Club
2324425,18,Gustavo Bou,Racing Club
2324425,72,Javier Grbec,Temperley
2324428,27,Federico Gallego,Argentinos Juniors
2324434,88,Sergio Escudero,Belgrano de Córdoba
2324434,77,Rodrigo Mora,River Plate
2324434,82,Rodrigo Mora,River Plate
2324436,23,Gervasio Núñez,Sarmiento de Junín
2324436,80,Héctor Cuevas,Sarmiento de Junín
2324436,70,Roger Martínez,Aldosivi
2324436,74,José Sand,Aldosivi
2324445,52,Lucas Campana,Huracán
2324445,16,Antonio Medina,Gimnasia de La Plata
2324450,52,Adrián Bastía,Atlético Rafaela
2324450,44,Nicolás Sánchez,Racing Club
2324444,44,Leandro Fernández,Godoy Cruz
2324444,90,Kevin Mercado,Godoy Cruz
2324452,19,Juan Cobo,Olimpo de Bahía Blanca
2324452,48,Marco Rubén,Rosario Central
2324452,57,Marco Rubén,Rosario Central
2324452,83,Marco Rubén,Rosario Central
2324440,73,Roger Martínez,Aldosivi
2324440,3,Rubén Ramírez,Quilmes
2324441,22,Federico Mancuello,Independiente
2324441,37,Emiliano Rigoni,Belgrano de Córdoba
2324441,76,Claudio Pérez,Belgrano de Córdoba
2324438,15,Maxi Rodriguez,Newells Old Boys
2324438,81,Maxi Rodriguez,Newells Old Boys
2324439,15,Mariano Pavone,Vélez Sarsfield
2324439,8,Héctor Cuevas,Sarmiento de Junín
2324448,65,Juan Sánchez,Defensa y Justicia
2324442,4,Fernando Cavenaghi,River Plate
2324442,31,Sebastián Driussi,River Plate
2324442,55,Lucas Gamba,Unión de Santa Fe
2324442,75,Ignacio Malcorra,Unión de Santa Fe
2324449,68,Cristian Guanca,Colón de Santa Fe
2324449,36,Juan Martínez,Boca Juniors
2324451,49,Fernando Brandán,Temperley
2324451,77,Marcelo Larrondo,Tigre
2324446,9,Sebastián Blanco,San Lorenzo
2324446,72,Pablo Barrientos,San Lorenzo
2324456,7,Facundo Castillón,Racing Club
2324456,33,Óscar Romero,Racing Club
2324456,62,Carlos Núñez,Racing Club
2324456,78,Washington Camacho,Racing Club
2324456,65,Raúl Becerra,Colón de Santa Fe
2324458,27,Ricardo Noir,Banfield
2324458,42,Mauricio Cuero,Banfield
2324458,19,Carlos Bueno,San Martín de San Juan
2324458,47,Raúl Iberbia,San Martín de San Juan
2324458,76,Carlos Bueno,San Martín de San Juan
2324457,31,Cata Díaz,Boca Juniors
2324457,43,Pablo Osvaldo,Boca Juniors
2324457,61,Juan Sánchez,Defensa y Justicia
2324464,22,Ignacio Malcorra,Unión de Santa Fe
2324464,19,Lucas Albertengo,Independiente
2324467,79,Gervasio Núñez,Sarmiento de Junín
2324467,41,Nicolás Castro,Newells Old Boys
2324467,54,Ignacio Scocco,Newells Old Boys
2324466,17,Lucas Suarez,Quilmes
2324466,86,Rubén Ramírez,Quilmes
2324466,47,Milton Caraglio,Vélez Sarsfield
2324459,53,Andrés Franzoia,Argentinos Juniors
2324459,78,Ezequiel Garré,Argentinos Juniors
2324459,8,Diego Mendoza,Estudiantes
2324459,48,Carlos Auzqui,Estudiantes
2324455,27,Carlos Luna,Tigre
2324455,45,Marcelo Larrondo,Tigre
2324455,62,Juan Eluchans,Atlético Rafaela
2324460,31,Leandro Romagnoli,San Lorenzo
2324460,45,Matías Caruzzo,San Lorenzo
2324460,63,Mauro Matos,San Lorenzo
2324460,16,Patricio Toranzo,Huracán
2324462,26,Leandro Fernández,Godoy Cruz
2324462,39,Lucas Melano,Lanús
2324462,45,Jorge Ortiz,Lanús
2324462,51,Lucas Melano,Lanús
2324462,64,Lucas Melano,Lanús
2324462,73,Lucas Melano,Lanús
2324454,67,Marco Rubén,Rosario Central
2324465,47,Gastón Díaz,Aldosivi
2324463,10,Ramiro Carrera,Arsenal de Sarandí
2324463,22,Damián Pérez,Arsenal de Sarandí
2324463,45,Ramiro Carrera,Arsenal de Sarandí
2324463,11,Gonzalo Martínez,River Plate
2324463,57,Rodrigo Mora,River Plate
2324463,88,Rodrigo Mora,River Plate
2324461,49,Álvaro Fernández,Gimnasia de La Plata
2324461,90,Álvaro Fernández,Gimnasia de La Plata
2324461,82,Lucas Aveldaño,Nueva Chicago
2324469,89,Ignacio Scocco,Newells Old Boys
2324469,90,Rodrigo Gómez,Quilmes
2324474,68,Víctor Ayala,Lanús
2324474,89,Jorge Ortiz,Lanús
2324480,51,Marcelo Larrondo,Tigre
2324470,25,Emiliano Amor,Vélez Sarsfield
2324470,66,Fernando Márquez,Belgrano de Córdoba
2324470,73,Sergio Escudero,Belgrano de Córdoba
2324472,2,Federico Mancuello,Independiente
2324472,16,Claudio Riaño,Independiente
2324472,64,Lucas Albertengo,Independiente
2324472,83,Víctor Cuesta,Independiente
2324468,63,Tobias Figueroa,Sarmiento de Junín
2324468,90,Gervasio Núñez,Sarmiento de Junín
2324468,16,Julio Barraza,Crucero del Norte
2324476,5,Ramón Ábila,Huracán
2324476,33,Ramón Ábila,Huracán
2324476,63,Ramón Ábila,Huracán
2324476,29,Franco Flores,Argentinos Juniors
2324481,19,Juan Eluchans,Atlético Rafaela
2324481,48,Marco Rubén,Rosario Central
2324477,44,Leandro Desábato,Estudiantes
2324477,89,Lucas Viatri,Banfield
2324477,90,Juan Cazares,Banfield
2324479,86,Julio César Rodríguez,Defensa y Justicia
2324479,1,Carlos Núñez,Racing Club
2324473,22,Teófilo Gutiérrez,River Plate
2324478,66,Marcos Figueroa,San Martín de San Juan
2324478,10,Pablo Osvaldo,Boca Juniors
2324475,50,Mauro Matos,San Lorenzo
2324471,42,Gastón Díaz,Aldosivi
2324471,65,Roger Martínez,Aldosivi
2324471,68,Pablo Lugüercio,Aldosivi
2324471,4,Enrique Triverio,Unión de Santa Fe
2324471,11,Ignacio Malcorra,Unión de Santa Fe
2324471,83,Ignacio Malcorra,Unión de Santa Fe
2324497,3,Tobias Figueroa,Sarmiento de Junín
2324497,41,Daniel Delgado,Sarmiento de Junín
2324497,47,Gervasio Núñez,Sarmiento de Junín
2324497,81,Gervasio Núñez,Sarmiento de Junín
2324485,12,Marco Rubén,Rosario Central
2324485,10,Braian Romero,Colón de Santa Fe
2324489,49,Nicolás Bertolo,Banfield
2324493,26,Juan Garro,Godoy Cruz
2324493,58,Leandro Fernández,Godoy Cruz
2324493,2,Claudio Riaño,Independiente
2324493,46,Diego Rodríguez,Independiente
2324491,40,Mauro Matos,San Lorenzo
2324491,47,Mauro Matos,San Lorenzo
2324491,59,Julio Buffarini,San Lorenzo
2324491,85,Martín Cauteruccio,San Lorenzo
2324483,26,Fabio Vázquez,Crucero del Norte
2324496,31,Fernando Márquez,Belgrano de Córdoba
2324496,63,Jorge Velázquez,Belgrano de Córdoba
2324487,8,Gustavo Bou,Racing Club
2324487,35,Diego Milito,Racing Club
2324488,39,Cristian Erbes,Boca Juniors
2324488,41,Pablo Osvaldo,Boca Juniors
2324488,79,Franco Cristaldo,Boca Juniors
2324495,11,Ignacio Malcorra,Unión de Santa Fe
2324492,54,Maximiliano Coronel,Gimnasia de La Plata
2324492,72,Ignacio Fernández,Gimnasia de La Plata
2324492,33,Fernando Cavenaghi,River Plate
2324492,38,Augusto Solari,River Plate
2324492,88,Rodrigo Mora,River Plate
2324490,31,Lautaro Rinaldi,Argentinos Juniors
2324490,25,Luis Solignac,Nueva Chicago
2324494,23,Diego Lagos,Aldosivi
2324494,61,Pablo Lugüercio,Aldosivi
2324494,83,José Sand,Aldosivi
2324499,11,Gervasio Núñez,Sarmiento de Junín
2324499,43,Emiliano Rigoni,Belgrano de Córdoba
2324499,67,Emiliano Rigoni,Belgrano de Córdoba
2324499,87,Claudio Pérez,Belgrano de Córdoba
2324508,57,Juan Sánchez Miño,Estudiantes
2324508,66,Gustavo Bou,Racing Club
2324512,10,Franco Jominy,Atlético Rafaela
2324512,41,Eduardo Ledesma,Temperley
2324510,20,Ciro Rius,Defensa y Justicia
2324510,60,Juan Sánchez,Defensa y Justicia
2324510,78,Eugenio Isnaldo,Defensa y Justicia
2324510,14,Marco Rubén,Rosario Central
2324510,30,Franco Cervi,Rosario Central
2324510,73,Alejandro Donatti,Rosario Central
2324502,4,Pablo Lugüercio,Aldosivi
2324502,64,Roger Martínez,Aldosivi
2324503,42,Lucas Albertengo,Independiente
2324503,45,Maximiliano Coronel,Gimnasia de La Plata
2324501,16,Emiliano Amor,Vélez Sarsfield
2324501,82,Milton Caraglio,Vélez Sarsfield
2324501,55,Santiago Silva,Arsenal de Sarandí
2324504,49,Carlos Sánchez,River Plate
2324505,68,Jonathan Rodríguez,Argentinos Juniors
2324507,25,Marcelo Meli,Boca Juniors
2324507,90,Marcelo Meli,Boca Juniors
2324511,61,Braian Romero,Colón de Santa Fe
2324498,20,Rubén Ramírez,Quilmes
2324498,22,Rubén Ramírez,Quilmes
2324498,69,Mariano Uglessich,Quilmes
2324498,55,Nicolás Dematei,Crucero del Norte
2324509,23,José Luis Gómez,San Martín de San Juan
2324509,66,Mauro Bogado,San Martín de San Juan
2324509,90,José Luis Gómez,San Martín de San Juan
2324509,31,Juan Blengio,Tigre
2324506,49,Pablo Ruiz,Nueva Chicago
2324506,10,Ricardo Noir,Banfield
2324506,87,Lucas Viatri,Banfield
2324500,9,Victor Figueroa,Newells Old Boys
2324500,31,Diego Mateo,Newells Old Boys
2324513,66,Ernesto Álvarez,Crucero del Norte
2324513,81,Gabriel Morales,Atlético Rafaela
2324514,4,Fabián Sambueza,Temperley
2324514,30,Juan Dinenno,Temperley
2324514,74,Cristian Llama,Colón de Santa Fe
2324524,57,Leandro Fernández,Godoy Cruz
2324524,84,Jaime Ayoví,Godoy Cruz
2324524,30,Mariano Pavone,Vélez Sarsfield
2324524,67,Mariano Pavone,Vélez Sarsfield
2324523,66,Ignacio Fernández,Gimnasia de La Plata
2324523,69,Antonio Medina,Gimnasia de La Plata
2324523,78,Antonio Medina,Gimnasia de La Plata
2324523,20,José Sand,Aldosivi
2324523,49,Guillermo Ortíz,Aldosivi
2324516,37,Franco Cervi,Rosario Central
2324516,90,Alejandro Donatti,Rosario Central
2324516,78,Facundo Pumpido,San Martín de San Juan
2324518,76,Nicolás Sánchez,Racing Club
2324518,81,Carlos Núñez,Racing Club
2324522,44,Héctor Villalba,San Lorenzo
2324520,70,Mauricio Asenjo,Banfield
2324520,26,Nicolás Aguirre,Lanús
2324520,63,Lucas Melano,Lanús
2324526,43,Sebastián Luna,Sarmiento de Junín
2324521,58,Lautaro Rinaldi,Argentinos Juniors
2324521,33,Fernando Cavenaghi,River Plate
2324521,66,Lucas Boyé,River Plate
2324525,43,Santiago Silva,Arsenal de Sarandí
2324525,49,Santiago Silva,Arsenal de Sarandí
2324525,90,Ezequiel Ruíz,Arsenal de Sarandí
2324517,7,Lucas Wilchez,Tigre
2324517,70,Leandro González Pirez,Tigre
2324527,13,Jorge Velázquez,Belgrano de Córdoba
2324527,87,Iván Óbolo,Belgrano de Córdoba
2324527,27,Sebastián Romero,Quilmes
2324539,72,Leonardo Jara,Estudiantes
2324539,81,Alejandro Donatti,Rosario Central
2324530,18,Sebastián Luna,Sarmiento de Junín
2324530,73,Franco Peppino,Sarmiento de Junín
2324538,52,Daniel Montenegro,Huracán
2324538,33,Leandro González Pirez,Tigre
2324538,81,Facundo Bertoglio,Tigre
2324541,68,Cristian Chimino,Temperley
2324532,84,Rodrigo Contreras,Gimnasia de La Plata
2324528,44,Iván Óbolo,Belgrano de Córdoba
2324533,37,José Sand,Aldosivi
2324535,21,Sebastián Driussi,River Plate
2324535,73,Ramiro Funes Mori,River Plate
2324535,84,Fernando Cavenaghi,River Plate
2324535,90,Fernando Cavenaghi,River Plate
2324535,82,Mauricio Cuero,Banfield
2324540,32,Marcos Figueroa,San Martín de San Juan
2324540,81,José Luis Gómez,San Martín de San Juan
2324536,1,Víctor Ayala,Lanús
2324536,18,Federico Carrizo,Boca Juniors
2324536,65,Cristian Pavón,Boca Juniors
2324536,90,Nicolás Lodeiro,Boca Juniors
2324529,3,Rubén Ramírez,Quilmes
2324529,9,Enrique Triverio,Unión de Santa Fe
2324529,40,Enrique Triverio,Unión de Santa Fe
2324529,63,Enrique Triverio,Unión de Santa Fe
2324542,22,Cristian Garcia,Colón de Santa Fe
2324542,87,Lucas Alario,Colón de Santa Fe
2324542,74,Alexis Niz,Atlético Rafaela
2324531,23,Nehuén Paz,Newells Old Boys
2324531,55,Victor Figueroa,Newells Old Boys
2324555,55,Jaime Ayoví,Godoy Cruz
2324553,83,Matías Caruzzo,San Lorenzo
2324552,45,Pablo Lugüercio,Aldosivi
2324549,72,Gustavo Bou,Racing Club
2324549,90,Yonathan Cabral,Racing Club
2324547,52,Cristian Villagra,Rosario Central
2324547,45,Agustin Torassa,Huracán
2324544,16,Guillermo Marino,Atlético Rafaela
2324544,26,Federico González,Atlético Rafaela
2324544,51,Juan Sánchez,Defensa y Justicia
2324551,68,Mauricio Asenjo,Banfield
2324551,15,Matiás Pisano,Independiente
2324548,33,Carlos Luna,Tigre
2324548,62,Carlos Luna,Tigre
2324550,84,Cristian Pavón,Boca Juniors
2324550,87,Pablo Pérez,Boca Juniors
2324557,33,Leonardo Sánchez,Unión de Santa Fe
2324557,11,Lucas Zelarayán,Belgrano de Córdoba
2324556,90,Claudio Bieler,Quilmes
2324545,43,Leandro Martínez,San Martín de San Juan
2324568,38,Marco Rubén,Rosario Central
2324568,81,Franco Cervi,Rosario Central
2324567,25,Víctor Ayala,Lanús
2324567,87,Ernesto Goñi,Tigre
2324570,59,David Barbona,Estudiantes
2324570,83,Diego Vera,Estudiantes
2324570,19,Fabián Sambueza,Temperley
2324569,16,Agustin Torassa,Huracán
2324569,77,Nicolás Royón,Olimpo de Bahía Blanca
2324569,80,Jonathan Blanco,Olimpo de Bahía Blanca
2324569,90,Gonzalo Klusener,Olimpo de Bahía Blanca
2324558,7,Lucas Gamba,Unión de Santa Fe
2324558,11,Enrique Triverio,Unión de Santa Fe
2324558,37,Lucas Gamba,Unión de Santa Fe
2324558,78,Enrique Triverio,Unión de Santa Fe
2324558,84,Juan Avendaño,Unión de Santa Fe
2324558,44,Ariel Cólzera,Crucero del Norte
2324558,76,Dante Bareyro,Crucero del Norte
2324562,12,Ezequiel Ponce,Newells Old Boys
2324562,14,Martín Cauteruccio,San Lorenzo
2324563,85,Cristian Álvarez,Argentinos Juniors
2324559,12,Lucas Zelarayán,Belgrano de Córdoba
2324559,55,Emiliano Rigoni,Belgrano de Córdoba
2324564,18,Mauricio Cuero,Banfield
2324564,29,Ricardo Noir,Banfield
2324564,73,Fabián Noguera,Banfield
2324571,78,Pablo Vitti,San Martín de San Juan
2324571,33,Walter Serrano,Atlético Rafaela
2324565,9,Lucas Albertengo,Independiente
2324565,37,Guillermo Burdisso,Boca Juniors
2324572,31,Gonzalo Cabrera,Defensa y Justicia
2324572,86,Fabio Álvarez,Defensa y Justicia
2324572,39,Lucas Alario,Colón de Santa Fe
2324572,50,Cristian Llama,Colón de Santa Fe
2324572,84,Lucas Alario,Colón de Santa Fe
2324585,11,Nicolás Mazzola,Gimnasia de La Plata
2324585,56,Ignacio Fernández,Gimnasia de La Plata
2324585,10,Sebastián Romero,Quilmes
2324585,29,Claudio Bieler,Quilmes
2324585,71,Claudio Bieler,Quilmes
2324573,64,Gabriel Ávalos,Crucero del Norte
2324573,79,Gabriel Ávalos,Crucero del Norte
2324573,90,José Dujaut,Crucero del Norte
2324573,74,Emir Faccioli,Defensa y Justicia
2324587,90,Matias Sarulyte,Arsenal de Sarandí
2324587,56,Fausto Montero,Unión de Santa Fe
2324578,83,Marco Rubén,Rosario Central
2324578,26,Óscar Benítez,Lanús
2324574,15,Braian Romero,Colón de Santa Fe
2324574,42,Braian Romero,Colón de Santa Fe
2324574,23,Pablo Vitti,San Martín de San Juan
2324574,81,Leandro Martínez,San Martín de San Juan
2324582,13,Nicolás Bertolo,Banfield
2324582,24,Yamil Asad,Vélez Sarsfield
2324582,43,Mariano Pavone,Vélez Sarsfield
2324582,90,Mariano Pavone,Vélez Sarsfield
2324584,47,Héctor Villalba,San Lorenzo
2324584,88,Martín Cauteruccio,San Lorenzo
2324584,90,Martín Cauteruccio,San Lorenzo
2324575,11,Rodrigo Depetris,Atlético Rafaela
2324575,48,Guido Carrillo,Estudiantes
2324575,81,Diego Vera,Estudiantes
2324580,23,Diego Milito,Racing Club
2324583,28,Luciano Cabral,Argentinos Juniors
2324583,83,Lautaro Rinaldi,Argentinos Juniors
2324583,86,Maxi Rodriguez,Newells Old Boys
2324581,8,Matías Lequi,Aldosivi
2324581,57,Roger Martínez,Aldosivi
2324581,89,Ángel Vildozo,Aldosivi
2324586,88,Renzo Saravia,Belgrano de Córdoba
2324591,30,Claudio Bieler,Quilmes
2324591,45,Walter Benítez,Quilmes
2324591,40,Héctor Villalba,San Lorenzo
2324599,74,Javier Grbec,Temperley
2324599,90,Gustavo Aprile,Temperley
2324590,29,Jorge Rojas,Gimnasia de La Plata
2324596,11,Lucas Albertengo,Independiente
2324589,57,Ignacio Malcorra,Unión de Santa Fe
2324593,25,Maxi Rodriguez,Newells Old Boys
2324593,32,Mauricio Cuero,Banfield
2324595,45,Gastón Díaz,Aldosivi
2324595,3,Marcos Acuña,Racing Club
2324595,31,Luciano Lollo,Racing Club
2324602,81,Marcos Figueroa,San Martín de San Juan
2324602,39,Carlos Matheu,Defensa y Justicia
2324602,48,Julio César Rodríguez,Defensa y Justicia
2324602,70,Juan Tejera,Defensa y Justicia
2324597,14,Teófilo Gutiérrez,River Plate
2324597,90,Camilo Mayada,River Plate
2324594,71,Fabián Cubero,Vélez Sarsfield
2324594,86,Mariano Pavone,Vélez Sarsfield
2324588,75,Federico Rasic,Arsenal de Sarandí
2324598,14,Lautaro Acosta,Lanús
2324598,45,Lautaro Acosta,Lanús
2324600,30,Eduardo Domínguez,Huracán
2324600,62,Eduardo Domínguez,Huracán
2324600,86,Ramón Ábila,Huracán
2324600,66,Federico González,Atlético Rafaela
2324600,70,Ignacio Pussetto,Atlético Rafaela
2324616,1,Ignacio Fernández,Gimnasia de La Plata
2324616,18,Álvaro Fernández,Gimnasia de La Plata
2324616,42,Jorge Rojas,Gimnasia de La Plata
2324616,69,Maximiliano Meza,Gimnasia de La Plata
2324616,81,Jorge Rojas,Gimnasia de La Plata
2324616,50,Lucas Gamba,Unión de Santa Fe
2324616,75,Emiliano Ellacopulos,Unión de Santa Fe
2324614,14,Mariano Uglessich,Quilmes
2324614,41,Alexis Canelo,Quilmes
2324605,37,Cristian Llama,Colón de Santa Fe
2324605,62,David Distéfano,Huracán
2324607,50,Gabriel Esparza,Temperley
2324607,48,Maximiliano Velázquez,Lanús
2324603,1,Gabriel Ávalos,Crucero del Norte
2324603,40,Ernesto Álvarez,Crucero del Norte
2324603,79,Nicolás Olmedo,Crucero del Norte
2324603,55,Marcos Figueroa,San Martín de San Juan
2324609,71,Franco Niell,Rosario Central
2324609,38,Emanuel Aguilera,Independiente
2324606,29,Adrián Bastía,Atlético Rafaela
2324606,74,Federico González,Atlético Rafaela
2324611,32,Gustavo Bou,Racing Club
2324611,57,Washington Camacho,Racing Club
2324611,88,Diego Milito,Racing Club
2324611,82,Fausto Grillo,Vélez Sarsfield
2324612,5,Cata Díaz,Boca Juniors
2324612,50,Sebastián Palacios,Boca Juniors
2324612,64,Jonathan Calleri,Boca Juniors
2324612,84,Andrés Chávez,Boca Juniors
2324608,59,Jacobo Mansilla,Olimpo de Bahía Blanca
2324608,88,Gonzalo Martínez,River Plate
2324610,35,Carlos Luna,Tigre
2324610,90,Carlos Luna,Tigre
2324610,51,José Sand,Aldosivi
2324604,65,Guido Carrillo,Estudiantes
2324619,89,Nicolás Mazzola,Gimnasia de La Plata
2324621,54,Fernando Márquez,Belgrano de Córdoba
2324621,90,Claudio Pérez,Belgrano de Córdoba
2324621,23,Lautaro Rinaldi,Argentinos Juniors
2324628,30,Ramiro Funes Mori,River Plate
2324628,38,Gabriel Esparza,Temperley
2324620,45,Ignacio Malcorra,Unión de Santa Fe
2324620,40,Sebastián Blanco,San Lorenzo
2324622,28,Giovanni Simeone,Banfield
2324629,77,Román Martínez,Lanús
2324629,87,Nicolás Aguirre,Lanús
2324629,90,Sergio González,Lanús
2324627,19,José Valencia,Independiente
2324627,74,Martín Benítez,Independiente
2324627,87,Martín Benítez,Independiente
2324627,21,Joel Acosta,Olimpo de Bahía Blanca
2324624,14,Martín Tonso,Newells Old Boys
2324624,31,Ignacio Scocco,Newells Old Boys
2324624,52,Ignacio Scocco,Newells Old Boys
2324618,12,Leandro Fernández,Godoy Cruz
2324618,42,Leandro Fernández,Godoy Cruz
2324618,87,Lucas Ceballos,Godoy Cruz
2324623,28,Sebastián Palacios,Boca Juniors
2324626,90,Ángel Vildozo,Aldosivi
2324626,5,Marco Rubén,Rosario Central
2324626,14,Franco Cervi,Rosario Central
2324626,90,Franco Niell,Rosario Central
2324625,88,Milton Caraglio,Vélez Sarsfield
2324625,90,Milton Caraglio,Vélez Sarsfield
2324625,75,Sebastián Rincón,Tigre
2324625,87,Leandro González Pirez,Tigre
2324646,8,Sebastián Blanco,San Lorenzo
2324646,14,Martín Cauteruccio,San Lorenzo
2324646,68,Jorge Curbelo,Arsenal de Sarandí
2324644,26,Sergio Vittor,Banfield
2324644,73,Lucas Zelarayán,Belgrano de Córdoba
2324644,77,Christian Lema,Belgrano de Córdoba
2324639,42,Jonathan Blanco,Olimpo de Bahía Blanca
2324639,20,Franco Canever,Aldosivi
2324639,41,Franco Canever,Aldosivi
2324639,88,Federico León,Aldosivi
2324635,61,Ignacio Rivero,Defensa y Justicia
2324635,69,Esteban Saveljić,Defensa y Justicia
2324635,40,Alejandro Gagliardi,Nueva Chicago
2324643,27,Sebastián Palacios,Boca Juniors
2324643,53,Jonathan Calleri,Boca Juniors
2324643,59,Alexis Canelo,Quilmes
2324637,45,Alexander Barboza,Atlético Rafaela
2324637,28,Fernando Cavenaghi,River Plate
2324637,30,Fernando Cavenaghi,River Plate
2324637,60,Fernando Cavenaghi,River Plate
2324637,82,Fernando Cavenaghi,River Plate
2324637,85,Guido Rodríguez,River Plate
2324642,6,Diego Milito,Racing Club
2324642,35,Washington Camacho,Racing Club
2324642,90,Tobias Figueroa,Sarmiento de Junín
2324636,24,Gustavo Villarruel,Colón de Santa Fe
2324636,27,Sergio González,Lanús
2324636,70,Víctor Ayala,Lanús
2324634,45,Facundo Pumpido,San Martín de San Juan
2324634,72,Pablo Vitti,San Martín de San Juan
2324634,88,Marcos Figueroa,San Martín de San Juan
2324634,3,Ramón Ábila,Huracán
2324634,13,David Distéfano,Huracán
2324638,54,Lucas Albertengo,Independiente
2324647,77,Ignacio Fernández,Gimnasia de La Plata
2324647,88,Rodrigo Contreras,Gimnasia de La Plata
2324633,67,Ariel Cólzera,Crucero del Norte
2324633,72,Álvaro Pereira,Estudiantes
2324633,85,Diego Mendoza,Estudiantes
2324645,90,Lucas Cano,Argentinos Juniors
2324645,38,Franco Soldano,Unión de Santa Fe
2324645,75,Franco Soldano,Unión de Santa Fe
2324648,42,Nicolás Mazzola,Gimnasia de La Plata
2324648,90,Ignacio Fernández,Gimnasia de La Plata
2324648,85,Rodrigo Lechner,Crucero del Norte
2324654,36,Sebastián Rincón,Tigre
2324659,48,Sebastián Driussi,River Plate
2324659,62,Fernando Cavenaghi,River Plate
2324659,83,Tabaré Viudez,River Plate
2324659,32,Germán Conti,Colón de Santa Fe
2324658,7,Martín Benítez,Independiente
2324658,67,Martín Benítez,Independiente
2324656,66,Ezequiel Parnisari,Olimpo de Bahía Blanca
2324656,87,Juan Sills,Olimpo de Bahía Blanca
2324649,78,Leandro Fernández,Godoy Cruz
2324649,59,Martín Cauteruccio,San Lorenzo
2324655,68,Marco Rubén,Rosario Central
2324653,40,Rodrigo Gómez,Quilmes
2324653,56,Claudio Bieler,Quilmes
2324653,12,Washington Camacho,Racing Club
2324662,45,Ramón Ábila,Huracán
2324660,90,Julio César Rodríguez,Defensa y Justicia
2324652,37,Fernando Gago,Boca Juniors
2324650,28,Santiago Silva,Arsenal de Sarandí
2324650,50,Santiago Silva,Arsenal de Sarandí
2324650,55,Matías Campos Toro,Arsenal de Sarandí
2324650,81,Andrés Franzoia,Argentinos Juniors
2324650,90,Nicolás Freire,Argentinos Juniors
2324668,40,Osmar Ferreyra,Atlético Rafaela
2324668,37,Nicolás Miracco,Aldosivi
2324668,63,Federico León,Aldosivi
2324669,59,Pablo Vilchez,Temperley
2324669,67,Fabián Sambueza,Temperley
2324669,25,Leandro Desábato,Vélez Sarsfield
2324664,80,Diego Mendoza,Estudiantes
2324677,47,Martín Cauteruccio,San Lorenzo
2324667,59,Diego Vera,Independiente
2324671,79,Marco Rubén,Rosario Central
2324671,45,Sebastián Luna,Sarmiento de Junín
2324670,52,David Vega,Olimpo de Bahía Blanca
2324670,90,Walter Acuña,Olimpo de Bahía Blanca
2324663,12,Gabriel Ávalos,Crucero del Norte
2324663,24,Gabriel Ávalos,Crucero del Norte
2324663,72,Carlos Arano,Huracán
2324663,77,Cristian Espinoza,Huracán
2324663,86,Agustin Torassa,Huracán
2324663,90,Cristian Espinoza,Huracán
2324674,6,Jonathan Calleri,Boca Juniors
2324674,46,Carlos Tévez,Boca Juniors
2324674,88,Jonathan Calleri,Boca Juniors
2324674,33,Ignacio Malcorra,Unión de Santa Fe
2324674,35,Mauricio Martínez,Unión de Santa Fe
2324674,65,Emanuel Brítez,Unión de Santa Fe
2324674,90,Lucas Gamba,Unión de Santa Fe
2324672,42,Claudio Bieler,Quilmes
2324675,25,Juan Cazares,Banfield
2324675,30,Facundo Castillón,Banfield
2324675,38,Giovanni Simeone,Banfield
2324675,46,Giovanni Simeone,Banfield
2324675,12,Federico Lértora,Arsenal de Sarandí
2324665,72,Eric Aparicio,San Martín de San Juan
2324665,3,Diego Braghieri,Lanús
2324666,3,Walter Busse,Defensa y Justicia
2324683,25,Iván Óbolo,Belgrano de Córdoba
2324689,31,Martín Benítez,Independiente
2324692,5,Mauricio Carrasco,Nueva Chicago
2324692,57,Lucas Baldunciel,Nueva Chicago
2324692,79,Alejandro Gagliardi,Nueva Chicago
2324680,33,Juan Garro,Godoy Cruz
2324680,1,Giovanni Simeone,Banfield
2324680,7,Nicolás Bianchi Arce,Banfield
2324688,1,José Sand,Aldosivi
2324688,28,Ismael Benegas,Colón de Santa Fe
2324682,90,Leonardo Sánchez,Unión de Santa Fe
2324682,11,Óscar Romero,Racing Club
2324682,17,Gustavo Bou,Racing Club
2324678,27,Julio Buffarini,San Lorenzo
2324678,89,Matías Caruzzo,San Lorenzo
2324678,45,José Dujaut,Crucero del Norte
2324679,68,Rodrigo Contreras,Gimnasia de La Plata
2324679,85,Oliver Paz Benítez,Gimnasia de La Plata
2324679,90,Antonio Medina,Gimnasia de La Plata
2324679,90,Ezequiel Bonifacio,Gimnasia de La Plata
2324679,29,Reinaldo Lenis,Argentinos Juniors
2324679,45,Reinaldo Lenis,Argentinos Juniors
2324687,4,Matías Pérez Acuña,Vélez Sarsfield
2324687,68,Yamil Asad,Vélez Sarsfield
2324687,45,Franco Jominy,Atlético Rafaela
2324687,79,Osmar Ferreyra,Atlético Rafaela
2324681,90,Fernando Luna,Arsenal de Sarandí
2324681,29,Pablo Pérez,Boca Juniors
2324681,68,Jonathan Calleri,Boca Juniors
2324690,51,Facundo Pumpido,San Martín de San Juan
2324684,73,Emanuel Morales,Quilmes
2324684,87,Claudio Bieler,Quilmes
2324684,6,Marco Rubén,Rosario Central
2324684,78,Pablo Álvarez,Rosario Central
2324699,90,Osmar Ferreyra,Atlético Rafaela
2324699,87,Ignacio Scocco,Newells Old Boys
2324706,56,Giovanni Simeone,Banfield
2324701,39,Lucas Pérez Godoy,Quilmes
2324704,18,Diego Milito,Racing Club
2324704,76,Mariano Pavone,Racing Club
2324704,45,Santiago Tréllez,Arsenal de Sarandí
2324696,25,Damián Ledesma,San Martín de San Juan
2324696,63,Mauricio Victorino,Independiente
2324707,79,Ezequiel Ham,Argentinos Juniors
2324707,85,Ezequiel Garré,Argentinos Juniors
2324707,11,Matías Caruzzo,San Lorenzo
2324707,39,Héctor Villalba,San Lorenzo
2324707,90,Néstor Ortigoza,San Lorenzo
2324693,87,Alejandro Gagliardi,Nueva Chicago
2324702,16,Walter Montoya,Rosario Central
2324702,50,Marco Rubén,Rosario Central
2324702,72,Marcelo Larrondo,Rosario Central
2324702,52,Sebastián Prediger,Belgrano de Córdoba
2324703,9,Carlos Luna,Tigre
2324703,14,Facundo Sánchez,Tigre
2324703,42,Ignacio Malcorra,Unión de Santa Fe
2324705,39,Marcelo Meli,Boca Juniors
2324705,66,Carlos Tévez,Boca Juniors
2324695,56,Ezequiel Cerutti,Estudiantes
2324695,67,Sebastián Domínguez,Estudiantes
2324695,39,Lucho González,River Plate
2324697,24,Emiliano Tellechea,Defensa y Justicia
2324697,64,Emiliano Tellechea,Defensa y Justicia
2324697,66,Ciro Rius,Defensa y Justicia
2324697,85,Juan Sánchez,Defensa y Justicia
2324708,75,Reinaldo Lenis,Argentinos Juniors
2324708,79,Lautaro Rinaldi,Argentinos Juniors
2324708,84,Reinaldo Lenis,Argentinos Juniors
2324708,38,Alejandro Pérez,Crucero del Norte
2324719,2,Guillermo Ortíz,Aldosivi
2324719,17,José Sand,Aldosivi
2324710,47,Nicolás Mazzola,Gimnasia de La Plata
2324710,57,Nicolás Lodeiro,Boca Juniors
2324710,90,Andrés Chávez,Boca Juniors
2324717,64,Pablo Vegetti,Colón de Santa Fe
2324718,51,Damián Pérez,Vélez Sarsfield
2324718,65,Fabián Cubero,Vélez Sarsfield
2324718,90,Marcelo Benítez,Defensa y Justicia
2324712,80,Santiago Silva,Arsenal de Sarandí
2324712,90,Federico Rasic,Arsenal de Sarandí
2324716,90,Ignacio Pussetto,Atlético Rafaela
2324721,15,Gonzalo Martínez,River Plate
2324721,40,Daniel Montenegro,Huracán
2324713,70,Marcelo Larrondo,Rosario Central
2324720,53,Diego Vera,Independiente
2324720,65,Gastón Fernández,Estudiantes
2324722,54,Nicolás Aguirre,Lanús
2324711,47,Juan Garro,Godoy Cruz
2324711,3,Diego Milito,Racing Club
2324711,28,Mariano Pavone,Racing Club
2324734,44,Carlos Luna,Tigre
2324734,87,Santiago Izaguirre,Tigre
2324734,83,Jaime Ayoví,Godoy Cruz
2324737,90,Sergio Vittor,Banfield
2324737,8,Lautaro Rinaldi,Argentinos Juniors
2324723,8,Ariel Cólzera,Crucero del Norte
2324723,13,Sergio González,Lanús
2324723,38,Sergio González,Lanús
2324723,68,Lautaro Acosta,Lanús
2324733,80,Nery Domínguez,Rosario Central
2324729,18,Yamil Garnier,Colón de Santa Fe
2324725,90,Ramón Ábila,Huracán
2324725,48,Juan Lucero,Independiente
2324728,83,Walter Busse,Defensa y Justicia
2324731,43,Ignacio Boggino,Temperley
2324731,56,Fernando Brandán,Temperley
2324731,30,Iván Óbolo,Belgrano de Córdoba
2324724,22,Lucas Alario,River Plate
2324724,36,Lucas Alario,River Plate
2324724,39,Jonatan Maidana,River Plate
2324724,64,Lucas Alario,River Plate
2324724,76,Sebastián Driussi,River Plate
2324727,16,Leandro Martínez,San Martín de San Juan
2324727,45,Marcos Figueroa,San Martín de San Juan
2324727,83,Leandro Martínez,San Martín de San Juan
2324727,75,Nicolás Delgadillo,Vélez Sarsfield
2324736,90,Mauro Matos,San Lorenzo
2324735,33,Gustavo Bou,Racing Club
2324735,48,Osvaldo Barsottini,Gimnasia de La Plata
2324730,66,Lucas Kruspzky,Atlético Rafaela
2324730,81,Gabriel Morales,Atlético Rafaela
2324730,14,Claudio Bieler,Quilmes
2324730,60,Alexis Canelo,Quilmes
2324730,66,Alexis Canelo,Quilmes
2324730,71,Claudio Bieler,Quilmes
2324726,28,Lucas Rodríguez,Estudiantes
2324726,32,Roger Martínez,Aldosivi
2324726,53,Roger Martínez,Aldosivi
2324751,21,Eugenio Isnaldo,Defensa y Justicia
2324741,76,Nicolás Giménez,Nueva Chicago
2324741,11,Leandro Navarro,Argentinos Juniors
2324741,82,Luciano Cabral,Argentinos Juniors
2324738,24,Javier Toledo,San Martín de San Juan
2324738,70,Leandro Fernández,Godoy Cruz
2324738,76,Leandro Fernández,Godoy Cruz
2324744,33,Martín Benítez,Independiente
2324744,82,Jesús Méndez,Independiente
2324744,86,Diego Vera,Independiente
2324740,72,Patricio Toranzo,Huracán
2324747,77,Walter Acuña,Olimpo de Bahía Blanca
2324749,78,Facundo Parra,Atlético Rafaela
2324749,89,Fernando Márquez,Belgrano de Córdoba
2324745,19,Federico González,Tigre
2324745,57,Facundo Sánchez,Tigre
2324745,89,Lucas Wilchez,Tigre
2324739,60,Leonardo Jara,Estudiantes
2324739,22,Maximiliano Meza,Gimnasia de La Plata
2324743,19,Nicolás Lodeiro,Boca Juniors
2324742,41,Mauricio Cuero,Banfield
2324752,6,Pablo Lugüercio,Aldosivi
2324752,57,Alejandro Capurro,Aldosivi
2324762,15,Diego Cháves,Sarmiento de Junín
2324762,69,Diego Cháves,Sarmiento de Junín
2324762,89,Eugenio Isnaldo,Defensa y Justicia
2324754,56,Ezequiel Ham,Argentinos Juniors
2324754,45,Carlos Tévez,Boca Juniors
2324754,54,Carlos Tévez,Boca Juniors
2324754,90,Jonathan Calleri,Boca Juniors
2324757,77,Leandro Fernández,Godoy Cruz
2324757,11,Marco Rubén,Rosario Central
2324757,21,Marcelo Larrondo,Rosario Central
2324757,52,José Fernandez,Rosario Central
2324766,14,Juan Lucero,Independiente
2324766,89,Cristian Rodríguez,Independiente
2324766,26,Nicolás Giménez,Nueva Chicago
2324756,53,Maximiliano Coronel,Gimnasia de La Plata
2324756,10,Federico González,Tigre
2324763,67,Maxi Rodriguez,Newells Old Boys
2324764,63,Ezequiel Cerutti,Estudiantes
2324758,20,Santiago Tréllez,Arsenal de Sarandí
2324758,35,Federico Rasic,Arsenal de Sarandí
2324758,10,Jonathan Blanco,Olimpo de Bahía Blanca
2324753,3,Mauricio Cuero,Banfield
2324753,23,Giovanni Simeone,Banfield
2324753,85,Pablo Stupiski,Crucero del Norte
2324759,12,Claudio Riaño,Unión de Santa Fe
2324759,63,Emanuel Brítez,Unión de Santa Fe
2324759,48,Javier Grbec,Temperley
2324767,64,Rodrigo Mora,River Plate
2324767,45,Nicolás Aguirre,Lanús
2324755,21,Mauro Cetto,San Lorenzo
2324755,80,Emanuel Mas,San Lorenzo
2324755,78,Iván Pillud,Racing Club
2324761,23,Claudio Bieler,Quilmes
2324778,66,Walter Acuña,Olimpo de Bahía Blanca
2324770,28,Fernando De la Fuente,Nueva Chicago
2324770,33,Alejandro Gagliardi,Nueva Chicago
2324770,72,Alejandro Gagliardi,Nueva Chicago
2324770,50,Gastón Díaz,Aldosivi
2324776,32,Gabriel Graciani,Atlético Rafaela
2324776,36,Osmar Ferreyra,Atlético Rafaela
2324776,68,Claudio Riaño,Unión de Santa Fe
2324776,71,Rolando García,Unión de Santa Fe
2324776,80,Juan Rivas,Unión de Santa Fe
2324780,85,Sebastián Rincón,Tigre
2324780,50,Martín Cauteruccio,San Lorenzo
2324775,41,Jorge Velázquez,Belgrano de Córdoba
2324768,48,Gonzalo Martínez,River Plate
2324781,89,Óscar Romero,Racing Club
2324779,27,Nery Domínguez,Rosario Central
2324779,29,Marco Rubén,Rosario Central
2324779,40,Marcelo Larrondo,Rosario Central
2324779,72,Marco Rubén,Rosario Central
2324774,37,Claudio Bieler,Quilmes
2324782,4,Gino Peruzzi,Boca Juniors
2324782,61,Jonathan Calleri,Boca Juniors
2324782,81,Carlos Tévez,Boca Juniors
2324773,80,Gervasio Núñez,Sarmiento de Junín
2324769,42,Nicolás Figal,Independiente
2324769,63,Juan Lucero,Independiente
2324777,51,Fernando Brandán,Temperley
2324777,4,Santiago Silva,Arsenal de Sarandí
2324777,81,Ramiro López,Arsenal de Sarandí
2324772,2,Lucas Boyé,Newells Old Boys
2324772,44,Denis Rodriguez,Newells Old Boys
2324791,43,Lucas Parodi,Belgrano de Córdoba
2324792,26,Rodrigo Gómez,Quilmes
2324792,80,Claudio Bieler,Quilmes
2324789,27,Matías Zaldivia,Arsenal de Sarandí
2324789,70,Guillermo Marino,Atlético Rafaela
2324793,61,Luciano Acosta,Estudiantes
2324785,34,Lautaro Rinaldi,Argentinos Juniors
2324785,75,Reinaldo Lenis,Argentinos Juniors
2324785,53,Martín Galmarini,Tigre
2324786,1,Héctor Villalba,San Lorenzo
2324786,77,Sebastián Blanco,San Lorenzo
2324786,33,Marco Rubén,Rosario Central
2324786,70,Marco Rubén,Rosario Central
2324787,2,Osvaldo Barsottini,Gimnasia de La Plata
2324787,46,Nicolás Mazzola,Gimnasia de La Plata
2324787,22,Jacobo Mansilla,Olimpo de Bahía Blanca
2324787,77,Marcelo Herrera,Olimpo de Bahía Blanca
2324795,2,Emiliano Amor,Vélez Sarsfield
2324795,14,Mauricio Carrasco,Nueva Chicago
2324795,46,Alejandro Gagliardi,Nueva Chicago
2324788,35,Fabricio Angileri,Godoy Cruz
2324788,45,Leandro Fernández,Godoy Cruz
2324788,48,Juan Garro,Godoy Cruz
2324783,12,Gabriel Tomassini,Crucero del Norte
2324794,37,Maxi Rodriguez,Newells Old Boys
2324794,90,Maxi Rodriguez,Newells Old Boys
2324797,6,Nicolás Tagliafico,Independiente
2324797,35,Diego Rodríguez,Independiente
2324797,88,Juan Lucero,Independiente
2324796,36,Santiago Rosales,Aldosivi
2324796,70,Santiago Rosales,Aldosivi
2324796,90,José Sand,Aldosivi
2324796,72,Nicolás Aguirre,Lanús
2324802,36,Patricio Toranzo,Huracán
2324802,59,Ramón Ábila,Huracán
2324802,68,Mauro Bogado,Huracán
2324798,22,Diego Vera,Independiente
2324798,45,Diego Rodríguez,Independiente
2324798,61,Diego Vera,Independiente
2324798,78,Juan Martínez Trejo,Independiente
2324801,6,Alejandro Gagliardi,Nueva Chicago
2324801,26,Alejandro Gagliardi,Nueva Chicago
2324801,40,Alejandro Gagliardi,Nueva Chicago
2324801,48,Nicolas Sainz,Nueva Chicago
2324801,59,Alejandro Gagliardi,Nueva Chicago
2324807,19,Walter Serrano,Atlético Rafaela
2324807,35,Juan Garro,Godoy Cruz
2324807,50,Juan Garro,Godoy Cruz
2324807,51,Leandro Fernández,Godoy Cruz
2324807,83,Fabricio Angileri,Godoy Cruz
2324806,13,Pablo Vegetti,Colón de Santa Fe
2324806,16,Cristian Llama,Colón de Santa Fe
2324806,27,Cristian Llama,Colón de Santa Fe
2324806,73,Miguel Caneo,Arsenal de Sarandí
2324804,68,Gustavo Pinedo,San Martín de San Juan
2324804,90,Christian Lema,Belgrano de Córdoba
2324803,50,Carlos Auzqui,Estudiantes
2324803,51,Lucas Rodríguez,Estudiantes
2324803,62,Carlos Auzqui,Estudiantes
2324803,81,Lucas Rodríguez,Estudiantes
2324803,45,Sebastián Romero,Quilmes
2324800,90,Yamil Asad,Vélez Sarsfield
2324809,45,Hernán Encina,Olimpo de Bahía Blanca
2324809,51,Walter Acuña,Olimpo de Bahía Blanca
2324809,71,Mauro Matos,San Lorenzo
2324810,33,Marco Rubén,Rosario Central
2324810,65,Marcelo Larrondo,Rosario Central
2324811,27,Federico González,Tigre
2324811,41,Facundo Sánchez,Tigre
2324811,86,Sebastián Rincón,Tigre
2324811,69,Iván Rossi,Banfield
2324799,75,Rodrigo Mora,River Plate
2324799,17,Pablo Lugüercio,Aldosivi
2324812,6,Marcos Acuña,Racing Club
2324812,34,Gustavo Bou,Racing Club
2324812,88,Sebastián Saja,Racing Club
2324812,24,Jonathan Calleri,Boca Juniors
2324808,40,Javier Grbec,Temperley
2324808,25,Ignacio Fernández,Gimnasia de La Plata
2324808,36,Lucas Licht,Gimnasia de La Plata
2324808,77,Ignacio Fernández,Gimnasia de La Plata
2324819,65,Jaime Ayoví,Godoy Cruz
2324819,14,Cristian Guanca,Colón de Santa Fe
2324819,50,Cristian Guanca,Colón de Santa Fe
2324819,67,Mauricio Sperdutti,Colón de Santa Fe
2324824,90,Gervasio Núñez,Sarmiento de Junín
2324824,63,Nicolás Giménez,Nueva Chicago
2324824,87,Fernando De la Fuente,Nueva Chicago
2324822,10,Jorge Velázquez,Belgrano de Córdoba
2324822,62,Jorge Velázquez,Belgrano de Córdoba
2324822,21,Israel Damonte,Estudiantes
2324818,28,Javier Mendoza,Gimnasia de La Plata
2324826,82,Lucas Alario,River Plate
2324813,45,Diego Milito,Racing Club
2324813,47,Leandro Grimi,Racing Club
2324813,71,Diego Milito,Racing Club
2324825,68,Ignacio Scocco,Newells Old Boys
2324825,90,Víctor Ayala,Lanús
2324823,45,Claudio Bieler,Quilmes
2324823,74,Claudio Bieler,Quilmes
2324823,69,Daniel Montenegro,Huracán
2324814,42,Luciano Monzón,Boca Juniors
2324815,24,Giovanni Simeone,Banfield
2324815,45,Claudio Villagra,Banfield
2324815,83,Franco Niell,Rosario Central
2324817,8,Martín Cauteruccio,San Lorenzo
2324817,90,Nicolás Blandi,San Lorenzo
2324827,15,José Sand,Aldosivi
2324820,9,Gastón Esmerado,Arsenal de Sarandí
2324816,45,Jonathan Blanco,Olimpo de Bahía Blanca
2324831,35,Lautaro Acosta,Lanús
2324831,75,Román Martínez,Lanús
2324831,70,Diego Cháves,Sarmiento de Junín
2324836,8,Fabio Álvarez,Defensa y Justicia
2324836,26,Leandro Fernández,Godoy Cruz
2324837,19,Mauricio Sperdutti,Colón de Santa Fe
2324837,58,Mauricio Sperdutti,Colón de Santa Fe
2324837,8,Javier Mendoza,Gimnasia de La Plata
2324835,29,Eric Aparicio,San Martín de San Juan
2324834,15,Juan Sánchez Miño,Estudiantes
2324834,31,Jonathan Schunke,Estudiantes
2324840,14,Joel Amoroso,Olimpo de Bahía Blanca
2324840,3,Maximiliano Calzada,Banfield
2324840,45,Sergio Vittor,Banfield
2324830,66,Maxi Rodriguez,Newells Old Boys
2324830,88,Ignacio Scocco,Newells Old Boys
2324838,17,Nicolás Blandi,San Lorenzo
2324841,63,César Delgado,Rosario Central
2324841,81,José Fernandez,Rosario Central
2324841,90,Marcelo Larrondo,Rosario Central
2324841,10,Andrés Chávez,Boca Juniors
2324829,90,Diego Rodríguez,Independiente
2324832,10,Alejandro Gagliardi,Nueva Chicago
2324832,74,Mauricio Carrasco,Nueva Chicago
2324832,41,Rodrigo Braña,Quilmes
2324833,29,Lucas Zelarayán,Belgrano de Córdoba
2324833,42,Claudio Pérez,Belgrano de Córdoba
2324828,32,Gastón Díaz,Aldosivi
2324828,74,Jonathan Galván,Aldosivi
