GameID,Minute,Player,Team,Card
2406920,54,Sven Sprangler,SV Mattersburg,yellow
2406920,87,Benno Schmitz,RB Salzburg,yellow
2406922,5,Daniel Offenbacher,Sturm Graz,yellow
2406922,37,Simon Piesinger,Sturm Graz,yellow
2406922,40,Kristijan Dobras,Sturm Graz,yellow
2406922,51,Markus Lackner,FC Admira Wacker,yellow
2406922,67,Dominik Starkl,FC Admira Wacker,yellow-red
2406922,80,Patrick Wessely,FC Admira Wacker,yellow
2406924,27,Oliver Kragl,SV Ried,red
2406926,35,Roman Wallner,SV Grödig,yellow
2406926,82,Robert Strobl,SV Grödig,yellow
2406926,61,Patrick Salomon,SCR Altach,yellow
2406928,35,Alexander Kofler,Wolfsberger AC,yellow
2406928,48,Tadej Trdina,Wolfsberger AC,yellow
2406928,70,Silvio,Wolfsberger AC,red
2406928,20,Ognjen Vukojević,Austria Wien,yellow
2406930,19,Benno Schmitz,RB Salzburg,yellow
2406930,34,David Atanga,RB Salzburg,yellow
2406930,45,Felipe Pires,RB Salzburg,yellow
2406930,76,Louis Schaub,Rapid Wien,yellow
2406930,83,Florian Kainz,Rapid Wien,yellow
2406934,70,Thomas Ebner,FC Admira Wacker,yellow
2406934,87,Markus Blutsch,FC Admira Wacker,yellow
2406934,90,Lukas Grozurek,FC Admira Wacker,yellow
2406934,51,Manuel Prietl,SV Mattersburg,yellow
2406932,58,Petar Filipović,SV Ried,yellow-red
2406932,85,Bernhard Janeczek,SV Ried,yellow
2406932,86,Thomas Gebauer,SV Ried,yellow
2406932,49,Roland Putsche,Wolfsberger AC,yellow
2406932,90,Peter Tschernegg,Wolfsberger AC,yellow
2406936,45,Alexander Grünwald,Austria Wien,yellow
2406936,37,Dominik Hofbauer,SCR Altach,yellow
2406936,69,Philipp Netzer,SCR Altach,yellow
2406938,43,Roman Kienast,Sturm Graz,yellow
2406938,82,Marvin Potzmann,Sturm Graz,red
2406938,53,Robert Strobl,SV Grödig,yellow
2406938,80,Roman Kerschbaum,SV Grödig,yellow
2406940,90,Martin Rasner,SV Grödig,yellow
2406940,58,Christoph Martschinko,Austria Wien,yellow
2406940,73,Lukas Rotpuller,Austria Wien,red
2406940,86,Alexander Grünwald,Austria Wien,yellow
2406940,90,Raphael Holzhauser,Austria Wien,yellow
2406942,12,Dieter Elsneg,SV Ried,yellow
2406946,60,Dominik Starkl,FC Admira Wacker,yellow
2406946,75,Thomas Ebner,FC Admira Wacker,yellow
2406946,90,Patrick Wessely,FC Admira Wacker,yellow
2406948,26,Lukas Jäger,SCR Altach,yellow
2406948,56,Lukas Spendlhofer,Sturm Graz,yellow
2406948,90,Bright Edomwonyi,Sturm Graz,yellow
2406944,5,Srđan Grahovac,Rapid Wien,yellow
2406944,52,Maximilian Hofmann,Rapid Wien,yellow
2406944,70,Florian Kainz,Rapid Wien,yellow
2406944,78,Christopher Dibon,Rapid Wien,yellow
2406944,32,Peter Tschernegg,Wolfsberger AC,yellow
2406944,69,Michael Berger,Wolfsberger AC,yellow
2406944,90,Jacobo,Wolfsberger AC,yellow
2406950,60,Marcel Ziegl,SV Ried,yellow
2406950,40,Stefan Lainer,RB Salzburg,yellow
2406952,81,Roland Putsche,Wolfsberger AC,yellow
2406952,5,Martin Ehrenreich,Sturm Graz,yellow
2406952,47,Wilson Kamavuaka,Sturm Graz,yellow
2406954,42,Hannes Aigner,SCR Altach,yellow
2406954,52,Patrick Seeger,SCR Altach,yellow
2406954,83,Felix Roth,SCR Altach,yellow
2406954,40,Thorsten Mahrer,SV Mattersburg,yellow
2406954,78,Dominik Doleschal,SV Mattersburg,yellow
2406956,40,Thomas Ebner,FC Admira Wacker,yellow
2406956,59,Christoph Schösswendter,FC Admira Wacker,yellow
2406958,36,Ognjen Vukojević,Austria Wien,yellow
2406958,40,Raphael Holzhauser,Austria Wien,yellow
2406958,50,Olarenwaju Kayode,Austria Wien,yellow
2406958,78,Kevin Friesenbichler,Austria Wien,yellow
2406958,45,Mario Sonnleitner,Rapid Wien,yellow
2406958,54,Thanos Petsos,Rapid Wien,yellow
2406958,80,Stephan Auer,Rapid Wien,yellow
2406960,18,Fran,SV Mattersburg,red
2406962,23,Daniel Toth,FC Admira Wacker,yellow
2406962,86,Thomas Ebner,FC Admira Wacker,yellow
2406962,5,Bernhard Janeczek,SV Ried,yellow
2406962,73,Petar Filipović,SV Ried,yellow
2406962,90,Fabian Schubert,SV Ried,yellow
2406964,26,Michael Berger,Wolfsberger AC,yellow
2406964,55,Michael Sollbauer,Wolfsberger AC,yellow
2406964,55,Peter Tschernegg,Wolfsberger AC,yellow
2406964,57,Joachim Standfest,Wolfsberger AC,yellow
2406964,76,Jacobo,Wolfsberger AC,yellow
2406964,12,Robert Strobl,SV Grödig,yellow
2406964,55,Daniel Schütz,SV Grödig,yellow
2406964,70,Fabio Strauss,SV Grödig,yellow-red
2406966,66,David Atanga,RB Salzburg,yellow
2406966,26,Daniel Luxbacher,SCR Altach,yellow
2406966,30,Martin Harrer,SCR Altach,yellow
2406966,51,Lukas Jäger,SCR Altach,yellow
2406966,73,César Ortiz,SCR Altach,yellow
2406966,76,Boris Prokopič,SCR Altach,yellow
2406972,51,Anel Hadžić,Sturm Graz,yellow
2406972,78,Martin Ehrenreich,Sturm Graz,yellow
2406972,81,Marvin Potzmann,Sturm Graz,yellow
2406972,83,Donis Avdijaj,Sturm Graz,yellow
2406972,24,Louis Schaub,Rapid Wien,yellow
2406972,34,Mario Pavelić,Rapid Wien,yellow
2406972,64,Robert Berić,Rapid Wien,yellow
2406982,78,Philipp Prosenik,Rapid Wien,yellow
2406982,90,Harald Pichler,SV Grödig,yellow-red
2406986,31,Petar Filipović,SV Ried,yellow
2406986,45,Bernhard Janeczek,SV Ried,yellow
2406986,52,Alberto Prada,SV Ried,yellow
2406986,74,Daniel Sikorski,SV Ried,yellow
2406986,90,Denis Streker,SV Ried,yellow
2406986,36,Martin Ehrenreich,Sturm Graz,yellow
2406986,83,Michael Esser,Sturm Graz,yellow
2406986,85,Anel Hadžić,Sturm Graz,yellow
2406986,90,Michael Madl,Sturm Graz,yellow
2406986,90,Thorsten Schick,Sturm Graz,yellow
2406988,17,Alois Höller,SV Mattersburg,yellow
2406988,40,Patrick Farkas,SV Mattersburg,yellow
2406988,87,Nedeljko Malić,SV Mattersburg,yellow
2406988,54,Peter Tschernegg,Wolfsberger AC,yellow
2406988,67,Boris Hüttenbrenner,Wolfsberger AC,yellow
2406988,70,Manuel Seidl,Wolfsberger AC,yellow-red
2406980,58,Andreas Ulmer,RB Salzburg,yellow
2406980,44,Vanče Šikov,Austria Wien,yellow
2406980,73,Lukas Rotpuller,Austria Wien,yellow-red
2406980,73,Marco Meilinger,Austria Wien,yellow
2406980,90,Raphael Holzhauser,Austria Wien,yellow
2406980,90,Fabian Koch,Austria Wien,yellow
2406984,24,Louis NGwat-Mahop,SCR Altach,yellow
2406984,86,Hannes Aigner,SCR Altach,yellow
2406984,45,Lukas Grozurek,FC Admira Wacker,yellow
2406984,73,Markus Wostry,FC Admira Wacker,yellow-red
2406984,77,Eldis Bajrami,FC Admira Wacker,yellow
2406984,89,Daniel Toth,FC Admira Wacker,yellow
2407006,21,Maximilian Sax,FC Admira Wacker,yellow
2407006,43,Eldis Bajrami,FC Admira Wacker,yellow
2407006,55,Thomas Ebner,FC Admira Wacker,yellow
2407006,61,Florian Neuhold,FC Admira Wacker,yellow
2407006,90,René Schicker,FC Admira Wacker,yellow
2407006,37,Vanče Šikov,Austria Wien,yellow
2407006,44,Christoph Martschinko,Austria Wien,yellow
2406994,4,Richard Strebinger,Rapid Wien,red
2407004,68,Timo Brauer,SV Grödig,yellow
2407004,79,Fabio Strauss,SV Grödig,yellow
2407004,43,Alberto Prada,SV Ried,yellow
2407004,56,Denis Streker,SV Ried,yellow
2407004,66,Manuel Gavilàn,SV Ried,yellow
2407004,75,Nico Antonitsch,SV Ried,yellow
2406998,42,Michael Madl,Sturm Graz,yellow
2406998,20,Christian Schwegler,RB Salzburg,yellow
2406998,56,Stefan Lainer,RB Salzburg,yellow
2407000,19,Alexander Kofler,Wolfsberger AC,yellow
2407000,43,Roland Putsche,Wolfsberger AC,yellow
2407000,48,Stephan Palla,Wolfsberger AC,yellow
2407000,69,Daniel Drescher,Wolfsberger AC,yellow
2407000,57,Emanuel Schreiner,SCR Altach,yellow
2407000,71,Andreas Lukse,SCR Altach,yellow
2407000,71,Jan Zwischenbrugger,SCR Altach,yellow
2407000,90,Patrick Salomon,SCR Altach,yellow
2407022,68,Alexander Pöllhuber,SCR Altach,yellow
2407022,70,César Ortiz,SCR Altach,yellow
2407022,82,Dominik Hofbauer,SCR Altach,yellow
2407022,38,Ján Novota,Rapid Wien,yellow
2407022,90,Srđan Grahovac,Rapid Wien,yellow
2407020,39,Valon Berisha,RB Salzburg,yellow
2407020,74,Matthias Maak,SV Grödig,red
2407026,20,Oliver Kragl,SV Ried,yellow
2407026,26,Thomas Reifeltshammer,SV Ried,yellow
2407026,62,Petar Filipović,SV Ried,yellow
2407026,67,Bernhard Janeczek,SV Ried,yellow
2407026,88,Alberto Prada,SV Ried,yellow
2407026,90,Thomas Gebauer,SV Ried,yellow
2407032,78,Christoph Schösswendter,FC Admira Wacker,yellow-red
2407032,24,Manuel Weber,Wolfsberger AC,yellow
2407032,56,Issiaka Ouédraogo,Wolfsberger AC,yellow
2407036,83,Nedeljko Malić,SV Mattersburg,yellow
2407036,88,Alois Höller,SV Mattersburg,yellow
2407036,61,Christian Klem,Sturm Graz,yellow
2407036,63,Donis Avdijaj,Sturm Graz,yellow
2407036,78,Michael Madl,Sturm Graz,yellow
2407042,83,Josip Tadić,Sturm Graz,yellow
2407044,42,Stephan Palla,Wolfsberger AC,yellow
2407044,72,Michael Berger,Wolfsberger AC,yellow
2407044,13,Valon Berisha,RB Salzburg,yellow
2407044,86,Andreas Ulmer,RB Salzburg,yellow
2407046,67,Petar Filipović,SV Ried,yellow
2407046,42,Philipp Netzer,SCR Altach,yellow
2407046,87,Lukas Jäger,SCR Altach,yellow
2407048,14,Sandro Djuric,SV Grödig,yellow
2407048,26,Harald Pichler,SV Grödig,yellow
2407048,90,Benjamin Sulimani,SV Grödig,yellow
2407048,88,Thorsten Mahrer,SV Mattersburg,yellow
2407048,90,Vitālijs Maksimenko,SV Mattersburg,yellow
2407040,23,Stefan Schwab,Rapid Wien,yellow
2407040,36,Steffen Hofmann,Rapid Wien,yellow
2407040,41,Markus Blutsch,FC Admira Wacker,yellow
2406925,12,Bernhard Janeczek,SV Ried,yellow
2406925,28,Dieter Elsneg,SV Ried,yellow
2406925,43,Thomas Bergmann,SV Ried,yellow
2406925,44,Steffen Hofmann,Rapid Wien,yellow
2406925,44,Christopher Dibon,Rapid Wien,yellow
2406921,2,Naby Keïta,RB Salzburg,yellow
2406927,90,Patrick Seeger,SCR Altach,yellow
2406927,19,Lucas Venuto,SV Grödig,yellow
2406927,56,Fabio Strauss,SV Grödig,yellow
2406927,70,Martin Rasner,SV Grödig,yellow
2406929,80,Michael Berger,Wolfsberger AC,yellow
2406929,89,Boris Hüttenbrenner,Wolfsberger AC,yellow
2406923,20,René Schicker,FC Admira Wacker,yellow
2406923,55,Markus Lackner,FC Admira Wacker,yellow
2406923,50,Thorsten Schick,Sturm Graz,yellow
2406923,60,Donis Avdijaj,Sturm Graz,yellow
2406939,9,Robert Strobl,SV Grödig,yellow
2406939,48,Timo Brauer,SV Grödig,yellow
2406939,51,Matthias Maak,SV Grödig,yellow
2406939,73,Sandro Djuric,SV Grödig,yellow
2406939,89,Roman Kerschbaum,SV Grödig,yellow
2406939,26,Anel Hadžić,Sturm Graz,yellow
2406939,41,Wilson Kamavuaka,Sturm Graz,yellow
2406939,53,Michael Madl,Sturm Graz,yellow
2406933,90,Silvio,Wolfsberger AC,yellow
2406933,20,Michele Polverino,SV Ried,yellow
2406933,70,Thomas Bergmann,SV Ried,yellow
2406933,76,Nico Antonitsch,SV Ried,yellow
2406935,66,Alois Höller,SV Mattersburg,yellow
2406935,74,Daniel Toth,FC Admira Wacker,yellow
2406937,32,Alexander Pöllhuber,SCR Altach,yellow
2406937,37,Martin Harrer,SCR Altach,yellow
2406937,45,Philipp Netzer,SCR Altach,yellow
2406937,45,Alexander Grünwald,Austria Wien,yellow
2406937,80,Lukas Rotpuller,Austria Wien,yellow
2406937,90,Fabian Koch,Austria Wien,yellow
2406937,90,Kevin Friesenbichler,Austria Wien,yellow
2406931,62,Steffen Hofmann,Rapid Wien,yellow
2406931,90,Stephan Auer,Rapid Wien,yellow
2406931,90,Matej Jelić,Rapid Wien,yellow
2406931,89,Christian Schwegler,RB Salzburg,yellow
2406931,90,Jonathan Soriano,RB Salzburg,yellow
2406931,90,Yordy Reyna,RB Salzburg,yellow
2406947,44,Duje Ćaleta-Car,RB Salzburg,yellow
2406947,17,Thomas Ebner,FC Admira Wacker,yellow
2406947,74,René Schicker,FC Admira Wacker,yellow
2406941,75,Alexander Grünwald,Austria Wien,yellow
2406941,90,Lukas Rotpuller,Austria Wien,yellow
2406941,36,Harald Pichler,SV Grödig,yellow
2406941,54,Sandro Djuric,SV Grödig,yellow
2406941,59,Matthias Maak,SV Grödig,yellow
2406941,70,Martin Rasner,SV Grödig,yellow
2406941,85,Benjamin Sulimani,SV Grödig,yellow
2406943,67,Petar Filipović,SV Ried,yellow
2406943,83,Bernhard Janeczek,SV Ried,yellow
2406943,40,Jano,SV Mattersburg,yellow
2406943,49,Nedeljko Malić,SV Mattersburg,yellow
2406943,50,Thorsten Röcher,SV Mattersburg,yellow
2406949,85,Christian Klem,Sturm Graz,yellow
2406949,55,Hannes Aigner,SCR Altach,yellow
2406945,82,Dario Baldauf,Wolfsberger AC,yellow
2406955,22,Thorsten Röcher,SV Mattersburg,yellow
2406955,31,Patrick Farkas,SV Mattersburg,yellow
2406955,24,Christian Schilling,SCR Altach,yellow
2406955,32,Emanuel Schreiner,SCR Altach,yellow
2406955,44,Lukas Jäger,SCR Altach,yellow
2406955,53,Andreas Lukse,SCR Altach,yellow
2406955,75,Alexander Pöllhuber,SCR Altach,yellow-red
2406951,66,Paulo Miranda,RB Salzburg,yellow
2406951,14,Michele Polverino,SV Ried,yellow
2406951,17,Gernot Trauner,SV Ried,yellow
2406951,60,Dieter Elsneg,SV Ried,yellow
2406951,81,Manuel Gavilàn,SV Ried,yellow
2406953,81,Michael Madl,Sturm Graz,yellow
2406953,31,Christoph Rabitsch,Wolfsberger AC,yellow
2406953,45,Thomas Zündel,Wolfsberger AC,yellow
2406953,86,Daniel Drescher,Wolfsberger AC,yellow
2406957,19,Daniel Schütz,SV Grödig,yellow
2406957,55,Lukas Denner,SV Grödig,yellow
2406957,90,Roman Wallner,SV Grödig,yellow
2406959,84,Christopher Dibon,Rapid Wien,yellow
2406959,33,Christoph Martschinko,Austria Wien,yellow
2406959,69,Richard Windbichler,Austria Wien,yellow
2406959,90,Robert Almer,Austria Wien,yellow
2406959,90,Ognjen Vukojević,Austria Wien,yellow
2406973,84,Matej Jelić,Rapid Wien,yellow
2406973,55,Simon Piesinger,Sturm Graz,yellow
2406973,77,Daniel Offenbacher,Sturm Graz,yellow
2406973,79,Lukas Spendlhofer,Sturm Graz,yellow
2406963,44,Petar Filipović,SV Ried,yellow
2406963,50,Michele Polverino,SV Ried,yellow
2406963,44,Daniel Toth,FC Admira Wacker,yellow
2406963,55,Thomas Ebner,FC Admira Wacker,yellow
2406963,60,Markus Wostry,FC Admira Wacker,yellow
2406965,39,Timo Brauer,SV Grödig,yellow
2406965,52,Nemanja Rnić,Wolfsberger AC,yellow
2406965,80,Dario Baldauf,Wolfsberger AC,yellow
2406965,90,Boris Hüttenbrenner,Wolfsberger AC,yellow
2406967,57,Philipp Netzer,SCR Altach,yellow
2406967,78,Emanuel Schreiner,SCR Altach,yellow
2406967,90,Patrick Seeger,SCR Altach,yellow
2406967,57,Naby Keïta,RB Salzburg,yellow
2406967,63,Martin Hinteregger,RB Salzburg,yellow
2406967,64,Christian Schwegler,RB Salzburg,yellow
2406961,50,Alois Höller,SV Mattersburg,yellow
2406961,64,Thorsten Mahrer,SV Mattersburg,yellow
2406961,73,Thorsten Röcher,SV Mattersburg,yellow
2406961,86,Alexander Ibser,SV Mattersburg,yellow
2406961,53,Philipp Zulechner,Austria Wien,yellow
2406961,71,Fabian Koch,Austria Wien,yellow
2406981,36,Raphael Holzhauser,Austria Wien,yellow
2406981,53,Philipp Zulechner,Austria Wien,yellow
2406981,63,De Paula,Austria Wien,yellow
2406981,87,Roi Kehat,Austria Wien,yellow
2406981,37,Paulo Miranda,RB Salzburg,yellow
2406981,84,Stefan Lainer,RB Salzburg,yellow
2406985,40,Daniel Toth,FC Admira Wacker,yellow
2406985,70,Thomas Ebner,FC Admira Wacker,yellow
2406985,45,Dominik Hofbauer,SCR Altach,yellow
2406985,65,Jan Zwischenbrugger,SCR Altach,yellow
2406985,73,Lukas Jäger,SCR Altach,yellow
2406987,74,Anel Hadžić,Sturm Graz,yellow
2406987,54,Florian Hart,SV Ried,yellow
2406987,70,Gernot Trauner,SV Ried,yellow
2406989,55,Thomas Zündel,Wolfsberger AC,yellow
2406989,86,Jacobo,Wolfsberger AC,yellow
2406989,31,Manuel Prietl,SV Mattersburg,yellow
2406989,90,Markus Kuster,SV Mattersburg,yellow
2406983,16,Lucas Venuto,SV Grödig,yellow
2406983,70,Harald Pichler,SV Grödig,yellow
2406983,90,Robert Völkl,SV Grödig,yellow
2406983,33,Maximilian Hofmann,Rapid Wien,yellow
2406983,90,Stephan Auer,Rapid Wien,yellow
2406983,90,Mario Sonnleitner,Rapid Wien,yellow
2407007,60,Lukas Rotpuller,Austria Wien,yellow
2407007,19,Maximilian Sax,FC Admira Wacker,yellow
2407007,22,Markus Wostry,FC Admira Wacker,yellow
2407007,90,Srđan Spiridonović,FC Admira Wacker,yellow
2406995,20,Markus Kuster,SV Mattersburg,yellow
2406995,48,Sven Sprangler,SV Mattersburg,yellow
2406995,86,Stefan Schwab,Rapid Wien,yellow
2407001,60,Louis NGwat-Mahop,SCR Altach,yellow
2407001,53,Michael Sollbauer,Wolfsberger AC,yellow
2407001,87,Boris Hüttenbrenner,Wolfsberger AC,yellow
2407005,34,Denis Streker,SV Ried,yellow
2407005,80,Thomas Reifeltshammer,SV Ried,yellow
2407005,90,Petar Filipović,SV Ried,yellow
2407005,19,Matthias Maak,SV Grödig,yellow
2407005,45,Sandro Djuric,SV Grödig,yellow
2407005,77,Harald Pichler,SV Grödig,yellow
2406999,28,Martin Hinteregger,RB Salzburg,yellow
2406999,69,Benno Schmitz,RB Salzburg,yellow
2406999,76,Omer Damari,RB Salzburg,yellow
2406999,22,Michael Esser,Sturm Graz,yellow
2406999,52,Wilson Kamavuaka,Sturm Graz,yellow
2407037,55,Michael Madl,Sturm Graz,yellow
2407037,77,Charalampos Lykogiannis,Sturm Graz,yellow
2407037,84,Patrick Bürger,SV Mattersburg,yellow
2407037,90,Alois Höller,SV Mattersburg,yellow
2407021,14,Timo Brauer,SV Grödig,yellow
2407021,22,Martin Rasner,SV Grödig,yellow
2407021,90,Harald Pichler,SV Grödig,yellow
2407021,37,Christian Schwegler,RB Salzburg,yellow
2407021,65,Benno Schmitz,RB Salzburg,yellow
2407021,90,Martin Hinteregger,RB Salzburg,yellow
2407033,20,Boris Hüttenbrenner,Wolfsberger AC,yellow
2407033,65,Issiaka Ouédraogo,Wolfsberger AC,yellow
2407033,26,Philipp Malicsek,FC Admira Wacker,yellow
2407027,27,Thomas Murg,SV Ried,yellow
2407027,50,Petar Filipović,SV Ried,yellow
2407027,60,Gernot Trauner,SV Ried,yellow
2407027,72,Kevin Friesenbichler,Austria Wien,yellow
2407023,62,Florian Kainz,Rapid Wien,yellow
2407023,40,Patrick Salomon,SCR Altach,yellow
2407023,51,César Ortiz,SCR Altach,yellow
2407045,35,Christian Schwegler,RB Salzburg,yellow
2407045,40,Yasin Pehlivan,RB Salzburg,yellow
2407045,89,Christian Dobnik,Wolfsberger AC,yellow
2407041,30,Steffen Hofmann,Rapid Wien,yellow
2407041,56,Florian Kainz,Rapid Wien,yellow
2407041,82,Thanos Petsos,Rapid Wien,yellow
2407047,72,César Ortiz,SCR Altach,yellow
2407047,57,Florian Hart,SV Ried,yellow
2407047,65,Michele Polverino,SV Ried,yellow
2407049,16,Manuel Prietl,SV Mattersburg,yellow
2407049,26,Sven Sprangler,SV Mattersburg,yellow
2407049,86,Thorsten Röcher,SV Mattersburg,yellow-red
2407049,90,Nedeljko Malić,SV Mattersburg,yellow
2407049,70,Timo Brauer,SV Grödig,yellow
2407043,68,Olarenwaju Kayode,Austria Wien,yellow
2407043,90,Osman Hadžikić,Austria Wien,yellow
2407043,71,Simon Piesinger,Sturm Graz,yellow
2407064,30,Issiaka Ouédraogo,Wolfsberger AC,yellow
2407064,29,Vanče Šikov,Austria Wien,yellow
2407064,54,Marco Meilinger,Austria Wien,yellow
2407064,75,Tarkan Serbest,Austria Wien,yellow
2407060,8,Thomas Bergmann,SV Ried,yellow
2407060,62,Thomas Reifeltshammer,SV Ried,yellow
2407060,72,Dieter Elsneg,SV Ried,yellow
2407060,84,Bernhard Janeczek,SV Ried,yellow
2407062,70,Michael Madl,Sturm Graz,yellow-red
2407062,74,Lukas Spendlhofer,Sturm Graz,yellow
2407062,88,Marvin Potzmann,Sturm Graz,yellow-red
2407062,55,René Schicker,FC Admira Wacker,yellow
2407062,63,Christoph Knasmüllner,FC Admira Wacker,yellow
2407062,90,Srđan Spiridonović,FC Admira Wacker,yellow
2407062,90,Peter Žulj,FC Admira Wacker,yellow
2407066,57,Martin Rasner,SV Grödig,yellow
2407066,83,Robert Strobl,SV Grödig,yellow
2407066,90,Sandro Djuric,SV Grödig,yellow
2407066,39,Hannes Aigner,SCR Altach,yellow
2407068,90,Alois Höller,SV Mattersburg,yellow
2407068,85,Jonathan Soriano,RB Salzburg,yellow
2407068,90,Duje Ćaleta-Car,RB Salzburg,yellow
2407068,90,Paulo Miranda,RB Salzburg,yellow
2407076,60,Christoph Martschinko,Austria Wien,yellow
2407076,57,Hannes Aigner,SCR Altach,yellow
2407076,74,Martin Harrer,SCR Altach,yellow
2407072,26,Fabio Strauss,SV Grödig,yellow
2407072,29,Harald Pichler,SV Grödig,yellow
2407072,71,Daniel Schütz,SV Grödig,red
2407072,89,Matthias Maak,SV Grödig,yellow
2407074,20,Petar Filipović,SV Ried,yellow
2407074,74,Thomas Gebauer,SV Ried,yellow
2407074,31,Boris Hüttenbrenner,Wolfsberger AC,yellow
2407074,52,Nemanja Rnić,Wolfsberger AC,yellow
2407074,70,Silvio,Wolfsberger AC,yellow
2407074,73,Christopher Wernitznig,Wolfsberger AC,yellow
2407074,90,Stephan Palla,Wolfsberger AC,yellow
2407080,85,Michael Novak,SV Mattersburg,yellow
2407070,78,Christian Schwegler,RB Salzburg,yellow
2407070,22,Steffen Hofmann,Rapid Wien,yellow
2407070,82,Stefan Schwab,Rapid Wien,yellow
2407092,63,Patrick Salomon,SCR Altach,yellow
2407092,62,Bright Edomwonyi,Sturm Graz,yellow
2407092,85,Tanju Kayhan,Sturm Graz,yellow
2407090,87,Maximilian Hofmann,Rapid Wien,yellow
2407090,40,Ibrahim Bingöl,Wolfsberger AC,yellow
2407090,64,Boris Hüttenbrenner,Wolfsberger AC,yellow
2407090,72,Nemanja Rnić,Wolfsberger AC,yellow
2407094,32,Matthias Maak,SV Grödig,yellow
2407094,42,Benjamin Sulimani,SV Grödig,yellow
2407094,73,Tobias Kainz,SV Grödig,yellow
2407094,37,Roi Kehat,Austria Wien,yellow
2407094,49,Alexander Grünwald,Austria Wien,yellow
2407094,90,Vanče Šikov,Austria Wien,yellow
2407094,90,Osman Hadžikić,Austria Wien,yellow
2407098,32,Vitālijs Maksimenko,SV Mattersburg,yellow
2407098,35,Patrick Bürger,SV Mattersburg,yellow
2407098,41,Michael Novak,SV Mattersburg,red
2407098,56,Alois Höller,SV Mattersburg,yellow
2407098,90,Markus Kuster,SV Mattersburg,yellow
2407098,38,Alberto Prada,SV Ried,yellow
2407098,49,Thomas Reifeltshammer,SV Ried,yellow
2407098,77,Michele Polverino,SV Ried,yellow
2407096,73,Lukas Grozurek,FC Admira Wacker,yellow
2407096,44,Yasin Pehlivan,RB Salzburg,yellow
2407112,86,Florian Hart,SV Ried,yellow
2407112,32,Paulo Miranda,RB Salzburg,yellow
2407112,72,Yasin Pehlivan,RB Salzburg,yellow
2407112,83,Benno Schmitz,RB Salzburg,yellow
2407106,20,Galvão,SCR Altach,yellow
2407106,84,Patrick Salomon,SCR Altach,red
2407106,24,Sven Sprangler,SV Mattersburg,yellow
2407106,89,Thorsten Röcher,SV Mattersburg,yellow
2407110,59,Peter Tschernegg,Wolfsberger AC,yellow
2407110,88,Michael Sollbauer,Wolfsberger AC,yellow
2407110,21,Wilson Kamavuaka,Sturm Graz,yellow
2407110,51,Sandi Lovrič,Sturm Graz,yellow
2407110,73,Daniel Offenbacher,Sturm Graz,yellow
2407118,48,Harald Pichler,SV Grödig,yellow
2407118,90,Roman Wallner,SV Grödig,yellow
2407118,55,Srđan Spiridonović,FC Admira Wacker,yellow
2407118,59,Dominik Starkl,FC Admira Wacker,yellow
2407116,13,Vanče Šikov,Austria Wien,yellow
2407116,14,Olarenwaju Kayode,Austria Wien,yellow
2407116,40,Lucas Venuto,Austria Wien,yellow
2407116,45,Matej Jelić,Rapid Wien,yellow
2407116,45,Steffen Hofmann,Rapid Wien,yellow
2407136,7,Christoph Martschinko,Austria Wien,yellow
2407136,85,Alexander Grünwald,Austria Wien,yellow
2407136,42,Nedeljko Malić,SV Mattersburg,yellow-red
2407128,65,Bernardo,RB Salzburg,yellow-red
2407128,41,Dominik Hofbauer,SCR Altach,yellow
2407134,87,Jacobo,Wolfsberger AC,yellow
2407134,53,Martin Rasner,SV Grödig,yellow
2407134,74,Benjamin Sulimani,SV Grödig,yellow
2407138,23,Thomas Ebner,FC Admira Wacker,yellow
2407138,58,Stephan Zwierschitz,FC Admira Wacker,yellow
2407138,61,Christoph Knasmüllner,FC Admira Wacker,yellow
2407138,67,Thomas Fröschl,SV Ried,yellow
2407138,80,Mathias Honsak,SV Ried,yellow
2407138,90,Fabian Schubert,SV Ried,yellow
2407132,29,Thorsten Schick,Sturm Graz,yellow
2407132,64,Christian Klem,Sturm Graz,yellow
2407132,26,Srđan Grahovac,Rapid Wien,yellow
2407156,53,Alberto Prada,SV Ried,yellow
2407156,89,Thomas Gebauer,SV Ried,yellow
2407156,90,Nico Antonitsch,SV Ried,yellow-red
2407156,45,Wilson Kamavuaka,Sturm Graz,yellow
2407156,61,Tanju Kayhan,Sturm Graz,yellow
2407156,90,Anastasios Avlonitis,Sturm Graz,yellow
2407154,41,Hannes Aigner,SCR Altach,yellow
2407154,55,Patrick Salomon,SCR Altach,yellow
2407154,61,Louis NGwat-Mahop,SCR Altach,yellow
2407154,71,Jan Zwischenbrugger,SCR Altach,yellow
2407154,74,Philipp Netzer,SCR Altach,yellow
2407154,76,Markus Lackner,FC Admira Wacker,yellow
2407154,88,Christoph Schösswendter,FC Admira Wacker,yellow
2407154,89,Ilter Ayyildiz,FC Admira Wacker,yellow
2407158,33,Vitālijs Maksimenko,SV Mattersburg,yellow
2407158,57,Jacobo,Wolfsberger AC,yellow
2407158,74,Issiaka Ouédraogo,Wolfsberger AC,yellow
2407158,83,Nemanja Rnić,Wolfsberger AC,yellow
2407152,67,Thanos Petsos,Rapid Wien,yellow
2407152,71,Maximilian Hofmann,Rapid Wien,yellow
2407152,77,Steffen Hofmann,Rapid Wien,yellow
2407152,86,Matej Jelić,Rapid Wien,yellow
2407152,66,Daniel Schütz,SV Grödig,yellow
2407152,90,Matthias Maak,SV Grödig,yellow
2407152,90,Timo Brauer,SV Grödig,yellow
2407148,77,Yasin Pehlivan,RB Salzburg,yellow
2407148,14,Ognjen Vukojević,Austria Wien,yellow
2407148,57,Richard Windbichler,Austria Wien,yellow
2407148,86,Alexander Grünwald,Austria Wien,yellow
2407192,22,Marc Andre Schmerböck,Wolfsberger AC,yellow
2407192,74,Issiaka Ouédraogo,Wolfsberger AC,yellow
2407192,74,Felix Roth,SCR Altach,yellow
2407192,89,Hannes Aigner,SCR Altach,yellow
2407186,71,Sven Sprangler,SV Mattersburg,yellow
2407194,53,Lukas Denner,SV Grödig,yellow
2407194,56,Dominik Baumgartner,SV Grödig,yellow
2407194,87,Timo Brauer,SV Grödig,yellow
2407194,22,Denis Streker,SV Ried,yellow
2407196,39,Raphael Holzhauser,Austria Wien,yellow
2407190,62,Marvin Potzmann,Sturm Graz,yellow
2407190,87,Lukas Spendlhofer,Sturm Graz,yellow
2407190,65,Konrad Laimer,RB Salzburg,yellow
2407200,89,Hany Mukhtar,RB Salzburg,yellow
2407200,65,Roman Kerschbaum,SV Grödig,yellow
2407200,76,Lukas Denner,SV Grödig,yellow
2407208,18,Ognjen Vukojević,Austria Wien,yellow
2407208,85,Olarenwaju Kayode,Austria Wien,yellow
2407208,90,Alexander Gorgon,Austria Wien,yellow
2407208,60,Petar Filipović,SV Ried,yellow
2407208,65,Thomas Fröschl,SV Ried,yellow
2407214,83,Srđan Spiridonović,FC Admira Wacker,yellow
2407214,86,Lukas Grozurek,FC Admira Wacker,yellow
2407214,86,Markus Lackner,FC Admira Wacker,yellow
2407214,78,Christopher Wernitznig,Wolfsberger AC,yellow
2407214,85,Michael Sollbauer,Wolfsberger AC,yellow
2407216,80,Thorsten Mahrer,SV Mattersburg,yellow
2407216,22,Wilson Kamavuaka,Sturm Graz,yellow
2407216,62,Andreas Gruber,Sturm Graz,yellow
2407204,66,Lukas Jäger,SCR Altach,yellow
2407204,77,Patrick Salomon,SCR Altach,yellow
2407204,33,Stefan Schwab,Rapid Wien,yellow
2407204,37,Thanos Petsos,Rapid Wien,yellow
2407204,45,Maximilian Hofmann,Rapid Wien,yellow
2407204,71,Florian Kainz,Rapid Wien,yellow
2407235,12,Joachim Standfest,Wolfsberger AC,red
2407235,90,Marc Andre Schmerböck,Wolfsberger AC,yellow
2407235,67,Jonathan Soriano,RB Salzburg,yellow
2407235,83,Paulo Miranda,RB Salzburg,yellow
2407227,52,Mario Sonnleitner,Rapid Wien,yellow
2407227,64,Eldis Bajrami,FC Admira Wacker,yellow
2407240,72,Daniel Sikorski,SV Ried,yellow
2407240,81,Fabian Schubert,SV Ried,yellow
2407240,76,Lukas Jäger,SCR Altach,yellow
2407243,30,Roman Wallner,SV Grödig,yellow
2407243,40,Martin Rasner,SV Grödig,yellow
2407243,87,Timo Brauer,SV Grödig,yellow
2407243,66,Jano,SV Mattersburg,yellow
2407243,85,Thorsten Röcher,SV Mattersburg,yellow
2407243,86,Markus Pink,SV Mattersburg,yellow
2407243,90,Nedeljko Malić,SV Mattersburg,yellow
2407232,81,Wilson Kamavuaka,Sturm Graz,yellow
2407232,33,Christoph Martschinko,Austria Wien,yellow
2407232,44,Marco Meilinger,Austria Wien,yellow
2407232,71,Olarenwaju Kayode,Austria Wien,yellow
2407232,89,Raphael Holzhauser,Austria Wien,yellow
2407065,6,Thomas Zündel,Wolfsberger AC,yellow
2407065,41,Issiaka Ouédraogo,Wolfsberger AC,yellow
2407065,49,Michael Sollbauer,Wolfsberger AC,yellow
2407065,77,Daniel Drescher,Wolfsberger AC,yellow
2407063,42,Markus Wostry,FC Admira Wacker,yellow
2407063,27,Lukas Spendlhofer,Sturm Graz,yellow
2407063,62,Anastasios Avlonitis,Sturm Graz,yellow
2407063,87,Donis Avdijaj,Sturm Graz,yellow
2407067,17,Hannes Aigner,SCR Altach,yellow
2407067,38,Galvão,SCR Altach,yellow
2407067,64,Emanuel Schreiner,SCR Altach,yellow
2407067,38,Daniel Schütz,SV Grödig,yellow
2407067,45,Benjamin Sulimani,SV Grödig,yellow
2407069,36,Konrad Laimer,RB Salzburg,yellow
2407069,61,Hee-chan Hwang,RB Salzburg,yellow
2407061,47,Alberto Prada,SV Ried,yellow
2407061,77,Petar Filipović,SV Ried,yellow
2407061,56,Stefan Stangl,Rapid Wien,yellow
2407061,65,Deni Alar,Rapid Wien,yellow
2407061,82,Philipp Schobesberger,Rapid Wien,yellow
2407073,34,Daniel Schütz,SV Grödig,yellow
2407073,66,Timo Brauer,SV Grödig,yellow
2407075,63,Jacobo,Wolfsberger AC,yellow
2407075,78,Thomas Reifeltshammer,SV Ried,yellow
2407075,80,Bernhard Janeczek,SV Ried,yellow
2407075,90,Florian Hart,SV Ried,yellow
2407077,36,Hannes Aigner,SCR Altach,yellow
2407077,38,Olarenwaju Kayode,Austria Wien,yellow
2407077,40,Richard Windbichler,Austria Wien,red
2407077,82,Alexander Gorgon,Austria Wien,yellow
2407077,82,Marco Meilinger,Austria Wien,yellow
2407077,90,Lukas Rotpuller,Austria Wien,yellow
2407081,9,Eldis Bajrami,FC Admira Wacker,yellow
2407081,64,Ilter Ayyildiz,FC Admira Wacker,yellow
2407071,40,Mario Pavelić,Rapid Wien,yellow
2407071,72,Srđan Grahovac,Rapid Wien,yellow
2407071,81,Jonathan Soriano,RB Salzburg,yellow
2407071,90,Naby Keïta,RB Salzburg,yellow
2407093,18,Daniel Offenbacher,Sturm Graz,yellow
2407093,60,Charalampos Lykogiannis,Sturm Graz,yellow
2407093,81,Sascha Horvath,Sturm Graz,yellow
2407093,85,Michael Esser,Sturm Graz,yellow
2407093,31,Louis NGwat-Mahop,SCR Altach,yellow
2407093,62,Boris Prokopič,SCR Altach,yellow
2407093,85,Galvão,SCR Altach,yellow
2407095,63,Olarenwaju Kayode,Austria Wien,yellow
2407095,48,Robert Strobl,SV Grödig,yellow
2407095,81,Reagy Ofosu,SV Grödig,yellow
2407099,39,Petar Filipović,SV Ried,yellow
2407099,66,Michele Polverino,SV Ried,yellow
2407099,83,Alberto Prada,SV Ried,yellow
2407113,38,Yasin Pehlivan,RB Salzburg,yellow
2407113,90,Naby Keïta,RB Salzburg,yellow
2407113,53,Bernhard Janeczek,SV Ried,yellow
2407113,90,Marcel Ziegl,SV Ried,yellow
2407113,90,Patrick Möschl,SV Ried,yellow
2407107,40,Benedikt Zech,SCR Altach,yellow
2407107,67,Hannes Aigner,SCR Altach,yellow
2407107,90,Boris Prokopič,SCR Altach,yellow
2407111,49,Charalampos Lykogiannis,Sturm Graz,yellow
2407111,59,Marvin Potzmann,Sturm Graz,yellow
2407111,89,Michael Esser,Sturm Graz,yellow
2407111,15,Jacobo,Wolfsberger AC,yellow
2407111,28,Joachim Standfest,Wolfsberger AC,yellow
2407111,90,Silvio,Wolfsberger AC,red
2407111,90,Boris Hüttenbrenner,Wolfsberger AC,yellow-red
2407119,39,Daniel Toth,FC Admira Wacker,yellow
2407119,83,Dominik Starkl,FC Admira Wacker,yellow
2407119,22,Martin Rasner,SV Grödig,yellow
2407119,87,Robert Völkl,SV Grödig,yellow
2407137,42,Manuel Prietl,SV Mattersburg,red
2407137,42,Markus Kuster,SV Mattersburg,red
2407137,20,Alexander Gorgon,Austria Wien,yellow
2407137,24,Tarkan Serbest,Austria Wien,yellow
2407137,72,Lukas Rotpuller,Austria Wien,yellow
2407129,33,Christian Schwegler,RB Salzburg,yellow
2407129,78,Valentino Lazaro,RB Salzburg,yellow
2407129,82,Andreas Ulmer,RB Salzburg,yellow
2407135,85,Reagy Ofosu,SV Grödig,yellow
2407135,45,Manuel Weber,Wolfsberger AC,yellow-red
2407139,65,Ilter Ayyildiz,FC Admira Wacker,yellow
2407139,90,Maximilian Sax,FC Admira Wacker,yellow
2407139,90,Daniel Toth,FC Admira Wacker,yellow
2407133,51,Srđan Grahovac,Rapid Wien,yellow
2407153,6,Pascal Itter,SV Grödig,yellow
2407153,30,Daniel Schütz,SV Grödig,yellow
2407153,85,Harald Pichler,SV Grödig,yellow
2407153,90,Matej Jelić,Rapid Wien,yellow
2407155,82,Christoph Monschein,FC Admira Wacker,yellow
2407155,7,Lukas Jäger,SCR Altach,yellow
2407155,48,Patrick Salomon,SCR Altach,yellow
2407155,73,Boris Prokopič,SCR Altach,yellow
2407157,37,Petar Filipović,SV Ried,yellow
2407157,90,Jakob Kreuzer,SV Ried,yellow
2407159,28,Dario Baldauf,Wolfsberger AC,yellow
2407159,45,Issiaka Ouédraogo,Wolfsberger AC,yellow
2407159,82,Christopher Wernitznig,Wolfsberger AC,yellow
2407159,48,Florian Templ,SV Mattersburg,yellow
2407159,68,Thorsten Röcher,SV Mattersburg,yellow
2407159,85,Nedeljko Malić,SV Mattersburg,yellow
2407149,26,Christoph Martschinko,Austria Wien,yellow
2407149,27,Christian Schwegler,RB Salzburg,yellow
2407149,70,Andreas Ulmer,RB Salzburg,yellow
2407197,33,Daniel Toth,FC Admira Wacker,yellow
2407197,44,Thomas Ebner,FC Admira Wacker,yellow
2407191,21,Yordy Reyna,RB Salzburg,yellow
2407193,17,Boris Prokopič,SCR Altach,yellow
2407193,61,Hannes Aigner,SCR Altach,yellow
2407193,87,Benedikt Zech,SCR Altach,yellow
2407193,90,César Ortiz,SCR Altach,yellow
2407193,61,Issiaka Ouédraogo,Wolfsberger AC,yellow
2407193,90,Michael Sollbauer,Wolfsberger AC,red
2407195,45,Thomas Fröschl,SV Ried,yellow
2407195,39,Robert Strobl,SV Grödig,yellow
2407195,45,Rene Swete,SV Grödig,yellow
2407195,55,Timo Brauer,SV Grödig,yellow
2407195,88,Matthias Maak,SV Grödig,yellow
2407187,7,Alois Höller,SV Mattersburg,yellow
2407187,55,Jano,SV Mattersburg,yellow
2407187,68,Patrick Bürger,SV Mattersburg,yellow
2407187,57,Florian Kainz,Rapid Wien,yellow
2407187,86,Tomi,Rapid Wien,yellow
2407201,62,Matthias Maak,SV Grödig,yellow
2407201,89,Paulo Miranda,RB Salzburg,yellow
2407209,84,Lukas Rotpuller,Austria Wien,yellow
2407215,70,Silvio,Wolfsberger AC,yellow
2407215,76,Peter Tschernegg,Wolfsberger AC,yellow
2407217,40,Charalampos Lykogiannis,Sturm Graz,yellow
2407217,78,Michael Novak,SV Mattersburg,yellow
2407228,79,Markus Lackner,FC Admira Wacker,yellow
2407233,25,Ognjen Vukojević,Austria Wien,yellow
2407233,44,Richard Windbichler,Austria Wien,yellow
2407233,69,Alexander Grünwald,Austria Wien,yellow
2407233,86,Kevin Friesenbichler,Austria Wien,yellow
2407233,90,Olarenwaju Kayode,Austria Wien,yellow
2407233,42,Marvin Potzmann,Sturm Graz,yellow-red
2407233,45,Marko Stanković,Sturm Graz,yellow
2407233,45,Tanju Kayhan,Sturm Graz,yellow
2407233,45,Donis Avdijaj,Sturm Graz,yellow
2407233,70,Wilson Kamavuaka,Sturm Graz,yellow
2407236,87,Peter Tschernegg,Wolfsberger AC,yellow
2407241,69,Patrick Salomon,SCR Altach,yellow
2407241,90,Jan Zwischenbrugger,SCR Altach,yellow
2407241,39,Florian Hart,SV Ried,yellow
2407244,84,Nedeljko Malić,SV Mattersburg,yellow
2407244,59,Daniel Schütz,SV Grödig,yellow
2407244,83,Sandro Djuric,SV Grödig,yellow
