GameID,Minute,PlayerIn,PlayerOut,Team
8407657,66,Louis Schaub,Thomas Murg,Rapid Wien
8407657,74,Alex Sobczyk,Steffen Hofmann,Rapid Wien
8407657,82,Boli Bolingoli-Mbombo,Eren Keles,Rapid Wien
8407657,46,Smail Prevljak,Julius Ertlthaler,SV Mattersburg
8407657,51,Markus Pink,Michael Novak,SV Mattersburg
8407657,74,Patrick Bürger,César Ortiz,SV Mattersburg
8407659,53,Bernd Gschweidl,Mihret Topčagić,Wolfsberger AC
8407659,70,Florian Flecker,Mario Leitgeb,Wolfsberger AC
8407659,82,Dominik Frieser,Thomas Zündel,Wolfsberger AC
8407659,62,Hee-chan Hwang,Hannes Wolf,RB Salzburg
8407659,75,Stefan Lainer,Patrick Farkas,RB Salzburg
8407659,85,Marin Pongračić,Reinhold Yabo,RB Salzburg
8407661,60,Alexander Riemann,René Gartler,LASK
8407661,72,Thomas Goiginger,Bruno Souza,LASK
8407661,84,James Holland,Doğan Erdoğan,LASK
8407661,46,Dominik Starkl,Srđan Spiridonović,FC Admira Wacker
8407661,63,Marin Jakoliš,Maximilian Sax,FC Admira Wacker
8407661,82,Patrick Schmidt,Daniel Toth,FC Admira Wacker
8407665,63,Adrian Grbic,Hannes Aigner,SCR Altach
8407665,69,Patrick Salomon,Stefan Nutz,SCR Altach
8407665,75,Valentino Müller,Nicolas Ngamaleu,SCR Altach
8407665,46,Kevin Friesenbichler,Dominik Prokop,Austria Wien
8407665,64,De Paula,Ismael Tajouri,Austria Wien
8407669,60,Philipp Huspek,Thorsten Röcher,Sturm Graz
8407669,70,Fabian Schubert,Philipp Zulechner,Sturm Graz
8407669,84,Romano Schmid,Deni Alar,Sturm Graz
8407669,60,Michael Ambichl,Lonsana Doumbouya,SKN St. Pölten
8407669,67,Lorenz Grabovac,Daniel Luxbacher,SKN St. Pölten
8407669,78,Devante Parker,Daniel Schütz,SKN St. Pölten
8407677,68,Munas Dabbur,Fredrik Gulbrandsen,RB Salzburg
8407677,73,Takumi Minamino,Hee-chan Hwang,RB Salzburg
8407677,83,Christoph Leitgeb,Hannes Wolf,RB Salzburg
8407677,46,René Gartler,Bruno Souza,LASK
8407677,54,Doğan Erdoğan,Thomas Goiginger,LASK
8407677,75,Dominik Reiter,Alexander Riemann,LASK
8407681,46,Martin Rasner,Sandro Ingolitsch,SKN St. Pölten
8407681,46,Damir Mehmedovic,Manuel Martic,SKN St. Pölten
8407681,87,Lorenz Grabovac,Lukas Thürauer,SKN St. Pölten
8407681,68,Eren Keles,Philipp Prosenik,Rapid Wien
8407681,75,Boli Bolingoli-Mbombo,Andreas Kuen,Rapid Wien
8407681,84,Manuel Thurnwald,Thomas Murg,Rapid Wien
8407687,64,Markus Pink,Michael Novak,SV Mattersburg
8407687,72,Smail Prevljak,Julius Ertlthaler,SV Mattersburg
8407687,86,Florian Sittsam,Andreas Gruber,SV Mattersburg
8407687,46,Mario Leitgeb,Christopher Wernitznig,Wolfsberger AC
8407687,60,Mihret Topčagić,Daniel Offenbacher,Wolfsberger AC
8407687,81,Dominik Frieser,Bernd Gschweidl,Wolfsberger AC
8407693,63,Dominik Prokop,Tarkan Serbest,Austria Wien
8407693,80,Romano Schmid,Thorsten Röcher,Sturm Graz
8407693,90,Fabian Schubert,Deni Alar,Sturm Graz
8407683,68,Sasa Kalajdzic,Lukas Grozurek,FC Admira Wacker
8407683,73,Marin Jakoliš,Maximilian Sax,FC Admira Wacker
8407683,84,Marcel Holzmann,Dominik Starkl,FC Admira Wacker
8407683,46,Simon Piesinger,Valentino Müller,SCR Altach
8407683,69,Stefan Nutz,Kristijan Dobras,SCR Altach
8407683,74,Hannes Aigner,Galvão,SCR Altach
8407697,59,Alexander Riemann,Bruno Souza,LASK
8407697,77,Marko Raguž,René Gartler,LASK
8407697,83,Emanuel Pogatetz,Peter Michorl,LASK
8407697,66,Lonsana Doumbouya,Devante Parker,SKN St. Pölten
8407697,78,Adi Mehremić,Damir Mehmedovic,SKN St. Pölten
8407697,83,Lorenz Grabovac,Martin Rasner,SKN St. Pölten
8407699,67,Christoph Leitgeb,Valon Berisha,RB Salzburg
8407699,74,Hee-chan Hwang,Hannes Wolf,RB Salzburg
8407699,80,Patrick Farkas,Stefan Lainer,RB Salzburg
8407699,70,Patrick Schmidt,Dominik Starkl,FC Admira Wacker
8407699,74,Lukas Grozurek,Christoph Knasmüllner,FC Admira Wacker
8407703,65,Dominik Frieser,Mihret Topčagić,Wolfsberger AC
8407703,76,Dever Orgill,Bernd Gschweidl,Wolfsberger AC
8407703,76,Christopher Wernitznig,Christoph Rabitsch,Wolfsberger AC
8407703,68,Adrian Grbic,Christian Gebauer,SCR Altach
8407703,76,Bernhard Janeczek,Jan Zwischenbrugger,SCR Altach
8407711,71,Eren Keles,Thomas Murg,Rapid Wien
8407711,84,Manuel Thurnwald,Louis Schaub,Rapid Wien
8407711,58,Dominik Prokop,Tarkan Serbest,Austria Wien
8407711,79,De Paula,Alexander Grünwald,Austria Wien
8407701,62,Smail Prevljak,Julius Ertlthaler,SV Mattersburg
8407701,69,Masaya Okugawa,Markus Pink,SV Mattersburg
8407701,75,Patrick Bürger,Andreas Gruber,SV Mattersburg
8407701,76,Marvin Potzmann,Philipp Huspek,Sturm Graz
8407701,81,Deni Alar,Philipp Zulechner,Sturm Graz
8407701,89,James Jeggo,Peter Žulj,Sturm Graz
8407721,84,Emanuel Schreiner,Stefan Nutz,SCR Altach
8407721,87,Hannes Aigner,Nicolas Ngamaleu,SCR Altach
8407721,90,Emanuel Sakic,Christian Gebauer,SCR Altach
8407721,56,Amadou Haïdara,Reinhold Yabo,RB Salzburg
8407721,57,Hannes Wolf,Hee-chan Hwang,RB Salzburg
8407721,76,Fredrik Gulbrandsen,Takumi Minamino,RB Salzburg
8407717,71,De Paula,Dominik Prokop,Austria Wien
8407717,81,Christoph Monschein,Kevin Friesenbichler,Austria Wien
8407717,90,Abdul Kadiri Mohammed,Ismael Tajouri,Austria Wien
8407717,3,Marko Raguž,René Gartler,LASK
8407717,69,Alexander Riemann,Marko Raguž,LASK
8407717,79,Thomas Goiginger,Bruno Souza,LASK
8407719,27,Christian Schulz,Charalampos Lykogiannis,Sturm Graz
8407719,76,Philipp Zulechner,Deni Alar,Sturm Graz
8407719,86,James Jeggo,Peter Žulj,Sturm Graz
8407719,64,Christopher Wernitznig,Mario Leitgeb,Wolfsberger AC
8407719,64,Dever Orgill,Mihret Topčagić,Wolfsberger AC
8407719,77,Issiaka Ouédraogo,Florian Flecker,Wolfsberger AC
8407727,79,Mario Mosböck,Devante Parker,SKN St. Pölten
8407727,79,Lonsana Doumbouya,Sandro Ingolitsch,SKN St. Pölten
8407727,75,Florian Sittsam,Andreas Gruber,SV Mattersburg
8407727,81,Markus Pink,Michael Novak,SV Mattersburg
8407727,90,Thorsten Mahrer,Stefan Maierhofer,SV Mattersburg
8407725,59,Marcus Maier,Daniel Toth,FC Admira Wacker
8407725,85,Fabio Strauss,Manuel Maranda,FC Admira Wacker
8407725,86,Lukas Grozurek,Maximilian Sax,FC Admira Wacker
8407725,73,Eren Keles,Louis Schaub,Rapid Wien
8407725,73,Giorgi Kvilitaia,Stephan Auer,Rapid Wien
8407725,81,Philipp Prosenik,Boli Bolingoli-Mbombo,Rapid Wien
8407739,46,Joelinton,Giorgi Kvilitaia,Rapid Wien
8407739,60,Philipp Schobesberger,Thomas Schrammel,Rapid Wien
8407739,75,Eren Keles,Steffen Hofmann,Rapid Wien
8407739,72,Philipp Zulechner,Deni Alar,Sturm Graz
8407739,78,James Jeggo,Sandi Lovrič,Sturm Graz
8407739,88,Christian Schoissengeyr,Philipp Huspek,Sturm Graz
8407743,66,Dever Orgill,Florian Flecker,Wolfsberger AC
8407743,71,Joshua Steiger,Dominik Frieser,Wolfsberger AC
8407743,76,Ammar Hodzic,Mihret Topčagić,Wolfsberger AC
8407743,43,Fabio Strauss,Christoph Knasmüllner,FC Admira Wacker
8407743,58,Marcus Maier,Marin Jakoliš,FC Admira Wacker
8407743,84,Lukas Grozurek,Dominik Starkl,FC Admira Wacker
8407735,40,Hannes Wolf,Takumi Minamino,RB Salzburg
8407735,66,Marc Rzatkowski,Reinhold Yabo,RB Salzburg
8407735,73,Hee-chan Hwang,Munas Dabbur,RB Salzburg
8407735,56,George Davies,Lukas Thürauer,SKN St. Pölten
8407735,66,Sandro Ingolitsch,Devante Parker,SKN St. Pölten
8407735,84,Manuel Martic,Michael Ambichl,SKN St. Pölten
8407749,64,Alexander Riemann,Marko Raguž,LASK
8407749,64,Bruno Souza,Thomas Goiginger,LASK
8407749,89,Alan Lima Carius,Rajko Rep,LASK
8407749,72,Adrian Grbic,Hannes Aigner,SCR Altach
8407749,78,Valentino Müller,Stefan Nutz,SCR Altach
8407749,85,Galvão,Kristijan Dobras,SCR Altach
8407741,52,Philipp Erhardt,Michael Novak,SV Mattersburg
8407741,69,Markus Pink,Stefan Maierhofer,SV Mattersburg
8407741,83,Patrick Bürger,Andreas Gruber,SV Mattersburg
8407741,46,Christoph Martschinko,Thomas Salamon,Austria Wien
8407741,83,Christoph Monschein,De Paula,Austria Wien
8407741,90,David Cancola,Dominik Prokop,Austria Wien
8407765,46,Christopher Wernitznig,Florian Flecker,Wolfsberger AC
8407765,72,Mario Leitgeb,Christoph Rabitsch,Wolfsberger AC
8407765,72,Dever Orgill,Issiaka Ouédraogo,Wolfsberger AC
8407765,58,George Davies,Sandro Ingolitsch,SKN St. Pölten
8407765,66,Dominik Hofbauer,Manuel Martic,SKN St. Pölten
8407765,83,Lonsana Doumbouya,Devante Parker,SKN St. Pölten
8407763,72,Philipp Schobesberger,Louis Schaub,Rapid Wien
8407763,78,Stephan Auer,Dejan Ljubicic,Rapid Wien
8407763,89,Galvão,Giorgi Kvilitaia,Rapid Wien
8407763,46,Emanuel Pogatetz,Felix Luckeneder,LASK
8407763,76,Alexander Riemann,Rajko Rep,LASK
8407763,83,Marko Raguž,Peter Michorl,LASK
8407757,74,James Jeggo,Sandi Lovrič,Sturm Graz
8407757,79,Christian Schoissengeyr,Philipp Huspek,Sturm Graz
8407757,85,Philipp Zulechner,Deni Alar,Sturm Graz
8407757,46,Patrick Farkas,Andreas Ulmer,RB Salzburg
8407757,60,Amadou Haïdara,Reinhold Yabo,RB Salzburg
8407757,79,Patson Daka,Fredrik Gulbrandsen,RB Salzburg
8407759,65,Bernard Tekpetey,Stefan Nutz,SCR Altach
8407759,76,Adrian Grbic,Hannes Aigner,SCR Altach
8407759,87,Jan Zwischenbrugger,Simon Piesinger,SCR Altach
8407759,31,Masaya Okugawa,Michael Novak,SV Mattersburg
8407759,68,Patrick Bürger,Stefan Maierhofer,SV Mattersburg
8407759,76,René Renner,Andreas Gruber,SV Mattersburg
8407761,65,Lukas Grozurek,Patrick Schmidt,FC Admira Wacker
8407761,75,Sasa Kalajdzic,Marcus Maier,FC Admira Wacker
8407761,75,Christoph Monschein,Kevin Friesenbichler,Austria Wien
8407761,75,Alexandar Borković,Dominik Prokop,Austria Wien
8407761,88,Petar Gluhakovic,Jin-hyun Lee,Austria Wien
8407785,65,Thomas Goiginger,René Gartler,LASK
8407785,77,Dominik Reiter,Bruno Souza,LASK
8407785,86,Marko Raguž,Mergim Berisha,LASK
8407785,46,Philipp Zulechner,Marvin Potzmann,Sturm Graz
8407785,46,James Jeggo,Sandi Lovrič,Sturm Graz
8407785,73,Emeka Eze,Thorsten Röcher,Sturm Graz
8407771,81,Alexandar Borković,Ismael Tajouri,Austria Wien
8407771,84,Christoph Monschein,Kevin Friesenbichler,Austria Wien
8407771,90,Thomas Salamon,Jin-hyun Lee,Austria Wien
8407771,62,Mario Leitgeb,Christoph Rabitsch,Wolfsberger AC
8407771,64,Dever Orgill,Bernd Gschweidl,Wolfsberger AC
8407771,76,Mihret Topčagić,Issiaka Ouédraogo,Wolfsberger AC
8407775,50,Patrick Bürger,Florian Sittsam,SV Mattersburg
8407775,54,Thorsten Mahrer,Nedeljko Malić,SV Mattersburg
8407775,68,Smail Prevljak,Michael Perlak,SV Mattersburg
8407775,63,Marcus Maier,Daniel Toth,FC Admira Wacker
8407775,69,Sasa Kalajdzic,Maximilian Sax,FC Admira Wacker
8407775,82,Philipp Posch,Dominik Starkl,FC Admira Wacker
8407781,46,George Davies,Devante Parker,SKN St. Pölten
8407781,46,Kwang-Ryong Pak,Roope Riski,SKN St. Pölten
8407781,74,Lonsana Doumbouya,Alex Sobczyk,SKN St. Pölten
8407781,68,Bernard Tekpetey,Hannes Aigner,SCR Altach
8407781,68,Mathias Honsak,Stefan Nutz,SCR Altach
8407781,84,Jan Zwischenbrugger,Kristijan Dobras,SCR Altach
8407768,62,Xaver Schlager,Patrick Farkas,RB Salzburg
8407768,65,Hee-chan Hwang,Fredrik Gulbrandsen,RB Salzburg
8407768,74,Christoph Leitgeb,Diadie Samassekou,RB Salzburg
8407768,46,Stephan Auer,Joelinton,Rapid Wien
8407768,67,Philipp Schobesberger,Louis Schaub,Rapid Wien
8407768,78,Mario Sonnleitner,Veton Berisha,Rapid Wien
8407791,57,Jan Zwischenbrugger,Simon Piesinger,SCR Altach
8407791,57,Bernard Tekpetey,Christian Gebauer,SCR Altach
8407791,89,Valentino Müller,Stefan Nutz,SCR Altach
8407791,70,Giorgi Kvilitaia,Veton Berisha,Rapid Wien
8407791,76,Joelinton,Louis Schaub,Rapid Wien
8407797,63,Marin Jakoliš,,FC Admira Wacker
8407797,76,Sasa Kalajdzic,Daniel Toth,FC Admira Wacker
8407797,87,Marcus Maier,Maximilian Sax,FC Admira Wacker
8407797,75,Philipp Zulechner,Deni Alar,Sturm Graz
8407797,81,Christian Schoissengeyr,Philipp Huspek,Sturm Graz
8407803,46,Mihret Topčagić,Dever Orgill,Wolfsberger AC
8407803,60,Mario Leitgeb,Daniel Offenbacher,Wolfsberger AC
8407803,76,Christopher Wernitznig,Florian Flecker,Wolfsberger AC
8407803,67,Thomas Goiginger,Bruno Souza,LASK
8407803,81,Marko Raguž,Mergim Berisha,LASK
8407801,45,René Renner,Florian Hart,SV Mattersburg
8407801,75,Smail Prevljak,Patrick Bürger,SV Mattersburg
8407801,81,Masaya Okugawa,Andreas Gruber,SV Mattersburg
8407801,41,Stefan Lainer,Patrick Farkas,RB Salzburg
8407801,61,Christoph Leitgeb,Diadie Samassekou,RB Salzburg
8407801,71,Hannes Wolf,Patson Daka,RB Salzburg
8407787,71,Jin-hyun Lee,De Paula,Austria Wien
8407787,86,Christoph Monschein,,Austria Wien
8407787,90,Petar Gluhakovic,Ibrahim Alhassan Abdullahi,Austria Wien
8407787,60,Manuel Martic,Alex Sobczyk,SKN St. Pölten
8407787,76,George Davies,Roope Riski,SKN St. Pölten
8407813,46,Giorgi Kvilitaia,Veton Berisha,Rapid Wien
8407813,73,Thanos Petsos,Thomas Murg,Rapid Wien
8407813,76,Steffen Hofmann,Dejan Ljubicic,Rapid Wien
8407813,75,Mihret Topčagić,Bernd Gschweidl,Wolfsberger AC
8407813,75,Dominik Frieser,Christopher Wernitznig,Wolfsberger AC
8407813,88,Issiaka Ouédraogo,Thomas Zündel,Wolfsberger AC
8407811,39,Philipp Zulechner,Thorsten Röcher,Sturm Graz
8407811,71,James Jeggo,Deni Alar,Sturm Graz
8407811,86,Patrick Puchegger,Philipp Huspek,Sturm Graz
8407811,71,Adrian Grbic,Hannes Aigner,SCR Altach
8407815,59,Roope Riski,Alex Sobczyk,SKN St. Pölten
8407815,67,Lonsana Doumbouya,Lukas Thürauer,SKN St. Pölten
8407815,84,Husein Balic,Damir Mehmedovic,SKN St. Pölten
8407815,65,Marin Jakoliš,Maximilian Sax,FC Admira Wacker
8407815,75,Marcel Holzmann,Christoph Knasmüllner,FC Admira Wacker
8407815,90,Philipp Posch,Dominik Starkl,FC Admira Wacker
8407819,46,Felix Luckeneder,Emanuel Pogatetz,LASK
8407819,66,Alan Lima Carius,Mergim Berisha,LASK
8407819,81,Marko Raguž,René Gartler,LASK
8407819,39,Florian Sittsam,Julius Ertlthaler,SV Mattersburg
8407819,62,Stefan Maierhofer,Patrick Bürger,SV Mattersburg
8407819,77,Fran,René Renner,SV Mattersburg
8407809,67,Xaver Schlager,Amadou Haïdara,RB Salzburg
8407809,75,Patson Daka,Fredrik Gulbrandsen,RB Salzburg
8407809,61,De Paula,Jin-hyun Lee,Austria Wien
8407809,77,Ismael Tajouri,Dominik Prokop,Austria Wien
8407809,90,Thomas Salamon,Felipe Pires,Austria Wien
8407670,36,Husein Balic,Babacar Diallo,SKN St. Pölten
8407670,46,George Davies,Lukas Thürauer,SKN St. Pölten
8407670,74,Michael Ambichl,Eldis Bajrami,SKN St. Pölten
8407670,60,Lukas Spendlhofer,Dario Maresić,Sturm Graz
8407670,71,Emeka Eze,Deni Alar,Sturm Graz
8407670,87,Oliver Filip,Philipp Huspek,Sturm Graz
8407658,71,Smail Prevljak,Florian Sittsam,SV Mattersburg
8407658,74,Fran,Andreas Gruber,SV Mattersburg
8407658,85,Markus Pink,Philipp Erhardt,SV Mattersburg
8407658,61,Philipp Schobesberger,Giorgi Kvilitaia,Rapid Wien
8407658,77,Philipp Prosenik,Veton Berisha,Rapid Wien
8407658,87,Mario Sonnleitner,Louis Schaub,Rapid Wien
8407662,75,Patrick Schmidt,Dominik Starkl,FC Admira Wacker
8407662,90,Marcel Holzmann,Lukas Grozurek,FC Admira Wacker
8407662,90,Marcus Maier,Christoph Knasmüllner,FC Admira Wacker
8407662,65,Bruno Souza,Mergim Berisha,LASK
8407662,73,Marko Raguž,Thomas Goiginger,LASK
8407662,81,Alexander Riemann,Christian Ramsebner,LASK
8407666,62,De Paula,Jin-hyun Lee,Austria Wien
8407666,80,Christoph Monschein,Ruan,Austria Wien
8407666,90,Petar Gluhakovic,Ismael Tajouri,Austria Wien
8407666,60,Bernard Tekpetey,Stefan Nutz,SCR Altach
8407666,72,Jan Zwischenbrugger,Simon Piesinger,SCR Altach
8407666,81,Adrian Grbic,Hannes Aigner,SCR Altach
8407660,68,Patson Daka,Xaver Schlager,RB Salzburg
8407660,75,Enock Mwepu,Amadou Haïdara,RB Salzburg
8407660,90,David Atanga,Munas Dabbur,RB Salzburg
8407660,56,Mario Leitgeb,Christoph Rabitsch,Wolfsberger AC
8407660,73,Christopher Wernitznig,Daniel Offenbacher,Wolfsberger AC
8407660,81,Mihret Topčagić,Bernd Gschweidl,Wolfsberger AC
8407678,75,Alexander Riemann,Mergim Berisha,LASK
8407678,83,Bruno Souza,Philipp Wiesinger,LASK
8407678,90,Dominik Reiter,Reinhold Ranftl,LASK
8407678,70,Xaver Schlager,Hannes Wolf,RB Salzburg
8407678,81,Takumi Minamino,Fredrik Gulbrandsen,RB Salzburg
8407678,88,Christoph Leitgeb,Amadou Haïdara,RB Salzburg
8407682,65,Veton Berisha,Joelinton,Rapid Wien
8407682,79,Giorgi Kvilitaia,Louis Schaub,Rapid Wien
8407682,88,Mario Pavelić,Thomas Murg,Rapid Wien
8407682,59,Sandro Ingolitsch,Daniel Schütz,SKN St. Pölten
8407682,79,George Davies,Alex Sobczyk,SKN St. Pölten
8407682,83,Dominik Hofbauer,Husein Balic,SKN St. Pölten
8407684,46,Patrick Salomon,Stefan Nutz,SCR Altach
8407684,66,Emanuel Schreiner,Bernard Tekpetey,SCR Altach
8407684,72,Louis NGwat-Mahop,Simon Piesinger,SCR Altach
8407684,46,Daniel Toth,Sasa Kalajdzic,FC Admira Wacker
8407684,73,Marcus Maier,Christoph Knasmüllner,FC Admira Wacker
8407684,78,Patrick Schmidt,Dominik Starkl,FC Admira Wacker
8407688,74,Mihret Topčagić,Issiaka Ouédraogo,Wolfsberger AC
8407688,82,Christopher Wernitznig,Gerald Nutz,Wolfsberger AC
8407688,90,Joshua Steiger,Bernd Gschweidl,Wolfsberger AC
8407688,46,Smail Prevljak,Florian Sittsam,SV Mattersburg
8407688,81,Markus Pink,Andreas Gruber,SV Mattersburg
8407694,73,Philipp Zulechner,Deni Alar,Sturm Graz
8407694,87,Sandi Lovrič,Peter Žulj,Sturm Graz
8407694,90,Oliver Filip,Philipp Huspek,Sturm Graz
8407694,20,Thomas Salamon,Christoph Martschinko,Austria Wien
8407694,60,De Paula,Dominik Prokop,Austria Wien
8407694,75,Kevin Friesenbichler,Ismael Tajouri,Austria Wien
8407702,56,Deni Alar,Philipp Huspek,Sturm Graz
8407702,57,Thorsten Röcher,Fabian Koch,Sturm Graz
8407702,78,Emeka Eze,Philipp Zulechner,Sturm Graz
8407702,72,Fran,Alois Höller,SV Mattersburg
8407702,81,Markus Pink,Andreas Gruber,SV Mattersburg
8407702,87,Stefan Maierhofer,Michael Perlak,SV Mattersburg
8407698,14,Michael Huber,Daniel Petrovic,SKN St. Pölten
8407698,58,Kwang-Ryong Pak,Dominik Hofbauer,SKN St. Pölten
8407698,75,Roope Riski,Martin Rasner,SKN St. Pölten
8407698,63,Alexander Riemann,Bruno Souza,LASK
8407698,78,Thomas Goiginger,Mergim Berisha,LASK
8407698,87,Marko Raguž,René Gartler,LASK
8407704,65,Louis NGwat-Mahop,Hannes Aigner,SCR Altach
8407704,77,Bernhard Janeczek,Benedikt Zech,SCR Altach
8407704,84,Simon Piesinger,Kristijan Dobras,SCR Altach
8407704,46,Dominik Frieser,Stephan Palla,Wolfsberger AC
8407704,67,Mihret Topčagić,Issiaka Ouédraogo,Wolfsberger AC
8407704,90,Daniel Drescher,Nemanja Rnić,Wolfsberger AC
8407700,73,Marin Jakoliš,Dominik Starkl,FC Admira Wacker
8407700,83,Marcel Holzmann,Sasa Kalajdzic,FC Admira Wacker
8407700,90,Pascal Petlach,Lukas Grozurek,FC Admira Wacker
8407700,58,Takumi Minamino,Christoph Leitgeb,RB Salzburg
8407700,68,Marc Rzatkowski,Fredrik Gulbrandsen,RB Salzburg
8407700,80,Hannes Wolf,Xaver Schlager,RB Salzburg
8407712,63,Abdul Kadiri Mohammed,Heiko Westermann,Austria Wien
8407712,76,Christoph Monschein,Jin-hyun Lee,Austria Wien
8407712,86,Manprit Sarkaria,Thomas Salamon,Austria Wien
8407712,66,Veton Berisha,Giorgi Kvilitaia,Rapid Wien
8407712,74,Joelinton,Philipp Schobesberger,Rapid Wien
8407712,81,Maximilian Hofmann,Louis Schaub,Rapid Wien
8407726,63,Joelinton,Giorgi Kvilitaia,Rapid Wien
8407726,73,Philipp Schobesberger,Veton Berisha,Rapid Wien
8407726,88,Thanos Petsos,Thomas Murg,Rapid Wien
8407726,46,Marcus Maier,Dominik Starkl,FC Admira Wacker
8407726,65,Marin Jakoliš,Sasa Kalajdzic,FC Admira Wacker
8407726,83,Marcel Holzmann,Maximilian Sax,FC Admira Wacker
8407718,46,Thomas Goiginger,Reinhold Ranftl,LASK
8407718,46,Mergim Berisha,René Gartler,LASK
8407718,71,Alan Lima Carius,Bruno Souza,LASK
8407718,58,Marco Stark,Heiko Westermann,Austria Wien
8407718,77,Kevin Friesenbichler,Dominik Prokop,Austria Wien
8407718,88,Manprit Sarkaria,Jin-hyun Lee,Austria Wien
8407722,47,Xaver Schlager,Diadie Samassekou,RB Salzburg
8407722,67,Takumi Minamino,Hannes Wolf,RB Salzburg
8407722,86,Reinhold Yabo,Amadou Haïdara,RB Salzburg
8407722,63,Louis NGwat-Mahop,Mathias Honsak,SCR Altach
8407722,71,Stefan Nutz,Bernard Tekpetey,SCR Altach
8407728,55,Stefan Maierhofer,Patrick Bürger,SV Mattersburg
8407728,55,Markus Pink,Andreas Gruber,SV Mattersburg
8407728,90,Fran,René Renner,SV Mattersburg
8407728,75,Michael Ambichl,Martin Rasner,SKN St. Pölten
8407728,80,Husein Balic,Daniel Schütz,SKN St. Pölten
8407720,38,Alexander Ranacher,Gerald Nutz,Wolfsberger AC
8407720,66,Mihret Topčagić,Issiaka Ouédraogo,Wolfsberger AC
8407720,66,Mario Leitgeb,Christoph Rabitsch,Wolfsberger AC
8407720,73,Peter Žulj,Thorsten Röcher,Sturm Graz
8407720,79,Philipp Zulechner,Deni Alar,Sturm Graz
8407720,87,Oliver Filip,Philipp Huspek,Sturm Graz
8407740,78,Philipp Zulechner,Deni Alar,Sturm Graz
8407740,90,Oliver Filip,Philipp Huspek,Sturm Graz
8407740,56,Joelinton,Giorgi Kvilitaia,Rapid Wien
8407740,63,Veton Berisha,Louis Schaub,Rapid Wien
8407740,72,Thanos Petsos,Stefan Schwab,Rapid Wien
8407744,65,Dominik Starkl,Maximilian Sax,FC Admira Wacker
8407744,71,Sasa Kalajdzic,Lukas Grozurek,FC Admira Wacker
8407744,83,Dever Orgill,Mihret Topčagić,Wolfsberger AC
8407744,84,Dominik Frieser,Bernd Gschweidl,Wolfsberger AC
8407750,46,Simon Piesinger,Philipp Netzer,SCR Altach
8407750,60,Bernard Tekpetey,Mathias Honsak,SCR Altach
8407750,74,Louis NGwat-Mahop,Stefan Nutz,SCR Altach
8407750,70,Valentin Grubeck,René Gartler,LASK
8407750,83,Alexander Riemann,Bruno Souza,LASK
8407750,87,Alan Lima Carius,Thomas Goiginger,LASK
8407742,46,Marko Pejić,Thomas Salamon,Austria Wien
8407742,46,Marko Pejić,,Austria Wien
8407742,62,Ibrahim Alhassan Abdullahi,Dominik Prokop,Austria Wien
8407742,80,Christoph Monschein,Raphael Holzhauser,Austria Wien
8407742,26,Andreas Gruber,René Renner,SV Mattersburg
8407742,46,Smail Prevljak,Stefan Maierhofer,SV Mattersburg
8407742,76,Masaya Okugawa,Markus Pink,SV Mattersburg
8407736,63,Roope Riski,Lonsana Doumbouya,SKN St. Pölten
8407736,81,George Davies,Husein Balic,SKN St. Pölten
8407736,89,Alex Sobczyk,Michael Ambichl,SKN St. Pölten
8407736,76,Amadou Haïdara,Marc Rzatkowski,RB Salzburg
8407736,81,Fredrik Gulbrandsen,Takumi Minamino,RB Salzburg
8407736,89,Patrick Farkas,Andreas Ulmer,RB Salzburg
8407764,57,Alexander Riemann,Bruno Souza,LASK
8407764,76,Dominik Reiter,Thomas Goiginger,LASK
8407764,87,Christian Ramsebner,Peter Michorl,LASK
8407764,69,Joelinton,Giorgi Kvilitaia,Rapid Wien
8407764,74,Dejan Ljubicic,Thanos Petsos,Rapid Wien
8407764,77,Philipp Schobesberger,Thomas Murg,Rapid Wien
8407760,64,Philipp Erhardt,Manuel Seidl,SV Mattersburg
8407760,69,Andreas Gruber,Masaya Okugawa,SV Mattersburg
8407760,77,Stefan Maierhofer,Smail Prevljak,SV Mattersburg
8407760,66,Mathias Honsak,Stefan Nutz,SCR Altach
8407760,69,Louis NGwat-Mahop,Kristijan Dobras,SCR Altach
8407760,87,Adrian Grbic,Valentino Müller,SCR Altach
8407762,71,Ibrahim Alhassan Abdullahi,Raphael Holzhauser,Austria Wien
8407762,81,Christoph Monschein,Kevin Friesenbichler,Austria Wien
8407762,86,Manprit Sarkaria,Ismael Tajouri,Austria Wien
8407762,62,Christoph Knasmüllner,Marcel Holzmann,FC Admira Wacker
8407762,78,Marcus Maier,Thomas Ebner,FC Admira Wacker
8407762,84,Sasa Kalajdzic,Maximilian Sax,FC Admira Wacker
8407766,46,Husein Balic,Lukas Thürauer,SKN St. Pölten
8407766,69,Kwang-Ryong Pak,Roope Riski,SKN St. Pölten
8407766,88,Lonsana Doumbouya,Eldis Bajrami,SKN St. Pölten
8407766,75,Mihret Topčagić,Dever Orgill,Wolfsberger AC
8407766,82,Issiaka Ouédraogo,Florian Flecker,Wolfsberger AC
8407766,88,Dominik Frieser,Bernd Gschweidl,Wolfsberger AC
8407758,61,Hee-chan Hwang,Fredrik Gulbrandsen,RB Salzburg
8407758,62,Takumi Minamino,Hannes Wolf,RB Salzburg
8407758,77,Amadou Haïdara,Reinhold Yabo,RB Salzburg
8407758,17,Sandi Lovrič,Philipp Huspek,Sturm Graz
8407758,75,Oliver Filip,Stefan Hierländer,Sturm Graz
8407758,77,Philipp Zulechner,Deni Alar,Sturm Graz
8407786,46,Philipp Zulechner,Marvin Potzmann,Sturm Graz
8407786,67,Oliver Filip,Thorsten Röcher,Sturm Graz
8407786,77,Emeka Eze,,Sturm Graz
8407786,67,Dominik Reiter,Bruno Souza,LASK
8407786,82,Alexander Riemann,Thomas Goiginger,LASK
8407786,87,René Gartler,Mergim Berisha,LASK
8407776,46,Maximilian Sax,Philipp Posch,FC Admira Wacker
8407776,84,Marcus Maier,Dominik Starkl,FC Admira Wacker
8407776,90,Manuel Botic,Christoph Knasmüllner,FC Admira Wacker
8407776,54,René Renner,Smail Prevljak,SV Mattersburg
8407776,68,Manuel Seidl,Philipp Erhardt,SV Mattersburg
8407776,74,Patrick Bürger,Masaya Okugawa,SV Mattersburg
8407782,59,Hannes Aigner,Louis NGwat-Mahop,SCR Altach
8407782,67,Simon Piesinger,Bernard Tekpetey,SCR Altach
8407782,68,Andreas Lienhart,Emanuel Schreiner,SCR Altach
8407782,70,Maximilian Entrup,Roope Riski,SKN St. Pölten
8407782,78,Babacar Diallo,Daniel Schütz,SKN St. Pölten
8407782,90,Husein Balic,Michael Ambichl,SKN St. Pölten
8407772,68,Christoph Rabitsch,Mario Leitgeb,Wolfsberger AC
8407772,78,Mihret Topčagić,Florian Flecker,Wolfsberger AC
8407772,69,Ibrahim Alhassan Abdullahi,Jin-hyun Lee,Austria Wien
8407772,69,Michael Blauensteiner,Dominik Prokop,Austria Wien
8407772,87,Manprit Sarkaria,Kevin Friesenbichler,Austria Wien
8407770,46,Thanos Petsos,Dejan Ljubicic,Rapid Wien
8407770,57,Louis Schaub,Eren Keles,Rapid Wien
8407770,67,Giorgi Kvilitaia,Joelinton,Rapid Wien
8407770,65,Amadou Haïdara,Takumi Minamino,RB Salzburg
8407770,79,Fredrik Gulbrandsen,Reinhold Yabo,RB Salzburg
8407770,88,Marc Rzatkowski,Valon Berisha,RB Salzburg
8407798,69,Oliver Filip,Stefan Hierländer,Sturm Graz
8407798,77,Sandi Lovrič,Peter Žulj,Sturm Graz
8407798,81,Emeka Eze,Philipp Zulechner,Sturm Graz
8407798,46,Pascal Petlach,Fabio Strauss,FC Admira Wacker
8407798,46,Marcus Maier,Maximilian Sax,FC Admira Wacker
8407798,79,Marcel Holzmann,Lukas Grozurek,FC Admira Wacker
8407788,82,Babacar Diallo,Michael Ambichl,SKN St. Pölten
8407788,87,Alex Sobczyk,Maximilian Entrup,SKN St. Pölten
8407788,67,Christoph Monschein,Dominik Prokop,Austria Wien
8407788,67,Manprit Sarkaria,Ismael Tajouri,Austria Wien
8407788,85,Jin-hyun Lee,De Paula,Austria Wien
8407802,61,Hee-chan Hwang,Fredrik Gulbrandsen,RB Salzburg
8407802,72,Takumi Minamino,Valon Berisha,RB Salzburg
8407802,82,Reinhold Yabo,Amadou Haïdara,RB Salzburg
8407802,64,Michael Lercher,Lukas Rath,SV Mattersburg
8407802,66,Markus Pink,René Renner,SV Mattersburg
8407802,80,Florian Sittsam,Manuel Seidl,SV Mattersburg
8407804,62,João Victor Santos Sá,Bruno Souza,LASK
8407804,84,Rajko Rep,Thomas Goiginger,LASK
8407804,86,Felix Luckeneder,Emanuel Pogatetz,LASK
8407804,46,Boris Hüttenbrenner,Michael Sollbauer,Wolfsberger AC
8407804,76,Issiaka Ouédraogo,Mihret Topčagić,Wolfsberger AC
8407804,84,Mario Leitgeb,Christoph Rabitsch,Wolfsberger AC
8407792,84,Steffen Hofmann,Giorgi Kvilitaia,Rapid Wien
8407792,90,Tamás Szántó,Thomas Murg,Rapid Wien
8407792,62,Hannes Aigner,Bernard Tekpetey,SCR Altach
8407792,68,Valentino Müller,Mathias Honsak,SCR Altach
8407792,81,Simon Piesinger,Jan Zwischenbrugger,SCR Altach
8407814,30,Michael Sollbauer,Daniel Drescher,Wolfsberger AC
8407814,90,Dominik Frieser,Florian Flecker,Wolfsberger AC
8407814,62,Philipp Schobesberger,Giorgi Kvilitaia,Rapid Wien
8407814,75,Eren Keles,Thomas Murg,Rapid Wien
8407814,84,Philipp Prosenik,Louis Schaub,Rapid Wien
8407812,47,Bernhard Janeczek,Benedikt Zech,SCR Altach
8407812,68,Hannes Aigner,Adrian Grbic,SCR Altach
8407812,81,Mathias Honsak,Louis NGwat-Mahop,SCR Altach
8407812,59,Marc Andre Schmerböck,Patrick Puchegger,Sturm Graz
8407812,66,Emeka Eze,Oliver Filip,Sturm Graz
8407812,84,Sandi Lovrič,Philipp Zulechner,Sturm Graz
8407817,28,Marin Jakoliš,Maximilian Sax,FC Admira Wacker
8407817,83,Patrick Schmidt,Marcus Maier,FC Admira Wacker
8407817,90,Philipp Posch,Christoph Knasmüllner,FC Admira Wacker
8407817,73,Babacar Diallo,Michael Ambichl,SKN St. Pölten
8407820,65,Philipp Erhardt,Manuel Seidl,SV Mattersburg
8407820,72,Masaya Okugawa,Andreas Gruber,SV Mattersburg
8407820,77,Stefan Maierhofer,Markus Pink,SV Mattersburg
8407820,48,James Holland,Maximilian Ullmann,LASK
8407820,54,João Victor Santos Sá,Emanuel Pogatetz,LASK
8407820,68,René Gartler,Bruno Souza,LASK
8407810,81,Kevin Friesenbichler,Dominik Prokop,Austria Wien
8407810,87,Ismael Tajouri,Jin-hyun Lee,Austria Wien
8407810,87,Lucas Venuto,De Paula,Austria Wien
8407810,75,Xaver Schlager,Takumi Minamino,RB Salzburg
8407810,83,Fredrik Gulbrandsen,Hee-chan Hwang,RB Salzburg
8407810,88,Amadou Haïdara,Reinhold Yabo,RB Salzburg
8407671,65,Giorgi Kvilitaia,Mario Sonnleitner,Rapid Wien
8407671,86,Philipp Prosenik,Veton Berisha,Rapid Wien
8407671,58,Smail Prevljak,,SV Mattersburg
8407671,65,Thorsten Mahrer,Manuel Seidl,SV Mattersburg
8407671,90,Philipp Erhardt,Michael Perlak,SV Mattersburg
8407663,65,Emeka Eze,Philipp Zulechner,Sturm Graz
8407663,73,Thorsten Röcher,Deni Alar,Sturm Graz
8407663,27,Husein Balic,Dominik Hofbauer,SKN St. Pölten
8407663,79,Kwang-Ryong Pak,Maximilian Entrup,SKN St. Pölten
8407663,87,Roope Riski,Manuel Martic,SKN St. Pölten
8407675,64,Rajko Rep,René Gartler,LASK
8407675,76,Marko Raguž,Mergim Berisha,LASK
8407675,87,Alexander Riemann,João Victor Santos Sá,LASK
8407675,70,Sasa Kalajdzic,Marcus Maier,FC Admira Wacker
8407675,77,Philipp Posch,Maximilian Sax,FC Admira Wacker
8407667,19,Valentino Müller,Simon Piesinger,SCR Altach
8407667,62,Kristijan Dobras,Stefan Nutz,SCR Altach
8407667,80,Hannes Aigner,Adrian Grbic,SCR Altach
8407667,68,Ismael Tajouri,Jin-hyun Lee,Austria Wien
8407667,73,Dominik Prokop,Ibrahim Alhassan Abdullahi,Austria Wien
8407667,82,Toni Vastić,Petar Gluhakovic,Austria Wien
8407673,69,Fredrik Gulbrandsen,Takumi Minamino,RB Salzburg
8407673,85,Patson Daka,Hee-chan Hwang,RB Salzburg
8407673,89,Amadou Haïdara,Munas Dabbur,RB Salzburg
8407679,61,Hee-chan Hwang,Takumi Minamino,RB Salzburg
8407679,78,Christoph Leitgeb,Fredrik Gulbrandsen,RB Salzburg
8407679,62,Rajko Rep,Peter Michorl,LASK
8407679,77,Bruno Souza,João Victor Santos Sá,LASK
8407679,87,René Gartler,Mergim Berisha,LASK
8407689,70,Marcus Maier,Wilhelm Vorsager,FC Admira Wacker
8407689,81,Patrick Schmidt,Maximilian Sax,FC Admira Wacker
8407689,87,Pascal Petlach,Sasa Kalajdzic,FC Admira Wacker
8407689,61,Hannes Aigner,Adrian Grbic,SCR Altach
8407689,61,Kristijan Dobras,Stefan Nutz,SCR Altach
8407689,71,Bernard Tekpetey,Louis NGwat-Mahop,SCR Altach
8407691,70,Stefan Maierhofer,Smail Prevljak,SV Mattersburg
8407691,70,Patrick Bürger,Markus Pink,SV Mattersburg
8407691,79,Philipp Erhardt,Manuel Seidl,SV Mattersburg
8407691,69,Dominik Frieser,Christoph Rabitsch,Wolfsberger AC
8407691,86,Mihret Topčagić,Christopher Wernitznig,Wolfsberger AC
8407691,86,Joshua Steiger,Issiaka Ouédraogo,Wolfsberger AC
8407695,59,Kwang-Ryong Pak,Michael Ambichl,SKN St. Pölten
8407695,80,Roope Riski,Maximilian Entrup,SKN St. Pölten
8407695,86,Babacar Diallo,Husein Balic,SKN St. Pölten
8407695,76,Thomas Murg,Veton Berisha,Rapid Wien
8407695,86,Steffen Hofmann,Louis Schaub,Rapid Wien
8407695,87,Giorgi Kvilitaia,Joelinton,Rapid Wien
8407685,64,Ibrahim Alhassan Abdullahi,Dominik Prokop,Austria Wien
8407685,84,Christoph Monschein,Kevin Friesenbichler,Austria Wien
8407685,88,De Paula,Ismael Tajouri,Austria Wien
8407685,34,Philipp Zulechner,Thorsten Röcher,Sturm Graz
8407685,74,Emeka Eze,James Jeggo,Sturm Graz
8407685,84,Oliver Filip,Dario Maresić,Sturm Graz
8407709,67,Florian Sittsam,Mario Grgic,SV Mattersburg
8407709,78,Andreas Gruber,Julius Ertlthaler,SV Mattersburg
8407709,84,Stefan Maierhofer,Markus Pink,SV Mattersburg
8407709,59,Emeka Eze,Marc Andre Schmerböck,Sturm Graz
8407709,76,Fabian Schubert,Marvin Potzmann,Sturm Graz
8407709,81,Sandi Lovrič,Dario Maresić,Sturm Graz
8407705,67,Fredrik Gulbrandsen,Hee-chan Hwang,RB Salzburg
8407705,74,Reinhold Yabo,Amadou Haïdara,RB Salzburg
8407705,83,Hannes Wolf,Patrick Farkas,RB Salzburg
8407705,7,Marcus Maier,Macky Bagnack,FC Admira Wacker
8407705,71,Florian Fischerauer,Patrick Schmidt,FC Admira Wacker
8407713,69,Dever Orgill,Bernd Gschweidl,Wolfsberger AC
8407713,74,Mihret Topčagić,Issiaka Ouédraogo,Wolfsberger AC
8407713,66,Bernhard Janeczek,Philipp Netzer,SCR Altach
8407713,71,Marco Meilinger,Mathias Honsak,SCR Altach
8407713,82,Hannes Aigner,Adrian Grbic,SCR Altach
8407715,71,Mergim Berisha,Samuel Tetteh,LASK
8407715,77,Rajko Rep,Thomas Goiginger,LASK
8407715,32,Eren Keles,Daniel Schütz,SKN St. Pölten
8407715,53,Dominik Hofbauer,Philipp Malicsek,SKN St. Pölten
8407715,77,Ahmet Muhamedbegovic,Sandro Ingolitsch,SKN St. Pölten
8407707,36,Thanos Petsos,Stefan Schwab,Rapid Wien
8407707,71,Louis Schaub,Veton Berisha,Rapid Wien
8407707,87,Giorgi Kvilitaia,Thomas Murg,Rapid Wien
8407707,87,De Paula,Lucas Venuto,Austria Wien
8407707,90,Kevin Friesenbichler,Christoph Monschein,Austria Wien
8407731,66,Marco Meilinger,Mathias Honsak,SCR Altach
8407731,73,Hannes Aigner,Stefan Nutz,SCR Altach
8407731,75,Boris Prokopič,Louis NGwat-Mahop,SCR Altach
8407731,46,Reinhold Yabo,Valon Berisha,RB Salzburg
8407731,68,Fredrik Gulbrandsen,Hee-chan Hwang,RB Salzburg
8407731,88,Amadou Haïdara,Takumi Minamino,RB Salzburg
8407723,62,Kevin Friesenbichler,Dominik Prokop,Austria Wien
8407723,74,Toni Vastić,Lucas Venuto,Austria Wien
8407723,89,Ibrahim Alhassan Abdullahi,Felipe Pires,Austria Wien
8407723,71,Mergim Berisha,Samuel Tetteh,LASK
8407723,85,Rajko Rep,João Victor Santos Sá,LASK
8407723,90,Alexander Riemann,Thomas Goiginger,LASK
8407729,55,Emeka Eze,Jakob Jantscher,Sturm Graz
8407729,77,Fabian Schubert,Marvin Potzmann,Sturm Graz
8407729,79,Marc Andre Schmerböck,Philipp Huspek,Sturm Graz
8407729,72,Dever Orgill,Issiaka Ouédraogo,Wolfsberger AC
8407729,77,Daniel Drescher,Nemanja Rnić,Wolfsberger AC
8407729,89,Christoph Rabitsch,Majeed Ashimeru,Wolfsberger AC
8407737,46,Daniel Schütz,Damir Mehmedovic,SKN St. Pölten
8407737,56,Maximilian Entrup,Philipp Malicsek,SKN St. Pölten
8407737,78,Eren Keles,Martin Rasner,SKN St. Pölten
8407737,71,César Ortiz,Michael Perlak,SV Mattersburg
8407737,74,Julius Ertlthaler,Mario Grgic,SV Mattersburg
8407737,76,Alois Höller,Markus Pink,SV Mattersburg
8407733,62,Marcus Maier,Wilhelm Vorsager,FC Admira Wacker
8407733,72,Alexander Merkel,Marco Hausjell,FC Admira Wacker
8407733,87,Lukas Malicsek,Marin Jakoliš,FC Admira Wacker
8407733,66,Tamás Szántó,Veton Berisha,Rapid Wien
8407733,82,Giorgi Kvilitaia,Thanos Petsos,Rapid Wien
8407747,55,Tamás Szántó,Thanos Petsos,Rapid Wien
8407747,62,Giorgi Kvilitaia,Veton Berisha,Rapid Wien
8407747,71,Marvin Potzmann,Sandi Lovrič,Sturm Graz
8407747,76,Jakob Jantscher,Thorsten Röcher,Sturm Graz
8407747,84,Christian Schoissengeyr,Lukas Spendlhofer,Sturm Graz
8407751,17,César Ortiz,Jano,SV Mattersburg
8407751,59,Julius Ertlthaler,Michael Perlak,SV Mattersburg
8407751,90,Stefan Maierhofer,Smail Prevljak,SV Mattersburg
8407751,37,Thomas Salamon,Stefan Stangl,Austria Wien
8407751,70,Ibrahim Alhassan Abdullahi,Dominik Prokop,Austria Wien
8407751,82,Christoph Monschein,Kevin Friesenbichler,Austria Wien
8407753,46,Saša Jovanović,Christoph Rabitsch,Wolfsberger AC
8407753,46,Mihret Topčagić,Issiaka Ouédraogo,Wolfsberger AC
8407753,77,Dever Orgill,Bernd Gschweidl,Wolfsberger AC
8407753,62,Philipp Posch,Marco Hausjell,FC Admira Wacker
8407753,75,Alexander Merkel,Sasa Kalajdzic,FC Admira Wacker
8407753,86,Patrick Schmidt,Marin Jakoliš,FC Admira Wacker
8407755,66,Mergim Berisha,João Victor Santos Sá,LASK
8407755,82,René Gartler,Samuel Tetteh,LASK
8407755,88,Dominik Reiter,Thomas Goiginger,LASK
8407755,63,Yusuf Otubanjo,Marco Meilinger,SCR Altach
8407755,75,Daniel Nussbaumer,Stefan Nutz,SCR Altach
8407755,80,Adrian Grbic,Hannes Aigner,SCR Altach
8407745,64,Munas Dabbur,Hannes Wolf,RB Salzburg
8407745,79,Enock Mwepu,Amadou Haïdara,RB Salzburg
8407745,84,Patson Daka,Fredrik Gulbrandsen,RB Salzburg
8407745,54,Eldis Bajrami,Philipp Malicsek,SKN St. Pölten
8407745,79,Daniel Luxbacher,Eren Keles,SKN St. Pölten
8407745,87,Kwang-Ryong Pak,David Atanga,SKN St. Pölten
8407777,63,Marco Hausjell,Patrick Schmidt,FC Admira Wacker
8407777,78,Marcel Holzmann,Alexander Merkel,FC Admira Wacker
8407777,86,Marcus Maier,Sasa Kalajdzic,FC Admira Wacker
8407777,76,Christoph Monschein,Kevin Friesenbichler,Austria Wien
8407777,79,Dominik Prokop,Raphael Holzhauser,Austria Wien
8407777,81,De Paula,Lucas Venuto,Austria Wien
8407773,61,Hannes Aigner,Adrian Grbic,SCR Altach
8407773,61,Yusuf Otubanjo,Marco Meilinger,SCR Altach
8407773,73,Louis NGwat-Mahop,Daniel Nussbaumer,SCR Altach
8407773,61,Markus Pink,Stefan Maierhofer,SV Mattersburg
8407773,68,César Ortiz,Philipp Erhardt,SV Mattersburg
8407773,84,Masaya Okugawa,Alois Höller,SV Mattersburg
8407779,80,Armin Mujakic,Giorgi Kvilitaia,Rapid Wien
8407779,83,Veton Berisha,Thomas Murg,Rapid Wien
8407779,87,Steffen Hofmann,Philipp Schobesberger,Rapid Wien
8407779,58,Rajko Rep,Thomas Goiginger,LASK
8407779,65,René Gartler,Felix Luckeneder,LASK
8407779,80,Marko Raguž,João Victor Santos Sá,LASK
8407783,69,Bernd Gschweidl,Thomas Zündel,Wolfsberger AC
8407783,69,Saša Jovanović,Issiaka Ouédraogo,Wolfsberger AC
8407783,89,Mihret Topčagić,Christoph Rabitsch,Wolfsberger AC
8407783,63,Kwang-Ryong Pak,Roope Riski,SKN St. Pölten
8407783,78,Daniel Luxbacher,Philipp Malicsek,SKN St. Pölten
8407767,61,Bright Edomwonyi,Lukas Spendlhofer,Sturm Graz
8407767,76,Jakob Jantscher,Thorsten Röcher,Sturm Graz
8407767,76,Deni Alar,Emeka Eze,Sturm Graz
8407767,72,Amadou Haïdara,Valon Berisha,RB Salzburg
8407767,79,Xaver Schlager,Reinhold Yabo,RB Salzburg
8407767,87,Takumi Minamino,Fredrik Gulbrandsen,RB Salzburg
8407807,46,Rajko Rep,James Holland,LASK
8407807,63,René Gartler,Alexander Riemann,LASK
8407807,79,Marko Raguž,João Victor Santos Sá,LASK
8407807,78,James Jeggo,Emeka Eze,Sturm Graz
8407807,84,Jakob Jantscher,Philipp Huspek,Sturm Graz
8407807,90,Deni Alar,Bright Edomwonyi,Sturm Graz
8407793,46,Michael Blauensteiner,Alexandar Borković,Austria Wien
8407793,63,Thomas Salamon,Stefan Stangl,Austria Wien
8407793,85,De Paula,Lucas Venuto,Austria Wien
8407793,46,Dever Orgill,Bernd Gschweidl,Wolfsberger AC
8407793,60,Florian Flecker,Christopher Wernitznig,Wolfsberger AC
8407793,75,Issiaka Ouédraogo,Thomas Zündel,Wolfsberger AC
8407799,68,René Renner,Markus Pink,SV Mattersburg
8407799,76,Fran,Masaya Okugawa,SV Mattersburg
8407799,89,César Ortiz,Michael Perlak,SV Mattersburg
8407799,46,Sasa Kalajdzic,Wilhelm Vorsager,FC Admira Wacker
8407799,56,Marco Hausjell,Marin Jakoliš,FC Admira Wacker
8407805,78,Kwang-Ryong Pak,Roope Riski,SKN St. Pölten
8407805,86,Husein Balic,Eren Keles,SKN St. Pölten
8407805,62,Hannes Aigner,Louis NGwat-Mahop,SCR Altach
8407805,82,Jan Zwischenbrugger,Yusuf Otubanjo,SCR Altach
8407789,77,Amadou Haïdara,Reinhold Yabo,RB Salzburg
8407789,82,Diadie Samassekou,Takumi Minamino,RB Salzburg
8407789,85,Hannes Wolf,Munas Dabbur,RB Salzburg
8407789,58,Philipp Schobesberger,Giorgi Kvilitaia,Rapid Wien
8407789,76,Louis Schaub,Veton Berisha,Rapid Wien
8407789,80,Tamás Szántó,Joelinton,Rapid Wien
8407821,61,Stefan Nutz,Jan Zwischenbrugger,SCR Altach
8407821,69,Adrian Grbic,Yusuf Otubanjo,SCR Altach
8407821,83,Mathias Honsak,Hannes Aigner,SCR Altach
8407821,66,Louis Schaub,Philipp Schobesberger,Rapid Wien
8407821,72,Armin Mujakic,Giorgi Kvilitaia,Rapid Wien
8407821,79,Veton Berisha,Thomas Murg,Rapid Wien
8407816,60,Lucas Venuto,Felipe Pires,Austria Wien
8407816,78,Vesel Demaku,Kevin Friesenbichler,Austria Wien
8407816,86,Toni Vastić,Christoph Monschein,Austria Wien
8407816,61,Daniel Luxbacher,Philipp Malicsek,SKN St. Pölten
8407816,74,David Atanga,Eren Keles,SKN St. Pölten
8407816,79,Aleksandar Vucenovic,Roope Riski,SKN St. Pölten
8407823,43,Marcus Maier,Sasa Kalajdzic,FC Admira Wacker
8407823,68,Marcel Holzmann,Marco Hausjell,FC Admira Wacker
8407823,85,Lukas Malicsek,Philipp Posch,FC Admira Wacker
8407823,64,Deni Alar,Jakob Jantscher,Sturm Graz
8407823,80,Emeka Eze,Bright Edomwonyi,Sturm Graz
8407823,88,Sandi Lovrič,Emeka Eze,Sturm Graz
8407827,63,Florian Flecker,Stephan Palla,Wolfsberger AC
8407827,73,Christopher Wernitznig,Dominik Frieser,Wolfsberger AC
8407827,85,Marcel Michael Monsberger,Majeed Ashimeru,Wolfsberger AC
8407827,68,René Gartler,Samuel Tetteh,LASK
8407827,73,Rajko Rep,João Victor Santos Sá,LASK
8407827,82,Dominik Reiter,Thomas Goiginger,LASK
8407825,46,René Renner,Markus Pink,SV Mattersburg
8407825,72,Andreas Gruber,Masaya Okugawa,SV Mattersburg
8407825,79,Stefan Maierhofer,Michael Perlak,SV Mattersburg
8407825,46,Marin Pongračić,Jérôme Onguéné,RB Salzburg
8407825,59,Diadie Samassekou,Valon Berisha,RB Salzburg
8407825,72,Stefan Lainer,Christoph Leitgeb,RB Salzburg
8407833,73,Tamás Szántó,Thomas Murg,Rapid Wien
8407833,77,Steffen Hofmann,Dejan Ljubicic,Rapid Wien
8407833,85,Stefan Schwab,Thanos Petsos,Rapid Wien
8407833,36,Saša Jovanović,Michael Sollbauer,Wolfsberger AC
8407833,77,Issiaka Ouédraogo,Dever Orgill,Wolfsberger AC
8407833,85,Mihret Topčagić,Stephan Palla,Wolfsberger AC
8407831,72,Emeka Eze,Bright Edomwonyi,Sturm Graz
8407831,82,Sandi Lovrič,Peter Žulj,Sturm Graz
8407831,90,Jakob Jantscher,Deni Alar,Sturm Graz
8407831,46,Adrian Grbic,Yusuf Otubanjo,SCR Altach
8407831,65,Hannes Aigner,Stefan Nutz,SCR Altach
8407831,85,Valentino Müller,Patrick Salomon,SCR Altach
8407835,46,Husein Balic,Eren Keles,SKN St. Pölten
8407835,85,Kwang-Ryong Pak,Ahmet Muhamedbegovic,SKN St. Pölten
8407835,61,Marcel Holzmann,Marco Hausjell,FC Admira Wacker
8407835,81,Lukas Malicsek,Alexander Merkel,FC Admira Wacker
8407835,90,Philipp Posch,Marcus Maier,FC Admira Wacker
8407837,73,Marko Raguž,Samuel Tetteh,LASK
8407837,82,Rajko Rep,João Victor Santos Sá,LASK
8407837,90,Dominik Reiter,Thomas Goiginger,LASK
8407837,64,Alois Höller,René Renner,SV Mattersburg
8407837,69,Andreas Gruber,Masaya Okugawa,SV Mattersburg
8407837,72,Stefan Maierhofer,Julius Ertlthaler,SV Mattersburg
8407829,68,Hee-chan Hwang,Fredrik Gulbrandsen,RB Salzburg
8407829,68,Munas Dabbur,Hannes Wolf,RB Salzburg
8407829,84,Jérôme Onguéné,Diadie Samassekou,RB Salzburg
8407829,46,Dominik Prokop,Ruan,Austria Wien
8407829,74,Ibrahim Alhassan Abdullahi,Lucas Venuto,Austria Wien
8407829,85,Kevin Friesenbichler,Christoph Monschein,Austria Wien
8407676,59,Maximilian Sax,Marco Hausjell,FC Admira Wacker
8407676,76,Florian Fischerauer,Marcel Holzmann,FC Admira Wacker
8407676,89,Wilhelm Vorsager,Marcus Maier,FC Admira Wacker
8407676,82,René Gartler,Samuel Tetteh,LASK
8407676,86,Dominik Reiter,João Victor Santos Sá,LASK
8407676,90,Maximilian Ullmann,Thomas Goiginger,LASK
8407664,62,David Atanga,Roope Riski,SKN St. Pölten
8407664,71,Philipp Huspek,Thorsten Röcher,Sturm Graz
8407664,74,Stefan Hierländer,Jakob Jantscher,Sturm Graz
8407664,78,Sandi Lovrič,Peter Žulj,Sturm Graz
8407668,66,Lucas Venuto,Vesel Demaku,Austria Wien
8407668,73,Dominik Fitz,Christoph Monschein,Austria Wien
8407668,90,Ibrahim Alhassan Abdullahi,Kevin Friesenbichler,Austria Wien
8407668,60,Adrian Grbic,Mathias Honsak,SCR Altach
8407668,84,Hannes Aigner,Stefan Nutz,SCR Altach
8407668,89,Yusuf Otubanjo,Samuel Gouet,SCR Altach
8407674,46,Reinhold Yabo,Valon Berisha,RB Salzburg
8407674,65,Xaver Schlager,Takumi Minamino,RB Salzburg
8407674,83,Hannes Wolf,Fredrik Gulbrandsen,RB Salzburg
8407674,63,Dever Orgill,Mihret Topčagić,Wolfsberger AC
8407674,72,Florian Flecker,Majeed Ashimeru,Wolfsberger AC
8407674,86,Bernd Gschweidl,Issiaka Ouédraogo,Wolfsberger AC
8407672,57,Andreas Gruber,Markus Pink,SV Mattersburg
8407672,57,Julius Ertlthaler,Manuel Seidl,SV Mattersburg
8407672,66,Joelinton,Giorgi Kvilitaia,Rapid Wien
8407672,70,Philipp Schobesberger,Veton Berisha,Rapid Wien
8407672,78,Andreas Kuen,Joelinton,Rapid Wien
8407686,46,Jakob Jantscher,Philipp Huspek,Sturm Graz
8407686,46,Stefan Hierländer,Thomas Schrammel,Sturm Graz
8407686,72,Emeka Eze,James Jeggo,Sturm Graz
8407686,57,Christoph Monschein,Dominik Fitz,Austria Wien
8407686,68,De Paula,Kevin Friesenbichler,Austria Wien
8407686,88,Ibrahim Alhassan Abdullahi,Felipe Pires,Austria Wien
8407690,58,Yusuf Otubanjo,Christian Gebauer,SCR Altach
8407690,66,Hannes Aigner,Stefan Nutz,SCR Altach
8407690,86,Bernhard Janeczek,Andreas Lienhart,SCR Altach
8407690,62,Patrick Schmidt,Marin Jakoliš,FC Admira Wacker
8407690,75,Alexander Merkel,Lukas Malicsek,FC Admira Wacker
8407690,88,Marco Hausjell,Maximilian Sax,FC Admira Wacker
8407692,62,Saša Jovanović,Issiaka Ouédraogo,Wolfsberger AC
8407692,69,Bernd Gschweidl,Christoph Rabitsch,Wolfsberger AC
8407692,79,Dever Orgill,Mihret Topčagić,Wolfsberger AC
8407692,69,Markus Pink,Andreas Gruber,SV Mattersburg
8407692,79,René Renner,Masaya Okugawa,SV Mattersburg
8407692,90,Thorsten Mahrer,Julius Ertlthaler,SV Mattersburg
8407696,63,Veton Berisha,Philipp Schobesberger,Rapid Wien
8407696,82,Andreas Kuen,Thomas Murg,Rapid Wien
8407696,90,Steffen Hofmann,Louis Schaub,Rapid Wien
8407696,46,Aleksandar Vucenovic,Roope Riski,SKN St. Pölten
8407680,79,Dominik Reiter,João Victor Santos Sá,LASK
8407680,84,Maximilian Ullmann,Thomas Goiginger,LASK
8407680,89,René Gartler,Samuel Tetteh,LASK
8407680,64,Munas Dabbur,Takumi Minamino,RB Salzburg
8407680,64,Fredrik Gulbrandsen,Hee-chan Hwang,RB Salzburg
8407680,76,Enock Mwepu,Amadou Haïdara,RB Salzburg
8407710,61,Bright Edomwonyi,Deni Alar,Sturm Graz
8407710,72,James Jeggo,Emeka Eze,Sturm Graz
8407710,77,Philipp Huspek,Thorsten Röcher,Sturm Graz
8407710,46,Julius Ertlthaler,Manuel Seidl,SV Mattersburg
8407710,58,Masaya Okugawa,Markus Pink,SV Mattersburg
8407710,63,Thorsten Mahrer,César Ortiz,SV Mattersburg
8407714,67,Marco Meilinger,Yusuf Otubanjo,SCR Altach
8407714,80,Volkan Akyildiz,Adrian Grbic,SCR Altach
8407714,86,Johannes Tartarotti,Stefan Nutz,SCR Altach
8407714,46,Christoph Rabitsch,Majeed Ashimeru,Wolfsberger AC
8407714,72,Florian Flecker,Dominik Frieser,Wolfsberger AC
8407714,79,Mihret Topčagić,Issiaka Ouédraogo,Wolfsberger AC
8407716,66,Michael Ambichl,David Atanga,SKN St. Pölten
8407716,66,Kwang-Ryong Pak,Dominik Hofbauer,SKN St. Pölten
8407716,84,Sandro Ingolitsch,Damir Mehmedovic,SKN St. Pölten
8407716,79,Dominik Reiter,Thomas Goiginger,LASK
8407716,83,René Gartler,Samuel Tetteh,LASK
8407716,90,Maximilian Ullmann,João Victor Santos Sá,LASK
8407708,53,Dominik Fitz,Ibrahim Alhassan Abdullahi,Austria Wien
8407708,63,Jin-hyun Lee,Lucas Venuto,Austria Wien
8407708,77,Alexander Grünwald,De Paula,Austria Wien
8407708,72,Giorgi Kvilitaia,Philipp Schobesberger,Rapid Wien
8407708,75,Steffen Hofmann,Thomas Murg,Rapid Wien
8407708,75,Thanos Petsos,Stefan Schwab,Rapid Wien
8407706,65,Marco Hausjell,Lukas Grozurek,FC Admira Wacker
8407706,73,Pascal Petlach,Markus Lackner,FC Admira Wacker
8407706,85,Lukas Malicsek,Thomas Ebner,FC Admira Wacker
8407706,65,Takumi Minamino,Fredrik Gulbrandsen,RB Salzburg
8407706,67,Amadou Haïdara,Xaver Schlager,RB Salzburg
8407706,77,Jérôme Onguéné,Duje Ćaleta-Car,RB Salzburg
8407730,67,Florian Flecker,Dominik Frieser,Wolfsberger AC
8407730,81,Thomas Zündel,Saša Jovanović,Wolfsberger AC
8407730,90,Mihret Topčagić,Dever Orgill,Wolfsberger AC
8407730,59,Bright Edomwonyi,Emeka Eze,Sturm Graz
8407730,66,Stefan Hierländer,Thorsten Röcher,Sturm Graz
8407730,70,Marc Andre Schmerböck,Jakob Jantscher,Sturm Graz
8407724,90,René Gartler,Samuel Tetteh,LASK
8407724,90,Dominik Reiter,João Victor Santos Sá,LASK
8407724,54,Abdul Kadiri Mohammed,Alexandar Borković,Austria Wien
8407724,63,Felipe Pires,Alexander Grünwald,Austria Wien
8407724,81,Christoph Monschein,Kevin Friesenbichler,Austria Wien
8407738,52,Stefan Maierhofer,Manuel Seidl,SV Mattersburg
8407738,69,René Renner,Michael Lercher,SV Mattersburg
8407738,74,Patrick Bürger,Florian Hart,SV Mattersburg
8407738,46,Patrick Wessely,Aleksandar Vucenovic,SKN St. Pölten
8407738,76,Philipp Malicsek,Martin Rasner,SKN St. Pölten
8407738,89,Eren Keles,David Atanga,SKN St. Pölten
8407732,55,Hee-chan Hwang,Takumi Minamino,RB Salzburg
8407732,64,Stefan Lainer,Patrick Farkas,RB Salzburg
8407732,81,Xaver Schlager,Reinhold Yabo,RB Salzburg
8407732,26,Andreas Lukse,Martin Kobras,SCR Altach
8407732,76,Hannes Aigner,Adrian Grbic,SCR Altach
8407732,84,Michael Cheukoua,Marco Meilinger,SCR Altach
8407734,39,Stephan Auer,Boli Bolingoli-Mbombo,Rapid Wien
8407734,58,Philipp Schobesberger,Giorgi Kvilitaia,Rapid Wien
8407734,69,Steffen Hofmann,Thomas Murg,Rapid Wien
8407734,46,Marco Hausjell,Marin Jakoliš,FC Admira Wacker
8407734,66,Wilhelm Vorsager,Maximilian Sax,FC Admira Wacker
8407752,40,Michael Blauensteiner,Michael Madl,Austria Wien
8407752,74,Kevin Friesenbichler,Christoph Monschein,Austria Wien
8407752,81,Dominik Fitz,Florian Klein,Austria Wien
8407752,74,Manuel Seidl,Michael Perlak,SV Mattersburg
8407752,74,René Renner,Masaya Okugawa,SV Mattersburg
8407752,83,Stefan Maierhofer,Smail Prevljak,SV Mattersburg
8407754,75,Maximilian Sax,Patrick Schmidt,FC Admira Wacker
8407754,75,Philipp Posch,Thomas Ebner,FC Admira Wacker
8407754,90,Dominik Starkl,Wilhelm Vorsager,FC Admira Wacker
8407754,66,Majeed Ashimeru,Issiaka Ouédraogo,Wolfsberger AC
8407754,76,Bernd Gschweidl,Christoph Rabitsch,Wolfsberger AC
8407754,88,Mihret Topčagić,Dever Orgill,Wolfsberger AC
8407756,46,Adrian Grbic,Hannes Aigner,SCR Altach
8407756,46,Yusuf Otubanjo,Patrick Salomon,SCR Altach
8407756,77,Michael Cheukoua,Samuel Gouet,SCR Altach
8407756,66,René Gartler,Samuel Tetteh,LASK
8407756,71,Rajko Rep,Thomas Goiginger,LASK
8407756,88,Dominik Reiter,João Victor Santos Sá,LASK
8407748,73,Sandi Lovrič,Thorsten Röcher,Sturm Graz
8407748,78,Fabian Schubert,Emeka Eze,Sturm Graz
8407748,88,Christian Schoissengeyr,Deni Alar,Sturm Graz
8407748,46,Philipp Schobesberger,Veton Berisha,Rapid Wien
8407748,71,Armin Mujakic,Louis Schaub,Rapid Wien
8407746,66,Eren Keles,Aleksandar Vucenovic,SKN St. Pölten
8407746,46,Duje Ćaleta-Car,Jérôme Onguéné,RB Salzburg
8407746,69,Christoph Leitgeb,Amadou Haïdara,RB Salzburg
8407746,78,Hee-chan Hwang,Xaver Schlager,RB Salzburg
8407780,68,Rajko Rep,Thomas Goiginger,LASK
8407780,81,René Gartler,Emanuel Pogatetz,LASK
8407780,90,Alan Lima Carius,James Holland,LASK
8407780,69,Louis Schaub,Philipp Schobesberger,Rapid Wien
8407780,87,Andreas Kuen,Giorgi Kvilitaia,Rapid Wien
8407780,90,Armin Mujakic,Thomas Murg,Rapid Wien
8407774,62,Michael Lercher,Lukas Rath,SV Mattersburg
8407774,65,Markus Pink,Michael Perlak,SV Mattersburg
8407774,75,Patrick Bürger,Masaya Okugawa,SV Mattersburg
8407774,68,Hannes Aigner,Michael Cheukoua,SCR Altach
8407774,90,Alexandar Petkovic,Stefan Nutz,SCR Altach
8407778,69,Raphael Holzhauser,Tarkan Serbest,Austria Wien
8407778,69,Christoph Monschein,Dominik Prokop,Austria Wien
8407778,80,Lucas Venuto,Kevin Friesenbichler,Austria Wien
8407778,71,Dominik Starkl,Marin Jakoliš,FC Admira Wacker
8407778,83,Daniel Toth,Alexander Merkel,FC Admira Wacker
8407778,90,Marco Hausjell,Maximilian Sax,FC Admira Wacker
8407784,54,Eren Keles,Philipp Malicsek,SKN St. Pölten
8407784,64,Aleksandar Vucenovic,Roope Riski,SKN St. Pölten
8407784,83,Manuel Martic,Sandro Ingolitsch,SKN St. Pölten
8407784,75,Florian Flecker,Daniel Offenbacher,Wolfsberger AC
8407784,79,Bernd Gschweidl,Dever Orgill,Wolfsberger AC
8407784,90,Mario Leitgeb,Majeed Ashimeru,Wolfsberger AC
8407769,65,Stefan Lainer,Duje Ćaleta-Car,RB Salzburg
8407769,69,Munas Dabbur,Hee-chan Hwang,RB Salzburg
8407769,79,Xaver Schlager,Christoph Leitgeb,RB Salzburg
8407769,60,Bright Edomwonyi,Sandi Lovrič,Sturm Graz
8407769,60,Thorsten Röcher,Jakob Jantscher,Sturm Graz
8407769,75,Marvin Potzmann,Fabian Koch,Sturm Graz
8407808,46,Jakob Jantscher,Stefan Hierländer,Sturm Graz
8407808,73,Bright Edomwonyi,Deni Alar,Sturm Graz
8407808,83,Fabian Schubert,Peter Žulj,Sturm Graz
8407808,62,Dominik Reiter,Reinhold Ranftl,LASK
8407808,75,René Gartler,Samuel Tetteh,LASK
8407808,87,Nemanja Celic,Thomas Goiginger,LASK
8407800,62,Dominik Starkl,Wilhelm Vorsager,FC Admira Wacker
8407800,81,Daniel Toth,Maximilian Sax,FC Admira Wacker
8407800,90,Patrick Schmidt,Marin Jakoliš,FC Admira Wacker
8407800,75,Michael Perlak,Julius Ertlthaler,SV Mattersburg
8407800,80,Stefan Maierhofer,Markus Pink,SV Mattersburg
8407800,80,Andreas Gruber,Florian Hart,SV Mattersburg
8407806,46,Patrick Salomon,Johannes Tartarotti,SCR Altach
8407806,53,Hannes Aigner,Marco Meilinger,SCR Altach
8407806,67,Yusuf Otubanjo,Stefan Nutz,SCR Altach
8407806,76,Eren Keles,David Atanga,SKN St. Pölten
8407806,86,Babacar Diallo,Daniel Luxbacher,SKN St. Pölten
8407806,90,Aleksandar Vucenovic,Kwang-Ryong Pak,SKN St. Pölten
8407790,34,Mario Sonnleitner,Mert Müldür,Rapid Wien
8407790,34,Stephan Auer,Andreas Kuen,Rapid Wien
8407790,80,Joelinton,Thanos Petsos,Rapid Wien
8407790,54,Reinhold Yabo,Patrick Farkas,RB Salzburg
8407790,59,Enock Mwepu,Fredrik Gulbrandsen,RB Salzburg
8407790,74,Christoph Leitgeb,Amadou Haïdara,RB Salzburg
8407794,75,Florian Flecker,Stephan Palla,Wolfsberger AC
8407794,80,Christoph Rabitsch,Mario Leitgeb,Wolfsberger AC
8407794,90,Bernd Gschweidl,Issiaka Ouédraogo,Wolfsberger AC
8407794,59,Alexander Frank,Christoph Monschein,Austria Wien
8407794,62,Dominik Fitz,Vesel Demaku,Austria Wien
8407794,80,Michael Blauensteiner,Alexander Grünwald,Austria Wien
8407818,61,Husein Balic,Daniel Schütz,SKN St. Pölten
8407818,81,Michael Ambichl,David Atanga,SKN St. Pölten
8407818,88,Dominik Hofbauer,Kwang-Ryong Pak,SKN St. Pölten
8407818,40,Jin-hyun Lee,Lucas Venuto,Austria Wien
8407818,46,Dominik Fitz,Alexander Frank,Austria Wien
8407818,65,Toni Vastić,Alexandar Borković,Austria Wien
8407822,66,Steffen Hofmann,Philipp Schobesberger,Rapid Wien
8407822,76,Veton Berisha,Joelinton,Rapid Wien
8407822,77,Mario Pavelić,Stephan Auer,Rapid Wien
8407822,28,Louis NGwat-Mahop,Stefan Nutz,SCR Altach
8407822,46,Bernhard Janeczek,Michael Cheukoua,SCR Altach
8407822,71,Hannes Aigner,Samuel Gouet,SCR Altach
8407824,68,James Jeggo,Stefan Hierländer,Sturm Graz
8407824,79,Lukas Fadinger,Thorsten Röcher,Sturm Graz
8407824,85,Christian Gratzei,Jörg Siebenhandl,Sturm Graz
8407824,62,Marcus Maier,Daniel Toth,FC Admira Wacker
8407824,73,Dominik Puster,Dominik Starkl,FC Admira Wacker
8407824,87,Marco Hausjell,Marin Jakoliš,FC Admira Wacker
8407826,65,Jérôme Onguéné,André Ramalho,RB Salzburg
8407826,74,Fredrik Gulbrandsen,Takumi Minamino,RB Salzburg
8407826,87,Patson Daka,Reinhold Yabo,RB Salzburg
8407826,71,Stefan Maierhofer,Markus Pink,SV Mattersburg
8407826,76,Patrick Bürger,Masaya Okugawa,SV Mattersburg
8407828,63,Rajko Rep,James Holland,LASK
8407828,63,Inpyo Oh,Thomas Goiginger,LASK
8407828,87,Marko Raguž,Maximilian Ullmann,LASK
8407828,52,Bernd Gschweidl,Dever Orgill,Wolfsberger AC
8407828,69,Daniel Offenbacher,Issiaka Ouédraogo,Wolfsberger AC
8407828,84,Christoph Rabitsch,Dominik Frieser,Wolfsberger AC
8407830,17,Patrizio Stronati,Vesel Demaku,Austria Wien
8407830,72,Alexander Frank,Christoph Monschein,Austria Wien
8407830,78,Michael Blauensteiner,Abdul Kadiri Mohammed,Austria Wien
8407830,57,Dominik Szoboszlai,Enock Mwepu,RB Salzburg
8407830,62,Romano Schmid,Amadou Haïdara,RB Salzburg
8407830,81,Luca Meisl,Duje Ćaleta-Car,RB Salzburg
8407832,60,Michael Cheukoua,Marco Meilinger,SCR Altach
8407832,60,Hannes Aigner,Yusuf Otubanjo,SCR Altach
8407832,85,Lars Nussbaumer,Patrick Salomon,SCR Altach
8407832,71,Michael John Lema,Jakob Jantscher,Sturm Graz
8407832,77,Lukas Fadinger,Sandi Lovrič,Sturm Graz
8407832,85,Christian Schulz,Dario Maresić,Sturm Graz
8407834,69,Alexander Ranacher,Dominik Frieser,Wolfsberger AC
8407834,77,Joshua Steiger,Bernd Gschweidl,Wolfsberger AC
8407834,86,Christoph Rabitsch,Saša Jovanović,Wolfsberger AC
8407834,46,Aleksandar Kostić,Thanos Petsos,Rapid Wien
8407834,80,Kelvin Arase,Philipp Schobesberger,Rapid Wien
8407836,60,Patrick Schmidt,Marin Jakoliš,FC Admira Wacker
8407836,74,Marco Hausjell,Daniel Toth,FC Admira Wacker
8407836,89,Fabio Strauss,Markus Lackner,FC Admira Wacker
8407836,59,Roope Riski,Kwang-Ryong Pak,SKN St. Pölten
8407836,76,Dominik Hofbauer,Robert Ljubicic,SKN St. Pölten
8407836,84,Michael Ambichl,Manuel Martic,SKN St. Pölten
8407838,67,Michael Perlak,Markus Pink,SV Mattersburg
8407838,85,Stefan Schimandl,René Renner,SV Mattersburg
8407838,88,Patrick Bürger,Masaya Okugawa,SV Mattersburg
8407838,46,Nemanja Celic,Dominik Reiter,LASK
8407838,61,Rajko Rep,Peter Michorl,LASK
8407838,62,Inpyo Oh,Maximilian Ullmann,LASK
