GameID,Minute,Player,Team,Card
2353374,22,Gabriel,SE Palmeiras,yellow
2353374,52,Robinho,SE Palmeiras,yellow
2353374,23,Jô,Atlético Mineiro,yellow
2353374,30,Patric,Atlético Mineiro,yellow
2353374,75,Josué,Atlético Mineiro,yellow
2353374,90,Pedro Botelho,Atlético Mineiro,yellow
2353382,73,Rafael Lima,Chapecoense,yellow
2353382,82,Bruno Silva,Chapecoense,yellow
2353382,30,Leandro Almeida,Coritiba FC,yellow
2353382,70,Hélder,Coritiba FC,yellow
2353375,73,Wagner,Fluminense RJ,yellow
2353375,80,Vinicius,Fluminense RJ,yellow
2353375,24,Naldo,Joinville EC,yellow-red
2353377,30,Rafael Galhardo,Grêmio Porto Alegre,yellow
2353377,56,Yuri Mamute,Grêmio Porto Alegre,yellow
2353377,67,Walace,Grêmio Porto Alegre,yellow
2353377,9,Biro Biro,Ponte Preta,yellow
2353377,29,Rildo,Ponte Preta,yellow
2353377,69,Josimar,Ponte Preta,yellow
2353377,73,Renato Cajá,Ponte Preta,yellow
2353377,89,Tiago Alves,Ponte Preta,yellow-red
2353373,30,Húdson,São Paulo FC,yellow
2353373,48,Ganso,São Paulo FC,yellow
2353373,77,Lucas Mugni,Flamengo RJ,yellow
2353378,20,Gabriel Xavier,Cruzeiro EC,yellow
2353378,32,Charles,Cruzeiro EC,yellow
2353378,59,Willians,Cruzeiro EC,yellow
2353378,7,Edílson,Corinthians SP,yellow
2353380,57,Eduardo Santos,Atlético Paranaense,yellow
2353380,62,Silva,Internacional,yellow
2353380,90,Alan Ruschel,Internacional,yellow
2353381,84,Régis,Sport Club Recife,yellow
2353381,40,Marcos Pedroso,Figueirense,yellow
2353381,60,Nirley,Figueirense,yellow
2353381,77,Bruno Alves,Figueirense,yellow-red
2353376,33,Dagoberto,Vasco da Gama,yellow
2353376,38,Luan Garcia,Vasco da Gama,yellow
2353376,68,Christianno,Vasco da Gama,yellow
2353376,32,Wesley,Goiás EC,yellow
2353376,40,Ygor,Goiás EC,yellow
2353376,52,Felipe Macedo,Goiás EC,yellow
2353376,83,Rafael Forster,Goiás EC,yellow
2353376,89,Alex Alves,Goiás EC,yellow
2353379,72,Anderson Lopes,Avaí FC,yellow
2353379,90,Eltinho,Avaí FC,yellow
2353379,88,Cicinho,Santos FC,yellow
2353379,90,Gustavo Henrique,Santos FC,yellow-red
2353390,6,Ruy,Coritiba FC,yellow
2353390,45,Norberto Neto,Coritiba FC,yellow
2353390,17,Marcelo Oliveira,Grêmio Porto Alegre,yellow
2353390,51,Maicon,Grêmio Porto Alegre,yellow
2353390,58,Geromel,Grêmio Porto Alegre,yellow
2353391,25,Péricles,Goiás EC,yellow
2353391,76,Willian Kozlowski,Goiás EC,yellow
2353391,34,Kadu,Atlético Paranaense,yellow
2353391,88,Jadson,Atlético Paranaense,red
2353383,83,Emerson Sheik,Corinthians SP,yellow
2353383,27,Apodi,Chapecoense,yellow
2353383,33,Ananias,Chapecoense,yellow
2353383,45,Bruno Silva,Chapecoense,yellow
2353389,90,Thiago Heleno,Figueirense,yellow
2353389,90,Leandro Silva,Figueirense,yellow
2353389,29,Serginho,Vasco da Gama,yellow
2353389,59,Rafael Silva,Vasco da Gama,yellow
2353389,64,Gilberto,Vasco da Gama,yellow
2353389,68,Dagoberto,Vasco da Gama,yellow
2353389,71,Martín Silva,Vasco da Gama,yellow
2353389,77,Pablo Guiñazú,Vasco da Gama,yellow
2353384,66,Chiquinho,Santos FC,yellow
2353384,65,Willians,Cruzeiro EC,yellow
2353384,73,Fabrício,Cruzeiro EC,yellow
2353384,84,Bruno Rodrigo,Cruzeiro EC,yellow
2353384,90,Willian,Cruzeiro EC,yellow
2353386,20,Jonas,Flamengo RJ,yellow
2353386,45,Héctor Canteros,Flamengo RJ,yellow
2353386,31,Matheus Ferraz,Sport Club Recife,yellow
2353386,90,Joelinton,Sport Club Recife,yellow
2353388,11,Carlos,Atlético Mineiro,yellow
2353388,25,Leonardo Silva,Atlético Mineiro,yellow
2353388,5,Edson,Fluminense RJ,yellow
2353385,65,Felipe Azevedo,Ponte Preta,yellow
2353385,59,Ganso,São Paulo FC,yellow
2353385,77,Paulo Miranda,São Paulo FC,yellow
2353385,90,Luís Fabiano,São Paulo FC,yellow
2353387,34,Alan Ruschel,Internacional,yellow
2353387,45,Taiberson Ruan,Internacional,yellow
2353387,90,Vitinho,Internacional,yellow
2353387,10,Antônio Carlos,Avaí FC,yellow
2353387,47,Eduardo Neto,Avaí FC,yellow
2353387,62,Nino Paraíba,Avaí FC,yellow
2353387,71,Pablo Barros,Avaí FC,yellow
2353387,86,Emerson Silva,Avaí FC,yellow
2353387,90,Romário,Avaí FC,yellow
2353387,90,Marquinhos,Avaí FC,yellow
2353392,16,Bruno Aguiar,Joinville EC,yellow
2353392,37,Mario Sérgio,Joinville EC,yellow
2353392,49,Kempes,Joinville EC,yellow
2353392,53,Leandro Pereira,SE Palmeiras,yellow
2353393,60,Thiago Mendes,São Paulo FC,yellow
2353393,89,Alexandre Pato,São Paulo FC,yellow
2353396,35,Pablo Guiñazú,Vasco da Gama,yellow
2353396,42,Serginho,Vasco da Gama,yellow
2353396,62,Dagoberto,Vasco da Gama,yellow
2353396,65,Yago,Vasco da Gama,yellow
2353396,76,Rodrigo,Vasco da Gama,yellow
2353396,76,Gilberto,Vasco da Gama,yellow
2353396,12,Nilmar,Internacional,yellow
2353396,68,Alan Ruschel,Internacional,yellow-red
2353396,83,Taiberson Ruan,Internacional,yellow
2353397,0,Tiago Machowski,Grêmio Porto Alegre,yellow
2353397,20,Rafael Galhardo,Grêmio Porto Alegre,yellow
2353397,40,Walace,Grêmio Porto Alegre,yellow
2353397,56,Douglas,Grêmio Porto Alegre,yellow
2353397,89,Braian Rodríguez,Grêmio Porto Alegre,yellow
2353397,90,Marcelo Grohe,Grêmio Porto Alegre,yellow
2353397,33,Yago,Figueirense,yellow
2353397,52,Roberto Cereceda,Figueirense,yellow
2353397,57,Fabinho,Figueirense,yellow
2353397,72,Bruno Alves,Figueirense,yellow
2353394,9,Jorge Valdivia,SE Palmeiras,yellow
2353394,34,Leandro Pereira,SE Palmeiras,yellow
2353394,39,Lucas,SE Palmeiras,yellow
2353394,69,Kelvin,SE Palmeiras,yellow
2353394,87,Leandro,SE Palmeiras,yellow
2353394,90,Victor Ramos,SE Palmeiras,red
2353394,10,Rafael Forster,Goiás EC,yellow
2353394,54,Wesley,Goiás EC,yellow
2353394,77,Bruno Henrique,Goiás EC,yellow-red
2353394,81,Péricles,Goiás EC,yellow
2353394,87,Willian Kozlowski,Goiás EC,yellow
2353395,21,Renato,Fluminense RJ,yellow
2353395,76,Gum,Fluminense RJ,yellow
2353395,13,Jádson,Corinthians SP,yellow
2353395,49,Petros,Corinthians SP,yellow
2353399,6,Hugo Cabral,Avaí FC,yellow
2353399,41,Marquinhos,Avaí FC,yellow
2353399,45,Jéci,Avaí FC,yellow
2353399,79,Roberto,Avaí FC,yellow
2353399,90,Marrone,Avaí FC,yellow
2353399,18,Éverton,Flamengo RJ,yellow
2353399,46,Wallace Reis,Flamengo RJ,yellow
2353399,62,Paulo Victor,Flamengo RJ,yellow
2353399,68,Paulinho,Flamengo RJ,yellow
2353399,89,Luiz Antônio,Flamengo RJ,yellow
2353400,41,Douglas Coutinho,Atlético Paranaense,yellow
2353400,45,Wéverton,Atlético Paranaense,yellow
2353400,71,Felipe,Atlético Paranaense,yellow
2353400,87,Wálter,Atlético Paranaense,red
2353400,90,Otavio,Atlético Paranaense,yellow
2353402,7,Rafael Lima,Chapecoense,yellow
2353402,35,Gil,Chapecoense,yellow
2353402,52,Vílson,Chapecoense,yellow
2353402,84,Elicarlos,Chapecoense,yellow
2353402,90,Hyoran,Chapecoense,yellow
2353402,42,Ricardo Oliveira,Santos FC,yellow
2353402,48,Geuvânio,Santos FC,yellow
2353402,50,Lucas Otávio,Santos FC,yellow
2353402,52,Robinho,Santos FC,yellow
2353402,62,Lucas Lima,Santos FC,yellow
2353402,88,Chiquinho,Santos FC,yellow
2353398,34,Paulo André,Cruzeiro EC,yellow
2353398,45,Fabrício,Cruzeiro EC,yellow
2353398,31,Pablo Castro,Ponte Preta,yellow
2353398,77,Juninho,Ponte Preta,yellow
2353401,82,Rithely,Sport Club Recife,yellow
2353401,15,Norberto Neto,Coritiba FC,yellow
2353401,19,João Paulo,Coritiba FC,yellow
2353401,30,Ivan,Coritiba FC,yellow
2353401,38,Rosinei,Coritiba FC,yellow
2353405,35,Biro Biro,Ponte Preta,yellow
2353405,66,Diego Ivo,Ponte Preta,yellow
2353405,76,Josimar,Ponte Preta,yellow
2353405,90,Renato Cajá,Ponte Preta,yellow
2353405,12,Roger,Chapecoense,yellow
2353405,63,Apodi,Chapecoense,red
2353410,46,Carlinhos,Coritiba FC,yellow
2353410,58,Hélder,Coritiba FC,yellow
2353410,72,Rosinei,Coritiba FC,yellow
2353410,79,Leandro Almeida,Coritiba FC,yellow
2353410,0,Vagner,Avaí FC,yellow
2353410,35,Romário,Avaí FC,yellow
2353410,60,Renanzinho,Avaí FC,yellow
2353410,88,Emerson Silva,Avaí FC,yellow
2353412,60,Nikão,Atlético Paranaense,yellow
2353412,75,Hernani,Atlético Paranaense,yellow
2353412,88,Ytalo,Atlético Paranaense,yellow
2353412,90,Natanael Pimienta,Atlético Paranaense,yellow
2353404,84,David Braz,Santos FC,yellow
2353404,45,Wendel,Sport Club Recife,yellow
2353404,69,Neto,Sport Club Recife,yellow
2353403,39,Ralf,Corinthians SP,yellow
2353403,47,Renato Augusto,Corinthians SP,yellow
2353403,68,Gil,Corinthians SP,yellow
2353403,73,Edílson,Corinthians SP,yellow
2353403,74,Danilo,Corinthians SP,yellow
2353403,18,Arouca,SE Palmeiras,yellow
2353403,45,Egídio,SE Palmeiras,yellow
2353403,67,Lucas,SE Palmeiras,yellow
2353403,79,Jorge Valdivia,SE Palmeiras,yellow
2353403,84,Kelvin,SE Palmeiras,yellow
2353407,38,Lisandro López,Internacional,yellow
2353407,56,Anderson,Internacional,yellow
2353407,88,Alisson,Internacional,yellow
2353407,90,Reinaldo,São Paulo FC,yellow-red
2353408,61,Rafael Silva,Vasco da Gama,yellow
2353408,78,Diguinho,Vasco da Gama,yellow
2353408,88,Yago,Vasco da Gama,yellow
2353411,63,Wesley,Goiás EC,yellow
2353411,54,Marcelo Grohe,Grêmio Porto Alegre,yellow
2353406,7,Pará,Flamengo RJ,yellow
2353406,23,Éverton,Flamengo RJ,yellow
2353406,44,Víctor Cáceres,Flamengo RJ,yellow
2353406,55,Matheus Bressan,Flamengo RJ,yellow
2353406,90,Héctor Canteros,Flamengo RJ,yellow-red
2353406,90,Eduardo,Flamengo RJ,yellow
2353406,28,Vinicius,Fluminense RJ,yellow
2353406,50,Giovanni,Fluminense RJ,red
2353406,55,Wagner,Fluminense RJ,yellow
2353406,68,Diego Cavalieri,Fluminense RJ,yellow
2353409,32,Marquinhos,Figueirense,yellow
2353409,79,Carlos Alberto,Figueirense,yellow
2353409,90,Marcão,Figueirense,yellow
2353409,11,Willians,Cruzeiro EC,yellow
2353409,30,Leandro Damião,Cruzeiro EC,yellow
2353409,34,Willian Farias,Cruzeiro EC,yellow
2353409,49,Charles,Cruzeiro EC,yellow
2353409,56,Mayke,Cruzeiro EC,yellow
2353409,70,Henrique Dourado,Cruzeiro EC,yellow
2353416,29,Jordi,Vasco da Gama,red
2353416,62,Pablo Guiñazú,Vasco da Gama,yellow
2353416,87,Gilberto,Vasco da Gama,yellow-red
2353416,14,Felipe Azevedo,Ponte Preta,yellow
2353416,23,Pablo Castro,Ponte Preta,yellow
2353416,77,Borges,Ponte Preta,yellow
2353420,85,Jadson,Atlético Paranaense,yellow
2353420,34,Carlos Alberto,Figueirense,yellow
2353420,53,Clayton,Figueirense,yellow
2353420,60,Leandro Silva,Figueirense,yellow
2353420,80,Fabinho,Figueirense,yellow
2353422,24,Wagner,Chapecoense,yellow
2353422,83,Dener,Chapecoense,yellow
2353422,86,Maranhão,Chapecoense,yellow
2353422,18,Marcelo Costa,Joinville EC,yellow
2353422,22,Heracles,Joinville EC,yellow
2353422,38,Welinton,Joinville EC,yellow
2353422,43,Anselmo,Joinville EC,yellow
2353422,63,Tiago Luis,Joinville EC,yellow
2353413,0,Renan Ribeiro,São Paulo FC,yellow
2353413,24,Michel Bastos,São Paulo FC,yellow
2353413,45,Denilson,São Paulo FC,yellow
2353413,45,Rogério Ceni,São Paulo FC,yellow
2353413,66,Paulo Miranda,São Paulo FC,yellow
2353413,59,Ricardo Oliveira,Santos FC,yellow
2353413,68,Lucas Otávio,Santos FC,yellow
2353413,77,Werley,Santos FC,yellow
2353413,87,Marquinhos Gabriel,Santos FC,red
2353417,16,Yuri Mamute,Grêmio Porto Alegre,yellow
2353417,84,Walace,Grêmio Porto Alegre,yellow
2353417,21,Bruno Henrique,Corinthians SP,yellow
2353417,32,Gil,Corinthians SP,yellow
2353417,90,Vágner Love,Corinthians SP,yellow
2353418,54,Bruno Rodrigo,Cruzeiro EC,yellow
2353418,90,Manoel,Cruzeiro EC,yellow
2353418,28,Alecsandro,Flamengo RJ,yellow
2353418,31,Éverton,Flamengo RJ,yellow
2353418,90,Luiz Antônio,Flamengo RJ,yellow
2353419,45,Renanzinho,Avaí FC,yellow
2353419,55,Antônio Carlos,Avaí FC,yellow
2353419,69,Anderson Lopes,Avaí FC,yellow
2353419,38,Leonardo Silva,Atlético Mineiro,yellow
2353419,56,Rafael Carioca,Atlético Mineiro,yellow
2353419,71,Maicosuel,Atlético Mineiro,yellow
2353415,90,Edson,Fluminense RJ,yellow
2353415,56,Hélder,Coritiba FC,yellow
2353415,58,Thiago Galhardo,Coritiba FC,yellow
2353415,83,João Paulo,Coritiba FC,yellow
2353415,90,Luccas Claro,Coritiba FC,yellow
2353414,68,Lucas,SE Palmeiras,yellow
2353414,1,Alex,Internacional,yellow
2353414,64,Anderson,Internacional,yellow
2353414,74,Artur,Internacional,yellow
2353414,90,Alisson,Internacional,yellow
2353421,45,Diego Souza,Sport Club Recife,yellow
2353421,55,Joelinton,Sport Club Recife,yellow
2353421,41,Rafael Forster,Goiás EC,yellow
2353421,59,Felipe Menezes,Goiás EC,yellow
2353421,90,Péricles,Goiás EC,yellow
2353424,47,Lucas Lima,Santos FC,yellow
2353424,83,Daniel Guedes,Santos FC,yellow
2353424,60,Gilson,Ponte Preta,yellow
2353424,74,Fernando Bob,Ponte Preta,yellow
2353426,81,Marcelo Cirino,Flamengo RJ,yellow
2353426,63,Vílson,Chapecoense,red
2353423,48,Denilson,São Paulo FC,yellow
2353423,51,Luís Fabiano,São Paulo FC,yellow
2353423,57,Souza,São Paulo FC,yellow
2353423,26,Fellipe Bastos,Grêmio Porto Alegre,yellow
2353423,56,Marcelo Oliveira,Grêmio Porto Alegre,yellow
2353430,23,Eduardo Santos,Atlético Paranaense,yellow
2353430,75,Wéverton,Atlético Paranaense,yellow
2353430,83,Nikão,Atlético Paranaense,yellow
2353430,86,Wálter,Atlético Paranaense,yellow
2353430,39,Julio Dos Santos,Vasco da Gama,yellow
2353430,59,Lucas Siqueira,Vasco da Gama,yellow
2353430,79,Emanuel Biancucchi,Vasco da Gama,yellow
2353432,23,Willian Popp,Joinville EC,yellow
2353432,90,Cássio,Corinthians SP,yellow
2353427,27,Vitinho,Internacional,yellow
2353427,78,Anderson,Internacional,yellow
2353427,80,Lisandro López,Internacional,yellow-red
2353427,82,Rodrigo Dourado,Internacional,yellow
2353427,13,Fabricio Baiano,Coritiba FC,yellow
2353427,30,Thiago Galhardo,Coritiba FC,yellow
2353427,52,Norberto Neto,Coritiba FC,yellow
2353427,73,Ruy,Coritiba FC,yellow
2353427,90,Henrique Gelain,Coritiba FC,yellow
2353425,85,Wagner,Fluminense RJ,yellow
2353425,88,Wellington Silva,Fluminense RJ,yellow
2353425,90,Marcos Júnior,Fluminense RJ,yellow
2353425,47,Renê,Sport Club Recife,yellow
2353425,83,Matheus Ferraz,Sport Club Recife,yellow
2353429,10,Paulo Roberto,Figueirense,yellow
2353429,69,Marquinhos,Figueirense,yellow
2353429,88,Marcão,Figueirense,yellow
2353429,26,Kelvin,SE Palmeiras,yellow
2353429,60,Egídio,SE Palmeiras,yellow
2353429,90,Ayrton,SE Palmeiras,yellow
2353431,67,Alex Alves,Goiás EC,yellow
2353431,89,Jarlan,Goiás EC,yellow
2353431,33,Antônio Carlos,Avaí FC,yellow
2353431,71,Eduardo Neto,Avaí FC,yellow
2353431,78,Jéci,Avaí FC,yellow
2353431,90,Rômulo,Avaí FC,yellow
2353438,90,Guilherme,Atlético Mineiro,yellow
2353438,39,Lucas Lima,Santos FC,yellow
2353438,45,Werley,Santos FC,yellow
2353438,64,Gustavo Henrique,Santos FC,yellow
2353438,90,Vladimir,Santos FC,yellow
2353433,19,Nicolás Freitas,Internacional,yellow
2353433,40,William,Internacional,yellow
2353440,25,Fabricio Baiano,Coritiba FC,yellow
2353440,70,Thiago Galhardo,Coritiba FC,yellow
2353440,40,Márcio Araújo,Flamengo RJ,yellow
2353440,45,Jonas,Flamengo RJ,yellow-red
2353440,88,Paulo Victor,Flamengo RJ,yellow
2353440,90,Marcelo Cirino,Flamengo RJ,yellow
2353442,10,Ananias,Chapecoense,yellow
2353442,85,Gil,Chapecoense,yellow
2353442,23,Luís Fabiano,São Paulo FC,yellow
2353442,50,Bruno,São Paulo FC,yellow
2353442,51,Húdson,São Paulo FC,yellow
2353442,79,Thiago Mendes,São Paulo FC,yellow
2353436,61,Luan Garcia,Vasco da Gama,yellow
2353436,63,Rodrigo,Vasco da Gama,yellow
2353436,9,Pará,Cruzeiro EC,yellow
2353436,21,Leandro Damião,Cruzeiro EC,yellow
2353436,57,Willians,Cruzeiro EC,yellow
2353436,88,Joel Tagueu,Cruzeiro EC,yellow
2353441,36,Guti,Joinville EC,yellow
2353441,45,Anselmo,Joinville EC,yellow
2353441,54,Mario Sérgio,Joinville EC,yellow
2353441,66,Dankler,Joinville EC,yellow
2353435,29,Pablo Castro,Ponte Preta,yellow
2353435,59,Tiago Alves,Ponte Preta,yellow
2353435,61,Bruno Henrique,Goiás EC,yellow
2353435,88,Clayton Sales,Goiás EC,yellow
2353435,90,Patrick Bezerra,Goiás EC,yellow
2353434,34,Antônio Carlos,Fluminense RJ,yellow
2353434,57,Pierre,Fluminense RJ,yellow
2353434,60,Magno Alves,Fluminense RJ,red
2353434,67,Jean,Fluminense RJ,yellow
2353434,78,Marcos Júnior,Fluminense RJ,yellow
2353434,87,Renato,Fluminense RJ,yellow
2353434,89,Gum,Fluminense RJ,yellow-red
2353434,90,Diego Cavalieri,Fluminense RJ,yellow
2353437,47,Luan,Grêmio Porto Alegre,yellow
2353437,53,Ytalo,Atlético Paranaense,yellow
2353437,70,Kadu,Atlético Paranaense,yellow
2353437,75,Nikão,Atlético Paranaense,yellow
2353437,87,Otavio,Atlético Paranaense,yellow
2353439,14,Nino Paraíba,Avaí FC,yellow
2353439,23,Renanzinho,Avaí FC,yellow
2353439,74,André Lima,Avaí FC,yellow
2353439,90,Eduardo Neto,Avaí FC,yellow
2353439,28,Roberto Cereceda,Figueirense,yellow
2353439,38,Marquinhos,Figueirense,yellow
2353439,59,Marcão,Figueirense,yellow
2353449,0,França,Figueirense,yellow
2353449,14,Leandro Silva,Figueirense,yellow
2353449,45,Bruno Alves,Figueirense,yellow
2353449,73,Clayton,Figueirense,yellow
2353449,58,Jorge Henrique,Internacional,yellow
2353449,79,Rodrigo Dourado,Internacional,yellow
2353444,24,Daniel Guedes,Santos FC,yellow
2353444,70,Rafael Longuine,Santos FC,yellow-red
2353444,81,Vladimir,Santos FC,yellow
2353444,82,Geuvânio,Santos FC,yellow
2353444,90,Neto Berola,Santos FC,yellow
2353444,39,Ralf,Corinthians SP,yellow
2353444,72,Luciano,Corinthians SP,yellow
2353444,74,Fágner,Corinthians SP,yellow-red
2353444,90,Uendel,Corinthians SP,yellow
2353446,86,Patric,Atlético Mineiro,yellow-red
2353451,73,Samuel Xavier,Sport Club Recife,yellow
2353451,26,Pablo Guiñazú,Vasco da Gama,yellow
2353451,58,Emanuel Biancucchi,Vasco da Gama,yellow
2353451,80,Luan Garcia,Vasco da Gama,yellow
2353447,30,Rafael Galhardo,Grêmio Porto Alegre,yellow
2353447,44,Marcelo Oliveira,Grêmio Porto Alegre,yellow
2353447,68,Maicon,Grêmio Porto Alegre,yellow
2353447,87,Walace,Grêmio Porto Alegre,yellow
2353447,17,Gabriel,SE Palmeiras,yellow
2353447,50,Robinho,SE Palmeiras,yellow
2353447,63,Alecsandro,SE Palmeiras,yellow
2353448,3,Pará,Cruzeiro EC,yellow
2353448,34,Henrique,Cruzeiro EC,yellow
2353448,70,Bruno Ramires,Cruzeiro EC,yellow
2353448,90,Bruno Rodrigo,Cruzeiro EC,yellow
2353448,67,Gil,Chapecoense,yellow
2353448,83,Neto,Chapecoense,yellow
2353448,84,Danilo,Chapecoense,yellow
2353443,36,Alexandre Pato,São Paulo FC,yellow
2353443,32,Marquinhos,Avaí FC,yellow
2353443,40,Romário,Avaí FC,yellow
2353443,45,Eduardo Neto,Avaí FC,yellow
2353443,66,Adriano,Avaí FC,yellow
2353443,90,Eltinho,Avaí FC,yellow
2353450,16,Wéverton,Atlético Paranaense,yellow
2353450,41,Kadu,Atlético Paranaense,yellow
2353450,26,Ruy,Coritiba FC,yellow
2353450,41,Leandro Silva,Coritiba FC,yellow
2353450,58,João Paulo,Coritiba FC,yellow
2353450,90,Norberto Neto,Coritiba FC,yellow-red
2353450,90,Wellington Paulista,Coritiba FC,red
2353452,43,Augusto,Joinville EC,yellow
2353452,58,Diego Rodrigues,Joinville EC,red
2353452,72,Anselmo,Joinville EC,yellow
2353452,86,Mario Sérgio,Joinville EC,yellow
2353452,90,Naldo,Joinville EC,yellow
2353452,7,Felipe Menezes,Goiás EC,yellow
2353452,26,Clayton Sales,Goiás EC,yellow
2353452,57,Patrick Bezerra,Goiás EC,yellow
2353452,74,Felipe Macedo,Goiás EC,yellow
2353452,85,Diogo Barbosa,Goiás EC,yellow-red
2353445,22,Gerson,Fluminense RJ,yellow
2353445,69,Marcos Felipe,Fluminense RJ,yellow
2353445,31,Renato Chaves,Ponte Preta,yellow
2353445,67,Josimar,Ponte Preta,yellow
2353445,90,Fernando Bob,Ponte Preta,yellow
2353459,42,Anderson Lopes,Avaí FC,yellow
2353459,70,Eltinho,Avaí FC,yellow
2353459,90,Rômulo,Avaí FC,yellow
2353459,56,Lucas Ramon,Grêmio Porto Alegre,yellow
2353459,62,Yuri Mamute,Grêmio Porto Alegre,yellow
2353459,78,Tiago Machowski,Grêmio Porto Alegre,yellow
2353462,28,Elicarlos,Chapecoense,yellow
2353462,41,Marlone,Sport Club Recife,yellow
2353462,70,Samuel Xavier,Sport Club Recife,yellow
2353462,75,Mike,Sport Club Recife,yellow
2353462,79,Rithely,Sport Club Recife,yellow
2353462,82,Wendel,Sport Club Recife,yellow
2353462,86,Diego Souza,Sport Club Recife,yellow
2353453,33,Roberto Cereceda,Figueirense,yellow
2353453,59,Marquinhos,Figueirense,yellow
2353458,45,Thiago Ribeiro,Atlético Mineiro,yellow
2353458,74,Guilherme,Atlético Mineiro,yellow
2353458,78,Naldo,Joinville EC,yellow
2353454,50,Lucas,SE Palmeiras,yellow
2353454,18,Bruno,São Paulo FC,yellow
2353454,40,Húdson,São Paulo FC,yellow
2353454,90,Rafael Tolói,São Paulo FC,yellow
2353455,33,Tiago Alves,Ponte Preta,yellow
2353455,24,Hernani,Atlético Paranaense,yellow
2353455,75,Marcos Guilherme,Atlético Paranaense,yellow
2353460,12,Leandro Silva,Coritiba FC,yellow
2353460,18,Rodrigo Ramos,Coritiba FC,yellow
2353460,31,Luccas Claro,Coritiba FC,yellow
2353460,56,Lúcio Flávio,Coritiba FC,yellow
2353460,67,Esquerdinha,Coritiba FC,yellow
2353460,32,Henrique,Cruzeiro EC,yellow
2353460,36,Allano,Cruzeiro EC,yellow
2353460,54,Paulo André,Cruzeiro EC,yellow
2353460,89,Willians,Cruzeiro EC,yellow
2353460,90,Marcos Vinicius,Cruzeiro EC,yellow
2353461,64,Erik,Goiás EC,yellow
2353461,76,Clayton Sales,Goiás EC,yellow
2353461,51,Wagner,Fluminense RJ,yellow
2353461,57,Gum,Fluminense RJ,red
2353461,87,Jean,Fluminense RJ,yellow
2353456,32,Serginho,Vasco da Gama,yellow
2353456,35,Jhon Cley,Vasco da Gama,yellow
2353456,77,Charles,Vasco da Gama,yellow
2353456,90,Mádson,Vasco da Gama,yellow
2353457,14,Jorge Henrique,Internacional,yellow
2353457,85,Lisandro López,Internacional,yellow
2353457,86,William,Internacional,yellow
2353457,81,David Braz,Santos FC,yellow-red
2353457,82,Lucas Otávio,Santos FC,yellow
2353457,90,Neto Berola,Santos FC,yellow
2353466,45,Christianno,Vasco da Gama,yellow
2353466,66,Lucas Siqueira,Vasco da Gama,yellow
2353466,75,Rodrigo,Vasco da Gama,yellow
2353466,90,Rafael Silva,Vasco da Gama,red
2353466,0,André Lima,Avaí FC,yellow
2353466,65,Emerson Silva,Avaí FC,yellow
2353466,90,Antônio Carlos,Avaí FC,red
2353471,21,Rithely,Sport Club Recife,yellow
2353471,59,Diego Souza,Sport Club Recife,yellow
2353471,8,Alan Costa,Internacional,yellow
2353471,54,Geferson,Internacional,yellow
2353471,90,Léo,Internacional,red
2353464,44,Wagner,Chapecoense,yellow
2353464,65,Neném,Chapecoense,yellow
2353464,68,William Barbio,Chapecoense,yellow
2353468,51,Leonardo Silva,Atlético Mineiro,yellow
2353468,52,Carlos,Atlético Mineiro,yellow
2353468,84,Douglas Santos,Atlético Mineiro,yellow
2353468,0,Wellington Paulista,Coritiba FC,yellow
2353468,23,Lúcio Flávio,Coritiba FC,yellow
2353468,38,Thiago Galhardo,Coritiba FC,yellow
2353468,45,Alan Santos,Coritiba FC,yellow
2353468,76,Luccas Claro,Coritiba FC,yellow
2353467,3,Luan,Grêmio Porto Alegre,yellow
2353467,25,Maicon,Grêmio Porto Alegre,yellow
2353467,40,Walace,Grêmio Porto Alegre,yellow
2353467,57,Geromel,Grêmio Porto Alegre,yellow
2353467,85,Rafael Galhardo,Grêmio Porto Alegre,yellow
2353467,40,Leandro Damião,Cruzeiro EC,yellow
2353467,56,Willians,Cruzeiro EC,yellow
2353467,68,Bruno Rodrigo,Cruzeiro EC,yellow
2353467,70,Willian,Cruzeiro EC,yellow
2353467,71,Marcos Vinicius,Cruzeiro EC,yellow
2353467,73,Mayke,Cruzeiro EC,yellow
2353470,56,Ytalo,Atlético Paranaense,yellow
2353470,90,Nikão,Atlético Paranaense,yellow
2353472,28,Anselmo,Joinville EC,yellow
2353472,34,Guti,Joinville EC,yellow
2353472,83,Douglas Silva,Joinville EC,yellow
2353472,45,Jonas,Flamengo RJ,yellow
2353472,90,Héctor Canteros,Flamengo RJ,yellow
2353463,90,Jádson,Corinthians SP,yellow
2353463,38,Fernando Bob,Ponte Preta,yellow
2353463,81,Renato Cajá,Ponte Preta,yellow
2353469,66,Rafael Bastos,Figueirense,yellow
2353469,83,Clayton,Figueirense,yellow-red
2353469,37,Rafael Forster,Goiás EC,yellow
2353469,90,Bruno Henrique,Goiás EC,yellow
2353465,48,Wagner,Fluminense RJ,yellow
2353465,62,Gerson,Fluminense RJ,yellow
2353465,27,Werley,Santos FC,yellow
2353465,36,Thiago Maia,Santos FC,yellow
2353465,63,Daniel Guedes,Santos FC,yellow
2353480,19,Hélder,Coritiba FC,yellow
2353480,11,Diego Rodrigues,Joinville EC,yellow
2353480,15,Guti,Joinville EC,yellow
2353478,62,Natanael Pimienta,Atlético Paranaense,yellow
2353478,80,Giovanni,Atlético Paranaense,yellow
2353478,90,Wálter,Atlético Paranaense,red
2353482,42,Bruno Silva,Chapecoense,yellow
2353482,47,Christianno,Vasco da Gama,red
2353482,64,Pablo Guiñazú,Vasco da Gama,yellow
2353482,79,Jhon Cley,Vasco da Gama,yellow-red
2353479,74,Anderson Lopes,Avaí FC,yellow
2353479,85,Jéci,Avaí FC,yellow
2353479,89,Vagner,Avaí FC,yellow
2353479,90,Jubal Júnior,Avaí FC,yellow
2353479,90,William Souza,Avaí FC,yellow
2353479,90,Eduardo Neto,Avaí FC,yellow-red
2353479,77,Diego Souza,Sport Club Recife,yellow
2353479,81,Régis,Sport Club Recife,yellow
2353479,90,Danilo Fernandes,Sport Club Recife,yellow
2353473,30,Édson Silva,São Paulo FC,yellow
2353473,2,Edson,Fluminense RJ,yellow
2353473,77,Gustavo Scarpa,Fluminense RJ,yellow
2353474,25,Gabriel Barbosa,Santos FC,yellow
2353474,29,Geuvânio,Santos FC,yellow-red
2353474,33,Caju,Santos FC,yellow
2353474,59,David Braz,Santos FC,yellow
2353474,90,Walace,Grêmio Porto Alegre,yellow
2353481,35,Alex Alves,Goiás EC,yellow
2353481,63,Clayton Sales,Goiás EC,yellow
2353481,65,Bruno Henrique,Corinthians SP,yellow
2353481,90,Fágner,Corinthians SP,yellow
2353475,38,Cesinha,Ponte Preta,yellow
2353475,54,Vitor Xavier,Ponte Preta,yellow
2353475,90,Pablo Castro,Ponte Preta,yellow
2353475,35,Lucas,SE Palmeiras,yellow
2353475,52,Victor Ramos,SE Palmeiras,yellow
2353475,56,Dudu,SE Palmeiras,yellow
2353476,48,Alan Patrick,Flamengo RJ,yellow
2353476,65,Emerson Sheik,Flamengo RJ,yellow
2353476,66,Marcelo Cirino,Flamengo RJ,yellow
2353476,67,Roberto Cereceda,Figueirense,yellow
2353476,80,Dudu,Figueirense,yellow
2353477,41,Andrés DAlessandro,Internacional,yellow
2353477,62,Anderson,Internacional,red
2353477,27,Carlos César,Atlético Mineiro,yellow
2353477,54,Leandro Donizete,Atlético Mineiro,yellow
2353477,90,Edcarlos,Atlético Mineiro,yellow
2353490,42,Thiago Galhardo,Coritiba FC,yellow
2353490,55,Alan Santos,Coritiba FC,yellow
2353490,80,Henrique Gelain,Coritiba FC,yellow
2353490,87,Leandro Silva,Coritiba FC,yellow
2353490,32,Renato Chaves,Ponte Preta,yellow
2353490,59,Diego Ivo,Ponte Preta,yellow
2353490,64,Renato Cajá,Ponte Preta,yellow
2353490,88,Cesinha,Ponte Preta,yellow
2353490,89,Biro Biro,Ponte Preta,yellow
2353490,90,Pablo Castro,Ponte Preta,yellow
2353491,19,Thiago Maia,Santos FC,yellow
2353491,51,Daniel Guedes,Santos FC,yellow
2353491,64,Werley,Santos FC,yellow
2353492,89,Wanderson,Chapecoense,yellow
2353492,27,Pedro Rocha,Grêmio Porto Alegre,yellow
2353492,90,Braian Rodríguez,Grêmio Porto Alegre,yellow
2353484,56,Egídio,SE Palmeiras,yellow
2353484,64,Victor Ramos,SE Palmeiras,yellow
2353484,0,André Lima,Avaí FC,yellow
2353484,27,Claudinei,Avaí FC,yellow
2353484,72,Emerson Silva,Avaí FC,yellow
2353484,84,Nino Paraíba,Avaí FC,yellow
2353484,84,Roberto,Avaí FC,yellow
2353484,88,Renanzinho,Avaí FC,yellow
2353489,80,Marquinhos,Figueirense,yellow
2353489,59,Fabrício,Joinville EC,yellow
2353489,88,Naldo,Joinville EC,yellow
2353486,29,Anderson Salles,Vasco da Gama,yellow
2353486,69,Mádson,Vasco da Gama,yellow
2353486,83,Rodrigo,Vasco da Gama,yellow
2353487,38,Geferson,Internacional,yellow
2353487,46,Nicolás Freitas,Internacional,yellow
2353487,75,Rafael Moura,Internacional,yellow
2353487,27,Jorge,Flamengo RJ,yellow
2353487,71,Marcelo,Flamengo RJ,yellow
2353488,79,Jemerson,Atlético Mineiro,yellow
2353488,86,Carlos César,Atlético Mineiro,yellow
2353488,42,Rithely,Sport Club Recife,yellow
2353488,90,Neto,Sport Club Recife,yellow
2353483,49,Felipe Monteiro,Corinthians SP,yellow
2353483,49,Nikão,Atlético Paranaense,yellow
2353483,90,Hernani,Atlético Paranaense,yellow
2353485,59,Fred,Fluminense RJ,yellow
2353485,82,Victor,Fluminense RJ,yellow
2353485,21,Paulo André,Cruzeiro EC,yellow
2353485,73,Willians,Cruzeiro EC,yellow
2353494,41,Paulo Ricardo,Santos FC,yellow
2353494,28,Yago,Figueirense,yellow
2353494,33,Roberto Cereceda,Figueirense,yellow
2353494,45,Rafael Bastos,Figueirense,yellow
2353494,57,Fabinho,Figueirense,yellow
2353494,80,Leandro Silva,Figueirense,yellow
2353497,38,Walace,Grêmio Porto Alegre,yellow
2353497,24,Pablo Guiñazú,Vasco da Gama,yellow
2353497,81,Andrezinho,Vasco da Gama,yellow
2353497,90,Serginho,Vasco da Gama,yellow
2353495,79,Biro Biro,Ponte Preta,yellow
2353495,18,Carlos César,Atlético Mineiro,yellow
2353495,54,Giovanni Augusto,Atlético Mineiro,yellow
2353495,56,Leandro Donizete,Atlético Mineiro,yellow
2353493,50,Luís Fabiano,São Paulo FC,yellow
2353493,2,Leandro Silva,Coritiba FC,yellow
2353493,54,Henrique Gelain,Coritiba FC,yellow
2353493,90,Marcos Aurélio,Coritiba FC,yellow
2353496,30,Jádson,Corinthians SP,yellow
2353496,66,Renato Augusto,Corinthians SP,yellow
2353498,36,Léo,Cruzeiro EC,yellow
2353498,73,Marinho,Cruzeiro EC,yellow
2353498,56,Diogo Barbosa,Goiás EC,yellow
2353500,50,Natanael Pimienta,Atlético Paranaense,yellow
2353500,23,Edson,Fluminense RJ,yellow
2353500,82,Marcos Júnior,Fluminense RJ,yellow
2353502,24,Kempes,Joinville EC,yellow
2353502,45,Fabrício,Joinville EC,yellow
2353502,67,Marion,Joinville EC,yellow
2353502,90,Dankler,Joinville EC,yellow
2353502,1,Wellington,Internacional,yellow
2353502,76,Muriel Becker,Internacional,yellow
2353502,83,Eduardo Sasha,Internacional,yellow
2353499,37,Everton Silva,Avaí FC,yellow
2353499,40,Roberto,Avaí FC,yellow
2353499,43,Romário,Avaí FC,yellow
2353499,85,Tauã,Avaí FC,yellow
2353499,16,Dener,Chapecoense,yellow
2353499,17,Bruno Silva,Chapecoense,yellow
2353501,45,Marlone,Sport Club Recife,yellow
2353501,57,Renê,Sport Club Recife,yellow
2353501,34,Jackson Souza,SE Palmeiras,yellow
2353506,40,Emerson Sheik,Flamengo RJ,yellow
2353506,40,Pedro Rocha,Grêmio Porto Alegre,yellow
2353506,45,Marcelo Hermes,Grêmio Porto Alegre,yellow
2353506,59,Geromel,Grêmio Porto Alegre,yellow
2353506,77,Maicon,Grêmio Porto Alegre,yellow
2353506,80,Marcelo Grohe,Grêmio Porto Alegre,yellow
2353507,33,Zé Mário,Internacional,yellow
2353507,84,Gimenez,Goiás EC,yellow
2353503,67,Gil,Corinthians SP,yellow
2353503,59,Thiago Ribeiro,Atlético Mineiro,yellow
2353510,75,Caique,Atlético Paranaense,yellow
2353510,86,Sidcley,Atlético Paranaense,yellow
2353510,29,Wanderson,Chapecoense,yellow
2353510,42,Roger,Chapecoense,yellow
2353510,82,Neto,Chapecoense,yellow
2353504,32,Leandro Almeida,SE Palmeiras,yellow
2353504,45,Arouca,SE Palmeiras,yellow
2353504,70,Egídio,SE Palmeiras,yellow
2353504,31,Ricardo Oliveira,Santos FC,yellow
2353504,59,Werley,Santos FC,yellow
2353504,90,Neto Berola,Santos FC,yellow
2353505,68,Gerson,Fluminense RJ,yellow
2353505,90,Marcos Júnior,Fluminense RJ,yellow
2353505,14,Anderson Salles,Vasco da Gama,yellow
2353505,20,Christianno,Vasco da Gama,yellow
2353505,64,Jhon Cley,Vasco da Gama,yellow
2353505,72,Dagoberto,Vasco da Gama,yellow
2353505,83,Jordi,Vasco da Gama,yellow
2353505,86,Serginho,Vasco da Gama,yellow
2353509,24,Ricardinho,Figueirense,yellow
2353509,72,Lúcio Flávio,Coritiba FC,yellow
2353509,77,Negueba,Coritiba FC,yellow
2353511,47,Renê,Sport Club Recife,yellow
2353511,83,Ganso,São Paulo FC,yellow-red
2353511,85,Luís Fabiano,São Paulo FC,yellow-red
2353508,47,Marinho,Cruzeiro EC,yellow
2353508,68,Romário,Avaí FC,yellow
2353508,81,André Lima,Avaí FC,yellow
2353508,90,Everton Silva,Avaí FC,yellow
2353512,74,Anselmo,Joinville EC,yellow
2353512,81,Guti,Joinville EC,yellow
2353512,31,Renato Chaves,Ponte Preta,yellow
2353512,35,Gilson,Ponte Preta,yellow
2353512,56,Fernando Bob,Ponte Preta,yellow
2353512,83,Pablo Castro,Ponte Preta,yellow
2353512,90,Cesinha,Ponte Preta,yellow
2353519,38,Tauã,Avaí FC,yellow
2353519,52,Pablo Barros,Avaí FC,yellow
2353519,53,Roberto,Avaí FC,yellow
2353519,18,Sidcley,Atlético Paranaense,yellow
2353519,30,Crysan,Atlético Paranaense,yellow
2353519,41,Eduardo Santos,Atlético Paranaense,yellow
2353518,39,Jesús Dátolo,Atlético Mineiro,yellow
2353518,45,Rafael Carioca,Atlético Mineiro,yellow
2353518,14,Saimon,Figueirense,yellow
2353518,47,Leandro Silva,Figueirense,yellow
2353518,86,Yago,Figueirense,yellow
2353514,51,Zeca,Santos FC,yellow
2353514,68,David Braz,Santos FC,yellow
2353514,14,Fabrício,Joinville EC,yellow
2353514,64,Anselmo,Joinville EC,yellow
2353522,42,Cléber Santana,Chapecoense,yellow
2353522,90,Wagner,Chapecoense,yellow
2353522,45,Jean,Fluminense RJ,yellow
2353522,76,Edson,Fluminense RJ,yellow
2353522,89,Antônio Carlos,Fluminense RJ,yellow
2353513,90,Fabrício,Cruzeiro EC,yellow
2353515,45,Gilson,Ponte Preta,yellow
2353515,78,Biro Biro,Ponte Preta,yellow
2353515,55,Nicolás Freitas,Internacional,yellow
2353515,68,Geferson,Internacional,yellow
2353520,29,Leandro Silva,Coritiba FC,yellow
2353520,71,Rafhael Lucas,Coritiba FC,yellow
2353520,76,Evandro,Coritiba FC,yellow
2353520,66,Cássio,Corinthians SP,yellow
2353520,88,Felipe Monteiro,Corinthians SP,yellow
2353520,88,Ralf,Corinthians SP,yellow
2353521,77,Diogo Barbosa,Goiás EC,yellow
2353521,85,Carlos Eduardo,Goiás EC,yellow
2353521,56,Paolo Guerrero,Flamengo RJ,yellow
2353516,10,Rodrigo,Vasco da Gama,yellow
2353516,20,Dagoberto,Vasco da Gama,yellow
2353516,86,Mádson,Vasco da Gama,yellow
2353516,90,Victor Ramos,SE Palmeiras,yellow
2353523,27,Serginho,Vasco da Gama,yellow
2353523,70,Luan Garcia,Vasco da Gama,yellow
2353523,87,Christianno,Vasco da Gama,yellow
2353528,88,Thiago Mendes,São Paulo FC,yellow
2353525,34,Henrique,Fluminense RJ,yellow
2353525,74,Ronaldinho,Fluminense RJ,yellow
2353525,83,Jean,Fluminense RJ,yellow
2353525,50,Walace,Grêmio Porto Alegre,yellow-red
2353525,81,Rafael Galhardo,Grêmio Porto Alegre,yellow
2353524,65,Victor Ramos,SE Palmeiras,yellow
2353524,39,Kadu,Atlético Paranaense,yellow
2353524,90,Cristián Vilches,Atlético Paranaense,yellow
2353530,39,Hélder,Coritiba FC,yellow
2353530,39,Leandro Silva,Coritiba FC,yellow
2353530,55,Wilson,Coritiba FC,yellow
2353530,67,Ruy,Coritiba FC,yellow
2353530,48,Patrick Bezerra,Goiás EC,yellow
2353530,73,Erik,Goiás EC,yellow
2353530,85,Renan,Goiás EC,yellow
2353526,14,Márcio Araújo,Flamengo RJ,yellow
2353526,43,Emerson Sheik,Flamengo RJ,yellow
2353526,63,Wallace Reis,Flamengo RJ,yellow
2353526,90,Paolo Guerrero,Flamengo RJ,yellow
2353526,27,Zeca,Santos FC,yellow
2353526,90,Werley,Santos FC,yellow
2353527,0,Alex,Internacional,yellow
2353527,40,Andrés DAlessandro,Internacional,yellow
2353527,75,Wellington,Internacional,yellow
2353527,35,Wagner,Chapecoense,yellow
2353527,42,Bruno Silva,Chapecoense,yellow
2353529,23,Marquinhos,Figueirense,yellow
2353529,90,Clayton,Figueirense,yellow
2353529,11,Fernando Bob,Ponte Preta,yellow
2353529,26,Josimar,Ponte Preta,yellow
2353529,89,Juninho,Ponte Preta,yellow
2353532,51,Marcelo Costa,Joinville EC,yellow
2353532,72,Silvinho,Joinville EC,yellow
2353532,31,Eduardo Neto,Avaí FC,yellow
2353531,90,Renê,Sport Club Recife,yellow
2353531,27,Mayke,Cruzeiro EC,yellow
2353531,82,Charles,Cruzeiro EC,yellow
2353539,52,Eltinho,Avaí FC,yellow
2353539,72,Rômulo,Avaí FC,yellow
2353539,41,Pierre,Fluminense RJ,yellow
2353539,78,Edson,Fluminense RJ,yellow
2353534,12,Lucas Lima,Santos FC,yellow
2353534,8,João Paulo,Coritiba FC,yellow
2353534,11,Ivan,Coritiba FC,yellow
2353534,23,Ruy,Coritiba FC,yellow
2353534,35,Juninho,Coritiba FC,yellow
2353536,26,Anderson Salles,Vasco da Gama,yellow
2353536,49,Mádson,Vasco da Gama,yellow
2353536,40,Marcelo Costa,Joinville EC,yellow
2353536,87,Marion,Joinville EC,yellow
2353536,90,Kempes,Joinville EC,yellow
2353536,90,Diego Rodrigues,Joinville EC,yellow
2353533,29,Carlinhos,São Paulo FC,yellow
2353533,29,Wesley,São Paulo FC,yellow
2353533,39,Luiz Eduardo,São Paulo FC,yellow
2353533,44,Húdson,São Paulo FC,yellow
2353533,66,Fágner,Corinthians SP,yellow
2353533,83,Felipe Monteiro,Corinthians SP,yellow-red
2353535,20,Pablo Castro,Ponte Preta,yellow
2353535,83,Renato Chaves,Ponte Preta,yellow
2353535,45,Éverton,Flamengo RJ,yellow
2353535,69,Jorge,Flamengo RJ,yellow
2353535,79,Luiz Antônio,Flamengo RJ,yellow
2353535,80,Paolo Guerrero,Flamengo RJ,yellow
2353538,20,Willians,Cruzeiro EC,yellow
2353538,45,Vinícius Araújo,Cruzeiro EC,yellow
2353538,49,Manoel,Cruzeiro EC,yellow
2353538,71,Fabrício,Cruzeiro EC,yellow
2353538,45,Victor Ramos,SE Palmeiras,yellow
2353538,56,Lucas,SE Palmeiras,yellow
2353538,90,Egídio,SE Palmeiras,yellow
2353541,31,Gimenez,Goiás EC,yellow
2353541,41,Fred,Goiás EC,yellow
2353541,9,Douglas Santos,Atlético Mineiro,yellow
2353541,64,Marcos Rocha,Atlético Mineiro,yellow
2353537,75,Edinho,Grêmio Porto Alegre,yellow
2353537,11,Alisson,Internacional,yellow
2353537,34,Eduardo Sasha,Internacional,yellow
2353537,55,Rodrigo Dourado,Internacional,yellow
2353537,89,Nílton,Internacional,yellow
2353542,90,João Afonso,Chapecoense,yellow
2353542,55,Dudu,Figueirense,yellow
2353546,90,Pará,Flamengo RJ,yellow
2353546,43,Kadu,Atlético Paranaense,yellow
2353546,45,Fernando Barrientos,Atlético Paranaense,yellow
2353546,60,Sidcley,Atlético Paranaense,yellow
2353546,80,Hernani,Atlético Paranaense,yellow-red
2353550,54,Negueba,Coritiba FC,yellow
2353550,71,Rafael Marques,Coritiba FC,yellow
2353550,88,Ivan,Coritiba FC,yellow
2353550,16,Egídio,SE Palmeiras,yellow
2353544,39,Gabriel Barbosa,Santos FC,yellow
2353544,82,Marquinhos Gabriel,Santos FC,yellow
2353544,82,Ricardo Oliveira,Santos FC,yellow
2353544,40,Serginho,Vasco da Gama,yellow
2353544,68,Rafael Silva,Vasco da Gama,yellow
2353544,79,Germán Herrera,Vasco da Gama,yellow
2353544,80,Pablo Guiñazú,Vasco da Gama,yellow-red
2353544,83,Thalles Lima,Vasco da Gama,yellow
2353551,86,Bruno Henrique,Goiás EC,yellow
2353551,39,Gil,Chapecoense,yellow
2353551,54,Bruno Silva,Chapecoense,yellow
2353551,90,Vílson,Chapecoense,yellow
2353543,39,Gil,Corinthians SP,yellow
2353543,84,Samuel Xavier,Sport Club Recife,yellow
2353547,38,Juan,Internacional,yellow
2353547,49,Alex,Internacional,yellow
2353547,75,Geferson,Internacional,yellow
2353547,81,Lisandro López,Internacional,yellow
2353547,86,Eduardo Sasha,Internacional,yellow
2353547,86,Rafael Moura,Internacional,yellow
2353547,45,Henrique,Fluminense RJ,yellow
2353547,52,Marcos Felipe,Fluminense RJ,yellow-red
2353547,55,Wellington Silva,Fluminense RJ,yellow
2353547,88,Diego Cavalieri,Fluminense RJ,yellow
2353547,90,Antônio Carlos,Fluminense RJ,red
2353549,67,Marquinhos,Figueirense,yellow
2353549,70,Clayton,Figueirense,yellow
2353549,86,Bruno Alves,Figueirense,yellow
2353549,44,Wesley,São Paulo FC,yellow
2353549,56,Luís Fabiano,São Paulo FC,yellow
2353549,67,Breno,São Paulo FC,yellow
2353549,79,Luiz Eduardo,São Paulo FC,red
2353549,83,Húdson,São Paulo FC,yellow
2353545,81,Diego Oliveira,Ponte Preta,yellow
2353545,42,Jéci,Avaí FC,yellow
2353548,76,Douglas Santos,Atlético Mineiro,yellow
2353548,85,Leonardo Silva,Atlético Mineiro,yellow
2353548,34,Douglas,Grêmio Porto Alegre,yellow
2353548,45,Luan,Grêmio Porto Alegre,yellow
2353552,38,Kadu,Joinville EC,yellow
2353552,26,Charles,Cruzeiro EC,yellow
2353552,70,Willian,Cruzeiro EC,yellow
2353556,53,Dagoberto,Vasco da Gama,yellow
2353556,60,Duvier Riascos,Vasco da Gama,yellow
2353556,89,Germán Herrera,Vasco da Gama,yellow
2353556,38,Lúcio Flávio,Coritiba FC,yellow
2353560,90,Daniel Hernández,Atlético Paranaense,yellow
2353560,90,Alan Ruschel,Atlético Paranaense,yellow-red
2353560,79,Victor Ferraz,Santos FC,yellow
2353553,82,Ganso,São Paulo FC,yellow
2353554,45,Lucas,SE Palmeiras,yellow
2353554,90,Lucas Taylor,SE Palmeiras,yellow
2353554,42,Jonas,Flamengo RJ,yellow
2353554,44,Jorge,Flamengo RJ,yellow
2353555,40,Marlon,Fluminense RJ,yellow
2353555,68,Rafael Bastos,Figueirense,yellow
2353555,87,João Vitor,Figueirense,yellow-red
2353558,86,Paulo André,Cruzeiro EC,yellow
2353558,90,Marinho,Cruzeiro EC,yellow
2353558,57,Geferson,Internacional,yellow
2353558,75,William,Internacional,yellow
2353559,56,Gil,Corinthians SP,yellow
2353557,28,Marcelo Oliveira,Grêmio Porto Alegre,yellow
2353562,56,Elicarlos,Chapecoense,yellow
2353562,70,Wagner,Chapecoense,yellow
2353562,87,Dener,Chapecoense,yellow
2353562,90,Neto,Chapecoense,yellow
2353562,33,Luan,Atlético Mineiro,yellow
2353562,37,Leonardo Silva,Atlético Mineiro,red
2353562,80,Victor,Atlético Mineiro,yellow
2353564,26,Geuvânio,Santos FC,yellow
2353564,24,Adriano,Avaí FC,yellow
2353564,45,Jéci,Avaí FC,yellow
2353564,56,Romário,Avaí FC,yellow
2353571,22,Bruno Henrique,Goiás EC,yellow
2353571,26,Gimenez,Goiás EC,yellow
2353571,34,Zé Eduardo,Goiás EC,yellow
2353571,21,Henrique,Vasco da Gama,red
2353571,44,Duvier Riascos,Vasco da Gama,yellow
2353571,76,Rodrigo,Vasco da Gama,red
2353571,82,Jhon Cley,Vasco da Gama,yellow
2353569,62,Dudu,Figueirense,yellow
2353569,63,Rodrigo Mancha,Sport Club Recife,yellow
2353569,69,Samuel Xavier,Sport Club Recife,yellow
2353569,90,Hernane Brocador,Sport Club Recife,yellow
2353565,45,Biro Biro,Ponte Preta,yellow
2353565,37,Marcelo Grohe,Grêmio Porto Alegre,yellow
2353570,48,João Paulo,Coritiba FC,yellow
2353570,71,Wallyson,Coritiba FC,yellow
2353570,90,Henrique Almeida,Coritiba FC,yellow
2353570,27,Bruno Silva,Chapecoense,yellow
2353570,31,Cléber Santana,Chapecoense,yellow
2353570,49,Tiago Costa,Chapecoense,yellow
2353563,59,Bruno Henrique,Corinthians SP,yellow
2353563,77,Gil,Corinthians SP,yellow
2353563,21,Fabrício,Cruzeiro EC,yellow
2353566,41,Héctor Canteros,Flamengo RJ,yellow
2353566,59,Alan Patrick,Flamengo RJ,yellow
2353566,76,Wallace Reis,Flamengo RJ,yellow
2353566,89,Éverton,Flamengo RJ,yellow
2353566,7,Bruno,São Paulo FC,yellow
2353566,84,Thiago Mendes,São Paulo FC,yellow
2353567,78,Léo,Internacional,yellow
2353567,19,Hernani,Atlético Paranaense,yellow
2353567,44,Gustavo Schiavolin,Atlético Paranaense,yellow
2353567,52,Kadu,Atlético Paranaense,yellow
2353572,66,Guti,Joinville EC,yellow
2353572,75,Marion,Joinville EC,yellow
2353572,90,Naldo,Joinville EC,yellow
2353572,42,Marlon,Fluminense RJ,yellow
2353572,65,Marcos Júnior,Fluminense RJ,yellow
2353568,68,Jemerson,Atlético Mineiro,yellow
2353568,36,Lucas,SE Palmeiras,yellow
2353568,76,Dudu,SE Palmeiras,yellow
2353568,90,Gabriel Jesus,SE Palmeiras,yellow
2353576,44,Pablo Guiñazú,Vasco da Gama,yellow
2353576,58,Luan Garcia,Vasco da Gama,yellow
2353576,45,Bruno Alves,Figueirense,yellow
2353576,56,Marcos Pedroso,Figueirense,yellow
2353576,71,Alex Muralha,Figueirense,yellow
2353576,76,Yago,Figueirense,yellow
2353573,66,Wilder Guisao,São Paulo FC,yellow
2353573,79,Thiago Mendes,São Paulo FC,yellow
2353573,87,Lyanco,São Paulo FC,yellow
2353577,36,Frickson Erazo,Grêmio Porto Alegre,yellow
2353577,68,Douglas,Grêmio Porto Alegre,yellow
2353577,74,Geromel,Grêmio Porto Alegre,yellow
2353577,82,Edinho,Grêmio Porto Alegre,yellow
2353577,89,Lucas Ramon,Grêmio Porto Alegre,yellow
2353577,31,Henrique Almeida,Coritiba FC,yellow
2353577,71,Ruy,Coritiba FC,yellow
2353577,90,Thiago Galhardo,Coritiba FC,yellow
2353577,90,Lúcio Flávio,Coritiba FC,yellow
2353577,90,Wallyson,Coritiba FC,yellow
2353579,58,Nino Paraíba,Avaí FC,yellow
2353579,61,Lucas Lovat,Avaí FC,yellow
2353579,23,Andrés DAlessandro,Internacional,yellow
2353579,68,Paulão,Internacional,yellow
2353574,37,Naldo,Joinville EC,yellow
2353574,61,Mario Sérgio,Joinville EC,yellow
2353574,90,Fabrício,Joinville EC,yellow
2353575,52,Wellington Paulista,Fluminense RJ,yellow
2353575,57,Marlon,Fluminense RJ,yellow
2353575,68,Cícero,Fluminense RJ,yellow
2353575,44,Lucas Pratto,Atlético Mineiro,yellow
2353575,69,Luan,Atlético Mineiro,yellow
2353575,81,Rafael Carioca,Atlético Mineiro,yellow
2353581,24,Samuel Xavier,Sport Club Recife,red
2353581,29,Diego Souza,Sport Club Recife,yellow
2353581,33,Héctor Canteros,Flamengo RJ,yellow
2353581,56,Kayke Rodrigues,Flamengo RJ,yellow
2353581,65,César,Flamengo RJ,yellow
2353581,67,Pará,Flamengo RJ,yellow
2353581,76,Emerson Sheik,Flamengo RJ,yellow
2353582,18,Elicarlos,Chapecoense,yellow
2353582,54,Neto,Chapecoense,yellow
2353582,29,Malcom,Corinthians SP,yellow
2353582,60,Fágner,Corinthians SP,yellow
2353582,66,Jádson,Corinthians SP,yellow
2353578,45,Marinho,Cruzeiro EC,yellow
2353578,85,Fabrício,Cruzeiro EC,yellow-red
2353578,90,Giorgian de Arrascaeta,Cruzeiro EC,yellow
2353578,74,Ricardo Oliveira,Santos FC,yellow
2353578,90,Vanderlei,Santos FC,yellow
2353580,80,Otavio,Atlético Paranaense,yellow
2353580,67,Zé Eduardo,Goiás EC,yellow
2353580,78,Rodrigo,Goiás EC,yellow
2353580,90,Renan,Goiás EC,yellow
2353585,13,Fernando Bob,Ponte Preta,yellow
2353585,72,Renato Chaves,Ponte Preta,yellow
2353585,14,Allano,Cruzeiro EC,yellow
2353585,65,Henrique,Cruzeiro EC,yellow
2353585,90,Ceará,Cruzeiro EC,yellow
2353587,22,Vitinho,Internacional,yellow
2353587,73,Rafael Moura,Internacional,yellow
2353587,81,Nílton,Internacional,yellow
2353587,64,Nenê,Vasco da Gama,yellow
2353592,41,Kempes,Joinville EC,yellow
2353592,62,Guti,Joinville EC,yellow
2353592,77,Edson Ratinho,Joinville EC,yellow
2353592,81,Marcelinho,Joinville EC,yellow
2353592,49,Alexandre Pato,São Paulo FC,yellow
2353592,72,Édson Silva,São Paulo FC,yellow
2353592,76,Thiago Mendes,São Paulo FC,yellow
2353592,77,Wesley,São Paulo FC,yellow
2353592,84,Renan Ribeiro,São Paulo FC,yellow
2353586,19,Samir,Flamengo RJ,yellow
2353586,16,Adriano,Avaí FC,yellow
2353586,38,Antônio Carlos,Avaí FC,yellow
2353586,64,Nino Paraíba,Avaí FC,yellow
2353586,87,Eduardo Neto,Avaí FC,yellow
2353588,45,Luan,Atlético Mineiro,yellow
2353588,45,Marcos Rocha,Atlético Mineiro,yellow-red
2353588,65,Patric,Atlético Mineiro,yellow
2353588,70,Jemerson,Atlético Mineiro,yellow
2353588,88,Sherman Cardenas,Atlético Mineiro,yellow
2353588,28,Wellington da Silva,Atlético Paranaense,yellow
2353588,48,Wéverton,Atlético Paranaense,yellow
2353588,62,Sidcley,Atlético Paranaense,yellow
2353588,67,Daniel Hernández,Atlético Paranaense,yellow
2353583,70,Antônio Carlos,Fluminense RJ,yellow
2353583,78,Renato,Fluminense RJ,yellow
2353583,80,Marcos Júnior,Fluminense RJ,yellow
2353590,55,João Paulo,Coritiba FC,yellow
2353590,90,Luccas Claro,Coritiba FC,yellow
2353590,57,Ferrugem,Sport Club Recife,yellow
2353590,87,Renê,Sport Club Recife,yellow
2353591,9,Alex Alves,Goiás EC,yellow
2353591,85,Ygor,Goiás EC,yellow
2353591,10,Gabriel Jesus,SE Palmeiras,yellow
2353591,55,Victor Ramos,SE Palmeiras,yellow
2353591,56,Vitor Hugo,SE Palmeiras,yellow
2353584,37,Ananias,Chapecoense,yellow
2353589,27,Dener,Figueirense,yellow
2353589,61,João Vitor,Figueirense,yellow
2353589,66,Leandro Silva,Figueirense,yellow
2353589,72,Thiago Heleno,Figueirense,yellow
2353589,16,Matheus Bressan,Grêmio Porto Alegre,yellow
2353589,45,Rafael Galhardo,Grêmio Porto Alegre,yellow
2353589,66,Edinho,Grêmio Porto Alegre,yellow
2353589,79,Pedro Rocha,Grêmio Porto Alegre,yellow
2353596,47,Jorge Henrique,Vasco da Gama,yellow
2353596,48,Lucas Siqueira,Vasco da Gama,yellow
2353596,90,Rafael Silva,Vasco da Gama,red
2353596,76,Jesús Dátolo,Atlético Mineiro,yellow
2353596,86,Sherman Cardenas,Atlético Mineiro,yellow
2353600,89,Marcos Guilherme,Atlético Paranaense,red
2353600,90,Wéverton,Atlético Paranaense,yellow
2353600,90,Dellatorre,Atlético Paranaense,yellow
2353600,90,Ewandro,Atlético Paranaense,yellow
2353600,29,Diego Rodrigues,Joinville EC,yellow-red
2353600,89,Alef,Joinville EC,red
2353600,90,Kadu,Joinville EC,yellow
2353600,90,Edson Ratinho,Joinville EC,yellow-red
2353598,6,Alex Muralha,Figueirense,yellow
2353598,39,Thiago Heleno,Figueirense,yellow
2353598,52,Sueliton,Figueirense,yellow
2353598,89,Bruno Alves,Figueirense,yellow
2353602,69,Flavinho,Chapecoense,yellow
2353602,51,Gilson,Ponte Preta,yellow
2353602,67,Felipe Azevedo,Ponte Preta,yellow
2353594,17,Lucas,SE Palmeiras,yellow
2353594,23,Gabriel Jesus,SE Palmeiras,yellow
2353594,28,Robinho,SE Palmeiras,yellow
2353594,78,Dudu,SE Palmeiras,yellow
2353594,79,Leandro Almeida,SE Palmeiras,yellow
2353594,86,João Paulo,SE Palmeiras,yellow
2353594,15,Fágner,Corinthians SP,yellow
2353594,61,Gil,Corinthians SP,yellow
2353594,89,Cristian Baroni,Corinthians SP,yellow
2353595,11,Pierre,Fluminense RJ,yellow
2353595,11,Jean,Fluminense RJ,yellow
2353595,43,Osvaldo,Fluminense RJ,yellow
2353595,77,Wellington Silva,Fluminense RJ,yellow
2353595,82,Wellington Paulista,Fluminense RJ,yellow
2353595,12,Wallace Reis,Flamengo RJ,yellow
2353595,22,Héctor Canteros,Flamengo RJ,yellow
2353595,58,Samir,Flamengo RJ,yellow
2353595,65,Márcio Araújo,Flamengo RJ,yellow
2353595,83,Kayke Rodrigues,Flamengo RJ,yellow
2353595,90,Éverton,Flamengo RJ,yellow-red
2353597,0,Maxi Rodríguez,Grêmio Porto Alegre,yellow
2353597,32,Douglas,Grêmio Porto Alegre,yellow
2353597,78,Marcelo Oliveira,Grêmio Porto Alegre,yellow
2353597,26,Gimenez,Goiás EC,yellow
2353597,28,Patrick Bezerra,Goiás EC,yellow
2353597,35,Felipe Macedo,Goiás EC,yellow-red
2353597,54,Bruno Henrique,Goiás EC,yellow
2353599,63,Nestor Camacho,Avaí FC,yellow
2353599,90,Eduardo Neto,Avaí FC,yellow
2353599,21,Wallyson,Coritiba FC,yellow
2353599,28,Guilherme Parede,Coritiba FC,yellow
2353599,56,Leandro Silva,Coritiba FC,yellow
2353599,80,Thiago Galhardo,Coritiba FC,yellow
2353601,46,Matheus Ferraz,Sport Club Recife,yellow
2353605,32,Gilson,Ponte Preta,yellow
2353605,57,Ferron,Ponte Preta,yellow
2353605,59,Diego Ivo,Ponte Preta,yellow-red
2353605,25,Germán Herrera,Vasco da Gama,yellow
2353607,18,Andrés DAlessandro,Internacional,yellow
2353607,45,Artur,Internacional,yellow
2353607,64,Eduardo Sasha,Internacional,yellow
2353607,83,Nílton,Internacional,red
2353607,87,Réver,Internacional,yellow
2353607,89,Paulão,Internacional,yellow
2353607,47,Leandro Almeida,SE Palmeiras,yellow-red
2353607,56,Vitor Hugo,SE Palmeiras,yellow
2353607,88,Agustin Allione,SE Palmeiras,yellow
2353608,73,Leonardo Silva,Atlético Mineiro,yellow
2353608,90,Thiago Ribeiro,Atlético Mineiro,yellow
2353608,90,Dodô,Atlético Mineiro,yellow
2353608,28,Jéci,Avaí FC,yellow
2353608,83,Everton Silva,Avaí FC,yellow
2353608,84,André Lima,Avaí FC,yellow
2353609,27,Clayton,Figueirense,yellow
2353609,85,Marcos Pedroso,Figueirense,yellow
2353609,31,Eduardo Santos,Atlético Paranaense,yellow
2353609,42,Cristián Vilches,Atlético Paranaense,yellow
2353603,22,Edinho,Grêmio Porto Alegre,yellow
2353603,72,Matheus Bressan,Grêmio Porto Alegre,yellow
2353603,90,Tiago Machowski,Grêmio Porto Alegre,yellow
2353604,51,Thiago Maia,Santos FC,yellow
2353604,50,Wesley,São Paulo FC,yellow
2353610,47,Alan Santos,Coritiba FC,yellow
2353610,43,Gum,Fluminense RJ,yellow
2353610,45,Gerson,Fluminense RJ,yellow
2353610,52,Douglas,Fluminense RJ,yellow
2353610,57,Gustavo Scarpa,Fluminense RJ,yellow
2353611,85,Zé Eduardo,Goiás EC,yellow
2353611,85,David,Goiás EC,yellow
2353611,90,Erik,Goiás EC,yellow
2353611,77,Renê,Sport Club Recife,yellow
2353606,39,César,Flamengo RJ,yellow
2353606,45,Paulinho,Flamengo RJ,yellow
2353606,90,Alan Patrick,Flamengo RJ,yellow
2353606,14,Ceará,Cruzeiro EC,yellow
2353606,58,Manoel,Cruzeiro EC,yellow
2353606,80,Henrique,Cruzeiro EC,yellow
2353612,14,Bruno Aguiar,Joinville EC,yellow
2353612,18,Juninho,Joinville EC,yellow
2353612,74,Marcelinho,Joinville EC,yellow
2353612,77,Kadu,Joinville EC,yellow
2353612,14,Bruno Silva,Chapecoense,yellow
2353612,39,Neto,Chapecoense,yellow
2353620,14,Kléber Gladiador,Coritiba FC,yellow
2353620,37,Ruy,Coritiba FC,yellow
2353620,55,Walisson Maia,Coritiba FC,yellow
2353620,66,Wilson,Coritiba FC,yellow
2353620,26,Léo,Internacional,yellow
2353620,32,Rodrigo Dourado,Internacional,yellow
2353620,45,William,Internacional,yellow
2353620,45,Vitinho,Internacional,yellow
2353620,65,Wellington,Internacional,yellow
2353620,77,Artur,Internacional,yellow
2353620,78,Valdivia,Internacional,yellow
2353614,39,Egídio,SE Palmeiras,yellow
2353614,41,Vitor Hugo,SE Palmeiras,yellow
2353614,53,Jackson Souza,SE Palmeiras,yellow
2353614,90,Andrei,SE Palmeiras,yellow
2353614,15,Marcão,Figueirense,yellow
2353614,44,Paulo Roberto,Figueirense,yellow
2353614,90,Leandro Silva,Figueirense,yellow-red
2353613,5,Anselmo,Joinville EC,yellow
2353615,47,Josimar,Ponte Preta,yellow
2353615,49,Borges,Ponte Preta,yellow
2353615,58,Fernando Bob,Ponte Preta,yellow
2353615,90,Renato Chaves,Ponte Preta,yellow
2353615,11,David Braz,Santos FC,yellow
2353615,22,Daniel Guedes,Santos FC,yellow
2353616,21,Martín Silva,Vasco da Gama,yellow
2353616,90,Duvier Riascos,Vasco da Gama,yellow
2353616,13,Ewandro,Atlético Paranaense,yellow
2353616,50,Nikão,Atlético Paranaense,yellow
2353617,29,Rafael Thyere,Grêmio Porto Alegre,yellow
2353617,45,Walace,Grêmio Porto Alegre,yellow
2353617,83,Edinho,Grêmio Porto Alegre,yellow
2353617,14,Bruno,São Paulo FC,yellow
2353617,34,Matheus Reis,São Paulo FC,yellow
2353617,81,Michel Bastos,São Paulo FC,yellow
2353618,52,Eugenio Mena,Cruzeiro EC,yellow-red
2353618,90,Fabrício,Cruzeiro EC,yellow
2353618,25,Marcos Rocha,Atlético Mineiro,yellow
2353618,39,Giovanni Augusto,Atlético Mineiro,yellow
2353618,83,Leandro Donizete,Atlético Mineiro,yellow
2353618,87,Josué,Atlético Mineiro,yellow
2353618,90,Jemerson,Atlético Mineiro,yellow
2353622,50,Apodi,Chapecoense,yellow
2353622,82,Dener,Chapecoense,yellow
2353622,56,Jorge,Flamengo RJ,yellow
2353619,34,Eduardo Neto,Avaí FC,yellow
2353619,86,Antônio Carlos,Avaí FC,yellow
2353619,40,Ygor,Goiás EC,yellow
2353619,88,Patrick Bezerra,Goiás EC,yellow
2353621,6,Durval,Sport Club Recife,yellow
2353621,40,Matheus Ferraz,Sport Club Recife,yellow
2353621,25,Gum,Fluminense RJ,yellow
2353621,27,Edson,Fluminense RJ,yellow
2353621,55,Jean,Fluminense RJ,yellow
2353625,65,Wellington Silva,Fluminense RJ,yellow
2353625,9,Egídio,SE Palmeiras,yellow
2353625,61,Fernando Prass,SE Palmeiras,yellow
2353625,88,Thiago Santos,SE Palmeiras,yellow
2353631,30,Patrick Bezerra,Goiás EC,yellow
2353631,87,Diogo Barbosa,Goiás EC,yellow
2353631,26,Ferron,Ponte Preta,yellow
2353631,40,Rodinei,Ponte Preta,yellow
2353631,52,Josimar,Ponte Preta,yellow
2353631,64,Renato Chaves,Ponte Preta,yellow
2353631,78,Gilson,Ponte Preta,yellow
2353632,30,Kadu,Joinville EC,yellow
2353632,37,Lucas Crispim,Joinville EC,yellow
2353632,79,Mario Sérgio,Joinville EC,yellow
2353632,90,Bruno Aguiar,Joinville EC,yellow
2353632,20,Diego Souza,Sport Club Recife,yellow
2353632,45,Rithely,Sport Club Recife,yellow
2353632,64,Renê,Sport Club Recife,yellow
2353629,47,Marquinhos,Figueirense,yellow
2353629,82,França,Figueirense,yellow
2353629,22,Nino Paraíba,Avaí FC,yellow
2353629,61,Renan Oliveira,Avaí FC,yellow
2353629,65,Adriano,Avaí FC,yellow
2353629,88,Tinga,Avaí FC,yellow
2353630,27,Otavio,Atlético Paranaense,yellow
2353630,41,Tiago Machowski,Grêmio Porto Alegre,yellow
2353630,50,Edinho,Grêmio Porto Alegre,yellow
2353624,90,David Braz,Santos FC,yellow
2353624,38,Giovanni Augusto,Atlético Mineiro,yellow
2353627,77,Nílton,Internacional,yellow
2353627,80,Ernando,Internacional,yellow
2353627,46,Edílson,Corinthians SP,yellow
2353628,29,Bruno Rodrigo,Cruzeiro EC,yellow
2353628,72,Henrique,Cruzeiro EC,yellow
2353628,78,Ceará,Cruzeiro EC,yellow
2353628,90,Marcos Vinicius,Cruzeiro EC,yellow
2353628,29,Rodrigo,Vasco da Gama,yellow
2353628,45,Serginho,Vasco da Gama,yellow
2353628,90,Julio Dos Santos,Vasco da Gama,yellow-red
2353623,85,Michel Bastos,São Paulo FC,yellow
2353623,85,Luís Fabiano,São Paulo FC,yellow
2353623,79,Apodi,Chapecoense,yellow
2353623,82,Danilo,Chapecoense,yellow
2353626,9,Pará,Flamengo RJ,yellow
2353626,11,César,Flamengo RJ,yellow
2353626,19,Alan Santos,Coritiba FC,yellow
2353626,27,Leandro Silva,Coritiba FC,yellow
2353626,70,Kléber Gladiador,Coritiba FC,yellow
2353634,75,Arouca,SE Palmeiras,yellow
2353634,84,Thiago Santos,SE Palmeiras,yellow
2353634,28,Matheus Bressan,Grêmio Porto Alegre,yellow
2353634,69,Lucas Ramon,Grêmio Porto Alegre,yellow
2353634,88,Marcelo Oliveira,Grêmio Porto Alegre,yellow
2353634,90,Moisés Gaúcho,Grêmio Porto Alegre,yellow
2353637,86,Wellington,Internacional,yellow
2353637,32,Bruno Alves,Figueirense,yellow
2353637,54,Rafael Bastos,Figueirense,yellow
2353637,69,Fabinho,Figueirense,yellow
2353637,84,Yago,Figueirense,yellow
2353637,90,Thiago Heleno,Figueirense,yellow
2353635,80,Alexandro,Ponte Preta,yellow
2353635,85,Fernando Bob,Ponte Preta,yellow
2353635,89,Juninho,Ponte Preta,yellow
2353635,2,Douglas,Fluminense RJ,yellow
2353635,15,Fred,Fluminense RJ,yellow
2353635,26,Renato,Fluminense RJ,yellow
2353635,71,Cícero,Fluminense RJ,yellow
2353633,65,Elías,Corinthians SP,yellow
2353633,90,Felipe Monteiro,Corinthians SP,yellow
2353633,21,Ricardo Oliveira,Santos FC,yellow
2353633,45,Marquinhos Gabriel,Santos FC,yellow
2353633,45,Werley,Santos FC,red
2353633,73,Neto Berola,Santos FC,yellow
2353633,75,Lucas Lima,Santos FC,yellow
2353633,83,David Braz,Santos FC,red
2353641,59,Rogério,Joinville EC,yellow
2353636,28,Rafael Vaz,Vasco da Gama,yellow
2353636,47,Serginho,Vasco da Gama,yellow
2353636,59,Renê,Sport Club Recife,yellow
2353636,75,Danilo Barcelos,Sport Club Recife,yellow
2353638,9,Victor,Atlético Mineiro,yellow
2353638,66,Luan,Atlético Mineiro,yellow
2353638,20,Éverton,Flamengo RJ,yellow
2353638,67,Héctor Canteros,Flamengo RJ,yellow
2353639,56,Everton Silva,Avaí FC,yellow
2353639,63,Anderson Lopes,Avaí FC,yellow
2353639,76,Emerson Silva,Avaí FC,yellow
2353639,0,Auro,São Paulo FC,yellow
2353639,52,Renan Ribeiro,São Paulo FC,yellow
2353639,67,Rogério,São Paulo FC,yellow
2353639,78,Carlinhos,São Paulo FC,yellow
2353640,32,João Paulo,Coritiba FC,yellow
2353640,71,Negueba,Coritiba FC,yellow
2353640,71,Henrique Almeida,Coritiba FC,yellow
2353640,76,Paulinho Moccelin,Coritiba FC,yellow
2353640,77,Juan,Coritiba FC,yellow
2353640,83,Rafhael Lucas,Coritiba FC,yellow
2353640,86,Lúcio Flávio,Coritiba FC,red
2353640,89,Leandro Silva,Coritiba FC,yellow
2353640,30,Kadu,Atlético Paranaense,yellow
2353640,67,Otavio,Atlético Paranaense,yellow
2353640,76,Daniel Hernández,Atlético Paranaense,yellow
2353642,64,Wagner,Chapecoense,yellow
2353642,90,William Barbio,Chapecoense,yellow
2353642,69,Willians,Cruzeiro EC,yellow-red
2353645,32,Gustavo Scarpa,Fluminense RJ,yellow
2353645,41,Fred,Fluminense RJ,yellow
2353645,43,Cícero,Fluminense RJ,yellow
2353645,89,Pierre,Fluminense RJ,yellow
2353645,32,Bruno Henrique,Goiás EC,yellow
2353645,77,Felipe Macedo,Goiás EC,yellow
2353645,89,Liniker,Goiás EC,yellow
2353647,84,Edinho,Grêmio Porto Alegre,yellow
2353647,35,Claudinei,Avaí FC,yellow
2353647,69,Emerson Silva,Avaí FC,yellow
2353647,86,Eduardo Neto,Avaí FC,yellow
2353644,25,Paulo Ricardo,Santos FC,yellow
2353644,30,William,Internacional,yellow
2353644,34,Wellington,Internacional,yellow
2353644,47,Juan,Internacional,yellow
2353644,59,Silva,Internacional,yellow
2353650,68,Hernani,Atlético Paranaense,yellow
2353650,81,Eduardo Santos,Atlético Paranaense,yellow
2353650,42,Felipe Azevedo,Ponte Preta,yellow
2353650,55,Fernando Bob,Ponte Preta,yellow
2353650,60,Biro Biro,Ponte Preta,yellow
2353650,89,Diego Oliveira,Ponte Preta,yellow
2353643,45,Matheus Reis,São Paulo FC,yellow
2353643,27,Robinho,SE Palmeiras,yellow
2353643,69,Thiago Santos,SE Palmeiras,yellow
2353646,4,Márcio Araújo,Flamengo RJ,yellow
2353646,45,Emerson Sheik,Flamengo RJ,yellow
2353646,68,Paolo Guerrero,Flamengo RJ,yellow
2353646,90,Paulo Victor,Flamengo RJ,yellow
2353646,90,Jorge,Flamengo RJ,yellow
2353646,10,Luan Garcia,Vasco da Gama,yellow
2353646,63,Nenê,Vasco da Gama,yellow
2353646,64,Julio Dos Santos,Vasco da Gama,yellow
2353646,85,Lucas Siqueira,Vasco da Gama,yellow
2353646,89,Mádson,Vasco da Gama,yellow
2353646,90,Júlio César,Vasco da Gama,yellow
2353649,35,Rafael Bastos,Figueirense,yellow
2353649,77,Saimon,Figueirense,yellow
2353649,87,Leandro Silva,Figueirense,yellow
2353649,33,Vágner Love,Corinthians SP,yellow
2353649,43,Felipe Monteiro,Corinthians SP,yellow
2353649,90,Lucca,Corinthians SP,yellow
2353652,17,Bruno Aguiar,Joinville EC,yellow
2353652,49,Rogério,Joinville EC,yellow
2353652,45,Jemerson,Atlético Mineiro,yellow
2353648,42,Paulo André,Cruzeiro EC,red
2353648,79,João Paulo,Coritiba FC,yellow
2353648,85,Juninho,Coritiba FC,red
2353651,55,Danilo Barcelos,Sport Club Recife,yellow
2353651,90,Neto,Sport Club Recife,yellow
2353657,77,William,Internacional,yellow
2353657,89,Nílton,Internacional,yellow
2353657,69,Samuel Xavier,Sport Club Recife,yellow
2353657,77,Renê,Sport Club Recife,yellow
2353657,90,Diego Souza,Sport Club Recife,red
2353660,84,Wilson,Coritiba FC,yellow
2353660,36,Luan,Atlético Mineiro,yellow
2353660,79,Carlos,Atlético Mineiro,yellow
2353653,29,Hernani,Atlético Paranaense,yellow
2353653,64,Eduardo Santos,Atlético Paranaense,yellow
2353653,87,Marcos Guilherme,Atlético Paranaense,yellow
2353656,62,Jorge,Flamengo RJ,yellow
2353656,66,César,Flamengo RJ,yellow
2353656,42,Kempes,Joinville EC,yellow
2353656,56,Kadu,Joinville EC,yellow
2353656,79,Anselmo,Joinville EC,yellow
2353659,28,Marquinhos,Avaí FC,yellow
2353659,30,Everton Silva,Avaí FC,yellow
2353659,83,Romário,Avaí FC,red
2353659,84,Vagner,Avaí FC,yellow
2353659,0,Jorge Henrique,Vasco da Gama,red
2353659,3,Bruno Gallo,Vasco da Gama,yellow
2353659,54,Andrezinho,Vasco da Gama,yellow
2353659,59,Serginho,Vasco da Gama,yellow
2353659,73,Rafael Vaz,Vasco da Gama,yellow
2353659,82,Martín Silva,Vasco da Gama,yellow
2353659,84,Rafael Silva,Vasco da Gama,red
2353654,12,Daniel Guedes,Santos FC,yellow
2353654,39,Thiago Maia,Santos FC,yellow
2353654,77,Neto Berola,Santos FC,yellow
2353654,34,Pierre,Fluminense RJ,yellow
2353654,70,Marlon,Fluminense RJ,yellow
2353655,75,Ferron,Ponte Preta,yellow
2353655,88,Rodinei,Ponte Preta,yellow-red
2353655,50,Elías,Corinthians SP,yellow
2353655,83,Felipe Monteiro,Corinthians SP,yellow
2353655,86,Danilo,Corinthians SP,yellow
2353655,90,Yago,Corinthians SP,yellow
2353658,34,Willians,Cruzeiro EC,yellow
2353658,48,Willian Farias,Cruzeiro EC,yellow
2353658,81,Henrique,Cruzeiro EC,yellow
2353658,33,Rafael Galhardo,Grêmio Porto Alegre,yellow
2353658,70,Edinho,Grêmio Porto Alegre,yellow
2353658,88,Bobô,Grêmio Porto Alegre,yellow
2353661,22,Bruno Henrique,Goiás EC,yellow
2353661,18,Juninho,Figueirense,yellow
2353661,45,Carlos Alberto,Figueirense,red
2353661,45,Fabinho,Figueirense,yellow
2353661,45,Thiago Heleno,Figueirense,yellow
2353661,61,Bruno Alves,Figueirense,yellow
2353661,87,Felipe,Figueirense,yellow
2353662,49,Andrei,SE Palmeiras,yellow
2353662,57,Fernando Prass,SE Palmeiras,yellow
2353662,61,Egídio,SE Palmeiras,yellow
2353662,80,Jackson Souza,SE Palmeiras,yellow
2353662,84,Gabriel Jesus,SE Palmeiras,yellow
2353668,12,Leandro Donizete,Atlético Mineiro,yellow
2353668,87,Luan,Atlético Mineiro,yellow
2353668,16,Rodrigo Dourado,Internacional,yellow
2353668,45,Alex,Internacional,yellow
2353668,89,Vitinho,Internacional,yellow
2353671,50,Wendel,Sport Club Recife,yellow
2353671,81,Rithely,Sport Club Recife,yellow
2353671,23,Antônio Carlos,Avaí FC,yellow
2353671,29,Renanzinho,Avaí FC,yellow
2353671,29,Anderson Lopes,Avaí FC,yellow
2353671,50,Nino Paraíba,Avaí FC,yellow
2353671,53,Eduardo Neto,Avaí FC,yellow
2353664,58,Dudu,SE Palmeiras,yellow
2353664,90,Gabriel Jesus,SE Palmeiras,yellow
2353664,43,Gilson,Ponte Preta,yellow
2353664,47,Jeferson,Ponte Preta,yellow
2353664,76,Cristian,Ponte Preta,yellow
2353669,29,Thiago Heleno,Figueirense,yellow
2353669,65,Emerson Sheik,Flamengo RJ,yellow
2353672,29,Edson Ratinho,Joinville EC,yellow
2353672,37,Guti,Joinville EC,yellow
2353672,84,Kadu,Joinville EC,yellow
2353672,84,Marcelinho,Joinville EC,yellow
2353672,90,Arnaldo,Joinville EC,yellow
2353672,90,Lucas Crispim,Joinville EC,yellow
2353672,57,Juninho,Coritiba FC,yellow
2353672,70,Walisson Maia,Coritiba FC,yellow
2353665,6,Húdson,São Paulo FC,yellow
2353665,33,Alexandre Pato,São Paulo FC,yellow
2353665,68,Ganso,São Paulo FC,yellow
2353665,87,Rodrigo Caio,São Paulo FC,yellow
2353670,18,Bruno Mota,Atlético Paranaense,yellow
2353670,45,Sidcley,Atlético Paranaense,yellow
2353670,64,Wálter,Atlético Paranaense,yellow
2353670,83,Otavio,Atlético Paranaense,yellow
2353670,89,Kadu,Atlético Paranaense,yellow
2353670,45,Marinho,Cruzeiro EC,yellow
2353670,90,Giorgian de Arrascaeta,Cruzeiro EC,yellow
2353663,76,Edu Dracena,Corinthians SP,yellow
2353663,8,Patrick Bezerra,Goiás EC,yellow
2353663,43,Ygor,Goiás EC,yellow
2353663,60,Zé Eduardo,Goiás EC,yellow
2353663,82,Diogo Barbosa,Goiás EC,yellow
2353663,90,Bruno Henrique,Goiás EC,yellow
2353666,40,Germán Herrera,Vasco da Gama,yellow
2353666,57,Rodrigo,Vasco da Gama,yellow
2353666,73,Leandrão,Vasco da Gama,yellow
2353666,84,Romarinho,Vasco da Gama,yellow
2353666,31,Dener,Chapecoense,yellow
2353666,62,Camilo,Chapecoense,yellow
2353666,68,Neto,Chapecoense,yellow
2353666,90,Thiego,Chapecoense,yellow
2353666,90,Danilo,Chapecoense,yellow
2353667,54,Geromel,Grêmio Porto Alegre,yellow
2353667,64,Douglas,Grêmio Porto Alegre,yellow
2353667,90,Moisés Gaúcho,Grêmio Porto Alegre,yellow
2353667,15,Vanderlei,Santos FC,yellow
2353667,88,David Braz,Santos FC,yellow
2353667,90,Gabriel Barbosa,Santos FC,red
2353679,0,Marquinhos,Avaí FC,yellow
2353679,6,Nino Paraíba,Avaí FC,yellow
2353679,43,Adriano,Avaí FC,yellow
2353679,14,Andrei,SE Palmeiras,yellow
2353679,44,Agustin Allione,SE Palmeiras,yellow
2353679,45,Thiago Santos,SE Palmeiras,yellow
2353679,85,Dudu,SE Palmeiras,yellow
2353682,83,Willian Popp,Joinville EC,yellow
2353682,90,Kadu,Joinville EC,yellow-red
2353682,59,Leandro Silva,Figueirense,yellow
2353682,59,Clayton,Figueirense,yellow
2353675,36,Fernando Bob,Ponte Preta,yellow
2353675,90,Rodinei,Ponte Preta,yellow
2353675,37,Leandro Silva,Coritiba FC,yellow
2353675,63,Ruy,Coritiba FC,yellow
2353675,75,Alan Santos,Coritiba FC,yellow
2353678,66,Allano,Cruzeiro EC,yellow
2353678,90,Manoel,Cruzeiro EC,yellow
2353678,8,Gum,Fluminense RJ,yellow
2353673,44,Matheus Reis,São Paulo FC,yellow-red
2353673,90,Reinaldo,São Paulo FC,yellow
2353673,48,Luan Garcia,Vasco da Gama,yellow
2353676,62,Paulão,Internacional,yellow
2353676,90,Réver,Internacional,yellow
2353680,0,Rodolfo,Atlético Paranaense,yellow
2353680,13,Felipe Monteiro,Corinthians SP,yellow
2353674,45,David,Goiás EC,yellow
2353677,44,Geromel,Grêmio Porto Alegre,yellow
2353677,90,Frickson Erazo,Grêmio Porto Alegre,yellow
2353677,23,Cléber Santana,Chapecoense,yellow
2353677,67,Apodi,Chapecoense,yellow
2353677,90,Vílson,Chapecoense,red
2353681,19,Carlos,Atlético Mineiro,yellow-red
2353685,86,Marcos Júnior,Fluminense RJ,yellow
2353685,7,Marcos Guilherme,Atlético Paranaense,yellow
2353685,39,Otavio,Atlético Paranaense,yellow
2353685,78,Wálter,Atlético Paranaense,yellow
2353687,83,Vitinho,Internacional,yellow
2353687,23,Kempes,Joinville EC,yellow
2353687,50,Marcelinho,Joinville EC,yellow
2353689,14,João Vitor,Figueirense,yellow
2353689,21,Dudu,Figueirense,yellow
2353689,42,Sueliton,Figueirense,yellow
2353689,83,Thiago Heleno,Figueirense,yellow
2353689,85,Fabinho,Figueirense,yellow
2353689,54,Gustavo Henrique,Santos FC,yellow
2353689,62,Cristian Ledesma,Santos FC,yellow
2353684,19,Matheus Sales,SE Palmeiras,yellow
2353684,58,João Pedro,SE Palmeiras,yellow
2353683,36,Elías,Corinthians SP,yellow
2353683,67,Edílson,Corinthians SP,yellow
2353683,84,Guilherme Arana,Corinthians SP,yellow
2353683,49,Paolo Guerrero,Flamengo RJ,yellow
2353683,58,Jonas,Flamengo RJ,yellow-red
2353686,85,Bruno Gallo,Vasco da Gama,yellow
2353686,2,Walace,Grêmio Porto Alegre,yellow
2353686,90,Fernandinho Silva,Grêmio Porto Alegre,yellow
2353690,6,Rafael Marques,Coritiba FC,yellow
2353690,29,Luis Cáceres,Coritiba FC,yellow
2353690,70,Ruy,Coritiba FC,yellow
2353690,73,Henrique Almeida,Coritiba FC,red
2353690,6,Alan Kardec,São Paulo FC,yellow
2353690,19,Rodrigo Caio,São Paulo FC,yellow
2353690,78,Luiz Eduardo,São Paulo FC,yellow
2353692,54,Gil,Chapecoense,yellow
2353692,23,Rômulo,Avaí FC,yellow
2353692,58,Romário,Avaí FC,yellow
2353691,19,Erik,Goiás EC,yellow
2353691,45,Arthur,Goiás EC,yellow
2353691,54,Bruno Henrique,Goiás EC,yellow
2353691,80,Patrick Bezerra,Goiás EC,yellow
2353691,17,Paulo André,Cruzeiro EC,yellow
2353691,43,Fabrício,Cruzeiro EC,yellow
2353691,57,Willians,Cruzeiro EC,yellow
2353691,72,Ariel Cabral,Cruzeiro EC,yellow
2353688,90,Marcos Rocha,Atlético Mineiro,yellow
2353688,90,Jemerson,Atlético Mineiro,yellow
2353688,5,Gilson,Ponte Preta,yellow
2353693,28,Michel Bastos,São Paulo FC,yellow
2353693,49,Rithely,Sport Club Recife,yellow
2353693,86,Wendel,Sport Club Recife,yellow
2353695,56,Juninho,Ponte Preta,yellow
2353695,62,Fernando Bob,Ponte Preta,yellow
2353695,89,Rodinei,Ponte Preta,yellow
2353695,16,Naldo,Joinville EC,yellow
2353695,30,Kadu,Joinville EC,yellow
2353695,58,Guti,Joinville EC,yellow
2353695,80,Edson Ratinho,Joinville EC,yellow
2353695,90,Lucas Crispim,Joinville EC,yellow
2353699,28,Nestor Camacho,Avaí FC,yellow
2353699,31,Eduardo Neto,Avaí FC,yellow
2353699,90,Jubal Júnior,Avaí FC,yellow
2353699,40,Charles,Cruzeiro EC,yellow
2353699,77,Marcos Vinicius,Cruzeiro EC,yellow
2353699,90,Manoel,Cruzeiro EC,yellow
2353700,45,Walisson Maia,Coritiba FC,yellow
2353700,90,Thiago Lopes,Coritiba FC,yellow
2353700,22,Dener,Figueirense,yellow
2353700,35,Dudu,Figueirense,yellow
2353700,50,Marquinhos,Figueirense,yellow
2353700,63,Thiago Heleno,Figueirense,yellow
2353700,68,Yago,Figueirense,yellow
2353694,68,Gabriel Barbosa,Santos FC,yellow
2353694,77,Gustavo Henrique,Santos FC,yellow
2353694,90,Zeca,Santos FC,yellow
2353694,24,Zé Roberto,SE Palmeiras,yellow
2353694,41,Thiago Santos,SE Palmeiras,yellow
2353694,90,Jonathan Cristaldo,SE Palmeiras,red
2353694,90,Dudu,SE Palmeiras,yellow
2353697,60,Paolo Guerrero,Flamengo RJ,yellow-red
2353698,60,Leandro Donizete,Atlético Mineiro,yellow
2353702,15,Cléber Santana,Chapecoense,yellow
2353702,38,Vílson,Chapecoense,yellow
2353702,90,Túlio de Melo,Chapecoense,yellow
2353702,35,Kadu,Atlético Paranaense,yellow
2353702,44,Marcos Guilherme,Atlético Paranaense,red
2353702,53,Fernando Barrientos,Atlético Paranaense,yellow
2353702,62,Cléo,Atlético Paranaense,yellow
2353702,86,Ricardo Silva,Atlético Paranaense,yellow
2353696,37,Bruno Gallo,Vasco da Gama,yellow
2353696,88,Éder Luís,Vasco da Gama,yellow
2353696,22,Gum,Fluminense RJ,yellow
2353696,74,Osvaldo,Fluminense RJ,yellow
2353696,85,Wellington Paulista,Fluminense RJ,yellow
2353696,86,Pierre,Fluminense RJ,yellow
2353696,88,Higor,Fluminense RJ,yellow-red
2353701,80,Patrick Bezerra,Goiás EC,yellow
2353701,90,Murilo,Goiás EC,yellow
2353701,90,Renan,Goiás EC,yellow
2353701,43,Réver,Internacional,yellow
2353701,87,Lisandro López,Internacional,yellow
2353701,90,Artur,Internacional,yellow
2353707,90,Alisson Farias,Internacional,yellow
2353707,90,Anderson,Internacional,yellow
2353707,61,Ferron,Ponte Preta,yellow
2353707,83,Gilson,Ponte Preta,yellow
2353707,90,Marcelo Lomba,Ponte Preta,yellow
2353707,90,Alexandro,Ponte Preta,yellow
2353703,14,Carlinhos,Coritiba FC,yellow
2353703,26,Kléber Gladiador,Coritiba FC,yellow
2353703,44,Leandro Silva,Coritiba FC,yellow
2353703,61,Rafael Marques,Coritiba FC,yellow
2353710,63,Cristián Vilches,Atlético Paranaense,yellow
2353710,89,Eduardo Neto,Avaí FC,yellow
2353710,90,Jubal Júnior,Avaí FC,yellow
2353705,58,Wellington Silva,Fluminense RJ,yellow
2353705,71,Cícero,Fluminense RJ,yellow
2353705,85,Gerson,Fluminense RJ,yellow
2353705,40,Ananias,Chapecoense,yellow
2353705,46,Túlio de Melo,Chapecoense,yellow
2353705,88,Gil,Chapecoense,yellow
2353704,90,Jackson Souza,SE Palmeiras,yellow
2353704,24,Duvier Riascos,Vasco da Gama,yellow
2353704,48,Luan Garcia,Vasco da Gama,yellow
2353704,50,Serginho,Vasco da Gama,yellow
2353704,78,Mádson,Vasco da Gama,yellow
2353706,33,Wallace Reis,Flamengo RJ,yellow
2353708,63,Manoel,Cruzeiro EC,yellow
2353708,84,Alan Kardec,São Paulo FC,yellow
2353708,86,Thiago Mendes,São Paulo FC,yellow
2353709,43,Leandro Silva,Figueirense,yellow
2353709,57,João Vitor,Figueirense,yellow
2353709,7,Leonardo Silva,Atlético Mineiro,yellow
2353709,45,Marcos Rocha,Atlético Mineiro,yellow
2353709,51,Jemerson,Atlético Mineiro,yellow
2353709,86,Douglas Santos,Atlético Mineiro,yellow
2353712,0,Rogério,Joinville EC,red
2353712,20,Marcelinho,Joinville EC,yellow
2353712,50,Danrlei,Joinville EC,yellow
2353712,81,Fernando Viana,Joinville EC,yellow
2353712,22,Lucas Lima,Santos FC,yellow
2353712,71,Daniel Guedes,Santos FC,yellow
2353711,59,Diego Souza,Sport Club Recife,yellow
2353711,79,Samuel Xavier,Sport Club Recife,yellow
2353711,59,Walace,Grêmio Porto Alegre,yellow
2353711,61,Ramiro,Grêmio Porto Alegre,yellow
2353711,69,Luan,Grêmio Porto Alegre,yellow
2353711,78,Pedro Rocha,Grêmio Porto Alegre,red
2353718,43,Willian,Cruzeiro EC,yellow
2353718,65,Willians,Cruzeiro EC,yellow
2353718,41,Matheus Ferraz,Sport Club Recife,yellow
2353718,75,Maikon Leite,Sport Club Recife,yellow
2353721,29,Felipe Macedo,Goiás EC,yellow
2353721,27,Alan Santos,Coritiba FC,yellow
2353715,12,Ferron,Ponte Preta,yellow
2353715,62,Diego Oliveira,Ponte Preta,yellow
2353715,70,Renato Chaves,Ponte Preta,yellow
2353715,76,Rodinei,Ponte Preta,yellow
2353715,18,Clayton,Figueirense,yellow
2353715,24,Juninho,Figueirense,yellow
2353715,27,Carlos Alberto,Figueirense,yellow
2353715,36,Fabinho,Figueirense,yellow
2353719,21,Eduardo Neto,Avaí FC,yellow
2353719,28,Emerson Silva,Avaí FC,yellow
2353719,90,Romário,Avaí FC,yellow
2353719,31,Kadu,Joinville EC,yellow
2353720,34,Cleberson,Atlético Paranaense,yellow
2353720,90,Daniel Hernández,Atlético Paranaense,yellow
2353720,52,Amaral,SE Palmeiras,yellow
2353720,83,Dudu,SE Palmeiras,yellow
2353720,90,Alecsandro,SE Palmeiras,yellow
2353720,90,Jackson Souza,SE Palmeiras,red
2353720,90,Robinho,SE Palmeiras,red
2353717,41,Matheus Bressan,Grêmio Porto Alegre,yellow
2353717,83,Ramiro,Grêmio Porto Alegre,yellow
2353717,85,Walace,Grêmio Porto Alegre,yellow
2353717,24,Fred,Fluminense RJ,yellow
2353717,42,Pierre,Fluminense RJ,yellow
2353717,45,Wellington Silva,Fluminense RJ,yellow
2353717,65,Gerson,Fluminense RJ,red
2353722,67,Túlio de Melo,Chapecoense,yellow
2353722,68,Vílson,Chapecoense,yellow
2353722,89,Neném,Chapecoense,yellow
2353722,90,Maranhão,Chapecoense,yellow
2353722,62,Juan,Internacional,yellow-red
2353722,64,Andrés DAlessandro,Internacional,yellow
2353722,90,William,Internacional,yellow
2353714,35,Thiago Maia,Santos FC,yellow
2353714,37,Gustavo Henrique,Santos FC,yellow
2353714,69,Ayrton,Flamengo RJ,yellow
2353714,90,Jorge,Flamengo RJ,yellow-red
2353716,50,Diguinho,Vasco da Gama,yellow
2353716,62,Rodrigo,Vasco da Gama,yellow-red
2353716,49,Jádson,Corinthians SP,yellow
2353716,58,Edílson,Corinthians SP,yellow
2353716,87,Lucca,Corinthians SP,yellow
2353724,63,Pablo Mouche,SE Palmeiras,yellow
2353724,69,Leandro Almeida,SE Palmeiras,yellow
2353724,71,Giorgian de Arrascaeta,Cruzeiro EC,yellow
2353723,0,Edílson,Corinthians SP,yellow
2353723,35,Fágner,Corinthians SP,yellow
2353723,14,Bruno,São Paulo FC,yellow
2353723,35,Thiago Mendes,São Paulo FC,yellow
2353727,45,Vitinho,Internacional,yellow
2353727,48,William,Internacional,yellow
2353727,63,Alisson,Internacional,yellow
2353727,90,Silva,Internacional,yellow
2353727,52,Rafael Galhardo,Grêmio Porto Alegre,yellow
2353727,65,Luan,Grêmio Porto Alegre,yellow
2353728,27,Leonardo Silva,Atlético Mineiro,yellow
2353728,30,Douglas Santos,Atlético Mineiro,yellow
2353728,76,Marcos Rocha,Atlético Mineiro,yellow
2353728,22,David,Goiás EC,yellow
2353728,42,Renan,Goiás EC,yellow
2353728,44,Gimenez,Goiás EC,yellow
2353729,61,João Vitor,Figueirense,yellow
2353729,17,Cléber Santana,Chapecoense,yellow
2353729,55,Vílson,Chapecoense,yellow
2353729,80,Apodi,Chapecoense,yellow
2353732,39,Rafael Donato,Joinville EC,yellow
2353732,41,Domingues,Joinville EC,yellow
2353732,85,Kempes,Joinville EC,yellow
2353732,90,Anselmo,Joinville EC,yellow
2353732,90,Lucas Crispim,Joinville EC,red
2353732,77,Bruno Gallo,Vasco da Gama,yellow
2353732,86,Duvier Riascos,Vasco da Gama,yellow
2353732,90,Luan Garcia,Vasco da Gama,yellow
2353726,40,Paolo Guerrero,Flamengo RJ,yellow
2353726,42,César,Flamengo RJ,yellow
2353726,43,Alan Patrick,Flamengo RJ,yellow
2353726,34,Renato Chaves,Ponte Preta,yellow
2353726,89,Borges,Ponte Preta,yellow
2353726,90,Biro Biro,Ponte Preta,yellow
2353725,74,Fred,Fluminense RJ,yellow
2353725,84,Marcos Júnior,Fluminense RJ,yellow
2353725,11,Pablo Barros,Avaí FC,yellow
2353725,72,Renanzinho,Avaí FC,yellow
2353725,74,Emerson Silva,Avaí FC,yellow
2353730,33,Luis Cáceres,Coritiba FC,yellow
2353730,34,Carlinhos,Coritiba FC,yellow
2353730,78,Walisson Maia,Coritiba FC,yellow
2353730,0,Vladimir,Santos FC,red
2353730,43,Paulo Ricardo,Santos FC,yellow
2353730,73,Neto Berola,Santos FC,yellow
2353730,81,Cristian Ledesma,Santos FC,yellow
2353731,14,Hernane Brocador,Sport Club Recife,yellow
2353731,38,Élber,Sport Club Recife,yellow
2353731,87,Rithely,Sport Club Recife,yellow
2353731,31,Fernando Barrientos,Atlético Paranaense,yellow
2353731,75,Wálter,Atlético Paranaense,yellow
2353733,23,Rodrigo Caio,São Paulo FC,yellow
2353733,19,Marquinhos,Figueirense,yellow
2353733,41,João Vitor,Figueirense,yellow
2353733,81,Juninho,Figueirense,yellow
2353733,88,Carlos Alberto,Figueirense,yellow
2353735,1,Ayrton,Fluminense RJ,yellow
2353735,45,Osvaldo,Fluminense RJ,red
2353735,45,Cícero,Fluminense RJ,yellow
2353735,77,Marcos Júnior,Fluminense RJ,yellow
2353735,2,Artur,Internacional,yellow
2353735,31,Andrés DAlessandro,Internacional,yellow
2353735,56,Nicolás Freitas,Internacional,yellow
2353735,73,Vitinho,Internacional,yellow
2353739,59,Everton Silva,Avaí FC,yellow
2353739,55,Elton,Ponte Preta,yellow-red
2353739,69,Gilson,Ponte Preta,yellow
2353737,41,Geromel,Grêmio Porto Alegre,yellow
2353737,75,Douglas,Grêmio Porto Alegre,yellow
2353737,90,Bruno Grassi,Grêmio Porto Alegre,yellow
2353737,17,Luan,Atlético Mineiro,yellow
2353737,45,Jesús Dátolo,Atlético Mineiro,yellow
2353737,45,Rafael Carioca,Atlético Mineiro,yellow
2353737,75,Leandro Donizete,Atlético Mineiro,yellow
2353737,81,Jemerson,Atlético Mineiro,yellow
2353738,76,Paulo André,Cruzeiro EC,yellow
2353738,86,Fábio,Cruzeiro EC,yellow
2353738,54,Kempes,Joinville EC,yellow
2353738,72,Guti,Joinville EC,yellow
2353741,12,Diego Souza,Sport Club Recife,yellow
2353741,40,Marlone,Sport Club Recife,yellow
2353741,48,Rithely,Sport Club Recife,yellow
2353741,60,Wendel,Sport Club Recife,yellow
2353741,77,Ronaldo,Sport Club Recife,yellow
2353741,90,André,Sport Club Recife,yellow
2353741,13,Jádson,Corinthians SP,yellow
2353741,67,Rodriguinho,Corinthians SP,yellow
2353741,90,Gil,Corinthians SP,yellow
2353734,5,Kelvin,SE Palmeiras,yellow
2353734,55,Lucas,SE Palmeiras,yellow
2353734,78,Nathan Cardoso,SE Palmeiras,yellow
2353734,10,Negueba,Coritiba FC,yellow
2353734,38,João Paulo,Coritiba FC,yellow
2353734,45,Alan Santos,Coritiba FC,yellow
2353736,74,Rafael Silva,Vasco da Gama,yellow
2353736,80,Andrezinho,Vasco da Gama,yellow
2353736,38,Léo Cittadini,Santos FC,yellow
2353736,44,Vanderlei,Santos FC,yellow
2353742,28,Maranhão,Chapecoense,yellow
2353742,77,Cléber Santana,Chapecoense,yellow
2353742,82,Apodi,Chapecoense,yellow
2353742,85,Vílson,Chapecoense,yellow
2353742,90,Dener,Chapecoense,yellow
2353742,5,Liniker,Goiás EC,yellow
2353742,22,Ygor,Goiás EC,yellow
2353742,89,Patrick Bezerra,Goiás EC,yellow
2353740,88,Wéverton,Atlético Paranaense,yellow
2353740,32,Éverton,Flamengo RJ,yellow
2353740,45,Paulinho,Flamengo RJ,yellow
2353740,69,Alan Patrick,Flamengo RJ,yellow
2353743,83,Vágner Love,Corinthians SP,yellow
2353743,23,Everton Silva,Avaí FC,yellow
2353743,74,Vagner,Avaí FC,yellow
2353744,76,Deivid,Atlético Paranaense,yellow
2353745,31,Alexandro,Ponte Preta,yellow
2353745,42,Cristian,Ponte Preta,yellow
2353745,69,Gilson,Ponte Preta,yellow
2353745,82,Marcos Serrato,Ponte Preta,yellow
2353745,30,Diego Souza,Sport Club Recife,yellow
2353745,53,Élber,Sport Club Recife,yellow
2353746,90,Juninho,SE Palmeiras,yellow
2353747,85,Vitinho,Internacional,yellow
2353747,90,Andrigo,Internacional,yellow
2353747,45,Douglas Grolli,Cruzeiro EC,yellow
2353749,44,Carlos Alberto,Figueirense,yellow
2353749,50,Marcão,Figueirense,yellow
2353749,63,Marcos Pedroso,Figueirense,yellow
2353749,80,Thiago Heleno,Figueirense,yellow
2353749,28,Marcos Júnior,Fluminense RJ,yellow
2353749,53,Nogueira,Fluminense RJ,yellow
2353749,58,Edson,Fluminense RJ,yellow
2353749,77,Lucas Gomes,Fluminense RJ,yellow
2353750,22,Negueba,Coritiba FC,yellow
2353750,90,Jorge Henrique,Vasco da Gama,red
2353751,28,Liniker,Goiás EC,yellow
2353751,50,David,Goiás EC,yellow
2353751,90,Patrick Bezerra,Goiás EC,yellow
2353751,90,Alex Alves,Goiás EC,yellow
2353751,49,Ganso,São Paulo FC,yellow
2353752,10,Edson Ratinho,Joinville EC,yellow
2353752,16,Diego Rodrigues,Joinville EC,yellow
2353752,83,Rafael Donato,Joinville EC,yellow
2353752,45,Ramiro,Grêmio Porto Alegre,yellow
