GameID,Minute,PlayerIn,PlayerOut,Team
8637536,46,Sassá,Rafael Sóbis,Cruzeiro EC
8637536,67,Federico Mancuello,Ariel Cabral,Cruzeiro EC
8637536,76,Rafael Marques,Robinho,Cruzeiro EC
8637536,58,Jailson,Maicon,Grêmio Porto Alegre
8637536,76,Matheus Bressan,André,Grêmio Porto Alegre
8637536,85,Michel,Everton,Grêmio Porto Alegre
8637539,46,Juninho,Alexander Baumjohann,EC Vitória BA
8637539,67,Guilherme Costa,Pedro Botelho,EC Vitória BA
8637539,79,Jeferson,Rodrigo Andrade,EC Vitória BA
8637539,27,Willian Arão,Henrique Dourado,Flamengo RJ
8637539,56,Geuvânio,Lucas Paquetá,Flamengo RJ
8637539,85,Pará,Vinicius Júnior,Flamengo RJ
8637543,77,Arthur Gomes,Rodrygo,Santos FC
8637543,80,Vitor Bueno,Léo Cittadini,Santos FC
8637543,86,Diego Pituca,Jean Mota,Santos FC
8637543,14,Javier Reina,Ricardinho,Ceará SC
8637543,69,Roberto,Wescley,Ceará SC
8637543,86,Arnaldo,Felipe Azevedo,Ceará SC
8637538,81,Gerson Magrão,Christian Sávio,América MG
8637538,81,Zé Ricardo,Luan,América MG
8637538,86,Wesley,Serginho,América MG
8637538,46,Sander,Cláudio Winck,Sport Club Recife
8637538,46,Gabriel,Ferreira,Sport Club Recife
8637538,69,Everton Felipe,Fellipe Bastos,Sport Club Recife
8637540,57,Rildo,Rafael Galhardo,Vasco da Gama
8637540,64,Thiago Galhardo,Wellington,Vasco da Gama
8637540,64,Andrés Ríos,Duvier Riascos,Vasco da Gama
8637540,78,Yago Severin,Gustavo Blanco,Atlético Mineiro
8637540,86,Erik,Rómulo Otero,Atlético Mineiro
8637540,89,Roger Guedes,Juan Cazares,Atlético Mineiro
8637544,68,Emerson Sheik,Mateus Vital,Corinthians SP
8637544,71,Maycon,Renê Júnior,Corinthians SP
8637544,79,Pedrinho,Ángel Romero,Corinthians SP
8637544,24,Frazan,Ibañez,Fluminense RJ
8637544,76,João Carlos,Pedro,Fluminense RJ
8637544,89,Marcos Júnior,Renato Chaves,Fluminense RJ
8637545,11,Nicolás López,Rossi,Internacional
8637545,73,Brenner,William Pottker,Internacional
8637545,88,Gabriel Dias,Andrés DAlessandro,Internacional
8637545,46,Júnior Brumado,Marco Antonio,EC Bahia
8637545,70,Régis,Vinicius,EC Bahia
8637545,81,Agustin Allione,Zé Rafael,EC Bahia
8637537,57,Éderson,Ribamar,Atlético Paranaense
8637537,87,Deivid,Camacho,Atlético Paranaense
8637537,90,Raphael Veiga,Nikão,Atlético Paranaense
8637537,68,Nádson,Vinícius,Chapecoense
8637537,77,Guilherme Augusto,Márcio Araújo,Chapecoense
8637537,83,Eduardo Santos,Apodi,Chapecoense
8637541,65,Marcos Vinicius,Gustavo Bochecha,Botafogo RJ
8637541,65,Rodrigo Pimpão,Leandro Carvalho,Botafogo RJ
8637541,76,Kieza,Matheus Fernandes,Botafogo RJ
8637541,46,Alejandro Guerra,Lucas Lima,SE Palmeiras
8637541,70,Deyverson,Willian,SE Palmeiras
8637541,77,Moisés Mineiro,Bruno Henrique,SE Palmeiras
8637542,46,Valdivia,Lucas Fernandes,São Paulo FC
8637542,55,Júnior Tavares,Brenner,São Paulo FC
8637542,75,Nenê,Christian Cueva,São Paulo FC
8637542,56,Léo Itaperuna,Diego Gonçalves,Paraná Clube
8637542,60,Tiago,Leandro Vilela,Paraná Clube
8637542,78,Marcelo Báez,Mansur,Paraná Clube
8637549,69,Régis,Vinicius,EC Bahia
8637549,78,Júnior Brumado,Marco Antonio,EC Bahia
8637549,80,Agustin Allione,Zé Rafael,EC Bahia
8637549,74,Bruno Henrique,Rodrygo,Santos FC
8637549,79,Diego Pituca,Léo Cittadini,Santos FC
8637549,85,Arthur Gomes,Eduardo Sasha,Santos FC
8637551,73,Jonas,Vinicius Júnior,Flamengo RJ
8637551,82,Marlos Moreno,Geuvânio,Flamengo RJ
8637551,90,Jean Lucas,Lucas Paquetá,Flamengo RJ
8637551,46,Marquinhos,Luan,América MG
8637551,78,Leandro Donizete,Christian Sávio,América MG
8637551,85,Capixaba,Aylon,América MG
8637547,46,Luis Carlos,Richard,Paraná Clube
8637547,61,Matheus Pereira,Wesley,Paraná Clube
8637547,71,Vitor Feijão,Raphael,Paraná Clube
8637547,70,Clayson,Jádson,Corinthians SP
8637547,84,Marquinhos Gabriel,Ángel Romero,Corinthians SP
8637547,87,Pedrinho,Mateus Vital,Corinthians SP
8637546,75,Erik,Rómulo Otero,Atlético Mineiro
8637546,75,Elías,Luan,Atlético Mineiro
8637546,87,Matheus Galdezani,Gustavo Blanco,Atlético Mineiro
8637546,66,Guilherme Costa,Willian Farias,EC Vitória BA
8637546,72,Jeferson,Pedro Botelho,EC Vitória BA
8637546,80,Alexander Baumjohann,Yago,EC Vitória BA
8637548,45,Nádson,Luiz Antônio,Chapecoense
8637548,73,Vinícius,Wellington Paulista,Chapecoense
8637548,79,Leandro Pereira,Nádson,Chapecoense
8637548,46,Thiago Galhardo,Rafael Galhardo,Vasco da Gama
8637548,77,Evander,Wellington,Vasco da Gama
8637548,90,Duvier Riascos,Rildo,Vasco da Gama
8637550,61,Pablo Dyego,Marcos Júnior,Fluminense RJ
8637550,81,Douglas,Pedro,Fluminense RJ
8637550,90,Luan Peres,Junior Sornoza,Fluminense RJ
8637550,46,David,Lucas Silva,Cruzeiro EC
8637550,62,Giorgian de Arrascaeta,Federico Mancuello,Cruzeiro EC
8637550,75,Rafinha,Lucas Romero,Cruzeiro EC
8637552,62,Naldo,Arnaldo,Ceará SC
8637552,70,Roberto,Wescley,Ceará SC
8637552,73,Élton,Arthur,Ceará SC
8637552,46,Nenê,Santiago Tréllez,São Paulo FC
8637552,46,Régis Souza,Liziero,São Paulo FC
8637552,65,Valdivia,Éverton,São Paulo FC
8637554,76,Moisés Mineiro,Lucas Lima,SE Palmeiras
8637554,79,Willian,Miguel Borja,SE Palmeiras
8637554,80,Deyverson,Dudu,SE Palmeiras
8637554,46,Leandro Damião,Nicolás López,Internacional
8637554,72,Andrés DAlessandro,Camilo,Internacional
8637554,75,Fabinho,Gabriel Dias,Internacional
8637555,46,Alisson,Leó Moura,Grêmio Porto Alegre
8637555,76,Jael,Arthur,Grêmio Porto Alegre
8637555,84,Maicosuel,Maicon,Grêmio Porto Alegre
8637555,50,Bruno Guimarães,Lucho González,Atlético Paranaense
8637555,69,Éderson,Pablo,Atlético Paranaense
8637555,76,Zé Ivaldo,Guilherme,Atlético Paranaense
8637553,67,Fellipe Bastos,Gabriel,Sport Club Recife
8637553,71,Everton Felipe,Andrigo,Sport Club Recife
8637553,78,Hygor,Neto,Sport Club Recife
8637553,46,Pachu,Rodrigo Pimpão,Botafogo RJ
8637553,59,Kieza,Brenner Marlos,Botafogo RJ
8637553,68,Ezequiel,Leonardo Valencia,Botafogo RJ
8637561,46,Marcos Vinicius,Leonardo Valencia,Botafogo RJ
8637561,66,Ezequiel,Rodrigo Pimpão,Botafogo RJ
8637561,82,Kieza,Brenner Marlos,Botafogo RJ
8637561,60,Vinícius Lima,Maicosuel,Grêmio Porto Alegre
8637561,77,Pepê,Luan,Grêmio Porto Alegre
8637561,82,Cícero,Michel,Grêmio Porto Alegre
8637556,86,Elías,Gustavo Blanco,Atlético Mineiro
8637556,86,Alerrandro,Luan,Atlético Mineiro
8637556,86,Matheus Galdezani,Bremer,Atlético Mineiro
8637556,9,Mantuan,Fágner,Corinthians SP
8637556,47,Emerson Sheik,Clayson,Corinthians SP
8637556,83,Marquinhos Gabriel,Rodriguinho,Corinthians SP
8637557,46,Marcelo Báez,Rayan,Paraná Clube
8637557,46,Matheus Pereira,Wesley,Paraná Clube
8637557,61,Luan,Raphael,Paraná Clube
8637557,60,Cláudio Winck,Andrigo,Sport Club Recife
8637557,68,Carlos Henrique,Rogério,Sport Club Recife
8637557,76,Ferreira,Neto,Sport Club Recife
8637559,46,Everson,Rodrigo Becão,EC Bahia
8637559,66,Júnior Brumado,Edigar Junio,EC Bahia
8637559,72,Régis,Vinicius,EC Bahia
8637559,70,Jonathan,Lucho González,Atlético Paranaense
8637559,76,Raphael Veiga,Guilherme,Atlético Paranaense
8637559,86,Ribamar,Pablo,Atlético Paranaense
8637560,46,Matheus Alessandro,Frazan,Fluminense RJ
8637560,73,Pablo Dyego,Jadson,Fluminense RJ
8637560,77,Robinho,Marcos Júnior,Fluminense RJ
8637560,59,Edimar,Liziero,São Paulo FC
8637560,78,Marcos Guilherme,Régis Souza,São Paulo FC
8637560,80,Santiago Tréllez,Diego Souza,São Paulo FC
8637562,57,Wescley,Javier Reina,Ceará SC
8637562,58,Rafael Carioca,Romário,Ceará SC
8637562,67,Roberto,Tiago Alves,Ceará SC
8637562,80,Jonas,Gustavo Cuéllar,Flamengo RJ
8637562,84,Lincoln,Henrique Dourado,Flamengo RJ
8637562,88,Jean Lucas,Lucas Paquetá,Flamengo RJ
8637564,50,Thiago Santos,Felipe Melo,SE Palmeiras
8637564,64,Deyverson,Miguel Borja,SE Palmeiras
8637564,73,Willian,Lucas Lima,SE Palmeiras
8637564,68,Guilherme Augusto,Arthur,Chapecoense
8637564,83,Luiz Otávio,Héctor Canteros,Chapecoense
8637564,90,Leandro Pereira,Wellington Paulista,Chapecoense
8637565,65,Lucca,Leandro Damião,Internacional
8637565,70,Nicolás López,Edenilson,Internacional
8637565,90,Wellington Silva,Rodrigo Dourado,Internacional
8637565,46,Raniel,David,Cruzeiro EC
8637565,77,Ariel Cabral,Federico Mancuello,Cruzeiro EC
8637565,82,Rafael Marques,Rafael Sóbis,Cruzeiro EC
8637558,76,Zé Ricardo,Marquinhos,América MG
8637558,81,Luan,Aylon,América MG
8637558,90,Gerson Magrão,Rafael Moura,América MG
8637558,46,Wallyson,Willian Farias,EC Vitória BA
8637558,64,Lucas Fernandes,Rhayner,EC Vitória BA
8637558,73,Guilherme Costa,Neilton,EC Vitória BA
8637570,33,Cosendey,Thiago Galhardo,Vasco da Gama
8637570,66,Wagner,Rafael Galhardo,Vasco da Gama
8637570,69,Kelvin,Caio Monteiro,Vasco da Gama
8637570,60,Capixaba,Marquinhos,América MG
8637570,73,Ruy,Rafael Moura,América MG
8637570,87,Judivan,Serginho,América MG
8637572,46,Marcos Guilherme,Bruno Alves,São Paulo FC
8637572,57,Liziero,Nenê,São Paulo FC
8637572,79,Christian Cueva,Húdson,São Paulo FC
8637572,46,Juan Cazares,Rómulo Otero,Atlético Mineiro
8637572,57,Elías,Luan,Atlético Mineiro
8637572,90,Erik,Gustavo Blanco,Atlético Mineiro
8637574,28,Jádson,Danilo,Corinthians SP
8637574,57,Mateus Vital,Marquinhos Gabriel,Corinthians SP
8637574,80,Emerson Sheik,Pedrinho,Corinthians SP
8637574,46,Naldo,Arnaldo,Ceará SC
8637574,73,Hyuri,Felipe Azevedo,Ceará SC
8637574,87,Romário,Wescley,Ceará SC
8637566,63,Raniel,Sassá,Cruzeiro EC
8637566,75,Robinho,Thiago Neves,Cruzeiro EC
8637566,79,Bruno Silva,Rafinha,Cruzeiro EC
8637566,46,Luiz Fernando,Rodrigo Pimpão,Botafogo RJ
8637566,68,João Pedro,Leonardo Valencia,Botafogo RJ
8637566,76,Kieza,Rodrigo Lindoso,Botafogo RJ
8637567,56,Jonathan,Lucho González,Atlético Paranaense
8637567,70,Bérgson,Thiago Carleto,Atlético Paranaense
8637567,80,Renan Lodi,Matheus Rossetto,Atlético Paranaense
8637567,10,Lucas Lima,Moisés Mineiro,SE Palmeiras
8637567,78,Hyoran,Keno,SE Palmeiras
8637567,83,Thiago Santos,Felipe Melo,SE Palmeiras
8637569,65,Luan,Yago,EC Vitória BA
8637569,70,Ramon,Aderllan,EC Vitória BA
8637569,79,Alexander Baumjohann,Neilton,EC Vitória BA
8637569,46,Pablo Dyego,Marcos Júnior,Fluminense RJ
8637569,69,Robinho,Jadson,Fluminense RJ
8637569,90,Dodi,Pedro,Fluminense RJ
8637571,59,Paolo Guerrero,Henrique Dourado,Flamengo RJ
8637571,85,Jean Lucas,Geuvânio,Flamengo RJ
8637571,90,Miguel Trauco,Renê,Flamengo RJ
8637571,63,Lucca,Leandro Damião,Internacional
8637571,75,Brenner,Gabriel Dias,Internacional
8637573,72,Everton Felipe,Neto,Sport Club Recife
8637573,79,Fabrício,Cláudio Winck,Sport Club Recife
8637573,85,Carlos Henrique,Rogério,Sport Club Recife
8637573,62,Italo,Zé Rafael,EC Bahia
8637573,62,Régis,Vinicius,EC Bahia
8637573,85,Júnior Brumado,Edigar Junio,EC Bahia
8637575,71,Jael,André,Grêmio Porto Alegre
8637575,76,Marcelo Oliveira,Bruno Cortês,Grêmio Porto Alegre
8637575,81,Mádson,Leó Moura,Grêmio Porto Alegre
8637575,57,Jonathan Copete,Léo Cittadini,Santos FC
8637575,73,Arthur Gomes,Gabriel Barbosa,Santos FC
8637575,82,Vitor Bueno,Rodrygo,Santos FC
8637568,46,Leandro Pereira,Júnior Santos,Chapecoense
8637568,60,Héctor Canteros,Márcio Araújo,Chapecoense
8637568,73,Guilherme Augusto,Arthur,Chapecoense
8637568,71,Zezinho,Caio Henrique,Paraná Clube
8637568,73,Vitor Feijão,Silvinho,Paraná Clube
8637568,79,Leandro Vilela,Jorge González,Paraná Clube
8637585,79,Thonny Anderson,André,Grêmio Porto Alegre
8637585,85,Cícero,Arthur,Grêmio Porto Alegre
8637585,85,Vinícius Lima,Everton,Grêmio Porto Alegre
8637585,63,Juan Alano,Rossi,Internacional
8637585,72,Gabriel Dias,Zeca,Internacional
8637585,83,Brenner,Leandro Damião,Internacional
8637576,64,Raniel,Sassá,Cruzeiro EC
8637576,72,Federico Mancuello,Robinho,Cruzeiro EC
8637576,84,Rafael Sóbis,Rafinha,Cruzeiro EC
8637576,57,Everton Felipe,Neto,Sport Club Recife
8637576,67,Carlos Henrique,Gabriel,Sport Club Recife
8637576,75,Fabrício,Cláudio Winck,Sport Club Recife
8637577,10,Wanderson,Renan Lodi,Atlético Paranaense
8637577,60,Éderson,Guilherme,Atlético Paranaense
8637577,70,Raphael Veiga,Esteban Pavez,Atlético Paranaense
8637577,40,Juan Cazares,Rómulo Otero,Atlético Mineiro
8637577,40,Elías,Luan,Atlético Mineiro
8637577,76,Matheus Galdezani,Gustavo Blanco,Atlético Mineiro
8637578,73,Eduardo Santos,Guilherme Augusto,Chapecoense
8637578,81,Bruno Silva,Apodi,Chapecoense
8637578,85,Neném,Héctor Canteros,Chapecoense
8637578,71,Vinicius Júnior,Jean Lucas,Flamengo RJ
8637578,85,Gustavo Cuéllar,Marlos Moreno,Flamengo RJ
8637578,90,Henrique Dourado,,Flamengo RJ
8637579,71,Régis,Vinicius,EC Bahia
8637579,76,Eugenio Mena,Élber,EC Bahia
8637579,84,Kayke Rodrigues,Edigar Junio,EC Bahia
8637579,60,Régis Souza,Eder Militão,São Paulo FC
8637579,64,Valdivia,Lucas Fernandes,São Paulo FC
8637579,80,Shaylon,Nenê,São Paulo FC
8637580,60,Kelvin,Caio Monteiro,Vasco da Gama
8637580,67,Cosendey,Bruno Silva,Vasco da Gama
8637580,78,Duvier Riascos,Wagner,Vasco da Gama
8637580,69,Lucas Fernandes,Rhayner,EC Vitória BA
8637580,74,Denilson,André Lima,EC Vitória BA
8637580,79,José Welison,Lucas,EC Vitória BA
8637584,84,Roger,Jádson,Corinthians SP
8637584,87,Mateus Vital,Pedrinho,Corinthians SP
8637584,90,Júnior Dutra,Ángel Romero,Corinthians SP
8637584,63,Alejandro Guerra,Lucas Lima,SE Palmeiras
8637584,70,Tchê Tchê,Thiago Santos,SE Palmeiras
8637584,74,Willian,Miguel Borja,SE Palmeiras
8637583,72,Diego Pituca,Vitor Bueno,Santos FC
8637583,76,Arthur Gomes,Rodrygo,Santos FC
8637583,79,Emiliano Vecchio,Alison,Santos FC
8637583,63,Vitor Feijão,Léo Itaperuna,Paraná Clube
8637583,69,Alex Santana,Jorge González,Paraná Clube
8637583,75,Junior,Igor,Paraná Clube
8637581,46,Gustavo Bochecha,Renatinho,Botafogo RJ
8637581,78,Rodrigo Aguirre,Brenner Marlos,Botafogo RJ
8637581,85,Jean,Rodrigo Lindoso,Botafogo RJ
8637581,41,Marlon,Ayrton,Fluminense RJ
8637581,72,Robinho,Richard,Fluminense RJ
8637581,76,Pablo Dyego,Renato Chaves,Fluminense RJ
8637582,46,Éder Luís,Felipe Azevedo,Ceará SC
8637582,67,Arthur,Juninho,Ceará SC
8637582,78,Juninho Piaulense,Wescley,Ceará SC
8637582,67,Gerson Magrão,Luan,América MG
8637582,71,Renan Oliveira,Marquinhos,América MG
8637582,86,Wesley,Aylon,América MG
8637586,58,Rómulo Otero,Luan,Atlético Mineiro
8637586,83,Matheus Galdezani,Elías,Atlético Mineiro
8637586,90,Alerrandro,Ricardo Oliveira,Atlético Mineiro
8637586,46,Giorgian de Arrascaeta,Rafael Sóbis,Cruzeiro EC
8637586,68,Vitinho,Robinho,Cruzeiro EC
8637586,75,Sassá,Raniel,Cruzeiro EC
8637591,45,Rhodolfo,Réver,Flamengo RJ
8637591,79,Marlos Moreno,Vinicius Júnior,Flamengo RJ
8637591,89,Lincoln,Henrique Dourado,Flamengo RJ
8637591,62,Kelvin,Wagner,Vasco da Gama
8637591,70,Evander,Thiago Galhardo,Vasco da Gama
8637591,86,Duvier Riascos,Andrés Ríos,Vasco da Gama
8637594,72,Hyoran,Miguel Borja,SE Palmeiras
8637594,79,Thiago Santos,Felipe Melo,SE Palmeiras
8637594,81,Alejandro Guerra,Keno,SE Palmeiras
8637594,57,Anderson,Douglas Friedrich,EC Bahia
8637594,72,Régis,Júnior Brumado,EC Bahia
8637594,87,Flávio,Vinicius,EC Bahia
8637589,61,Lucas Fernandes,André Lima,EC Vitória BA
8637589,70,Rodrigo Andrade,Rhayner,EC Vitória BA
8637589,79,Guilherme Costa,Lucas,EC Vitória BA
8637589,46,Felipe Azevedo,Éder Luís,Ceará SC
8637589,46,Hyuri,Richardson,Ceará SC
8637589,78,Pio,Samuel Xavier,Ceará SC
8637587,72,Léo Itaperuna,Leandro Vilela,Paraná Clube
8637587,79,Alex Santana,Caio Henrique,Paraná Clube
8637587,86,Alemão,Junior,Paraná Clube
8637587,70,Cícero,Jailson,Grêmio Porto Alegre
8637587,71,Pepê,Maicosuel,Grêmio Porto Alegre
8637587,80,Vinícius Lima,Leó Moura,Grêmio Porto Alegre
8637588,44,Juninho,Zé Ricardo,América MG
8637588,61,Rafael Moura,Judivan,América MG
8637588,77,Ruy,Serginho,América MG
8637588,65,Kieza,Brenner Marlos,Botafogo RJ
8637588,65,Rodrigo Aguirre,Renatinho,Botafogo RJ
8637588,79,Moisés,Gilson,Botafogo RJ
8637592,70,Santiago Tréllez,Diego Souza,São Paulo FC
8637592,76,Edimar,Reinaldo,São Paulo FC
8637592,80,Liziero,Éverton,São Paulo FC
8637592,62,Jean Mota,Alison,Santos FC
8637592,72,Yuri Alberto,Vitor Bueno,Santos FC
8637592,77,Jonathan Copete,Eduardo Sasha,Santos FC
8637593,59,Carlos Henrique,Everton Felipe,Sport Club Recife
8637593,71,Michel Bastos,Rogério,Sport Club Recife
8637593,76,Deivid,Neto,Sport Club Recife
8637593,65,Maycon,Paulo Roberto,Corinthians SP
8637593,69,Marquinhos Gabriel,Pedrinho,Corinthians SP
8637593,83,Emerson Sheik,Mateus Vital,Corinthians SP
8637590,71,Matheus Alessandro,Marcos Júnior,Fluminense RJ
8637590,86,João Carlos,Pedro,Fluminense RJ
8637590,90,Douglas,Junior Sornoza,Fluminense RJ
8637590,15,Matheus Rossetto,Esteban Pavez,Atlético Paranaense
8637590,46,Ribamar,Zé Ivaldo,Atlético Paranaense
8637590,80,Bill,Matheus Rossetto,Atlético Paranaense
8637595,66,Juan Alano,Edenilson,Internacional
8637595,75,Rossi,William Pottker,Internacional
8637595,83,Nicolás López,Leandro Damião,Internacional
8637595,63,Bruno Silva,Guilherme Augusto,Chapecoense
8637595,71,Leandro Pereira,Arthur,Chapecoense
8637595,76,Neném,Héctor Canteros,Chapecoense
8637600,44,Nathán Ribeiro,Gum,Fluminense RJ
8637600,46,Robinho,Marcos Júnior,Fluminense RJ
8637600,89,Aírton,Pedro,Fluminense RJ
8637600,46,Nádson,Márcio Araújo,Chapecoense
8637600,65,Leandro Pereira,Amaral,Chapecoense
8637600,76,Bruno Silva,Wellington Paulista,Chapecoense
8637604,64,Papagaio,Alejandro Guerra,SE Palmeiras
8637604,64,Hyoran,Lucas Lima,SE Palmeiras
8637604,87,Deyverson,Felipe Melo,SE Palmeiras
8637604,39,Raul Prata,Cláudio Winck,Sport Club Recife
8637604,46,Rogério,Neto,Sport Club Recife
8637604,72,Carlos Henrique,Gabriel,Sport Club Recife
8637596,66,Erik,Alerrandro,Atlético Mineiro
8637596,79,Rómulo Otero,Gustavo Blanco,Atlético Mineiro
8637596,85,Tomás Andrade,Juan Cazares,Atlético Mineiro
8637596,68,Jean Lucas,Henrique Dourado,Flamengo RJ
8637596,85,Rômulo,Éverton Ribeiro,Flamengo RJ
8637596,90,Felipe Vizeu,Vinicius Júnior,Flamengo RJ
8637597,65,Carlos Eduardo,Leandro Vilela,Paraná Clube
8637597,80,Léo Itaperuna,Jorge González,Paraná Clube
8637597,87,Guilherme Biteco,Silvinho,Paraná Clube
8637597,90,Raphael Veiga,Guilherme,Atlético Paranaense
8637597,90,Bruno Guimarães,Lucho González,Atlético Paranaense
8637599,63,Régis,Júnior Brumado,EC Bahia
8637599,83,Flávio,Vinicius,EC Bahia
8637599,88,Agustin Allione,Élber,EC Bahia
8637599,45,Paulo Vitor,Kelvin,Vasco da Gama
8637599,60,Giovanni Augusto,Bruno Silva,Vasco da Gama
8637599,77,Moresche,Caio Monteiro,Vasco da Gama
8637601,46,Rodrigo Aguirre,Gustavo Bochecha,Botafogo RJ
8637601,58,Ezequiel,João Pedro,Botafogo RJ
8637601,76,Leonardo Valencia,Luiz Fernando,Botafogo RJ
8637601,69,Lucas Fernandes,Rhayner,EC Vitória BA
8637601,79,André Lima,Wallyson,EC Vitória BA
8637601,84,Yago,Denilson,EC Vitória BA
8637603,69,Bruno Henrique,Diego Pituca,Santos FC
8637603,77,Léo Cittadini,Renato,Santos FC
8637603,86,Yuri Alberto,Eduardo Sasha,Santos FC
8637603,64,Raniel,Thiago Neves,Cruzeiro EC
8637603,71,Lucas Romero,Edílson,Cruzeiro EC
8637603,73,Bruno Silva,Sassá,Cruzeiro EC
8637605,61,Nicolás López,Iago,Internacional
8637605,74,Rossi,William Pottker,Internacional
8637605,83,Juan Alano,Lucca,Internacional
8637605,65,Júnior Dutra,Ángel Romero,Corinthians SP
8637605,83,Pedrinho,Mateus Vital,Corinthians SP
8637605,90,Marquinhos Gabriel,Jádson,Corinthians SP
8637598,65,Ademir Santos,Aderlan Silva,América MG
8637598,80,Judivan,Rafael Moura,América MG
8637598,86,Ruy,Luan,América MG
8637598,69,Santiago Tréllez,Diego Souza,São Paulo FC
8637598,70,Valdivia,Felipe Araruna,São Paulo FC
8637598,79,Liziero,Éverton,São Paulo FC
8637602,46,Hyuri,Felipe Azevedo,Ceará SC
8637602,46,Valdo,Rafael Pereira,Ceará SC
8637602,69,Douglas Coutinho,Ricardinho,Ceará SC
8637602,58,Vinícius Lima,Leó Moura,Grêmio Porto Alegre
8637602,66,Thaciano,André,Grêmio Porto Alegre
8637602,80,Thonny Anderson,Maicon,Grêmio Porto Alegre
8637609,72,Junior Todinho,André Lima,EC Vitória BA
8637609,76,Ramon,Rodrigo Andrade,EC Vitória BA
8637609,83,Nickson,Lucas Fernandes,EC Vitória BA
8637609,62,Juan Alano,Uendel,Internacional
8637609,67,Brenner,William Pottker,Internacional
8637609,71,Nicolás López,Rossi,Internacional
8637610,55,Giovanni Augusto,Cosendey,Vasco da Gama
8637610,72,Ramon,Duvier Riascos,Vasco da Gama
8637610,84,Moresche,Caio Monteiro,Vasco da Gama
8637610,46,Carlos Eduardo,Jorge González,Paraná Clube
8637610,57,Léo Itaperuna,Silvinho,Paraná Clube
8637610,65,Guilherme Biteco,Caio Henrique,Paraná Clube
8637613,64,Michel Bastos,Marlone,Sport Club Recife
8637613,73,Carlos Henrique,Rogério,Sport Club Recife
8637613,75,Deivid,Fellipe Bastos,Sport Club Recife
8637613,71,Matheus Galdezani,Luan,Atlético Mineiro
8637613,75,Elías,Adílson,Atlético Mineiro
8637613,84,Alerrandro,Gustavo Blanco,Atlético Mineiro
8637608,59,Wellington Paulista,Guilherme Augusto,Chapecoense
8637608,70,Bruno Silva,Arthur,Chapecoense
8637608,87,Alan Ruschel,Leandro Pereira,Chapecoense
8637608,46,Tiago Alves,Fabinho,Ceará SC
8637608,60,Éder Luís,Hyuri,Ceará SC
8637608,79,Javier Reina,Valdo,Ceará SC
8637612,63,Shaylon,Nenê,São Paulo FC
8637612,75,Liziero,Diego Souza,São Paulo FC
8637612,83,Valdivia,Éverton,São Paulo FC
8637612,8,Marcos Vinicius,João Pedro,Botafogo RJ
8637612,54,Rodrigo Aguirre,Luiz Fernando,Botafogo RJ
8637612,80,Rodrigo Pimpão,Rodrigo Lindoso,Botafogo RJ
8637606,63,Raniel,Sassá,Cruzeiro EC
8637606,71,Bruno Silva,Thiago Neves,Cruzeiro EC
8637606,82,Ariel Cabral,Lucas Silva,Cruzeiro EC
8637606,46,Hyoran,Lucas Lima,SE Palmeiras
8637606,73,Moisés Mineiro,Dudu,SE Palmeiras
8637606,76,Deyverson,Willian,SE Palmeiras
8637615,62,Pepê,Vinícius Lima,Grêmio Porto Alegre
8637615,83,Thonny Anderson,André,Grêmio Porto Alegre
8637615,83,Thaciano,Mádson,Grêmio Porto Alegre
8637615,57,João Carlos,Pedro,Fluminense RJ
8637615,74,Douglas,Dodi,Fluminense RJ
8637615,78,Mateus Norton,Gilberto,Fluminense RJ
8637611,46,Rômulo,Jonas,Flamengo RJ
8637611,58,Thuler,Léo Duarte,Flamengo RJ
8637611,78,Jean Lucas,Henrique Dourado,Flamengo RJ
8637611,68,Júnior Brumado,Vinicius,EC Bahia
8637611,74,Agustin Allione,Régis,EC Bahia
8637611,74,Flávio,Gregore,EC Bahia
8637614,75,Júnior Dutra,Mateus Vital,Corinthians SP
8637614,86,Roger,Pedrinho,Corinthians SP
8637614,90,Marquinhos Gabriel,Jádson,Corinthians SP
8637614,28,Ademir Santos,Luan,América MG
8637614,67,Wesley,Aylon,América MG
8637614,86,Marquinhos,Juninho,América MG
8637607,78,Raphael Veiga,Guilherme,Atlético Paranaense
8637607,80,Bruno Guimarães,Lucho González,Atlético Paranaense
8637607,90,Bérgson,Nikão,Atlético Paranaense
8637607,64,Bruno Henrique,Renato,Santos FC
8637607,78,Léo Cittadini,Diego Pituca,Santos FC
8637607,82,Yuri Alberto,Rodrygo,Santos FC
8637616,56,Erik,Gabriel França,Atlético Mineiro
8637616,70,Tomás Andrade,Luan,Atlético Mineiro
8637616,82,Bruno Roberto,Elías,Atlético Mineiro
8637616,60,Vinícius Freitas,Héctor Canteros,Chapecoense
8637616,76,Bruno,Arthur,Chapecoense
8637616,80,Barreto,Bruno Pacheco,Chapecoense
8637625,57,Nicolás López,Lucca,Internacional
8637625,63,Rossi,William Pottker,Internacional
8637625,84,Juan Alano,Rodrigo Dourado,Internacional
8637625,71,Michel Bastos,Gabriel,Sport Club Recife
8637625,71,Neto,Rogério,Sport Club Recife
8637625,90,Hygor,Marlone,Sport Club Recife
8637620,46,Ramon,Fabrício,Vasco da Gama
8637620,68,Duvier Riascos,Giovanni Augusto,Vasco da Gama
8637620,81,Lucas Perdomo,Frickson Erazo,Vasco da Gama
8637620,14,Rodrigo Pimpão,Marcos Vinicius,Botafogo RJ
8637620,62,Marcelo,Jean,Botafogo RJ
8637620,70,Luiz Fernando,Rodrigo Aguirre,Botafogo RJ
8637624,54,Victor Luís,Diogo Barbosa,SE Palmeiras
8637624,57,Hyoran,Keno,SE Palmeiras
8637624,73,Thiago Santos,Moisés Mineiro,SE Palmeiras
8637624,46,Petros,Húdson,São Paulo FC
8637624,79,Liziero,Reinaldo,São Paulo FC
8637624,79,Paulo Bóia,Marcos Guilherme,São Paulo FC
8637618,35,Giovanni,Carlinhos,América MG
8637618,70,Ademir Santos,Gerson Magrão,América MG
8637618,84,Aderlan Silva,Judivan,América MG
8637618,68,Renan Lodi,Thiago Carleto,Atlético Paranaense
8637618,81,Raphael Veiga,Wanderson,Atlético Paranaense
8637618,88,Bérgson,Matheus Rossetto,Atlético Paranaense
8637619,62,Vinicius,Agustin Allione,EC Bahia
8637619,70,Fernandinho,Júnior Brumado,EC Bahia
8637619,70,Flávio,Edson,EC Bahia
8637619,46,Vinícius Lima,Ramiro,Grêmio Porto Alegre
8637619,59,Thaciano,André,Grêmio Porto Alegre
8637619,76,Pepê,Thonny Anderson,Grêmio Porto Alegre
8637621,67,Felipe Vizeu,Henrique Dourado,Flamengo RJ
8637621,85,Jean Lucas,Éverton Ribeiro,Flamengo RJ
8637621,90,Marlos Moreno,Vinicius Júnior,Flamengo RJ
8637621,33,Roger,Jádson,Corinthians SP
8637621,74,Marquinhos Gabriel,Pedrinho,Corinthians SP
8637621,84,Colin Kâzım-Richards,Gabriel,Corinthians SP
8637623,72,Léo Cittadini,Eduardo Sasha,Santos FC
8637623,78,Gustavo Henrique,Lucas Veríssimo,Santos FC
8637623,81,Jonathan Copete,Rodrygo,Santos FC
8637623,46,Ramon,Rodrigo Andrade,EC Vitória BA
8637623,46,André Lima,Lucas Fernandes,EC Vitória BA
8637623,46,Lucas Marques,Uillian Correia,EC Vitória BA
8637622,26,Éder Luís,Wescley,Ceará SC
8637622,57,Javier Reina,Douglas Coutinho,Ceará SC
8637622,73,Juninho Piaulense,Ricardinho,Ceará SC
8637622,46,Federico Mancuello,Bruno Silva,Cruzeiro EC
8637622,67,Raniel,Sassá,Cruzeiro EC
8637622,81,Juninho,Rafael Sóbis,Cruzeiro EC
8637617,6,Caio Henrique,Carlos,Paraná Clube
8637617,72,Wesley,Carlos Eduardo,Paraná Clube
8637617,81,Guilherme Biteco,Tiago,Paraná Clube
8637617,13,Robinho,Marcos Júnior,Fluminense RJ
8637617,60,Matheus Alessandro,Léo,Fluminense RJ
8637617,77,Pablo Dyego,Jadson,Fluminense RJ
8637632,60,Shaylon,Lucas Fernandes,São Paulo FC
8637632,60,Felipe Araruna,Santiago Tréllez,São Paulo FC
8637632,79,Paulo Bóia,Liziero,São Paulo FC
8637632,68,Rossi,Lucca,Internacional
8637632,77,Camilo,Charles,Internacional
8637632,81,Nicolás López,William Pottker,Internacional
8637629,76,Yago,Lucas Marques,EC Vitória BA
8637629,83,Nickson,Rhayner,EC Vitória BA
8637629,85,Lucas Fernandes,Neilton,EC Vitória BA
8637629,65,Vinícius Freitas,Wellington Paulista,Chapecoense
8637629,74,Guilherme Augusto,Márcio Araújo,Chapecoense
8637629,75,Eduardo Santos,Apodi,Chapecoense
8637631,63,Renatinho,João Pedro,Botafogo RJ
8637631,68,Yago,Joel Carli,Botafogo RJ
8637631,73,Luiz Fernando,Rodrigo Aguirre,Botafogo RJ
8637631,5,Tiago Alves,Valdo,Ceará SC
8637631,71,Naldo,Fabinho,Ceará SC
8637631,87,Douglas Coutinho,Rafael Pereira,Ceará SC
8637633,60,Durval,Evandro,Sport Club Recife
8637633,66,Michel Bastos,Rogério,Sport Club Recife
8637633,72,Neto,Gabriel,Sport Club Recife
8637633,52,Bérgson,Nikão,Atlético Paranaense
8637633,70,Bruno Guimarães,Zé Ivaldo,Atlético Paranaense
8637633,79,Bill,Camacho,Atlético Paranaense
8637634,83,Emerson Sheik,Roger,Corinthians SP
8637634,84,Mateus Vital,Pedrinho,Corinthians SP
8637634,79,Léo Cittadini,Gabriel Barbosa,Santos FC
8637634,83,Bruno Henrique,Eduardo Sasha,Santos FC
8637634,90,Jonathan Copete,Rodrygo,Santos FC
8637626,60,Juninho,Lucas Silva,Cruzeiro EC
8637626,76,Bruno Silva,Rafael Sóbis,Cruzeiro EC
8637626,56,Giovanni Augusto,Wagner,Vasco da Gama
8637626,63,Evander,Cosendey,Vasco da Gama
8637626,75,Wellington,Luiz Gustavo,Vasco da Gama
8637635,46,Jailson,Maicon,Grêmio Porto Alegre
8637635,70,Pepê,Vinícius Lima,Grêmio Porto Alegre
8637635,80,Thonny Anderson,Arthur,Grêmio Porto Alegre
8637635,74,Thiago Santos,Felipe Melo,SE Palmeiras
8637635,78,Jean,Moisés Mineiro,SE Palmeiras
8637635,83,Lucas Lima,Bruno Henrique,SE Palmeiras
8637627,46,Carlos,Jhonny Lucas,Paraná Clube
8637627,59,Silvinho,Carlos Eduardo,Paraná Clube
8637627,72,Alex Santana,Tiago,Paraná Clube
8637627,69,Fernandinho,Elton,EC Bahia
8637627,78,Italo,Zé Rafael,EC Bahia
8637627,81,Agustin Allione,Vinicius,EC Bahia
8637630,46,Pablo Dyego,Renato Chaves,Fluminense RJ
8637630,46,Matheus Alessandro,Junior Sornoza,Fluminense RJ
8637630,56,Robinho,Pablo Dyego,Fluminense RJ
8637630,63,Jean Lucas,Marlos Moreno,Flamengo RJ
8637630,67,Felipe Vizeu,Henrique Dourado,Flamengo RJ
8637630,74,Thuler,Rhodolfo,Flamengo RJ
8637628,46,Ademir Santos,Judivan,América MG
8637628,83,Marquinhos,Luan,América MG
8637628,87,Ruy,Leandro Donizete,América MG
8637628,49,Elías,Juan Cazares,Atlético Mineiro
8637628,76,Tomás Andrade,Luan,Atlético Mineiro
8637628,87,Bremer,Juninho,Atlético Mineiro
8637637,32,Esteban Pavez,Lucho González,Atlético Paranaense
8637637,64,Guilherme,Wanderson,Atlético Paranaense
8637637,76,Bill,Pablo,Atlético Paranaense
8637637,76,Petros,Felipe Araruna,São Paulo FC
8637637,81,Lucas Fernandes,Nenê,São Paulo FC
8637637,86,Santiago Tréllez,Diego Souza,São Paulo FC
8637638,61,Luiz Antônio,Wellington Paulista,Chapecoense
8637638,75,Bruno,Arthur,Chapecoense
8637638,86,Eduardo Santos,Apodi,Chapecoense
8637638,45,Raniel,Sassá,Cruzeiro EC
8637638,67,Lucas Romero,Thiago Neves,Cruzeiro EC
8637638,84,Juninho,Bruno Silva,Cruzeiro EC
8637640,64,Frickson Erazo,Ricardo Graça,Vasco da Gama
8637640,69,Raul,Giovanni Augusto,Vasco da Gama
8637640,79,Ramon,Cosendey,Vasco da Gama
8637640,62,Michel Bastos,Fellipe Bastos,Sport Club Recife
8637640,69,Carlos Henrique,Rogério,Sport Club Recife
8637640,84,Neto,Marlone,Sport Club Recife
8637644,73,Marquinhos Gabriel,Mateus Vital,Corinthians SP
8637644,85,Emerson Sheik,Gabriel,Corinthians SP
8637644,89,Matheus Ferreira,Roger,Corinthians SP
8637644,46,Rodrigo Andrade,Ramon,EC Vitória BA
8637644,70,Yago,André Lima,EC Vitória BA
8637644,81,Bruno,Lucas Marques,EC Vitória BA
8637636,44,Bremer,Leonardo Silva,Atlético Mineiro
8637636,60,Luan,Juan Cazares,Atlético Mineiro
8637636,85,Elías,Gustavo Blanco,Atlético Mineiro
8637636,46,Pablo Dyego,Matheus Alessandro,Fluminense RJ
8637636,71,Junior Sornoza,Gilberto,Fluminense RJ
8637636,85,João Carlos,Ayrton,Fluminense RJ
8637639,46,Vinicius,Elton,EC Bahia
8637639,55,Agustin Allione,Régis,EC Bahia
8637639,89,Geovane,Gregore,EC Bahia
8637639,66,Marcelo,Rodrigo Lindoso,Botafogo RJ
8637639,76,Luiz Fernando,Rodrigo Pimpão,Botafogo RJ
8637639,83,Brenner Marlos,Kieza,Botafogo RJ
8637642,46,Élton,Javier Reina,Ceará SC
8637642,68,Luidy,Éder Luís,Ceará SC
8637642,70,Arnaldo,Samuel Xavier,Ceará SC
8637642,67,Artur,Dudu,SE Palmeiras
8637642,75,Moisés Mineiro,Lucas Lima,SE Palmeiras
8637642,86,Mayke,Hyoran,SE Palmeiras
8637645,57,Thaciano,Vinícius Lima,Grêmio Porto Alegre
8637645,65,Jael,André,Grêmio Porto Alegre
8637645,89,Kaio,Luan,Grêmio Porto Alegre
8637645,68,Rafael Moura,Giovanni,América MG
8637645,86,Wesley,Aylon,América MG
8637641,63,Felipe Vizeu,Henrique Dourado,Flamengo RJ
8637641,64,Willian Arão,Jean Lucas,Flamengo RJ
8637641,72,Marlos Moreno,Diego,Flamengo RJ
8637641,46,Carlos Eduardo,Jhonny Lucas,Paraná Clube
8637641,56,Tiago,Silvinho,Paraná Clube
8637641,64,Neris,Jesiel,Paraná Clube
8637643,46,Bruno Henrique,Jean Mota,Santos FC
8637643,58,Gustavo Henrique,Gabriel Barbosa,Santos FC
8637643,72,Léo Cittadini,Eduardo Sasha,Santos FC
8637643,46,Daniel,Danilo Fernandes,Internacional
8637643,77,Nicolás López,Lucca,Internacional
8637643,86,Rossi,Leandro Damião,Internacional
