GameID,Player1Home,Player2Home,Player3Home,Player4Home,Player5Home,Player6Home,Player7Home,Player8Home,Player9Home,Player10Home,Player11Home,Player1Away,Player2Away,Player3Away,Player4Away,Player5Away,Player6Away,Player7Away,Player8Away,Player9Away,Player10Away,Player11Away,Bench1Home,Bench2Home,Bench3Home,Bench4Home,Bench5Home,Bench6Home,Bench7Home,Bench8Home,Bench9Home,Bench10Home,Bench11Home,Bench12Home,Bench1Away,Bench2Away,Bench3Away,Bench4Away,Bench5Away,Bench6Away,Bench7Away,Bench8Away,Bench9Away,Bench10Away,Bench11Away,Bench12Away
8637536,Fábio,Dedé,Edílson,Egídio,Léo,Ariel Cabral,Giorgian de Arrascaeta,Henrique,Robinho,Thiago Neves,Rafael Sóbis,Marcelo Grohe,Bruno Cortês,Walter Kannemann,Paulo Miranda,Leó Moura,Arthur,Cícero,Maicon,Ramiro,André,Everton,Bruno Silva,Digão,Lucas França,Lucas Silva,Federico Mancuello,Manoel,Marcelo Hermes,Rafael,Rafael Marques,Sassá,Vitinho,None,Alisson,Thonny Anderson,Matheus Bressan,Jael,Jailson,Vinícius Lima,Mádson,Maicosuel,Marcelo Oliveira,Michel,Paulo Victor,None
8637539,Caíque,Kanu,Ramon,Willian Farias,Uillian Correia,Pedro Botelho,Yago,Alexander Baumjohann,Rodrigo Andrade,Rhayner,Denilson,Diego Alves,Juan,Renê,Réver,Rodinei,Gustavo Cuéllar,Diego,Lucas Paquetá,Éverton Ribeiro,Henrique Dourado,Vinicius Júnior,Jonatas,Bruno,Fernando Miguel,Guilherme Costa,Jeferson,José Welison,Juninho,Lucas,Walisson Maia,Lucas Marques,Nickson,Ronaldo,César,Léo Duarte,Geuvânio,Jean Lucas,Jonas,Lincoln,Marlos Moreno,Pará,Thiago da Silva,Thuler,Miguel Trauco,Willian Arão
8637543,Vanderlei,David Braz,Dodô,Lucas Veríssimo,Daniel Guedes,Alison,Léo Cittadini,Jean Mota,Gabriel Barbosa,Eduardo Sasha,Rodrygo,Everson,Valdo,Luiz Otávio,Ernandes,Rafael Carioca,Ricardinho,Juninho,Wescley,Pio,Felipe Azevedo,Arthur,Vitor Bueno,Jonathan Copete,Diogo,Victor Ferraz,Arthur Gomes,Gustavo Henrique,Luiz Felipe,Diego Pituca,Renato,Emiliano Vecchio,Vladimir,Yuri Alberto,Arnaldo,Douglas Coutinho,Élton,Fernando Henrique,Naldo,Rafael Pereira,Javier Reina,Roberto,None,None,None,None
8637538,Jory dos Anjos,Carlinhos,Rafael Lima,Messias,Norberto Neto,Juninho,Christian Sávio,Serginho,Aylon,Rafael Moura,Luan,Agenor,Cláudio Winck,Ernando,Raul Prata,Leo Ortiz,Ferreira,Fellipe Bastos,Andrigo,Anselmo,Marlone,Hygor,Aderlan Silva,Capixaba,Matheus Ferraz,Gerson Magrão,Judivan,Fernando Leal,Lima,Marquinhos,Glauco Passos,Ruy,Wesley,Zé Ricardo,Ronaldo Alves,Everton Felipe,Mailson Tenório,Max,Neto,Nonoca,Pablo Pardal,Sander,Gabriel,None,None,None
8637540,Martín Silva,Rafael Galhardo,Paulão,Henrique,Werley,Yago Pikachu,Leandro Desábato,Evander,Wagner,Wellington,Duvier Riascos,Victor,Gabriel França,Fábio Santos,Bremer,Patric,Elías,Juan Cazares,Rómulo Otero,Gustavo Blanco,Ricardo Oliveira,Luan,Andrey,Fabrício,Gabriel Felix,Thiago Galhardo,Ricardo Graça,Luiz Gustavo,Caio Monteiro,Paulo Vitor,Rildo,Andrés Ríos,Bruno Silva,None,Alerrandro,Tomás Andrade,Arouca,Lucas Cândido,Cleiton,Erik,Roger Guedes,Kevin,Michael,Felipe Santana,Samuel Xavier,Yago Severin
8637544,Cássio,Fabián Balbuena,Fágner,Henrique,Sidcley,Ralf,Renê Júnior,Rodriguinho,Mateus Vital,Clayson,Ángel Romero,Júlio César,Renato Chaves,Gilberto,Gum,Ibañez,Ayrton,Jadson,Richard,Junior Sornoza,Pedro,Pablo Dyego,Danilo,Caíque,Gabriel,Pedro Henrique,Júnior Dutra,Mantuan,Marquinhos Gabriel,Matheus Ferreira,Maycon,Pedrinho,Léo Santos,Emerson Sheik,João Carlos,Douglas,Frazan,Marcos Júnior,Marlon,Mateus Norton,Matheus Alessandro,Léo,Rodolfo,None,None,None
8637545,Marcelo Lomba,Víctor Cuesta,Fabiano,Iago,Rodrigo Moledo,Rodrigo Dourado,Edenilson,Patrick Bezerra,Andrés DAlessandro,William Pottker,Rossi,Douglas Friedrich,Gregore,Douglas Grolli,Nino Paraíba,Leo,Tiago,Marco Antonio,Elton,Vinicius,Zé Rafael,Edigar Junio,Juan Alano,Brenner,Camilo,Charles,Daniel,Gabriel Dias,Willian Klaus,Nicolás López,Marcinho,Uendel,Wellington Silva,None,Agustin Allione,Anderson,Rodrigo Becão,Edson,Élber,Flávio,João Pedro,Júnior Brumado,Eugenio Mena,Nílton,Régis,Everson
8637537,Santos,Thiago Carleto,Zé Ivaldo,Jonathan,Camacho,Nikão,Esteban Pavez,Matheus Rossetto,Bruno Guimarães,Pablo,Ribamar,Jandrei,Apodi,Douglas,Bruno Pacheco,Rafael Thyere,Amaral,Héctor Canteros,Márcio Araújo,Arthur,Wellington Paulista,Vinícius,Felipe Alves,Matheus Anjos,Bérgson,Deivid,Demethryus,Éderson,Felipe Gedoz,Renan Lodi,Marcinho,Raphael Veiga,Yago César,Leo,Eduardo Santos,Elias Curzel,Elicarlos,Vinícius Freitas,Guilherme Augusto,Júnior Santos,Luiz Antônio,Nádson,Neném,Luiz Otávio,Alan Ruschel,None
8637541,Roberto Fernández,Joel Carli,Gilson,Marcinho,Igor Rabello,Gustavo Bochecha,Matheus Fernandes,Rodrigo Lindoso,Leonardo Valencia,Brenner Marlos,Leandro Carvalho,Jaílson Santos,Diogo Barbosa,Antônio Carlos,Thiago Martins,Marcos Rocha,Bruno Henrique,Lucas Lima,Felipe Melo,Dudu,Keno,Willian,Dudu Cearense,Ezequiel,Jean,Jefferson,Jonathan,Kieza,Luiz Ricardo,Marcelo Benevenuto,Pachu,Rodrigo Pimpão,Marcos Vinicius,Yago,Michel Bastos,Edu Dracena,Luan Garcia,Alejandro Guerra,Mayke,Moisés Mineiro,Fernando Prass,Thiago Santos,Tchê Tchê,Victor Luís,Wéverton,Deyverson
8637542,Sidão,Rodrigo Caio,Régis Souza,Bruno Alves,Jucilei,Christian Cueva,Lucas Fernandes,Eder Militão,Húdson,Marcos Guilherme,Brenner,Richard,Jesiel,Mansur,Rayan,Alemão,Diego Gonçalves,Carlos Eduardo,Caio Henrique,Leandro Vilela,Wesley,Silvinho,Felipe Araruna,Paulo Bóia,Bruno,Caique,Edimar,Hélio Júnio,Jean,Anderson Martins,Nenê,Shaylon,Júnior Tavares,Valdivia,Raphael,Alex Santana,Marcelo Báez,Jorge González,Léo Itaperuna,Luis Carlos,Matheus Pereira,Cléber Reis,Tiago,None,None,None
8637549,Douglas Friedrich,Gregore,Lucas Fonseca,Nino Paraíba,Leo,Tiago,Marco Antonio,Elton,Vinicius,Zé Rafael,Edigar Junio,Vanderlei,David Braz,Dodô,Lucas Veríssimo,Daniel Guedes,Alison,Léo Cittadini,Jean Mota,Gabriel Barbosa,Eduardo Sasha,Rodrygo,Agustin Allione,Anderson,Edson,Élber,Douglas Grolli,João Pedro,Júnior Brumado,Eugenio Mena,Nílton,Régis,None,None,Bruno Henrique,Vitor Bueno,Jonathan Copete,Victor Ferraz,Arthur Gomes,Gustavo Henrique,Luiz Felipe,Diego Pituca,Renato,Emiliano Vecchio,Vladimir,Yuri Alberto
8637551,Júlio César,Léo Duarte,Renê,Réver,Rodinei,Gustavo Cuéllar,Lucas Paquetá,Willian Arão,Geuvânio,Henrique Dourado,Vinicius Júnior,Jory dos Anjos,Carlinhos,Rafael Lima,Messias,Norberto Neto,Juninho,Christian Sávio,Serginho,Aylon,Luan,Rafael Moura,César,Ederson,Jean Lucas,Jonas,Juan,Lincoln,Marlos Moreno,Pará,Ronaldo,Thiago da Silva,Thuler,Miguel Trauco,Capixaba,Matheus Ferraz,Gerson Magrão,Judivan,Leandro Donizete,Marquinhos,Glauco Passos,Ruy,Wesley,Zé Ricardo,None,None
8637547,Richard,Jesiel,Mansur,Rayan,Alemão,Carlos Eduardo,Caio Henrique,Jhonny Lucas,Wesley,Raphael,Silvinho,Cássio,Fabián Balbuena,Fágner,Henrique,Sidcley,Gabriel,Jádson,Renê Júnior,Rodriguinho,Mateus Vital,Ángel Romero,Alex Santana,Marcelo Báez,Léo Itaperuna,Junior,Luis Carlos,Matheus Pereira,Cléber Reis,Tiago,Jorge González,Luan,Leandro Vilela,Vitor Feijão,Clayson,Danilo,Caíque,Pedro Henrique,Júnior Dutra,Marquinhos Gabriel,Maycon,Pedrinho,Ralf,Paulo Roberto,Walter,None
8637546,Victor,Gabriel França,Fábio Santos,Bremer,Patric,Rómulo Otero,Adílson,Gustavo Blanco,Roger Guedes,Ricardo Oliveira,Luan,Caíque,Kanu,Ramon,Willian Farias,Uillian Correia,José Welison,Pedro Botelho,Yago,Neilton,Rhayner,Denilson,Alerrandro,Tomás Andrade,Arouca,Cleiton,Elías,Erik,Matheus Galdezani,Iago Maidana,Matheus Mancini,Michael,Samuel Xavier,Yago Severin,Alexander Baumjohann,Fernando Miguel,Fillipe Soutto,Guilherme Costa,Jeferson,Lucas,Walisson Maia,Nickson,None,None,None,None
8637548,Jandrei,Apodi,Douglas,Vinícius Freitas,Rafael Thyere,Amaral,Héctor Canteros,Elicarlos,Luiz Antônio,Arthur,Wellington Paulista,Martín Silva,Rafael Galhardo,Paulão,Henrique,Werley,Yago Pikachu,Leandro Desábato,Wagner,Wellington,Rildo,Andrés Ríos,Eduardo Santos,Elias Curzel,Guilherme Augusto,Ivan,Márcio Araújo,Nádson,Neném,Luiz Otávio,Leandro Pereira,Alan Ruschel,Vinícius,Bruno Silva,Andrey,Frickson Erazo,Evander,Fabrício,Gabriel Felix,Thiago Galhardo,João Pedro,Caio Monteiro,Duvier Riascos,Bruno Silva,None,None
8637550,Júlio César,Renato Chaves,Frazan,Gilberto,Gum,Ayrton,Jadson,Richard,Junior Sornoza,Marcos Júnior,Pedro,Fábio,Dedé,Léo,Marcelo Hermes,Henrique,Federico Mancuello,Robinho,Lucas Romero,Thiago Neves,Lucas Silva,Sassá,Aírton,João Carlos,Douglas,Pablo Dyego,Luquinhas,Marlon,Matheus Alessandro,Léo,Luan Peres,Robinho,Rodolfo,None,Bruno Silva,Ariel Cabral,David,Giorgian de Arrascaeta,Digão,Egídio,Ezequiel,Lucas França,Manoel,Rafael,Rafinha,Rafael Sóbis
8637552,Everson,Valdo,Luiz Otávio,Rafael Carioca,Tiago Alves,Arnaldo,Juninho,Wescley,Pio,Felipe Azevedo,Arthur,Sidão,Rodrigo Caio,Robert Arboleda,Edimar,Petros,Christian Cueva,Eder Militão,Éverton,Húdson,Liziero,Santiago Tréllez,Douglas Coutinho,Élton,Ernandes,Luidy,Naldo,Patrick,Bruno Pires,Javier Reina,Renan,Roberto,Romário,Leandro Silva,Bruno Alves,Caique,Lucas Fernandes,Marcos Guilherme,Nenê,Lucas Perri,Régis Souza,Shaylon,Valdivia,None,None,None
8637554,Jaílson Santos,Diogo Barbosa,Antônio Carlos,Edu Dracena,Marcos Rocha,Bruno Henrique,Lucas Lima,Felipe Melo,Miguel Borja,Dudu,Keno,Danilo Fernandes,Víctor Cuesta,Gabriel Dias,Iago,Willian Klaus,Camilo,Rodrigo Dourado,Edenilson,Patrick Bezerra,Nicolás López,William Pottker,Deyverson,Luan Garcia,Hyoran,Thiago Martins,Mayke,Moisés Mineiro,Fernando Prass,Thiago Santos,Tchê Tchê,Victor Luís,Wéverton,Willian,Juan Alano,Brenner,Charles,Andrés DAlessandro,Daniel,Fabinho,Leandro Damião,Marcelo Lomba,Marcinho,Danilo Silva,Uendel,Wellington Silva
8637555,Marcelo Grohe,Matheus Bressan,Bruno Cortês,Geromel,Leó Moura,Arthur,Maicon,Ramiro,André,Everton,Luan,Santos,Paulo André,Thiago Carleto,Thiago Heleno,Camacho,Lucho González,Nikão,Esteban Pavez,Matheus Rossetto,Guilherme,Pablo,Alisson,Cícero,Jael,Jailson,Léo Gomes,Vinícius Lima,Mádson,Maicosuel,Marcelo Oliveira,Michel,Paulo Miranda,Paulo Victor,Felipe Alves,Matheus Anjos,Bérgson,Bruno Guimarães,Deivid,Éderson,Zé Ivaldo,Jonathan,Renan Lodi,Marcinho,Ribamar,Raphael Veiga
8637553,Mailson Tenório,Ronaldo Alves,Ernando,Raul Prata,Sander,Andrigo,Anselmo,Neto,Marlone,Rogério,Gabriel,Roberto Fernández,Joel Carli,Gilson,Marcinho,Igor Rabello,Gustavo Bochecha,Matheus Fernandes,Rodrigo Lindoso,Leonardo Valencia,Brenner Marlos,Rodrigo Pimpão,Fellipe Bastos,Everton Felipe,Lucas Ferreira,Hygor,Max,Nonoca,Leo Ortiz,Cláudio Winck,None,None,None,None,Ezequiel,Jean,Jefferson,Jonathan,Kieza,Luiz Ricardo,Pachu,Marcos Vinicius,Yago,None,None,None
8637561,Jefferson,Joel Carli,Gilson,Marcinho,Igor Rabello,Matheus Fernandes,Rodrigo Lindoso,Renatinho,Leonardo Valencia,Brenner Marlos,Rodrigo Pimpão,Paulo Victor,Matheus Bressan,Mádson,Marcelo Oliveira,Paulo Miranda,Alisson,Jailson,Maicosuel,Michel,André,Luan,Gustavo Bochecha,Dudu Cearense,Ezequiel,Jean,Jonathan,Kieza,Luiz Ricardo,Marcelo Benevenuto,Pachu,Saulo,Marcos Vinicius,Yago,Thonny Anderson,Cícero,Geromel,Matheus Henrique,Kaio,Léo,Léo Gomes,Vinícius Lima,Pepê,Lucas Poletto,Thaciano,Vico
8637556,Victor,Gabriel França,Fábio Santos,Bremer,Patric,Rómulo Otero,Adílson,Gustavo Blanco,Roger Guedes,Ricardo Oliveira,Luan,Cássio,Fabián Balbuena,Fágner,Henrique,Sidcley,Gabriel,Maycon,Rodriguinho,Mateus Vital,Clayson,Ángel Romero,Alerrandro,Tomás Andrade,Arouca,Lucas Cândido,Cleiton,Elías,Erik,Matheus Galdezani,Kevin,Iago Maidana,Samuel Xavier,Yago Severin,Juninho Capixaba,Danilo,Pedro Henrique,Júnior Dutra,Mantuan,Marquinhos Gabriel,Pedrinho,Paulo Roberto,Roger,Emerson Sheik,Walter,None
8637557,David,Jesiel,Rayan,Cléber Reis,Alemão,Caio Henrique,Jhonny Lucas,Wesley,Raphael,Carlos,Silvinho,Mailson Tenório,Ronaldo Alves,Ernando,Raul Prata,Sander,Fellipe Bastos,Andrigo,Anselmo,Neto,Marlone,Rogério,Marcelo Báez,Léo Itaperuna,Junior,Minho,Neris,Matheus Pereira,Tiago,Thiago Rodrigues,Luan,Leandro Vilela,Vitor Feijão,Jorge González,Carlos Henrique,Hygor,Max,Leo Ortiz,Pablo Pardal,Cláudio Winck,Fabrício,Lucas Ferreira,Ferreira,None,None,None
8637559,Douglas Friedrich,Rodrigo Becão,Gregore,Lucas Fonseca,Nino Paraíba,Leo,Élber,Elton,Vinicius,Zé Rafael,Edigar Junio,Santos,Paulo André,Thiago Carleto,Zé Ivaldo,Lucho González,Nikão,Esteban Pavez,Matheus Rossetto,Bruno Guimarães,Guilherme,Pablo,Agustin Allione,Anderson,Edson,Everson,Felipinho,Flávio,João Pedro,Júnior Brumado,Eugenio Mena,Nílton,Régis,None,Matheus Anjos,Bérgson,Caio,Deivid,Éderson,Jonathan,Renan Lodi,Marcinho,Ribamar,Raphael Veiga,Wanderson,None
8637560,Júlio César,Renato Chaves,Frazan,Gum,Ayrton,Léo,Jadson,Richard,Junior Sornoza,Marcos Júnior,Pedro,Sidão,Robert Arboleda,Régis Souza,Bruno Alves,Petros,Nenê,Jucilei,Diego Souza,Eder Militão,Éverton,Liziero,Aírton,João Carlos,Dodi,Douglas,Pablo Dyego,Marlon,Mateus Norton,Matheus Alessandro,Luan Peres,Robinho,Rodolfo,None,Christian Cueva,Edimar,Lucas Fernandes,Marcos Guilherme,Húdson,Jean,Anderson Martins,Santiago Tréllez,Valdivia,None,None,None
8637562,Everson,Valdo,Luiz Otávio,Tiago Alves,Romário,Arnaldo,Juninho,Richardson,Javier Reina,Felipe Azevedo,Arthur,Diego Alves,Juan,Renê,Réver,Rodinei,Gustavo Cuéllar,Diego,Lucas Paquetá,Éverton Ribeiro,Henrique Dourado,Vinicius Júnior,Rafael Carioca,Douglas Coutinho,Élton,Ernandes,Fernando Henrique,Naldo,Patrick,Juninho Piaulense,Pio,Bruno Pires,Roberto,Wescley,César,Léo Duarte,Geuvânio,Jean Lucas,Jonas,Lincoln,Marlos Moreno,Pará,Thiago da Silva,Thuler,Miguel Trauco,Willian Arão
8637564,Wéverton,Diogo Barbosa,Antônio Carlos,Thiago Martins,Marcos Rocha,Lucas Lima,Felipe Melo,Moisés Mineiro,Miguel Borja,Dudu,Keno,Jandrei,Apodi,Douglas,Bruno Pacheco,Rafael Thyere,Amaral,Héctor Canteros,Elicarlos,Márcio Araújo,Arthur,Wellington Paulista,Deyverson,Daniel Fuzato,Luan Garcia,Hyoran,Mayke,Léo Passos,Fernando Prass,Emerson Santos,Thiago Santos,Tchê Tchê,Victor Luís,Willian,Eduardo Santos,Elias Curzel,Vinícius Freitas,Guilherme Augusto,Ivan,Júnior Santos,Nádson,Neném,Luiz Otávio,Leandro Pereira,Alan Ruschel,None
8637565,Danilo Fernandes,Víctor Cuesta,Fabiano,Iago,Rodrigo Moledo,Rodrigo Dourado,Edenilson,Patrick Bezerra,Andrés DAlessandro,Leandro Damião,William Pottker,Rafael,Ezequiel,Manoel,Marcelo Hermes,Murilo Cerqueira,Bruno Silva,Federico Mancuello,Robinho,Lucas Romero,David,Rafael Sóbis,Brenner,Camilo,Charles,Gabriel Dias,Willian Klaus,Marcelo Lomba,Nicolás López,Lucca,Danilo Silva,Uendel,Wellington Silva,Zeca,Patrick Brey,Ariel Cabral,Giorgian de Arrascaeta,Digão,Lucas França,Henrique,Léo,Lucas Silva,Rafael Marques,Rafinha,Raniel,Sassá
8637558,Jory dos Anjos,Carlinhos,Rafael Lima,Messias,Norberto Neto,Juninho,Leandro Donizete,Marquinhos,Serginho,Aylon,Rafael Moura,Caíque,Kanu,Ramon,Willian Farias,Uillian Correia,José Welison,Pedro Botelho,Yago,Neilton,Rhayner,Denilson,Ademir Santos,Aderlan Silva,Matheus Ferraz,Gerson Magrão,Judivan,Luan,Renan Oliveira,Glauco Passos,Ruy,Christian Sávio,Wesley,Zé Ricardo,Alexander Baumjohann,Lucas Fernandes,Fernando Miguel,Fillipe Soutto,Guilherme Costa,Jeferson,Lucas,Walisson Maia,Wallyson,None,None,None
8637570,Martín Silva,Rafael Galhardo,Paulão,Henrique,Werley,Yago Pikachu,Leandro Desábato,Thiago Galhardo,Wellington,Caio Monteiro,Andrés Ríos,João Ricardo,Carlinhos,Rafael Lima,Messias,Norberto Neto,Juninho,Marquinhos,Serginho,Wesley,Aylon,Rafael Moura,Andrey,Cosendey,Frickson Erazo,Fabrício,Gabriel Felix,Ricardo Graça,Kelvin,Luiz Gustavo,Duvier Riascos,Bruno Silva,Wagner,None,Capixaba,Matheus Ferraz,Gerson Magrão,Judivan,Luan,Renan Oliveira,Ruy,Christian Sávio,Zé Ricardo,Jory dos Anjos,None,None
8637572,Sidão,Anderson Martins,Robert Arboleda,Reinaldo,Régis Souza,Bruno Alves,Nenê,Jucilei,Diego Souza,Éverton,Húdson,Victor,Leonardo Silva,Gabriel França,Fábio Santos,Patric,Rómulo Otero,Adílson,Gustavo Blanco,Roger Guedes,Ricardo Oliveira,Luan,Bruno,Caique,Christian Cueva,Edimar,Lucas Fernandes,Marcos Guilherme,Jean,Liziero,Petros,Santiago Tréllez,Valdivia,None,Alerrandro,Tomás Andrade,Bremer,Lucas Cândido,Juan Cazares,Cleiton,Elías,Emerson,Erik,Matheus Galdezani,Yago Severin,None
8637574,Cássio,Henrique,Pedro Henrique,Sidcley,Danilo,Gabriel,Mantuan,Marquinhos Gabriel,Maycon,Pedrinho,Roger,Everson,Valdo,Luiz Otávio,Rafael Carioca,Arnaldo,Ricardinho,Juninho,Richardson,Wescley,Felipe Azevedo,Élton,Fabián Balbuena,Juninho Capixaba,Jádson,Marllon,Matheus Ferreira,Paulo Roberto,Ángel Romero,Emerson Sheik,Thiaguinho,Mateus Vital,Walter,Bruno Xavier,Arthur,Hyuri,Naldo,Pio,Renan,Romário,Tiago Alves,None,None,None,None,None
8637566,Fábio,Dedé,Egídio,Léo,Giorgian de Arrascaeta,Henrique,Rafinha,Lucas Romero,Thiago Neves,Lucas Silva,Sassá,Jefferson,Joel Carli,Gilson,Marcinho,Igor Rabello,Matheus Fernandes,Rodrigo Lindoso,Renatinho,Leonardo Valencia,Brenner Marlos,Rodrigo Pimpão,Bruno Silva,Ariel Cabral,Ezequiel,Federico Mancuello,Manoel,Marcelo Hermes,Rafael,Murilo Cerqueira,Raniel,Robinho,Rafael Sóbis,None,Gustavo Bochecha,Ezequiel,Luiz Fernando,Jean,João Pedro,Jonathan,Kieza,Luiz Ricardo,Marcelo Benevenuto,Saulo,Marcos Vinicius,None
8637567,Santos,Thiago Carleto,Zé Ivaldo,Thiago Heleno,Camacho,Lucho González,Nikão,Esteban Pavez,Matheus Rossetto,Guilherme,Pablo,Jaílson Santos,Diogo Barbosa,Antônio Carlos,Edu Dracena,Marcos Rocha,Bruno Henrique,Felipe Melo,Moisés Mineiro,Dudu,Keno,Willian,Felipe Alves,Matheus Anjos,Bérgson,Bruno Guimarães,Deivid,Éderson,Jonathan,Renan Lodi,Marcinho,Ribamar,Wanderson,None,Miguel Borja,Deyverson,Luan Garcia,Alejandro Guerra,Hyoran,Lucas Lima,Thiago Martins,Fernando Prass,Thiago Santos,Tchê Tchê,Victor Luís,Wéverton
8637569,Caíque,Aderllan,Kanu,Jeferson,Uillian Correia,Pedro Botelho,Yago,Neilton,Wallyson,Rhayner,Denilson,Júlio César,Renato Chaves,Frazan,Gilberto,Marlon,Nathán Ribeiro,Jadson,Richard,Junior Sornoza,Marcos Júnior,Pedro,Alexander Baumjohann,Bruno,Fillipe Soutto,Guilherme Costa,André Lima,Luan,Lucas,Walisson Maia,Lucas Marques,Ramon,Ronaldo,Diego,João Carlos,Dodi,Pablo Dyego,Luquinhas,Matheus Alessandro,Léo,Luan Peres,Robinho,Rodolfo,None,None,None
8637571,Diego Alves,Renê,Réver,Rodinei,Léo Duarte,Gustavo Cuéllar,Lucas Paquetá,Éverton Ribeiro,Geuvânio,Henrique Dourado,Vinicius Júnior,Danilo Fernandes,Víctor Cuesta,Gabriel Dias,Fabiano,Iago,Rodrigo Moledo,Rodrigo Dourado,Patrick Bezerra,Andrés DAlessandro,Leandro Damião,William Pottker,César,Paolo Guerrero,Jean Lucas,Jonas,Lincoln,Marlos Moreno,Pará,Thiago da Silva,Thuler,Miguel Trauco,Willian Arão,None,Brenner,Camilo,Charles,Fabinho,Willian Klaus,Marcelo Lomba,Nicolás López,Lucca,Uendel,Wellington Silva,Zeca,None
8637573,Mailson Tenório,Cláudio Winck,Ronaldo Alves,Ernando,Sander,Fellipe Bastos,Anselmo,Neto,Marlone,Rogério,Gabriel,Douglas Friedrich,Everson,Gregore,Lucas Fonseca,Nino Paraíba,Leo,Élber,Elton,Vinicius,Zé Rafael,Edigar Junio,Evandro,Everton Felipe,Fabrício,Lucas Ferreira,Carlos Henrique,Hygor,Max,Nonoca,Leo Ortiz,Pablo Pardal,Ferreira,None,Agustin Allione,Anderson,Edson,Flávio,Italo,João Pedro,Júnior Brumado,Eugenio Mena,Nílton,Régis,Kayke Rodrigues,None
8637575,Marcelo Grohe,Bruno Cortês,Geromel,Walter Kannemann,Leó Moura,Arthur,Maicon,Ramiro,André,Everton,Luan,Vanderlei,David Braz,Dodô,Lucas Veríssimo,Daniel Guedes,Alison,Léo Cittadini,Jean Mota,Gabriel Barbosa,Eduardo Sasha,Rodrygo,Alisson,Thonny Anderson,Matheus Bressan,Cícero,Jael,Jailson,Vinícius Lima,Mádson,Maicosuel,Marcelo Oliveira,Michel,Paulo Victor,Robson Bambu,Vitor Bueno,Caju,Jonathan Copete,Victor Ferraz,Arthur Gomes,Gustavo Henrique,Luiz Felipe,Diego Pituca,Vladimir,Yuri Oliveira,Yuri Alberto
8637568,Jandrei,Apodi,Douglas,Bruno Pacheco,Rafael Thyere,Amaral,Elicarlos,Márcio Araújo,Arthur,Júnior Santos,Wellington Paulista,David,Jesiel,Mansur,Cléber Reis,Alemão,Caio Henrique,Jhonny Lucas,Jorge González,Léo Itaperuna,Silvinho,Carlos,Héctor Canteros,Eduardo Santos,Elias Curzel,Vinícius Freitas,Guilherme Augusto,Ivan,Kendy,Nádson,Luiz Otávio,Leandro Pereira,Alan Ruschel,Bruno Silva,Marcelo Báez,Diego Gonçalves,Gabriel Pires,Junior,Neris,Rayan,Thiago Rodrigues,Luan,Leandro Vilela,Vitor Feijão,Zezinho,None
8637585,Marcelo Grohe,Bruno Cortês,Geromel,Walter Kannemann,Mádson,Alisson,Arthur,Maicon,André,Everton,Luan,Danilo Fernandes,Víctor Cuesta,Fabiano,Iago,Rodrigo Moledo,Zeca,Rodrigo Dourado,Patrick Bezerra,Leandro Damião,Lucca,Rossi,Thonny Anderson,Matheus Bressan,Cícero,Jailson,Kaio,Léo Gomes,Vinícius Lima,Maicosuel,Marcelo Oliveira,Michel,Paulo Victor,Thaciano,Juan Alano,Brenner,Camilo,Charles,Andrés DAlessandro,Gabriel Dias,Willian Klaus,Marcelo Lomba,Nicolás López,Marcinho,Uendel,Wellington Silva
8637576,Fábio,Dedé,Egídio,Léo,Giorgian de Arrascaeta,Henrique,Rafinha,Robinho,Lucas Romero,Lucas Silva,Sassá,Magrão,Cláudio Winck,Ronaldo Alves,Ernando,Sander,Fellipe Bastos,Anselmo,Neto,Marlone,Rogério,Gabriel,Patrick Brey,Bruno Silva,Ezequiel,Federico Mancuello,Manoel,Marcelo Hermes,Rafael,Murilo Cerqueira,Raniel,Rafael Sóbis,None,None,Evandro,Everton Felipe,Fabrício,Lucas Ferreira,Carlos Henrique,Hygor,Mailson Tenório,Max,Leo Ortiz,Ferreira,None,None
8637577,Santos,Thiago Carleto,Zé Ivaldo,Jonathan,Renan Lodi,Camacho,Nikão,Esteban Pavez,Bruno Guimarães,Guilherme,Pablo,Victor,Gabriel França,Fábio Santos,Bremer,Patric,Rómulo Otero,Adílson,Gustavo Blanco,Roger Guedes,Ricardo Oliveira,Luan,Felipe Alves,Matheus Anjos,Bérgson,Deivid,Éderson,Marcinho,Ribamar,Matheus Rossetto,Raphael Veiga,Wanderson,None,None,Alerrandro,Tomás Andrade,Juan Cazares,Cleiton,Elías,Erik,Matheus Galdezani,Iago Maidana,Leonardo Silva,Yago Severin,Juninho,None
8637578,Jandrei,Apodi,Douglas,Bruno Pacheco,Rafael Thyere,Amaral,Héctor Canteros,Márcio Araújo,Arthur,Guilherme Augusto,Leandro Pereira,César,Léo Duarte,Juan,Pará,Rodinei,Miguel Trauco,Diego,Jean Lucas,Jonas,Paolo Guerrero,Marlos Moreno,Bruno,Eduardo Santos,Elicarlos,Vinícius Freitas,Ivan,Júnior Santos,Kendy,Nádson,Neném,Luiz Otávio,Alan Ruschel,Bruno Silva,Gustavo Cuéllar,Ederson,Geuvânio,Henrique Dourado,Lincoln,Renê,Rhodolfo,Thiago da Silva,Thuler,Vinicius Júnior,Willian Arão,Yago
8637579,Douglas Friedrich,Everson,Gregore,João Pedro,Lucas Fonseca,Leo,Élber,Elton,Vinicius,Zé Rafael,Edigar Junio,Sidão,Robert Arboleda,Reinaldo,Bruno Alves,Nenê,Jucilei,Lucas Fernandes,Eder Militão,Éverton,Húdson,Santiago Tréllez,Agustin Allione,Anderson,Edson,Fernando Castro,Flávio,Douglas Grolli,Eugenio Mena,Nílton,Nino Paraíba,Régis,Kayke Rodrigues,None,Felipe Araruna,Caique,Edimar,Marcos Guilherme,Jean,Petros,Régis Souza,Shaylon,Valdivia,None,None,None
8637580,Martín Silva,Breno,Rafael Galhardo,Bruno Silva,Henrique,Werley,Yago Pikachu,Leandro Desábato,Wagner,Caio Monteiro,Andrés Ríos,Caíque,Lucas,Walisson Maia,Kanu,Jeferson,Willian Farias,Fillipe Soutto,Neilton,Wallyson,Rhayner,André Lima,Andrey,Giovanni Augusto,Cosendey,Frickson Erazo,Evander,Fabrício,Gabriel Felix,Ricardo Graça,Kelvin,Paulo Vitor,Duvier Riascos,Wellington,Alexander Baumjohann,Bruno,Pedro Botelho,Lucas Fernandes,José Welison,Luan,Denilson,Ramon,Ronaldo,Uillian Correia,Yago,None
8637584,Cássio,Fabián Balbuena,Henrique,Sidcley,Gabriel,Jádson,Mantuan,Maycon,Rodriguinho,Pedrinho,Ángel Romero,Jaílson Santos,Diogo Barbosa,Antônio Carlos,Edu Dracena,Marcos Rocha,Bruno Henrique,Lucas Lima,Thiago Santos,Miguel Borja,Dudu,Keno,Juninho Capixaba,Caíque,Pedro Henrique,Júnior Dutra,Marllon,Marquinhos Gabriel,Matheus Ferreira,Paulo Roberto,Roger,Emerson Sheik,Thiaguinho,Mateus Vital,Deyverson,Luan Garcia,Alejandro Guerra,Hyoran,Thiago Martins,Mayke,Fernando Prass,Emerson Santos,Tchê Tchê,Victor Luís,Wéverton,Willian
8637583,Vanderlei,Victor Ferraz,Gustavo Henrique,Dodô,Lucas Veríssimo,Alison,Vitor Bueno,Jean Mota,Gabriel Barbosa,Eduardo Sasha,Rodrygo,David,Igor,Jesiel,Rayan,Alemão,Caio Henrique,Jorge González,Wesley,Carlos,Léo Itaperuna,Silvinho,Robson Bambu,Caju,Gabriel Calabres,Jonathan Copete,Arthur Gomes,Daniel Guedes,Luiz Felipe,Diego Pituca,Emiliano Vecchio,Vladimir,Yuri Alberto,None,Alex Santana,Gabriel Pires,Junior,Neris,Thiago Rodrigues,Luan,Leandro Vilela,Vitor Feijão,Zezinho,None,None,None
8637581,Jefferson,Joel Carli,Gilson,Marcinho,Igor Rabello,Matheus Fernandes,Luiz Fernando,Rodrigo Lindoso,Renatinho,Brenner Marlos,Kieza,Júlio César,Renato Chaves,Gilberto,Gum,Ayrton,Luan Peres,Jadson,Richard,Junior Sornoza,Marcos Júnior,Pedro,Rodrigo Aguirre,Gustavo Bochecha,Lucas Campos,Dudu Cearense,Jean,João Pedro,Luiz Ricardo,Marcelo Benevenuto,Moisés,Rodrigo Pimpão,Saulo,Yago,Aírton,João Carlos,Dodi,Douglas,Pablo Dyego,Frazan,Marlon,Matheus Alessandro,Léo,Nathán Ribeiro,Robinho,Rodolfo
8637582,Everson,Valdo,Luiz Otávio,Rafael Carioca,Ricardinho,Juninho,Richardson,Wescley,Pio,Felipe Azevedo,Élton,João Ricardo,Aderlan Silva,Matheus Ferraz,Giovanni,Messias,Leandro Donizete,Marquinhos,Serginho,Juninho,Aylon,Luan,Arnaldo,Arthur,Douglas Coutinho,Éder Luís,Ernandes,Fernando Henrique,Hyuri,Naldo,Rafael Pereira,Juninho Piaulense,Romário,Tiago Alves,Felipinho,Gerson Magrão,Judivan,Fernando Leal,Renan Oliveira,Ruy,Ricardo Silva,Wesley,None,None,None,None
8637586,Victor,Emerson,Gabriel França,Fábio Santos,Bremer,Elías,Juan Cazares,Adílson,Roger Guedes,Ricardo Oliveira,Luan,Fábio,Ezequiel,Manoel,Marcelo Hermes,Murilo Cerqueira,Bruno Silva,Ariel Cabral,Federico Mancuello,Raniel,Robinho,Rafael Sóbis,Alerrandro,Tomás Andrade,Cleiton,Erik,Matheus Galdezani,Juninho,Iago Maidana,Michael,Rómulo Otero,Patric,Leonardo Silva,Yago Severin,Patrick Brey,Giorgian de Arrascaeta,Digão,Lucas França,Henrique,Léo,Lucas Silva,Lucas Romero,Sassá,Vitinho,None,None
8637591,Diego Alves,Léo Duarte,Renê,Réver,Rodinei,Gustavo Cuéllar,Diego,Lucas Paquetá,Éverton Ribeiro,Henrique Dourado,Vinicius Júnior,Martín Silva,Breno,Rafael Galhardo,Bruno Silva,Henrique,Werley,Yago Pikachu,Leandro Desábato,Thiago Galhardo,Wagner,Andrés Ríos,César,Geuvânio,Jean Lucas,Jonas,Klebinho,Lincoln,Marlos Moreno,Rhodolfo,Rômulo,Thiago da Silva,Miguel Trauco,Willian Arão,Andrey,Cosendey,Frickson Erazo,Evander,Fabrício,Fernando Miguel,Kelvin,Caio Monteiro,Paulão,Paulo Vitor,Duvier Riascos,Wellington
8637594,Jaílson Santos,Diogo Barbosa,Antônio Carlos,Edu Dracena,Marcos Rocha,Bruno Henrique,Lucas Lima,Felipe Melo,Miguel Borja,Keno,Willian,Douglas Friedrich,Edson,Everson,Gregore,Lucas Fonseca,Nino Paraíba,Leo,Élber,Vinicius,Zé Rafael,Júnior Brumado,Deyverson,Luan Garcia,Alejandro Guerra,Hyoran,Jean,Thiago Martins,Mayke,Fernando Prass,Emerson Santos,Thiago Santos,Victor Luís,Wéverton,Edigar Junio,Anderson,Flávio,Douglas Grolli,Italo,Eugenio Mena,Nílton,Régis,Tiago,None,None,None
8637589,Elias Curzel,Lucas,Walisson Maia,Kanu,Jeferson,Willian Farias,José Welison,Neilton,Wallyson,Rhayner,André Lima,Everson,Luiz Otávio,Samuel Xavier,Rafael Pereira,Romário,Ricardinho,Juninho,Richardson,Wescley,Éder Luís,Élton,Rodrigo Andrade,Pedro Botelho,Lucas Fernandes,Guilherme Costa,Luan,Nickson,Denilson,Ramon,Ronaldo,Junior Todinho,Uillian Correia,Yago,Arnaldo,Felipe Azevedo,Hyuri,Naldo,Juninho Piaulense,Pio,Renan,Valdo,None,None,None,None
8637587,Thiago Rodrigues,Junior,Mansur,Neris,Cléber Reis,Caio Henrique,Jhonny Lucas,Jorge González,Leandro Vilela,Carlos,Silvinho,Marcelo Grohe,Matheus Bressan,Bruno Cortês,Walter Kannemann,Leó Moura,Jailson,Maicon,Maicosuel,Ramiro,André,Luan,Alemão,Alex Santana,David,Diego Gonçalves,Carlos Eduardo,Igor,Léo Itaperuna,Jesiel,Matheus Pereira,Rayan,Luan,Wesley,Thonny Anderson,Cícero,Kaio,Vinícius Lima,Mádson,Marcelo Oliveira,Paulo Miranda,Paulo Victor,Pepê,Lucas Poletto,Thaciano,None
8637588,João Ricardo,Aderlan Silva,Matheus Ferraz,Giovanni,Messias,Norberto Neto,Serginho,Zé Ricardo,Leandro Donizete,Judivan,Luan,Jefferson,Joel Carli,Gilson,Marcinho,Igor Rabello,Gustavo Bochecha,Matheus Fernandes,Luiz Fernando,Rodrigo Lindoso,Renatinho,Brenner Marlos,Ademir Santos,Aylon,Capixaba,Carlinhos,David,Juninho,Marquinhos,Rafael Moura,Ruy,Ricardo Silva,Wesley,Jory dos Anjos,Rodrigo Aguirre,Dudu Cearense,Jean,João Pedro,Kieza,Luiz Ricardo,Moisés,Rodrigo Pimpão,Saulo,Leonardo Valencia,Yago,None
8637592,Sidão,Anderson Martins,Reinaldo,Bruno Alves,Nenê,Jucilei,Diego Souza,Eder Militão,Éverton,Húdson,Marcos Guilherme,Vanderlei,Victor Ferraz,David Braz,Dodô,Lucas Veríssimo,Alison,Vitor Bueno,Renato,Gabriel Barbosa,Eduardo Sasha,Rodrygo,Felipe Araruna,Robert Arboleda,Bissoli,Paulo Bóia,Caique,Edimar,Jean,Liziero,Petros,Régis Souza,Shaylon,Santiago Tréllez,Robson Bambu,Gabriel Calabres,Jonathan Copete,Daniel Guedes,Gustavo Henrique,Jean Mota,Luiz Felipe,Diego Pituca,Emiliano Vecchio,Vladimir,Yuri Oliveira,Yuri Alberto
8637593,Magrão,Cláudio Winck,Ronaldo Alves,Ernando,Sander,Anselmo,Neto,Everton Felipe,Rafael Marques,Rogério,Gabriel,Walter,Juninho Capixaba,Henrique,Pedro Henrique,Gabriel,Mantuan,Paulo Roberto,Mateus Vital,Júnior Dutra,Pedrinho,Roger,Michel Bastos,Deivid,Durval,Evandro,Fabrício,Lucas Ferreira,Carlos Henrique,Hygor,Mailson Tenório,Nonoca,Leo Ortiz,Raul Prata,Ferreira,Carlos Augusto,Caíque,Colin Kâzım-Richards,Marllon,Marquinhos Gabriel,Matheus Ferreira,Maycon,Emerson Sheik,Sidcley,Thiaguinho,Bruno Xavier
8637590,Júlio César,Renato Chaves,Gilberto,Gum,Marlon,Luan Peres,Jadson,Richard,Junior Sornoza,Marcos Júnior,Pedro,Santos,Thiago Carleto,Zé Ivaldo,Renan Lodi,Thiago Heleno,Camacho,Lucho González,Esteban Pavez,Raphael Veiga,Guilherme,Pablo,Aírton,Dodi,Douglas,Pablo Dyego,João Vitor,Matheus Alessandro,Léo,Nathán Ribeiro,Robinho,Rodolfo,João Carlos,None,Felipe Alves,Bérgson,Bruno Guimarães,Éder Ferreira,Éderson,Lucas Macanhan,Ribamar,Matheus Rossetto,Wanderson,Bill,None,None
8637595,Danilo Fernandes,Víctor Cuesta,Iago,Rodrigo Moledo,Zeca,Rodrigo Dourado,Edenilson,Patrick Bezerra,Leandro Damião,Lucca,William Pottker,Jandrei,Apodi,Douglas,Luiz Otávio,Bruno Pacheco,Amaral,Héctor Canteros,Márcio Araújo,Arthur,Guilherme Augusto,Wellington Paulista,Juan Alano,Brenner,Camilo,Charles,Gabriel Dias,Fabiano,Willian Klaus,Marcelo Lomba,Nicolás López,Rossi,Uendel,None,Eduardo Santos,Elicarlos,Vinícius Freitas,Ivan,Nádson,Neném,Leandro Pereira,Alan Ruschel,Bruno Silva,None,None,None
8637600,Júlio César,Renato Chaves,Gilberto,Gum,Marlon,Luan Peres,Jadson,Richard,Junior Sornoza,Marcos Júnior,Pedro,Jandrei,Apodi,Douglas,Bruno Pacheco,Rafael Thyere,Amaral,Héctor Canteros,Elicarlos,Márcio Araújo,Arthur,Wellington Paulista,Aírton,João Carlos,Dodi,Douglas,João Vitor,Luquinhas,Marcos Felipe,Matheus Alessandro,Léo,Nathán Ribeiro,Robinho,None,Eduardo Santos,Vinícius Freitas,Guilherme Augusto,Ivan,Nádson,Neném,Luiz Otávio,Leandro Pereira,Alan Ruschel,Bruno Silva,None,None
8637604,Jaílson Santos,Diogo Barbosa,Antônio Carlos,Edu Dracena,Marcos Rocha,Bruno Henrique,Alejandro Guerra,Lucas Lima,Felipe Melo,Dudu,Keno,Magrão,Cláudio Winck,Ronaldo Alves,Ernando,Sander,Fellipe Bastos,Anselmo,Neto,Rafael Marques,Marlone,Gabriel,Papagaio,Deyverson,Fernando,Luan Garcia,Hyoran,Jean,Thiago Martins,Mayke,Fernando Prass,Thiago Santos,Victor Luís,Wéverton,Andrigo,Deivid,Durval,Everton Felipe,Carlos Henrique,Mailson Tenório,Leo Ortiz,Raul Prata,Rogério,None,None,None
8637596,Victor,Emerson,Gabriel França,Fábio Santos,Bremer,Juan Cazares,Adílson,Gustavo Blanco,Roger Guedes,Luan,Alerrandro,Diego Alves,Léo Duarte,Renê,Rodinei,Thuler,Diego,Jonas,Lucas Paquetá,Éverton Ribeiro,Henrique Dourado,Vinicius Júnior,Tomás Andrade,Arouca,Cleiton,Erik,Matheus Galdezani,Juninho,Iago Maidana,Rómulo Otero,Patric,Leonardo Silva,Yago Severin,None,César,Matheus Dantas,Michael,Ederson,Jean Lucas,Klebinho,Lincoln,Marlos Moreno,Rômulo,Thiago da Silva,Felipe Vizeu,Willian Arão
8637597,Thiago Rodrigues,Junior,Mansur,Neris,Cléber Reis,Caio Henrique,Jhonny Lucas,Jorge González,Leandro Vilela,Carlos,Silvinho,Santos,Thiago Carleto,Zé Ivaldo,Thiago Heleno,Wanderson,Camacho,Lucho González,Nikão,Matheus Rossetto,Guilherme,Pablo,Raphael,Guilherme Biteco,David,Diego Gonçalves,Carlos Eduardo,Igor,Léo Itaperuna,Jesiel,Matheus Pereira,Rayan,Tiago,Wesley,Alemão,Felipe Alves,Matheus Anjos,Bérgson,Bill,Bruno Guimarães,Éder Ferreira,Éderson,Renan Lodi,Marcinho,Léo Pereira,Ribamar
8637599,Anderson,Gregore,João Pedro,Lucas Fonseca,Eugenio Mena,Tiago,Élber,Elton,Vinicius,Zé Rafael,Júnior Brumado,Fernando Miguel,Frickson Erazo,Fabrício,Rafael Galhardo,Ricardo Graça,Bruno Silva,Yago Pikachu,Leandro Desábato,Wagner,Kelvin,Caio Monteiro,Agustin Allione,Edson,Everson,Felipinho,Fernando Castro,Flávio,Douglas Grolli,Italo,Nílton,Nino Paraíba,Régis,Kayke Rodrigues,Andrey,Giovanni Augusto,Hugo Borges,Cosendey,João Pedro,Luiz Gustavo,Miranda,Moresche,Ramon,Paulo Vitor,Henrique,None
8637601,Jefferson,Marcinho,Moisés,Igor Rabello,Yago,Gustavo Bochecha,Matheus Fernandes,Luiz Fernando,João Pedro,Rodrigo Lindoso,Kieza,Elias Curzel,Aderllan,Lucas,Jeferson,Ramon,José Welison,Rodrigo Andrade,Neilton,Wallyson,Rhayner,Denilson,Rodrigo Aguirre,Brenner Marlos,Dudu Cearense,Ezequiel,Gilson,Jean,Luiz Ricardo,Marcelo,Marcelo Benevenuto,Rodrigo Pimpão,Saulo,Leonardo Valencia,Bruno,Pedro Botelho,Lucas Fernandes,Guilherme Costa,André Lima,Nickson,Ronaldo,Uillian Correia,Yago,None,None,None
8637603,Vanderlei,Gustavo Henrique,David Braz,Dodô,Daniel Guedes,Renato,Diego Pituca,Jean Mota,Gabriel Barbosa,Eduardo Sasha,Rodrygo,Fábio,Dedé,Edílson,Egídio,Léo,Henrique,Robinho,Thiago Neves,Lucas Silva,Sassá,Rafael Sóbis,Robson Bambu,Bruno Henrique,Gabriel Calabres,Léo Cittadini,Luiz Felipe,Vladimir,Yuri Oliveira,Yuri Alberto,None,None,None,None,Patrick Brey,Bruno Silva,Ariel Cabral,Digão,Ezequiel,Lucas França,Manoel,Marcelo Hermes,Rafael,Murilo Cerqueira,Raniel,Lucas Romero
8637605,Danilo Fernandes,Iago,Willian Klaus,Rodrigo Moledo,Zeca,Rodrigo Dourado,Edenilson,Patrick Bezerra,Leandro Damião,Lucca,William Pottker,Walter,Fabián Balbuena,Henrique,Sidcley,Jádson,Mantuan,Maycon,Paulo Roberto,Mateus Vital,Roger,Ángel Romero,Juan Alano,Brenner,Camilo,Charles,Gabriel Dias,Dudu,Marcelo Lomba,Nicolás López,Rossi,Danilo Silva,Uendel,None,Juninho Capixaba,Caíque,Pedro Henrique,Júnior Dutra,Colin Kâzım-Richards,Marllon,Marquinhos Gabriel,Pedrinho,Léo Príncipe,Thiaguinho,Bruno Xavier,None
8637598,Jory dos Anjos,Aderlan Silva,Matheus Ferraz,Giovanni,Messias,Norberto Neto,Juninho,Leandro Donizete,Serginho,Luan,Rafael Moura,Sidão,Robert Arboleda,Reinaldo,Bruno Alves,Nenê,Jucilei,Diego Souza,Eder Militão,Éverton,Húdson,Felipe Araruna,Ademir Santos,Aylon,Capixaba,Carlinhos,David,Gerson Magrão,Judivan,Fernando Leal,Renan Oliveira,Ruy,Ricardo Silva,Wesley,Bruno,Edimar,Lucas Fernandes,Jean,Liziero,Petros,Shaylon,Santiago Tréllez,Valdivia,None,None,None
8637602,Everson,Luiz Otávio,Samuel Xavier,Rafael Pereira,Romário,Ricardinho,Juninho,Richardson,Wescley,Felipe Azevedo,Élton,Marcelo Grohe,Matheus Bressan,Bruno Cortês,Walter Kannemann,Leó Moura,Cícero,Jailson,Maicon,Ramiro,André,Everton,Douglas Coutinho,Éder Luís,Fernando Henrique,Hyuri,Felipe Jonatan,Patrick,Juninho Piaulense,Pio,Bruno Pires,Javier Reina,Tiago Alves,Valdo,Thonny Anderson,Matheus Henrique,Hernane Brocador,Kaio,Léo Gomes,Vinícius Lima,Mádson,Maicosuel,Paulo Miranda,Paulo Victor,Pepê,Thaciano
8637609,Elias Curzel,Aderllan,Lucas,Kanu,Jeferson,José Welison,Rodrigo Andrade,Neilton,Lucas Fernandes,Wallyson,André Lima,Danilo Fernandes,Víctor Cuesta,Rodrigo Moledo,Uendel,Zeca,Rodrigo Dourado,Edenilson,Patrick Bezerra,Lucca,William Pottker,Rossi,Alexander Baumjohann,Bruno,Pedro Botelho,Diego,Guilherme Costa,Lucas Marques,Nickson,Ramon,Ronaldo,Junior Todinho,Uillian Correia,None,Juan Alano,Brenner,Camilo,Charles,Daniel,Gabriel Dias,Dudu,Willian Klaus,Marcelo Lomba,Nicolás López,Danilo Silva,None
8637610,Fernando Miguel,Ricardo Graça,Luiz Gustavo,Henrique,Werley,Yago Pikachu,Andrey,Cosendey,Caio Monteiro,Duvier Riascos,Andrés Ríos,Thiago Rodrigues,Junior,Mansur,Neris,Cléber Reis,Caio Henrique,Jhonny Lucas,Jorge González,Leandro Vilela,Carlos,Silvinho,Giovanni Augusto,Hugo Borges,Frickson Erazo,Fabrício,João Pedro,Robinho,Miranda,Moresche,Ramon,Paulo Vitor,Rodrigo,None,Guilherme Biteco,David,Carlos Eduardo,Igor,Léo Itaperuna,Jesiel,Wesley,Zezinho,Alemão,None,None,None
8637613,Magrão,Ronaldo Alves,Ernando,Sander,Fellipe Bastos,Anselmo,Fabrício,Rafael Marques,Marlone,Rogério,Gabriel,Victor,Emerson,Gabriel França,Fábio Santos,Bremer,Juan Cazares,Adílson,Gustavo Blanco,Roger Guedes,Ricardo Oliveira,Luan,Andrigo,Michel Bastos,Deivid,Durval,Evandro,Everton Felipe,Lucas Ferreira,Carlos Henrique,Hygor,Mailson Tenório,Nonoca,Leo Ortiz,Ferreira,Alerrandro,Tomás Andrade,Cleiton,Elías,Erik,Matheus Galdezani,Juninho,Iago Maidana,Patric,Leonardo Silva,Yago Severin
8637608,Jandrei,Apodi,Douglas,Vinícius Freitas,Rafael Thyere,Héctor Canteros,Elicarlos,Márcio Araújo,Arthur,Guilherme Augusto,Leandro Pereira,Everson,Valdo,Luiz Otávio,Samuel Xavier,Romário,Fabinho,Richardson,Wescley,Pio,Hyuri,Douglas Coutinho,Barreto,Bruno,Eduardo Santos,Ivan,Luiz Antônio,Nádson,Neném,Luiz Otávio,Wellington Paulista,Alan Ruschel,Bruno Silva,Vinícius,Éder Luís,Élton,Felipe Jonatan,Bruno Pires,Javier Reina,Renan,Ricardinho,Tiago Alves,None,None,None,None
8637612,Sidão,Anderson Martins,Robert Arboleda,Edimar,Régis Souza,Petros,Nenê,Jucilei,Diego Souza,Éverton,Marcos Guilherme,Jefferson,Joel Carli,Marcinho,Moisés,Igor Rabello,Matheus Fernandes,Luiz Fernando,João Pedro,Rodrigo Lindoso,Leonardo Valencia,Kieza,Bruno Alves,Felipe Araruna,Paulo Bóia,Bruno,Caique,Lucas Fernandes,Jean,Liziero,Reinaldo,Shaylon,Santiago Tréllez,Valdivia,Rodrigo Aguirre,Gustavo Bochecha,Brenner Marlos,Ezequiel,Gilson,Jean,Luiz Ricardo,Rodrigo Pimpão,Saulo,Marcos Vinicius,Yago,None
8637606,Fábio,Dedé,Edílson,Egídio,Léo,Robinho,Lucas Romero,Thiago Neves,Lucas Silva,Sassá,Rafael Sóbis,Jaílson Santos,Antônio Carlos,Edu Dracena,Marcos Rocha,Victor Luís,Bruno Henrique,Lucas Lima,Thiago Santos,Dudu,Keno,Willian,Bruno Silva,Ariel Cabral,Ezequiel,Federico Mancuello,Manoel,Marcelo Hermes,Rafael,Murilo Cerqueira,Juninho,None,None,None,Artur,Papagaio,Deyverson,Fernando,Luan Garcia,Hyoran,Jean,Thiago Martins,Mayke,Moisés Mineiro,Fernando Prass,Wéverton
8637615,Marcelo Grohe,Matheus Bressan,Bruno Cortês,Walter Kannemann,Mádson,Cícero,Vinícius Lima,Maicon,André,Everton,Luan,Júlio César,Renato Chaves,Gilberto,Marlon,Luan Peres,Nathán Ribeiro,Dodi,Jadson,Richard,Junior Sornoza,Pedro,Thonny Anderson,Matheus Henrique,Hernane Brocador,Jailson,Kaio,Léo Gomes,Maicosuel,Paulo Miranda,Paulo Victor,Pepê,Ramiro,Thaciano,Aírton,João Carlos,Douglas,Ibañez,João Vitor,Mateus Norton,Matheus Alessandro,Robinho,Rodolfo,None,None,None
8637611,Diego Alves,Léo Duarte,Renê,Rhodolfo,Rodinei,Diego,Jonas,Lucas Paquetá,Éverton Ribeiro,Henrique Dourado,Vinicius Júnior,Anderson,Gregore,João Pedro,Lucas Fonseca,Eugenio Mena,Tiago,Élber,Elton,Régis,Vinicius,Zé Rafael,César,Michael,Ederson,Jean Lucas,Klebinho,Lincoln,Marlos Moreno,Rômulo,Thiago da Silva,Thuler,Felipe Vizeu,Willian Arão,Agustin Allione,Edson,Everson,Fernando Castro,Flávio,Douglas Grolli,Italo,Júnior Brumado,Nino Paraíba,None,None,None
8637614,Walter,Fabián Balbuena,Henrique,Sidcley,Gabriel,Jádson,Mantuan,Paulo Roberto,Rodriguinho,Mateus Vital,Pedrinho,Jory dos Anjos,Aderlan Silva,Matheus Ferraz,Giovanni,Messias,Juninho,Christian Sávio,Serginho,Aylon,Judivan,Luan,Juninho Capixaba,Caíque,Pedro Henrique,Júnior Dutra,Colin Kâzım-Richards,Marquinhos Gabriel,Matheus Ferreira,Léo Príncipe,Roger,Thiaguinho,None,None,Ademir Santos,Carlinhos,David,Fernando Leal,Marquinhos,Ruy,Ricardo Silva,Wesley,Zé Ricardo,None,None,None
8637607,Santos,Thiago Carleto,Zé Ivaldo,Thiago Heleno,Wanderson,Camacho,Lucho González,Nikão,Matheus Rossetto,Guilherme,Pablo,Vanderlei,Victor Ferraz,David Braz,Dodô,Lucas Veríssimo,Renato,Diego Pituca,Jean Mota,Gabriel Barbosa,Eduardo Sasha,Rodrygo,Felipe Alves,Bérgson,Bill,Bruno Guimarães,Éder Ferreira,Éderson,Renan Lodi,Marcinho,Esteban Pavez,Léo Pereira,Ribamar,Raphael Veiga,Robson Bambu,Bruno Henrique,Gabriel Calabres,Léo Cittadini,Jonathan Copete,Daniel Guedes,Guilherme,Gustavo Henrique,Luiz Felipe,Vladimir,Yuri Oliveira,Yuri Alberto
8637616,Victor,Emerson,Gabriel França,Fábio Santos,Bremer,Elías,Juan Cazares,Gustavo Blanco,Roger Guedes,Ricardo Oliveira,Luan,Jandrei,Apodi,Douglas,Bruno Pacheco,Rafael Thyere,Héctor Canteros,Elicarlos,Márcio Araújo,Arthur,Wellington Paulista,Leandro Pereira,Alerrandro,Tomás Andrade,Bruno Roberto,Cleiton,Erik,Matheus Galdezani,Juninho,Iago Maidana,Michael,Patric,Leonardo Silva,Yago Severin,Barreto,Bruno,Eduardo Santos,Guilherme Augusto,Ivan,Luiz Antônio,Nádson,Neném,Luiz Otávio,Vinícius Freitas,None,None
8637625,Danilo Fernandes,Víctor Cuesta,Iago,Rodrigo Moledo,Zeca,Rodrigo Dourado,Edenilson,Patrick Bezerra,Leandro Damião,Lucca,William Pottker,Magrão,Ronaldo Alves,Durval,Raul Prata,Sander,Deivid,Fellipe Bastos,Rafael Marques,Marlone,Rogério,Gabriel,Juan Alano,Brenner,Camilo,Charles,Gabriel Dias,Dudu,Marcelo Lomba,Nicolás López,Rossi,Danilo Silva,Uendel,None,Michel Bastos,Everton Felipe,Fabrício,Lucas Ferreira,Carlos Henrique,Oswaldo Henriquez,Hygor,Mailson Tenório,Neto,None,None,None
8637620,Fernando Miguel,Frickson Erazo,Fabrício,Ricardo Graça,Luiz Gustavo,Yago Pikachu,Andrey,Giovanni Augusto,Leandro Desábato,Wagner,Andrés Ríos,Jefferson,Joel Carli,Marcinho,Moisés,Igor Rabello,Rodrigo Lindoso,Leonardo Valencia,Jean,Rodrigo Aguirre,Kieza,Marcos Vinicius,Cosendey,Rafael França,Gabriel Felix,Miranda,Caio Monteiro,Ramon,Paulão,Paulo Vitor,Lucas Perdomo,Duvier Riascos,Wellington,None,Gustavo Bochecha,Brenner Marlos,Dudu Cearense,Ezequiel,Luiz Fernando,Gilson,Leandrinho,Luiz Ricardo,Marcelo,Rodrigo Pimpão,Saulo,Yago
8637624,Jaílson Santos,Diogo Barbosa,Antônio Carlos,Edu Dracena,Mayke,Bruno Henrique,Felipe Melo,Moisés Mineiro,Dudu,Keno,Willian,Sidão,Anderson Martins,Reinaldo,Bruno Alves,Nenê,Jucilei,Diego Souza,Eder Militão,Éverton,Húdson,Marcos Guilherme,Papagaio,Deyverson,Fernando,Luan Garcia,Hyoran,Jean,Lucas Lima,Thiago Martins,Fernando Prass,Thiago Santos,Victor Luís,Wéverton,Felipe Araruna,Robert Arboleda,Paulo Bóia,Caique,Lucas Fernandes,Jean,Liziero,Petros,Shaylon,Júnior Tavares,Santiago Tréllez,Valdivia
8637618,Jory dos Anjos,Carlinhos,Matheus Ferraz,Gerson Magrão,Messias,Norberto Neto,Juninho,Christian Sávio,Serginho,Aylon,Judivan,Felipe Alves,Thiago Carleto,Zé Ivaldo,Thiago Heleno,Wanderson,Camacho,Lucho González,Nikão,Matheus Rossetto,Guilherme,Pablo,Ademir Santos,Aderlan Silva,Capixaba,David,Giovanni,Fernando Leal,Rafael Lima,Marquinhos,Renan Oliveira,Ruy,Ricardo Silva,Zé Ricardo,Bérgson,Bill,Bruno Guimarães,Éder Ferreira,Éderson,Renan Lodi,Lucas Macanhan,Marcinho,Léo Pereira,Raphael Veiga,None,None
8637619,Douglas Friedrich,Edson,Lucas Fonseca,Nino Paraíba,Leo,Tiago,Agustin Allione,Elton,Régis,Zé Rafael,Júnior Brumado,Marcelo Grohe,Matheus Bressan,Bruno Cortês,Walter Kannemann,Léo Gomes,Thonny Anderson,Jailson,Maicon,Ramiro,André,Everton,Anderson,Fernandinho,Fernando Castro,Flávio,Douglas Grolli,Italo,Eugenio Mena,Nílton,Vinicius,Lepu,None,None,Cícero,Bruno Grassi,Matheus Henrique,Hernane Brocador,Kaio,Vinícius Lima,Mádson,Maicosuel,Paulo Miranda,Paulo Victor,Pepê,Thaciano
8637621,Diego Alves,Léo Duarte,Renê,Rhodolfo,Rodinei,Diego,Jonas,Lucas Paquetá,Éverton Ribeiro,Henrique Dourado,Vinicius Júnior,Walter,Fabián Balbuena,Henrique,Sidcley,Gabriel,Jádson,Mantuan,Maycon,Rodriguinho,Mateus Vital,Pedrinho,César,Ederson,Jean Lucas,Klebinho,Lincoln,Marlos Moreno,Michael,Rômulo,Thiago da Silva,Thuler,Felipe Vizeu,Willian Arão,Juninho Capixaba,Caíque,Pedro Henrique,Júnior Dutra,Colin Kâzım-Richards,Marquinhos Gabriel,Matheus Ferreira,Léo Príncipe,Paulo Roberto,Roger,Thiaguinho,None
8637623,Vanderlei,Victor Ferraz,David Braz,Dodô,Lucas Veríssimo,Renato,Diego Pituca,Jean Mota,Gabriel Barbosa,Eduardo Sasha,Rodrygo,Elias Curzel,Aderllan,Lucas,Kanu,Uillian Correia,Pedro Botelho,Rodrigo Andrade,Neilton,Lucas Fernandes,Wallyson,Rhayner,Robson Bambu,Gabriel Calabres,Léo Cittadini,Jonathan Copete,Guilherme,Gustavo Henrique,Luiz Felipe,Vladimir,Yuri Oliveira,None,None,None,Bruno,Guilherme Costa,André Lima,Lucas Marques,Nickson,Ramon,Ronaldo,Junior Todinho,Yago,None,None,None
8637622,Everson,Valdo,Rafael Pereira,Romário,Patrick,Fabinho,Ricardinho,Richardson,Wescley,Douglas Coutinho,Arthur,Fábio,Dedé,Edílson,Egídio,Léo,Bruno Silva,Lucas Romero,Thiago Neves,Lucas Silva,Sassá,Rafael Sóbis,Éder Luís,Élton,Fernando Henrique,Hyuri,Felipe Jonatan,Luidy,Juninho Piaulense,Pio,Bruno Pires,Javier Reina,Tiago Alves,Matheus Cabral,Patrick Brey,Ariel Cabral,Ezequiel,Lucas França,Juninho,Federico Mancuello,Manoel,Marcelo Hermes,Rafael,Murilo Cerqueira,Raniel,None
8637617,Thiago Rodrigues,Igor,Jesiel,Junior,Rayan,Carlos Eduardo,Jorge González,Leandro Vilela,Carlos,Léo Itaperuna,Tiago,Júlio César,Renato Chaves,Gum,Marlon,Léo,Luan Peres,Jadson,Richard,Junior Sornoza,João Carlos,Marcos Júnior,Raphael,Alex Santana,Guilherme Biteco,Charles,Diego Gonçalves,Gabriel Pires,Caio Henrique,Mansur,Matheus Pereira,Richard,Luan,Wesley,Aírton,Dodi,Douglas,Pablo Dyego,Gilberto,Ibañez,João Vitor,Mateus Norton,Matheus Alessandro,Nathán Ribeiro,Robinho,Rodolfo
8637632,Sidão,Anderson Martins,Robert Arboleda,Reinaldo,Petros,Diego Souza,Lucas Fernandes,Eder Militão,Éverton,Liziero,Santiago Tréllez,Danilo Fernandes,Víctor Cuesta,Iago,Rodrigo Moledo,Zeca,Charles,Edenilson,Patrick Bezerra,Leandro Damião,Lucca,William Pottker,Felipe Araruna,Bissoli,Paulo Bóia,Caique,Jean,Jucilei,Shaylon,Júnior Tavares,None,None,None,None,Brenner,Camilo,Gabriel Dias,Dudu,Fabiano,Marcelo Lomba,Nicolás López,Richard,Rossi,Danilo Silva,Uendel,None
8637629,Ronaldo,Aderllan,Cedric,Kanu,Jeferson,Ramon,Lucas Marques,Neilton,Wallyson,Rhayner,André Lima,Jandrei,Apodi,Douglas,Bruno Pacheco,Rafael Thyere,Héctor Canteros,Elicarlos,Márcio Araújo,Nádson,Arthur,Wellington Paulista,Bruno,Caíque,Eronildo,Lucas Fernandes,Guilherme Costa,Hebert,Jhemerson,Lucas,Nickson,Junior Todinho,Uillian Correia,Yago,Barreto,Bruno,Eduardo Santos,Guilherme Augusto,Ivan,Luiz Antônio,Neném,Luiz Otávio,Vinícius Freitas,None,None,None
8637631,Jefferson,Joel Carli,Marcinho,Moisés,Igor Rabello,Jean,João Pedro,Rodrigo Lindoso,Leonardo Valencia,Rodrigo Aguirre,Kieza,Everson,Valdo,Luiz Otávio,Rafael Pereira,Romário,Fabinho,Ricardinho,Richardson,Pio,Felipe Azevedo,Arthur,Gustavo Bochecha,Brenner Marlos,Ezequiel,Matheus Fernandes,Luiz Fernando,Gilson,Luiz Ricardo,Marcelo,Rodrigo Pimpão,Renatinho,Saulo,Yago,Douglas Coutinho,Éder Luís,Élton,Fernando Henrique,Hyuri,Felipe Jonatan,Luidy,Naldo,Patrick,Bruno Pires,Javier Reina,Tiago Alves
8637633,Magrão,Ronaldo Alves,Ernando,Raul Prata,Evandro,Deivid,Fellipe Bastos,Rafael Marques,Marlone,Rogério,Gabriel,Santos,Thiago Carleto,Zé Ivaldo,Thiago Heleno,Wanderson,Camacho,Lucho González,Nikão,Raphael Veiga,Marcinho,Pablo,Andrigo,Michel Bastos,Durval,Everton Felipe,Fabrício,Lucas Ferreira,Carlos Henrique,Hygor,Mailson Tenório,Neto,Leo Ortiz,None,Felipe Alves,Bérgson,Bill,Bruno Guimarães,Éder Ferreira,Éderson,Guilherme,Renan Lodi,Lucas Macanhan,Léo Pereira,Matheus Rossetto,None
8637634,Walter,Fabián Balbuena,Henrique,Sidcley,Gabriel,Mantuan,Maycon,Rodriguinho,Pedrinho,Roger,Ángel Romero,Vanderlei,Victor Ferraz,David Braz,Dodô,Lucas Veríssimo,Renato,Diego Pituca,Jean Mota,Gabriel Barbosa,Eduardo Sasha,Rodrygo,Juninho Capixaba,Caíque,Pedro Henrique,Júnior Dutra,Colin Kâzım-Richards,Marquinhos Gabriel,Matheus Ferreira,Paulo Roberto,Emerson Sheik,Thiaguinho,Mateus Vital,Bruno Xavier,Robson Bambu,Bruno Henrique,Gabriel Calabres,Léo Cittadini,Jonathan Copete,Guilherme,Gustavo Henrique,Luiz Felipe,Vladimir,Yuri Oliveira,None,None
8637626,Fábio,Dedé,Edílson,Egídio,Léo,Henrique,Raniel,Robinho,Thiago Neves,Lucas Silva,Rafael Sóbis,Fernando Miguel,Ricardo Graça,Luiz Gustavo,Paulão,Henrique,Yago Pikachu,Andrey,Cosendey,Leandro Desábato,Wagner,Andrés Ríos,Bruno Silva,Ariel Cabral,Ezequiel,Juninho,Federico Mancuello,Manoel,Marcelo Hermes,Rafael,Murilo Cerqueira,None,None,None,Giovanni Augusto,Frickson Erazo,Evander,Rafael França,Gabriel Felix,Miranda,Caio Monteiro,Moresche,Ramon,Paulo Vitor,Lucas Perdomo,Wellington
8637635,Marcelo Grohe,Matheus Bressan,Bruno Cortês,Walter Kannemann,Léo Gomes,Arthur,Vinícius Lima,Maicon,André,Everton,Luan,Jaílson Santos,Luan Garcia,Thiago Martins,Marcos Rocha,Victor Luís,Bruno Henrique,Hyoran,Felipe Melo,Moisés Mineiro,Dudu,Willian,Thonny Anderson,Cícero,Hernane Brocador,Jailson,Mádson,Maicosuel,Paulo Miranda,Paulo Victor,Pepê,Thaciano,None,None,Artur,Papagaio,Deyverson,Fernando,Edu Dracena,Jean,Lucas Lima,Mayke,Fernando Prass,Emerson Santos,Thiago Santos,Wéverton
8637627,Thiago Rodrigues,Igor,Jesiel,Junior,Rayan,Carlos Eduardo,Caio Henrique,Jhonny Lucas,Leandro Vilela,Léo Itaperuna,Tiago,Douglas Friedrich,Gregore,Lucas Fonseca,Nino Paraíba,Leo,Tiago,Élber,Elton,Flávio,Vinicius,Zé Rafael,Raphael,Alex Santana,Guilherme Biteco,Carlos,Charles,Gabriel Pires,Mansur,Neris,Richard,Silvinho,Wesley,Zezinho,Agustin Allione,Anderson,Edson,Everson,Fernandinho,Fernando Castro,Douglas Grolli,Italo,Lepu,Eugenio Mena,Nílton,Régis
8637630,Júlio César,Renato Chaves,Gilberto,Gum,Marlon,Luan Peres,Douglas,Jadson,Richard,Junior Sornoza,João Carlos,Diego Alves,Léo Duarte,Renê,Rhodolfo,Rodinei,Gustavo Cuéllar,Lucas Paquetá,Éverton Ribeiro,Henrique Dourado,Marlos Moreno,Vinicius Júnior,Aírton,Dodi,Pablo Dyego,Ibañez,João Vitor,Marcos Felipe,Mateus Norton,Matheus Alessandro,Nathán Ribeiro,Robinho,Rodolfo,None,César,Jean Lucas,Jonas,Klebinho,Lincoln,Michael,Rômulo,Thiago da Silva,Thuler,Felipe Vizeu,Wendel,Willian Arão
8637628,Jory dos Anjos,Matheus Ferraz,Giovanni,Messias,Norberto Neto,Leandro Donizete,Christian Sávio,Serginho,Aylon,Judivan,Luan,Victor,Juninho,Leonardo Silva,Gabriel França,Patric,Juan Cazares,Adílson,Gustavo Blanco,Roger Guedes,Ricardo Oliveira,Luan,Ademir Santos,Aderlan Silva,David,Gerson Magrão,Juninho,Fernando Leal,Rafael Lima,Marquinhos,Renan Oliveira,Ruy,Wesley,Zé Ricardo,Alerrandro,Tomás Andrade,Bremer,Bruno Roberto,Cleiton,Elías,Emerson,Erik,Carlos Gabriel,Matheus Galdezani,Iago Maidana,Yago Severin
8637637,Santos,Thiago Carleto,Thiago Heleno,Wanderson,Camacho,Lucho González,Raphael Veiga,Bérgson,Bruno Guimarães,Marcinho,Pablo,Sidão,Anderson Martins,Reinaldo,Bruno Alves,Nenê,Jucilei,Diego Souza,Eder Militão,Éverton,Húdson,Felipe Araruna,Felipe Alves,Bill,Éder Ferreira,Éderson,Guilherme,Jonathan,Renan Lodi,Nikão,Esteban Pavez,Léo Pereira,Ribamar,None,Robert Arboleda,Paulo Bóia,Caique,Lucas Fernandes,Jean,Liziero,Morato,Petros,Shaylon,Santiago Tréllez,None,None
8637638,Jandrei,Apodi,Douglas,Bruno Pacheco,Rafael Thyere,Héctor Canteros,Elicarlos,Márcio Araújo,Arthur,Wellington Paulista,Leandro Pereira,Fábio,Dedé,Edílson,Egídio,Léo,Bruno Silva,Henrique,Robinho,Thiago Neves,Sassá,Rafael Sóbis,Amaral,Barreto,Bruno,Eduardo Santos,Guilherme Augusto,Ivan,Luiz Antônio,Nádson,Neném,Luiz Otávio,Vinícius Freitas,None,Patrick Brey,Ezequiel,Juninho,Lucas Silva,Manoel,Marcelo Hermes,Rafael,Murilo Cerqueira,Raniel,Lucas Romero,Vitor Eudes,None
8637640,Fernando Miguel,Ricardo Graça,Luiz Gustavo,Paulão,Henrique,Yago Pikachu,Andrey,Giovanni Augusto,Cosendey,Leandro Desábato,Andrés Ríos,Magrão,Ronaldo Alves,Ernando,Raul Prata,Sander,Deivid,Fellipe Bastos,Rafael Marques,Marlone,Rogério,Gabriel,Frickson Erazo,Evander,Gabriel Felix,Rafael Galhardo,Thiago Galhardo,Caio Monteiro,Moresche,Ramon,Paulo Vitor,Lucas Perdomo,Raul,Wellington,Andrigo,Michel Bastos,Durval,Evandro,Everton Felipe,Carlos Henrique,Mailson Tenório,Neto,Leo Ortiz,None,None,None
8637644,Walter,Henrique,Pedro Henrique,Sidcley,Gabriel,Mantuan,Maycon,Rodriguinho,Mateus Vital,Pedrinho,Roger,Elias Curzel,Aderllan,Cedric,Kanu,Jeferson,Ramon,Lucas Marques,Neilton,Wallyson,Rhayner,André Lima,Juninho Capixaba,Caíque,Júnior Dutra,Colin Kâzım-Richards,Marllon,Marquinhos Gabriel,Matheus Ferreira,Paulo Roberto,Léo Santos,Emerson Sheik,Thiaguinho,Bruno Xavier,Rodrigo Andrade,Bruno,Diego,Lucas Fernandes,Guilherme Costa,Lucas,Nickson,Ronaldo,Junior Todinho,Uillian Correia,Yago,None
8637636,Victor,Leonardo Silva,Gabriel França,Fábio Santos,Patric,Tomás Andrade,Juan Cazares,Adílson,Gustavo Blanco,Roger Guedes,Ricardo Oliveira,Júlio César,Gilberto,Ibañez,Ayrton,Luan Peres,Nathán Ribeiro,Douglas,Jadson,Richard,Matheus Alessandro,Pedro,Alerrandro,Bremer,Bruno Roberto,Cleiton,Elías,Emerson,Erik,Matheus Galdezani,Juninho,Luan,Iago Maidana,Yago Severin,Aírton,João Carlos,Dodi,Pablo Dyego,Frazan,João Vitor,Mateus Norton,Rodolfo,Junior Sornoza,None,None,None
8637639,Douglas Friedrich,Gregore,Lucas Fonseca,Nino Paraíba,Leo,Tiago,Élber,Elton,Régis,Zé Rafael,Kayke Rodrigues,Jefferson,Marcelo Benevenuto,Marcinho,Moisés,Igor Rabello,Matheus Fernandes,Rodrigo Lindoso,Leonardo Valencia,Rodrigo Aguirre,Kieza,Rodrigo Pimpão,Agustin Allione,Anderson,Fernando Castro,Edson,Fernandinho,Flávio,Douglas Grolli,Italo,Geovane,Eugenio Mena,Nílton,Vinicius,Gustavo Bochecha,Brenner Marlos,Ezequiel,Luiz Fernando,Gilson,João Pedro,Kanu,Luiz Ricardo,Marcelo,Renatinho,Saulo,None
8637642,Everson,João Lucas,Luiz Otávio,Samuel Xavier,Rafael Pereira,Naldo,Ricardinho,Pio,Éder Luís,Javier Reina,Felipe Azevedo,Jaílson Santos,Edu Dracena,Jean,Thiago Martins,Marcos Rocha,Victor Luís,Hyoran,Lucas Lima,Thiago Santos,Dudu,Willian,Arnaldo,Douglas Coutinho,Élton,Fernando Henrique,Hyuri,Felipe Jonatan,Matheus Lira,Luidy,Juninho Piaulense,Richardson,Romário,Tiago Alves,Artur,Papagaio,Deyverson,Fernando,Luan Garcia,Mayke,Moisés Mineiro,Emerson Santos,Wéverton,None,None,None
8637645,Marcelo Grohe,Matheus Bressan,Bruno Cortês,Walter Kannemann,Leó Moura,Arthur,Cícero,Vinícius Lima,André,Everton,Luan,Jory dos Anjos,Aderlan Silva,Matheus Ferraz,Gerson Magrão,Giovanni,Messias,Juninho,Christian Sávio,Serginho,Aylon,Ademir Santos,Thonny Anderson,Jael,Kaio,Léo Gomes,Mádson,Paulo Miranda,Paulo Victor,Pepê,Lucas Poletto,Thaciano,Vico,Matheus Henrique,Capixaba,David,Fernando Leal,Rafael Lima,Marquinhos,Rafael Moura,Ruy,Wesley,Zé Ricardo,None,None,None
8637641,Diego Alves,Léo Duarte,Renê,Rodinei,Thuler,Gustavo Cuéllar,Diego,Jean Lucas,Éverton Ribeiro,Henrique Dourado,Vinicius Júnior,Thiago Rodrigues,Igor,Jesiel,Junior,Rayan,Caio Henrique,Jhonny Lucas,Jorge González,Carlos,Léo Itaperuna,Silvinho,César,Matheus Dantas,Geuvânio,Jonas,Klebinho,Lincoln,Marlos Moreno,Michael,Rômulo,Thiago da Silva,Felipe Vizeu,Willian Arão,Raphael,Alex Santana,Guilherme Biteco,Charles,Carlos Eduardo,Mansur,Neris,Richard,Tiago,Wesley,Zezinho,None
8637643,Vanderlei,Victor Ferraz,David Braz,Dodô,Lucas Veríssimo,Renato,Diego Pituca,Jean Mota,Gabriel Barbosa,Eduardo Sasha,Rodrygo,Danilo Fernandes,Víctor Cuesta,Fabiano,Iago,Rodrigo Moledo,Rodrigo Dourado,Edenilson,Patrick Bezerra,Leandro Damião,Lucca,William Pottker,Robson Bambu,Bruno Henrique,Gabriel Calabres,Léo Cittadini,Jonathan Copete,Guilherme,Gustavo Henrique,Luiz Felipe,Vladimir,Yuri Oliveira,None,None,Brenner,Camilo,Charles,Daniel,Gabriel Dias,Dudu,Nicolás López,Richard,Rossi,Danilo Silva,Uendel,None
