GameID,Minute,Scorer,Team
2226726,37,Thomas Müller,Bayern München
2226726,47,Arjen Robben,Bayern München
2226726,52,Ivica Olić,VfL Wolfsburg
2226732,33,Ádám Szalai,1899 Hoffenheim
2226732,35,Tarik Elyounoussi,1899 Hoffenheim
2226734,67,Edgar Prib,Hannover 96
2226734,70,Joselu,Hannover 96
2226734,47,Klaas Jan Huntelaar,FC Schalke 04
2226736,16,Julian Schieber,Hertha BSC
2226736,47,Julian Schieber,Hertha BSC
2226736,53,Assani Lukimya,Werder Bremen
2226736,55,Franco Di Santo,Werder Bremen
2226738,15,Haris Seferović,Eintracht Frankfurt
2226728,1,Karim Bellarabi,Bayer Leverkusen
2226728,90,Stefan Kießling,Bayer Leverkusen
2226742,37,Elias Kachunga,SC Paderborn 07
2226742,87,Uwe Hünemeier,SC Paderborn 07
2226742,33,Shinji Okazaki,1. FSV Mainz 05
2226742,90,Ja-cheol Koo,1. FSV Mainz 05
2226730,90,Christoph Kramer,Bor. Mönchengladbach
2226730,51,Alexandru Maxim,VfB Stuttgart
2226788,82,Raúl Bobadilla,FC Augsburg
2226788,89,Tim Matavž,FC Augsburg
2226788,11,Marco Reus,Borussia Dortmund
2226788,14,Sokratis Papastathopoulos,Borussia Dortmund
2226788,78,Adrián Ramos,Borussia Dortmund
2226778,24,Tin Jedvaj,Bayer Leverkusen
2226778,50,Tin Jedvaj,Bayer Leverkusen
2226778,62,Emir Spahić,Bayer Leverkusen
2226778,74,Julian Brandt,Bayer Leverkusen
2226778,86,Karim Bellarabi,Bayer Leverkusen
2226778,60,Julian Schieber,Hertha BSC
2226782,15,Naldo,VfL Wolfsburg
2226782,23,Sebastian Jung,VfL Wolfsburg
2226782,79,Maximilian Arnold,VfL Wolfsburg
2226782,85,Václav Kadlec,Eintracht Frankfurt
2226790,59,Gálvez,Werder Bremen
2226790,19,Roberto Firmino,1899 Hoffenheim
2226808,22,Yuya Osako,1. FC Köln
2226808,33,Anthony Ujah,1. FC Köln
2226816,29,Elias Kachunga,SC Paderborn 07
2226816,68,Mario Vrančić,SC Paderborn 07
2226816,87,Moritz Stoppelkamp,SC Paderborn 07
2226774,62,Benedikt Höwedes,FC Schalke 04
2226774,10,Robert Lewandowski,Bayern München
2226766,17,Tin Jedvaj,Bayer Leverkusen
2226766,63,Hakan Çalhanoğlu,Bayer Leverkusen
2226766,73,Heung-min Son,Bayer Leverkusen
2226766,45,Fin Bartels,Werder Bremen
2226766,60,Franco Di Santo,Werder Bremen
2226766,85,Sebastian Prödl,Werder Bremen
2226762,27,Mario Götze,Bayern München
2226762,85,Franck Ribéry,Bayern München
2226764,34,Adrián Ramos,Borussia Dortmund
2226764,41,Shinji Kagawa,Borussia Dortmund
2226764,78,Pierre-Emerick Aubameyang,Borussia Dortmund
2226764,90,Oliver Sorg,SC Freiburg
2226770,55,Anthony Modeste,1899 Hoffenheim
2226770,89,Ivica Olić,VfL Wolfsburg
2226776,86,Ronny,Hertha BSC
2226776,36,Shinji Okazaki,1. FSV Mainz 05
2226776,70,Sami Allagui,1. FSV Mainz 05
2226776,90,Shinji Okazaki,1. FSV Mainz 05
2226768,17,André Hahn,Bor. Mönchengladbach
2226768,50,André Hahn,Bor. Mönchengladbach
2226768,56,Max Kruse,Bor. Mönchengladbach
2226768,79,Raffael,Bor. Mönchengladbach
2226768,52,Eric Maxim Choupo-Moting,FC Schalke 04
2226780,49,Raúl Bobadilla,FC Augsburg
2226772,13,Leon Andreasen,Hannover 96
2226772,24,Artur Sobiech,Hannover 96
2226939,30,Marc Oliver Kempf,SC Freiburg
2226939,79,Felix Klaus,SC Freiburg
2226939,36,Ronny,Hertha BSC
2226939,90,Ronny,Hertha BSC
2226899,40,Eric Maxim Choupo-Moting,FC Schalke 04
2226899,50,Julian Draxler,FC Schalke 04
2226899,15,Alexander Meier,Eintracht Frankfurt
2226899,24,Marco Russ,Eintracht Frankfurt
2226935,14,Daniel Baier,FC Augsburg
2226935,45,Paul Verhaegh,FC Augsburg
2226935,77,Tobias Werner,FC Augsburg
2226935,90,Tim Matavž,FC Augsburg
2226935,3,Davie Selke,Werder Bremen
2226935,56,Franco Di Santo,Werder Bremen
2226951,15,Anthony Modeste,1899 Hoffenheim
2226951,84,Tarik Elyounoussi,1899 Hoffenheim
2226981,71,Elias Kachunga,SC Paderborn 07
2226981,90,Moritz Stoppelkamp,SC Paderborn 07
2226913,66,Shinji Okazaki,1. FSV Mainz 05
2226913,74,Matthias Ginter,Borussia Dortmund
2226905,8,Ricardo Rodríguez,VfL Wolfsburg
2226905,45,Vieirinha,VfL Wolfsburg
2226905,63,Ricardo Rodríguez,VfL Wolfsburg
2226905,81,Aaron Hunt,VfL Wolfsburg
2226905,29,Josip Drmić,Bayer Leverkusen
2226812,8,Mario Götze,Bayern München
2226812,14,Robert Lewandowski,Bayern München
2226812,78,Mario Götze,Bayern München
2226812,85,Thomas Müller,Bayern München
2226840,44,Tarik Elyounoussi,1899 Hoffenheim
2226840,63,Sebastian Rudy,1899 Hoffenheim
2226840,90,Jannik Vestergaard,1899 Hoffenheim
2226840,31,Mike Frantz,SC Freiburg
2226840,33,Mike Frantz,SC Freiburg
2226840,75,Vladimír Darida,SC Freiburg
2226854,48,Max Meyer,FC Schalke 04
2226854,51,Roman Neustädter,FC Schalke 04
2226854,85,Tranquillo Barnetta,FC Schalke 04
2226860,45,Alexander Meier,Eintracht Frankfurt
2226860,82,Haris Seferović,Eintracht Frankfurt
2226860,41,Jonas Hofmann,1. FSV Mainz 05
2226860,44,Shinji Okazaki,1. FSV Mainz 05
2226820,73,Pierre-Emerick Aubameyang,Borussia Dortmund
2226820,86,Ciro Immobile,Borussia Dortmund
2226820,48,Daniel Didavi,VfB Stuttgart
2226820,68,Daniel Didavi,VfB Stuttgart
2226826,33,Heung-min Son,Bayer Leverkusen
2226832,25,Max Kruse,Bor. Mönchengladbach
2226842,5,Joselu,Hannover 96
2226846,35,Salomon Kalou,Hertha BSC
2227003,10,Joel Matip,FC Schalke 04
2227003,23,Eric Maxim Choupo-Moting,FC Schalke 04
2227003,26,Pierre-Emerick Aubameyang,Borussia Dortmund
2227051,69,Daniel Schwaab,VfB Stuttgart
2227067,66,Daniel Halfar,1. FC Köln
2227067,19,Mario Götze,Bayern München
2227072,70,Jens Wemmer,SC Paderborn 07
2227072,8,Patrick Herrmann,Bor. Mönchengladbach
2227072,14,Raffael,Bor. Mönchengladbach
2227009,15,Ricardo Rodríguez,VfL Wolfsburg
2227009,57,Ivica Olić,VfL Wolfsburg
2227009,37,Marnon Busch,Werder Bremen
2227031,27,Paul Verhaegh,FC Augsburg
2227059,58,Nicolai Müller,Hamburger SV
2227059,44,Haris Seferović,Eintracht Frankfurt
2227059,90,Lucas Piazón,Eintracht Frankfurt
2226907,22,Salomon Kalou,Hertha BSC
2226907,63,Salomon Kalou,Hertha BSC
2226907,74,Roy Beerens,Hertha BSC
2226907,83,Sandro Wagner,Hertha BSC
2226907,5,Moritz Leitner,VfB Stuttgart
2226880,6,Robert Lewandowski,Bayern München
2226880,13,Arjen Robben,Bayern München
2226880,38,Robert Lewandowski,Bayern München
2226880,79,Arjen Robben,Bayern München
2226884,35,Pierre-Michel Lasogga,Hamburger SV
2226889,42,Lars Bender,Bayer Leverkusen
2226889,90,Karim Bellarabi,Bayer Leverkusen
2226889,20,Süleyman Koç,SC Paderborn 07
2226889,87,Moritz Stoppelkamp,SC Paderborn 07
2226901,13,Tarik Elyounoussi,1899 Hoffenheim
2226901,29,Ádám Szalai,1899 Hoffenheim
2226901,83,Klaas Jan Huntelaar,FC Schalke 04
2226911,31,Franco Di Santo,Werder Bremen
2226911,8,Vladimír Darida,SC Freiburg
2226917,44,Alexander Meier,Eintracht Frankfurt
2226917,54,Alexander Meier,Eintracht Frankfurt
2226917,15,Marcel Risse,1. FC Köln
2226917,65,Jonas Hector,1. FC Köln
2226917,79,Kevin Wimmer,1. FC Köln
2226895,58,Naldo,VfL Wolfsburg
2226897,15,Max Kruse,Bor. Mönchengladbach
2226897,31,Jonas Hofmann,1. FSV Mainz 05
2227105,20,Philipp Lahm,Bayern München
2227105,27,Xabi Alonso,Bayern München
2227105,43,Thomas Müller,Bayern München
2227105,45,Mario Götze,Bayern München
2227105,79,Philipp Lahm,Bayern München
2227105,86,Mario Götze,Bayern München
2227119,20,Jonas Hofmann,1. FSV Mainz 05
2227119,23,Jairo,1. FSV Mainz 05
2227119,78,Tobias Werner,FC Augsburg
2227127,14,Max Kruse,Bor. Mönchengladbach
2227127,49,Granit Xhaka,Bor. Mönchengladbach
2227127,90,Max Kruse,Bor. Mönchengladbach
2227139,90,Sebastian Kerk,SC Freiburg
2227139,8,Daniel Caligiuri,VfL Wolfsburg
2227139,66,Daniel Caligiuri,VfL Wolfsburg
2227149,57,Timo Werner,VfB Stuttgart
2227149,67,Florian Klein,VfB Stuttgart
2227149,76,Martin Harnik,VfB Stuttgart
2227149,4,Heung-min Son,Bayer Leverkusen
2227149,9,Heung-min Son,Bayer Leverkusen
2227149,41,Karim Bellarabi,Bayer Leverkusen
2227153,40,Kevin Vogt,1. FC Köln
2227153,74,Simon Zoller,1. FC Köln
2227153,48,Ciro Immobile,Borussia Dortmund
2227113,19,Klaas Jan Huntelaar,FC Schalke 04
2227113,65,Julian Draxler,FC Schalke 04
2227151,34,Pierre-Michel Lasogga,Hamburger SV
2227151,15,Anthony Modeste,1899 Hoffenheim
2227161,66,Marvin Ducksch,SC Paderborn 07
2227161,79,Uwe Hünemeier,SC Paderborn 07
2227161,85,Stefan Kutschke,SC Paderborn 07
2227161,57,Alexander Meier,Eintracht Frankfurt
2226995,59,Anthony Ujah,1. FC Köln
2226957,61,Hiroshi Kiyotake,Hannover 96
2226985,11,Paul Verhaegh,FC Augsburg
2226985,66,Halil Altintop,FC Augsburg
2226987,73,Kevin Volland,1899 Hoffenheim
2226991,59,Änis Ben-Hatira,Hertha BSC
2226991,65,John Heitinga,Hertha BSC
2226991,85,Änis Ben-Hatira,Hertha BSC
2226999,21,Alexander Madlung,Eintracht Frankfurt
2226999,57,Alexander Meier,Eintracht Frankfurt
2226999,61,Stefan Aigner,Eintracht Frankfurt
2226999,65,Alexander Madlung,Eintracht Frankfurt
2226999,34,Martin Harnik,VfB Stuttgart
2226999,36,Martin Harnik,VfB Stuttgart
2226999,51,Christian Gentner,VfB Stuttgart
2226999,81,Timo Werner,VfB Stuttgart
2226999,84,Christian Gentner,VfB Stuttgart
2226965,53,Hakan Çalhanoğlu,Bayer Leverkusen
2226969,15,Naldo,VfL Wolfsburg
2226969,59,Ivan Perišić,VfL Wolfsburg
2226969,87,Daniel Caligiuri,VfL Wolfsburg
2227199,37,Klaas Jan Huntelaar,FC Schalke 04
2227213,3,Shinji Okazaki,1. FSV Mainz 05
2227213,44,Franco Di Santo,Werder Bremen
2227213,49,Franco Di Santo,Werder Bremen
2227223,88,Alexander Madlung,Eintracht Frankfurt
2227245,15,Ivan Perišić,VfL Wolfsburg
2227245,45,Robin Knoche,VfL Wolfsburg
2227245,48,Kevin De Bruyne,VfL Wolfsburg
2227245,88,Ivan Perišić,VfL Wolfsburg
2227249,26,Rafael van der Vaart,Hamburger SV
2227193,72,Robert Lewandowski,Bayern München
2227193,85,Arjen Robben,Bayern München
2227193,31,Marco Reus,Borussia Dortmund
2227205,12,André Hahn,Bor. Mönchengladbach
2227205,32,Patrick Herrmann,Bor. Mönchengladbach
2227205,52,Patrick Herrmann,Bor. Mönchengladbach
2227205,30,Anthony Modeste,1899 Hoffenheim
2227253,50,Vladimír Darida,SC Freiburg
2227259,28,Marvin Bakalorz,SC Paderborn 07
2227259,52,Elias Kachunga,SC Paderborn 07
2227259,75,Alban Meha,SC Paderborn 07
2227259,41,Salomon Kalou,Hertha BSC
2227049,44,Jimmy Briand,Hannover 96
2227049,76,Hiroshi Kiyotake,Hannover 96
2227037,7,Tobias Werner,FC Augsburg
2227037,47,Tobias Werner,FC Augsburg
2227037,68,Jan-Ingwer Callsen-Bracker,FC Augsburg
2227043,2,Ádám Szalai,1899 Hoffenheim
2227043,39,Roberto Firmino,1899 Hoffenheim
2227043,45,Roberto Firmino,1899 Hoffenheim
2227043,5,Paweł Olkowski,1. FC Köln
2227043,12,Matthias Lehmann,1. FC Köln
2227043,35,Anthony Ujah,1. FC Köln
2227043,83,Paweł Olkowski,1. FC Köln
2227063,22,Thomas Müller,Bayern München
2227063,64,Thomas Müller,Bayern München
2227063,67,Thomas Müller,Bayern München
2227063,86,Xherdan Shaqiri,Bayern München
2227075,22,Christian Günter,SC Freiburg
2227075,68,Jonathan Schmid,SC Freiburg
2227057,30,Sebastian Prödl,Werder Bremen
2227057,57,Fin Bartels,Werder Bremen
2227034,28,Ivica Olić,VfL Wolfsburg
2227034,64,Aaron Hunt,VfL Wolfsburg
2227021,58,Christoph Kramer,Bor. Mönchengladbach
2227279,23,Mario Götze,Bayern München
2227279,40,Robert Lewandowski,Bayern München
2227279,82,Arjen Robben,Bayern München
2227279,86,Sebastian Rode,Bayern München
2227283,10,Eric Maxim Choupo-Moting,FC Schalke 04
2227283,22,Eric Maxim Choupo-Moting,FC Schalke 04
2227283,25,Christian Fuchs,FC Schalke 04
2227283,37,Ivica Olić,VfL Wolfsburg
2227283,74,Nicklas Bendtner,VfL Wolfsburg
2227287,5,Håvard Nordtveit,Bor. Mönchengladbach
2227287,54,Marc Stendera,Eintracht Frankfurt
2227287,57,Alexander Meier,Eintracht Frankfurt
2227287,73,Takashi Inui,Eintracht Frankfurt
2227291,27,Júnior Díaz,1. FSV Mainz 05
2227291,88,Stefan Bell,1. FSV Mainz 05
2227291,30,Jonathan Schmid,SC Freiburg
2227291,58,Admir Mehmedi,SC Freiburg
2227295,60,Ceyhun Gülselam,Hannover 96
2227295,46,Stefan Kießling,Bayer Leverkusen
2227295,58,Heung-min Son,Bayer Leverkusen
2227295,71,Karim Bellarabi,Bayer Leverkusen
2227313,60,Lukas Rupp,SC Paderborn 07
2227313,81,Mahir Sağlık,SC Paderborn 07
2227313,12,Pierre-Emerick Aubameyang,Borussia Dortmund
2227313,45,Marco Reus,Borussia Dortmund
2227309,58,Anthony Ujah,1. FC Köln
2227309,28,Roy Beerens,Hertha BSC
2227309,86,Marcel Ndjeng,Hertha BSC
2227305,83,Artjoms Rudņevs,Hamburger SV
2227305,90,Raphael Wolf,Werder Bremen
2227301,72,Paul Verhaegh,FC Augsburg
2227145,42,Vladimír Darida,SC Freiburg
2227145,31,Martin Harnik,VfB Stuttgart
2227145,52,Carlos Gruezo,VfB Stuttgart
2227145,68,Timo Werner,VfB Stuttgart
2227145,76,Martin Harnik,VfB Stuttgart
2227087,10,Klaas Jan Huntelaar,FC Schalke 04
2227087,25,Klaas Jan Huntelaar,FC Schalke 04
2227087,54,Tranquillo Barnetta,FC Schalke 04
2227087,61,Klaas Jan Huntelaar,FC Schalke 04
2227087,44,Shinji Okazaki,1. FSV Mainz 05
2227091,26,Karim Bellarabi,Bayer Leverkusen
2227091,61,Hakan Çalhanoğlu,Bayer Leverkusen
2227091,79,Josip Drmić,Bayer Leverkusen
2227091,88,Josip Drmić,Bayer Leverkusen
2227091,90,Karim Bellarabi,Bayer Leverkusen
2227091,4,Matthias Lehmann,1. FC Köln
2227101,50,Halil Altintop,FC Augsburg
2227101,62,Raúl Bobadilla,FC Augsburg
2227101,70,Paul Verhaegh,FC Augsburg
2227101,45,Rafael van der Vaart,Hamburger SV
2227121,27,Arjen Robben,Bayern München
2227131,10,Zlatko Junuzović,Werder Bremen
2227131,48,Davie Selke,Werder Bremen
2227131,50,Fin Bartels,Werder Bremen
2227131,80,Levent Ayçiçek,Werder Bremen
2227109,19,Pirmin Schwegler,1899 Hoffenheim
2227109,37,Kevin Volland,1899 Hoffenheim
2227109,59,Eugen Polanski,1899 Hoffenheim
2227109,63,Niklas Süle,1899 Hoffenheim
2227109,43,Lars Stindl,Hannover 96
2227109,52,Joselu,Hannover 96
2227109,86,Lars Stindl,Hannover 96
2227095,12,Robin Knoche,VfL Wolfsburg
2227137,5,Alexander Meier,Eintracht Frankfurt
2227137,78,Haris Seferović,Eintracht Frankfurt
2227297,17,İlkay Gündoğan,Borussia Dortmund
2227299,9,Tony Jantschke,Bor. Mönchengladbach
2227299,53,Raffael,Bor. Mönchengladbach
2227299,83,Thorgan Hazard,Bor. Mönchengladbach
2227299,45,Julian Schieber,Hertha BSC
2227299,90,Salomon Kalou,Hertha BSC
2227303,45,Joselu,Hannover 96
2227303,4,Kevin De Bruyne,VfL Wolfsburg
2227303,69,Bas Dost,VfL Wolfsburg
2227303,85,Maximilian Arnold,VfL Wolfsburg
2227311,1,Eric Maxim Choupo-Moting,FC Schalke 04
2227311,10,Max Meyer,FC Schalke 04
2227311,21,Eric Maxim Choupo-Moting,FC Schalke 04
2227311,61,Eric Maxim Choupo-Moting,FC Schalke 04
2227317,13,Anthony Ujah,1. FC Köln
2227317,53,Nikola Đurđić,FC Augsburg
2227317,90,Alexander Esswein,FC Augsburg
2227319,89,Elias Kachunga,SC Paderborn 07
2227319,18,Vladimír Darida,SC Freiburg
2227293,51,Franck Ribéry,Bayern München
2227315,32,Cléber Reis,Hamburger SV
2227315,54,Rafael van der Vaart,Hamburger SV
2227315,89,Shinji Okazaki,1. FSV Mainz 05
2227307,34,Alexander Meier,Eintracht Frankfurt
2227307,52,Haris Seferović,Eintracht Frankfurt
2227307,68,Alexander Meier,Eintracht Frankfurt
2227307,76,Stefan Aigner,Eintracht Frankfurt
2227307,80,Marc Stendera,Eintracht Frankfurt
2227307,45,Theodor Gebre Selassie,Werder Bremen
2227307,79,Luca Caldirola,Werder Bremen
2227181,43,Kevin Volland,1899 Hoffenheim
2227181,65,Ádám Szalai,1899 Hoffenheim
2227181,87,Roberto Firmino,1899 Hoffenheim
2227181,58,Stefan Aigner,Eintracht Frankfurt
2227181,77,Haris Seferović,Eintracht Frankfurt
2227159,85,Leroy Sané,FC Schalke 04
2227159,46,Anthony Ujah,1. FC Köln
2227159,67,Matthias Lehmann,1. FC Köln
2227175,58,Medhi Benatia,Bayern München
2227175,59,Arjen Robben,Bayern München
2227175,68,Robert Lewandowski,Bayern München
2227175,71,Arjen Robben,Bayern München
2227185,40,Julian Schieber,Hertha BSC
2227191,36,Zlatko Junuzović,Werder Bremen
2227191,55,Melvyn Lorenzen,Werder Bremen
2227191,88,Davie Selke,Werder Bremen
2227191,12,Lars Stindl,Hannover 96
2227191,62,Joselu,Hannover 96
2227191,64,Hiroshi Kiyotake,Hannover 96
2227171,36,Johannes Geis,1. FSV Mainz 05
2227171,72,Filip Kostić,VfB Stuttgart
2227165,18,Hakan Çalhanoğlu,Bayer Leverkusen
2227165,39,Roel Brouwers,Bor. Mönchengladbach
2227167,17,Rafa,SC Paderborn 07
2227167,51,Alban Meha,SC Paderborn 07
2227321,41,Arjen Robben,Bayern München
2227321,48,Thomas Müller,Bayern München
2227330,20,Salif Sané,Hannover 96
2227330,55,Joselu,Hannover 96
2227334,42,Florian Klein,VfB Stuttgart
2227323,8,Pierre-Emerick Aubameyang,Borussia Dortmund
2227323,76,Ciro Immobile,Borussia Dortmund
2227323,29,Kevin De Bruyne,VfL Wolfsburg
2227323,85,Naldo,VfL Wolfsburg
2227325,32,Max Kruse,Bor. Mönchengladbach
2227325,38,Oscar Wendt,Bor. Mönchengladbach
2227325,64,Christoph Kramer,Bor. Mönchengladbach
2227325,88,Branimir Hrgota,Bor. Mönchengladbach
2227325,51,Zlatko Junuzović,Werder Bremen
2227328,79,Stefan Kießling,Bayer Leverkusen
2227332,43,Stefan Aigner,Eintracht Frankfurt
2227332,58,Haris Seferović,Eintracht Frankfurt
2227332,90,Alexander Meier,Eintracht Frankfurt
2227332,90,Alexander Meier,Eintracht Frankfurt
2227332,21,John Anthony Brooks,Hertha BSC
2227332,33,Änis Ben-Hatira,Hertha BSC
2227332,36,Julian Schieber,Hertha BSC
2227332,80,Peter Niemeyer,Hertha BSC
2227338,31,Kaan Ayhan,FC Schalke 04
2227338,44,Eric Maxim Choupo-Moting,FC Schalke 04
2227338,78,Roman Neustädter,FC Schalke 04
2227251,21,Elkin Soto,1. FSV Mainz 05
2227251,24,Bastian Schweinsteiger,Bayern München
2227251,90,Arjen Robben,Bayern München
2227243,83,Karim Bellarabi,Bayer Leverkusen
2227243,36,Alexander Meier,Eintracht Frankfurt
2227255,20,Markus Feulner,FC Augsburg
2227255,51,Raúl Bobadilla,FC Augsburg
2227255,3,Max Kruse,Bor. Mönchengladbach
2227261,3,Davie Selke,Werder Bremen
2227261,62,Fin Bartels,Werder Bremen
2227261,69,Mats Hummels,Borussia Dortmund
2227247,16,Bas Dost,VfL Wolfsburg
2227247,78,Naldo,VfL Wolfsburg
2227247,11,Dominic Maroh,1. FC Köln
2227257,23,John Anthony Brooks,Hertha BSC
2227257,26,Sejad Salihović,1899 Hoffenheim
2227257,39,Sejad Salihović,1899 Hoffenheim
2227257,74,Sven Schipplock,1899 Hoffenheim
2227257,84,Sebastian Rudy,1899 Hoffenheim
2227265,45,Mike Frantz,SC Freiburg
2227265,81,Marc Oliver Kempf,SC Freiburg
2227265,83,Leonardo Bittencourt,Hannover 96
2227265,90,Joselu,Hannover 96
2226727,4,Bas Dost,VfL Wolfsburg
2226727,45,Bas Dost,VfL Wolfsburg
2226727,53,Kevin De Bruyne,VfL Wolfsburg
2226727,73,Kevin De Bruyne,VfL Wolfsburg
2226727,55,Juan Bernat,Bayern München
2226731,71,Patrick Herrmann,Bor. Mönchengladbach
2226735,32,Marco Höger,FC Schalke 04
2226739,61,Vladimír Darida,SC Freiburg
2226739,64,Nils Petersen,SC Freiburg
2226739,70,Nils Petersen,SC Freiburg
2226739,88,Nils Petersen,SC Freiburg
2226739,1,Marco Russ,Eintracht Frankfurt
2226741,62,Marcel Risse,1. FC Köln
2226741,78,Marcel Risse,1. FC Köln
2226743,6,Yunus Mallı,1. FSV Mainz 05
2226743,46,Yunus Mallı,1. FSV Mainz 05
2226743,69,Pablo de Blasis,1. FSV Mainz 05
2226743,82,Sami Allagui,1. FSV Mainz 05
2226743,87,Johannes Geis,1. FSV Mainz 05
2226737,43,Franco Di Santo,Werder Bremen
2226737,69,Franco Di Santo,Werder Bremen
2226733,39,Halil Altintop,FC Augsburg
2226733,42,Tobias Werner,FC Augsburg
2226733,90,Raúl Bobadilla,FC Augsburg
2226733,45,Roberto Firmino,1899 Hoffenheim
2226775,67,Arjen Robben,Bayern München
2226775,72,Benedikt Höwedes,FC Schalke 04
2226783,58,Stefan Aigner,Eintracht Frankfurt
2226783,88,Kevin De Bruyne,VfL Wolfsburg
2226787,26,Jimmy Briand,Hannover 96
2226787,77,Elkin Soto,1. FSV Mainz 05
2226799,23,Patrick Herrmann,Bor. Mönchengladbach
2226779,49,Stefan Kießling,Bayer Leverkusen
2226789,50,Raúl Bobadilla,FC Augsburg
2226791,34,Ermin Bičakčić,1899 Hoffenheim
2226791,8,Franco Di Santo,Werder Bremen
2226791,52,Philipp Bargfrede,Werder Bremen
2226817,2,Rafael van der Vaart,Hamburger SV
2226817,72,Marcell Jansen,Hamburger SV
2226817,90,Zoltán Stieber,Hamburger SV
2226769,10,Tranquillo Barnetta,FC Schalke 04
2226763,41,Arjen Robben,Bayern München
2226763,50,David Alaba,Bayern München
2226765,9,Marco Reus,Borussia Dortmund
2226765,56,Pierre-Emerick Aubameyang,Borussia Dortmund
2226765,72,Pierre-Emerick Aubameyang,Borussia Dortmund
2226771,3,Bas Dost,VfL Wolfsburg
2226771,28,Kevin De Bruyne,VfL Wolfsburg
2226771,84,Kevin De Bruyne,VfL Wolfsburg
2226777,35,Jens Hegeler,Hertha BSC
2226777,42,Roy Beerens,Hertha BSC
2226773,50,Marcell Jansen,Hamburger SV
2226773,26,Marcelo,Hannover 96
2226773,66,Artur Sobiech,Hannover 96
2226767,17,Davie Selke,Werder Bremen
2226767,29,Zlatko Junuzović,Werder Bremen
2226767,43,Hakan Çalhanoğlu,Bayer Leverkusen
2226781,7,Ragnar Klavan,FC Augsburg
2226781,37,Raúl Bobadilla,FC Augsburg
2226781,45,Stefan Aigner,Eintracht Frankfurt
2226781,70,Alexander Meier,Eintracht Frankfurt
2226914,49,Neven Subotić,Borussia Dortmund
2226914,55,Marco Reus,Borussia Dortmund
2226914,71,Pierre-Emerick Aubameyang,Borussia Dortmund
2226914,78,Nuri Şahin,Borussia Dortmund
2226914,1,Elkin Soto,1. FSV Mainz 05
2226914,56,Yunus Mallı,1. FSV Mainz 05
2226906,57,Heung-min Son,Bayer Leverkusen
2226906,62,Heung-min Son,Bayer Leverkusen
2226906,67,Heung-min Son,Bayer Leverkusen
2226906,72,Karim Bellarabi,Bayer Leverkusen
2226906,6,Bas Dost,VfL Wolfsburg
2226906,17,Naldo,VfL Wolfsburg
2226906,29,Bas Dost,VfL Wolfsburg
2226906,64,Bas Dost,VfL Wolfsburg
2226906,90,Bas Dost,VfL Wolfsburg
2226936,16,Assani Lukimya,Werder Bremen
2226936,23,Franco Di Santo,Werder Bremen
2226936,45,Theodor Gebre Selassie,Werder Bremen
2226936,21,Ragnar Klavan,FC Augsburg
2226936,79,Tobias Werner,FC Augsburg
2226952,30,Roberto Firmino,1899 Hoffenheim
2226952,90,Sebastian Rudy,1899 Hoffenheim
2226952,39,Gōtoku Sakai,VfB Stuttgart
2226962,21,Thomas Müller,Bayern München
2226962,23,Mario Götze,Bayern München
2226962,36,Arjen Robben,Bayern München
2226962,47,Arjen Robben,Bayern München
2226962,55,Thomas Müller,Bayern München
2226962,56,Robert Lewandowski,Bayern München
2226962,69,Franck Ribéry,Bayern München
2226962,88,Mario Götze,Bayern München
2226968,90,Granit Xhaka,Bor. Mönchengladbach
2226900,64,Lucas Piazón,Eintracht Frankfurt
2226940,14,Felix Klaus,SC Freiburg
2226940,52,Maximilian Philipp,SC Freiburg
2226982,66,Marcelo,Hannover 96
2226982,72,Srđan Lakić,SC Paderborn 07
2226982,79,Alban Meha,SC Paderborn 07
2226821,32,Florian Klein,VfB Stuttgart
2226821,90,Georg Niedermeier,VfB Stuttgart
2226821,25,Pierre-Emerick Aubameyang,Borussia Dortmund
2226821,39,İlkay Gündoğan,Borussia Dortmund
2226821,89,Marco Reus,Borussia Dortmund
2226813,24,Robert Lewandowski,Bayern München
2226813,37,Robert Lewandowski,Bayern München
2226813,63,Arjen Robben,Bayern München
2226813,72,Franck Ribéry,Bayern München
2226813,78,Mitchell Weiser,Bayern München
2226813,86,Arjen Robben,Bayern München
2226827,59,Caiuby,FC Augsburg
2226827,90,Marwin Hitz,FC Augsburg
2226827,8,Josip Drmić,Bayer Leverkusen
2226827,84,Stefan Reinartz,Bayer Leverkusen
2226841,25,Immanuel Höhn,SC Freiburg
2226841,39,Kevin Volland,1899 Hoffenheim
2226855,61,Max Meyer,FC Schalke 04
2226855,90,Sebastian Prödl,Werder Bremen
2226861,38,Christian Clemens,1. FSV Mainz 05
2226861,47,Johannes Geis,1. FSV Mainz 05
2226861,50,Yunus Mallı,1. FSV Mainz 05
2226861,35,Stefan Aigner,Eintracht Frankfurt
2226843,17,Anthony Ujah,1. FC Köln
2226843,5,Joselu,Hannover 96
2226833,73,Zoltán Stieber,Hamburger SV
2226833,90,Branimir Hrgota,Bor. Mönchengladbach
2226847,10,Bas Dost,VfL Wolfsburg
2226847,74,Bas Dost,VfL Wolfsburg
2226847,30,Julian Schieber,Hertha BSC
2227068,3,Bastian Schweinsteiger,Bayern München
2227068,10,Franck Ribéry,Bayern München
2227068,67,Arjen Robben,Bayern München
2227068,75,Robert Lewandowski,Bayern München
2227068,45,Anthony Ujah,1. FC Köln
2227004,78,Pierre-Emerick Aubameyang,Borussia Dortmund
2227004,79,Henrikh Mkhitaryan,Borussia Dortmund
2227004,86,Marco Reus,Borussia Dortmund
2227020,55,Kevin Volland,1899 Hoffenheim
2227020,76,Eugen Polanski,1899 Hoffenheim
2227032,88,Salomon Kalou,Hertha BSC
2227042,33,Simon Rolfes,Bayer Leverkusen
2227052,70,Lars Stindl,Hannover 96
2227052,52,Christian Gentner,VfB Stuttgart
2227060,12,Alexander Meier,Eintracht Frankfurt
2227060,54,Alexander Meier,Eintracht Frankfurt
2227060,45,Zoltán Stieber,Hamburger SV
2227074,18,Fabian Johnson,Bor. Mönchengladbach
2227074,81,Patrick Herrmann,Bor. Mönchengladbach
2227010,9,Zlatko Junuzović,Werder Bremen
2227010,16,Franco Di Santo,Werder Bremen
2227010,10,Daniel Caligiuri,VfL Wolfsburg
2227010,18,Maximilian Arnold,VfL Wolfsburg
2227010,28,Vieirinha,VfL Wolfsburg
2227010,48,Bas Dost,VfL Wolfsburg
2227010,51,Bas Dost,VfL Wolfsburg
2227010,53,Daniel Caligiuri,VfL Wolfsburg
2226881,25,Hiroshi Kiyotake,Hannover 96
2226881,28,Xabi Alonso,Bayern München
2226881,61,Thomas Müller,Bayern München
2226881,72,Thomas Müller,Bayern München
2226896,63,Dominik Kohr,FC Augsburg
2226902,12,Christian Fuchs,FC Schalke 04
2226902,41,Max Meyer,FC Schalke 04
2226902,53,Max Meyer,FC Schalke 04
2226902,73,Kevin Volland,1899 Hoffenheim
2226912,35,Franco Di Santo,Werder Bremen
2226898,73,Johannes Geis,1. FSV Mainz 05
2226898,77,Shinji Okazaki,1. FSV Mainz 05
2226898,26,Raffael,Bor. Mönchengladbach
2226898,67,Raffael,Bor. Mönchengladbach
2226918,28,Deyverson,1. FC Köln
2226918,72,Marcel Risse,1. FC Köln
2226918,79,Yuya Osako,1. FC Köln
2226918,81,Anthony Ujah,1. FC Köln
2226918,58,Alexander Meier,Eintracht Frankfurt
2226918,90,Alexander Meier,Eintracht Frankfurt
2226890,73,Kyriakos Papadopoulos,Bayer Leverkusen
2226890,84,Heung-min Son,Bayer Leverkusen
2226890,90,Heung-min Son,Bayer Leverkusen
2227150,32,Wendell,Bayer Leverkusen
2227150,36,Josip Drmić,Bayer Leverkusen
2227150,50,Karim Bellarabi,Bayer Leverkusen
2227150,59,Josip Drmić,Bayer Leverkusen
2227106,24,Thomas Müller,Bayern München
2227106,45,David Alaba,Bayern München
2227106,76,Robert Lewandowski,Bayern München
2227106,90,Robert Lewandowski,Bayern München
2227114,21,Änis Ben-Hatira,Hertha BSC
2227114,81,Genki Haraguchi,Hertha BSC
2227114,40,Leroy Sané,FC Schalke 04
2227114,90,Joel Matip,FC Schalke 04
2227120,32,Shinji Okazaki,1. FSV Mainz 05
2227120,89,Ja-cheol Koo,1. FSV Mainz 05
2227152,22,Eugen Polanski,1899 Hoffenheim
2227152,81,Eugen Polanski,1899 Hoffenheim
2227152,87,Sebastian Rudy,1899 Hoffenheim
2227162,27,Alexander Meier,Eintracht Frankfurt
2227162,42,Marc Stendera,Eintracht Frankfurt
2227162,55,Stefan Aigner,Eintracht Frankfurt
2227162,82,Nelson Valdez,Eintracht Frankfurt
2227140,19,Kevin De Bruyne,VfL Wolfsburg
2227140,78,Ricardo Rodríguez,VfL Wolfsburg
2227140,84,Maximilian Arnold,VfL Wolfsburg
2227128,43,Patrick Herrmann,Bor. Mönchengladbach
2227128,75,Patrick Herrmann,Bor. Mönchengladbach
2226992,84,Sebastian Langkamp,Hertha BSC
2226958,31,Lars Stindl,Hannover 96
2226958,82,Lars Stindl,Hannover 96
2226958,19,Pierre-Emerick Aubameyang,Borussia Dortmund
2226958,57,Shinji Kagawa,Borussia Dortmund
2226958,61,Pierre-Emerick Aubameyang,Borussia Dortmund
2226986,71,Jonathan Schmid,SC Freiburg
2226986,84,Nils Petersen,SC Freiburg
2226996,88,Matthias Lehmann,1. FC Köln
2226996,27,Davie Selke,Werder Bremen
2227000,63,Daniel Ginczek,VfB Stuttgart
2227000,66,Daniel Ginczek,VfB Stuttgart
2227000,80,Alexandru Maxim,VfB Stuttgart
2227000,51,Haris Seferović,Eintracht Frankfurt
2226966,35,Karim Bellarabi,Bayer Leverkusen
2226970,7,Niko Bungert,1. FSV Mainz 05
2226970,61,Luiz Gustavo,VfL Wolfsburg
2226976,30,Raffael,Bor. Mönchengladbach
2226976,77,Raffael,Bor. Mönchengladbach
2227206,17,Sven Schipplock,1899 Hoffenheim
2227206,26,Max Kruse,Bor. Mönchengladbach
2227206,31,Patrick Herrmann,Bor. Mönchengladbach
2227206,36,Raffael,Bor. Mönchengladbach
2227206,51,Patrick Herrmann,Bor. Mönchengladbach
2227224,27,Alexander Madlung,Eintracht Frankfurt
2227224,54,Stefan Aigner,Eintracht Frankfurt
2227224,68,Marcelo,Hannover 96
2227224,82,Didier Ya Konan,Hannover 96
2227246,41,Ricardo Rodríguez,VfL Wolfsburg
2227246,65,Ricardo Rodríguez,VfL Wolfsburg
2227246,76,André Schürrle,VfL Wolfsburg
2227246,44,Martin Harnik,VfB Stuttgart
2227250,7,Gonzalo Castro,Bayer Leverkusen
2227250,44,Stefan Kießling,Bayer Leverkusen
2227250,56,Stefan Kießling,Bayer Leverkusen
2227250,63,Gonzalo Castro,Bayer Leverkusen
2227254,37,Mike Frantz,SC Freiburg
2227194,36,Robert Lewandowski,Bayern München
2227260,68,Valentin Stocker,Hertha BSC
2227260,88,Nico Schulz,Hertha BSC
2227050,75,Christian Schulz,Hannover 96
2227050,83,Valentin Stocker,Hertha BSC
2227022,1,Oscar Wendt,Bor. Mönchengladbach
2227022,32,Raffael,Bor. Mönchengladbach
2227022,67,Håvard Nordtveit,Bor. Mönchengladbach
2227022,77,İlkay Gündoğan,Borussia Dortmund
2227028,78,Ja-cheol Koo,1. FSV Mainz 05
2227028,90,Ja-cheol Koo,1. FSV Mainz 05
2227028,15,Heung-min Son,Bayer Leverkusen
2227028,59,Stefan Kießling,Bayer Leverkusen
2227028,73,Hakan Çalhanoğlu,Bayer Leverkusen
2227038,48,Elias Kachunga,SC Paderborn 07
2227038,60,Srđan Lakić,SC Paderborn 07
2227038,52,Pierre-Emile Højbjerg,FC Augsburg
2227064,15,Robert Lewandowski,Bayern München
2227064,66,Robert Lewandowski,Bayern München
2227064,82,Thomas Müller,Bayern München
2227036,10,Josuha Guilavogui,VfL Wolfsburg
2227036,73,Daniel Caligiuri,VfL Wolfsburg
2227044,20,Matthias Lehmann,1. FC Köln
2227044,54,Anthony Ujah,1. FC Köln
2227044,78,Jonas Hector,1. FC Köln
2227044,70,Eugen Polanski,1899 Hoffenheim
2227044,88,Anthony Modeste,1899 Hoffenheim
2227058,15,Christian Gentner,VfB Stuttgart
2227058,70,Daniel Ginczek,VfB Stuttgart
2227058,90,Daniel Ginczek,VfB Stuttgart
2227058,50,Davie Selke,Werder Bremen
2227058,86,Jannik Vestergaard,Werder Bremen
2227280,90,Andreas Beck,1899 Hoffenheim
2227280,38,Sebastian Rode,Bayern München
2227292,81,Admir Mehmedi,SC Freiburg
2227292,90,Jonathan Schmid,SC Freiburg
2227292,39,Shinji Okazaki,1. FSV Mainz 05
2227292,45,Shinji Okazaki,1. FSV Mainz 05
2227292,84,Yunus Mallı,1. FSV Mainz 05
2227296,20,Ömer Toprak,Bayer Leverkusen
2227296,40,Julian Brandt,Bayer Leverkusen
2227296,49,Kyriakos Papadopoulos,Bayer Leverkusen
2227296,70,Stefan Kießling,Bayer Leverkusen
2227314,48,Henrikh Mkhitaryan,Borussia Dortmund
2227314,55,Pierre-Emerick Aubameyang,Borussia Dortmund
2227314,80,Shinji Kagawa,Borussia Dortmund
2227302,7,Tobias Werner,FC Augsburg
2227302,73,Raúl Bobadilla,FC Augsburg
2227302,22,Daniel Ginczek,VfB Stuttgart
2227306,84,Franco Di Santo,Werder Bremen
2227284,78,Kevin De Bruyne,VfL Wolfsburg
2227284,53,Leroy Sané,FC Schalke 04
2227088,28,Stefan Bell,1. FSV Mainz 05
2227088,31,Stefan Bell,1. FSV Mainz 05
2227092,83,Bård Finne,1. FC Köln
2227092,60,Julian Brandt,Bayer Leverkusen
2227102,11,Ivica Olić,Hamburger SV
2227102,19,Pierre-Michel Lasogga,Hamburger SV
2227102,71,Pierre-Michel Lasogga,Hamburger SV
2227102,25,Raúl Bobadilla,FC Augsburg
2227102,69,Tobias Werner,FC Augsburg
2227110,24,Lars Stindl,Hannover 96
2227110,2,Anthony Modeste,1899 Hoffenheim
2227110,83,Sven Schipplock,1899 Hoffenheim
2227138,24,Pierre-Emerick Aubameyang,Borussia Dortmund
2227138,32,Shinji Kagawa,Borussia Dortmund
2227146,24,Daniel Ginczek,VfB Stuttgart
2227146,27,Martin Harnik,VfB Stuttgart
2227146,58,Nils Petersen,SC Freiburg
2227146,85,Nils Petersen,SC Freiburg
2227122,80,Bastian Schweinsteiger,Bayern München
2227132,25,Mario Vrančić,SC Paderborn 07
2227132,27,Moritz Stoppelkamp,SC Paderborn 07
2227132,45,Davie Selke,Werder Bremen
2227132,75,Izet Hajrović,Werder Bremen
2227096,90,Max Kruse,Bor. Mönchengladbach
2227298,33,Kevin Volland,1899 Hoffenheim
2227298,35,Mats Hummels,Borussia Dortmund
2227304,24,Bas Dost,VfL Wolfsburg
2227304,45,Ivan Perišić,VfL Wolfsburg
2227304,47,Jimmy Briand,Hannover 96
2227304,58,Salif Sané,Hannover 96
2227308,66,Davie Selke,Werder Bremen
2227312,9,Klaas Jan Huntelaar,FC Schalke 04
2227312,78,Klaas Jan Huntelaar,FC Schalke 04
2227312,22,Martin Harnik,VfB Stuttgart
2227312,51,Filip Kostić,VfB Stuttgart
2227312,89,Florian Klein,VfB Stuttgart
2227320,40,Nils Petersen,SC Freiburg
2227320,70,Lukas Rupp,SC Paderborn 07
2227320,80,Lukas Rupp,SC Paderborn 07
2227294,55,Hakan Çalhanoğlu,Bayer Leverkusen
2227294,81,Julian Brandt,Bayer Leverkusen
2227316,37,Julian Baumgartlinger,1. FSV Mainz 05
2227316,76,Yunus Mallı,1. FSV Mainz 05
2227316,87,Gojko Kačar,Hamburger SV
2227300,13,Valentin Stocker,Hertha BSC
2227300,11,Max Kruse,Bor. Mönchengladbach
2227300,85,Ibrahima Traoré,Bor. Mönchengladbach
2227198,90,Gojko Kačar,Hamburger SV
2227198,25,Admir Mehmedi,SC Freiburg
2227166,50,Max Kruse,Bor. Mönchengladbach
2227166,81,Patrick Herrmann,Bor. Mönchengladbach
2227166,88,Ibrahima Traoré,Bor. Mönchengladbach
2227176,71,Raúl Bobadilla,FC Augsburg
2227182,18,Bastian Oczipka,Eintracht Frankfurt
2227182,27,Haris Seferović,Eintracht Frankfurt
2227182,34,Timothy Chandler,Eintracht Frankfurt
2227182,51,Kevin Volland,1899 Hoffenheim
2227186,9,Neven Subotić,Borussia Dortmund
2227186,47,Erik Durm,Borussia Dortmund
2227192,21,Lars Stindl,Hannover 96
2227192,78,Zlatko Junuzović,Werder Bremen
2227172,66,Daniel Didavi,VfB Stuttgart
2227172,78,Filip Kostić,VfB Stuttgart
2227168,90,Lukas Rupp,SC Paderborn 07
2227168,16,Timm Klose,VfL Wolfsburg
2227168,25,Bas Dost,VfL Wolfsburg
2227168,82,Bas Dost,VfL Wolfsburg
2227160,34,Marcel Risse,1. FC Köln
2227160,89,Yannick Gerhardt,1. FC Köln
2227322,33,Admir Mehmedi,SC Freiburg
2227322,89,Nils Petersen,SC Freiburg
2227322,13,Bastian Schweinsteiger,Bayern München
2227324,1,Daniel Caligiuri,VfL Wolfsburg
2227324,49,Naldo,VfL Wolfsburg
2227324,11,Pierre-Emerick Aubameyang,Borussia Dortmund
2227329,45,Hakan Çalhanoğlu,Bayer Leverkusen
2227329,61,Stefan Kießling,Bayer Leverkusen
2227331,30,Paul Verhaegh,FC Augsburg
2227331,24,Lars Stindl,Hannover 96
2227331,54,Lars Stindl,Hannover 96
2227335,27,Christian Gentner,VfB Stuttgart
2227335,35,Martin Harnik,VfB Stuttgart
2227335,12,Gojko Kačar,Hamburger SV
2227337,47,Ja-cheol Koo,1. FSV Mainz 05
2227337,83,Jairo,1. FSV Mainz 05
2227339,88,Uwe Hünemeier,SC Paderborn 07
2227326,53,Raffael,Bor. Mönchengladbach
2227326,85,Raffael,Bor. Mönchengladbach
2227242,49,Ivica Olić,Hamburger SV
2227242,58,Slobodan Rajković,Hamburger SV
2227244,4,Haris Seferović,Eintracht Frankfurt
2227244,39,Alexander Madlung,Eintracht Frankfurt
2227244,6,Karim Bellarabi,Bayer Leverkusen
2227248,3,Yuya Osako,1. FC Köln
2227248,8,Luiz Gustavo,VfL Wolfsburg
2227248,15,Ivan Perišić,VfL Wolfsburg
2227248,61,Robin Knoche,VfL Wolfsburg
2227252,25,Robert Lewandowski,Bayern München
2227252,48,Bastian Schweinsteiger,Bayern München
2227256,36,Raffael,Bor. Mönchengladbach
2227256,72,Pierre-Emile Højbjerg,FC Augsburg
2227256,77,Tim Matavž,FC Augsburg
2227256,90,Sascha Mölders,FC Augsburg
2227258,8,Anthony Modeste,1899 Hoffenheim
2227258,80,Roberto Firmino,1899 Hoffenheim
2227258,72,Roy Beerens,Hertha BSC
2227262,15,Shinji Kagawa,Borussia Dortmund
2227262,17,Pierre-Emerick Aubameyang,Borussia Dortmund
2227262,42,Henrikh Mkhitaryan,Borussia Dortmund
2227262,26,Levin Öztunali,Werder Bremen
2227262,85,Theodor Gebre Selassie,Werder Bremen
2227266,3,Hiroshi Kiyotake,Hannover 96
2227266,84,Pavel Krmaš,SC Freiburg
2227266,90,Nils Petersen,SC Freiburg
2227268,4,Marc Vucinovic,SC Paderborn 07
2227268,36,Daniel Didavi,VfB Stuttgart
2227268,72,Daniel Ginczek,VfB Stuttgart
