GameID,Minute,Player,Team,Card
2415882,12,Xabi Alonso,Bayern München,yellow
2415882,18,Jérôme Boateng,Bayern München,yellow
2415882,25,Dennis Diekmeier,Hamburger SV,yellow
2415882,35,Emir Spahić,Hamburger SV,yellow
2415884,39,Daniel Brosinski,1. FSV Mainz 05,yellow
2415884,64,Julian Baumgartlinger,1. FSV Mainz 05,yellow
2415884,44,Mathew Leckie,FC Ingolstadt 04,yellow
2415884,52,Benjamin Hübner,FC Ingolstadt 04,yellow
2415884,88,Konstantin Engel,FC Ingolstadt 04,yellow
2415886,58,Aytaç Sulu,SV Darmstadt 98,yellow
2415886,34,Marcelo,Hannover 96,yellow
2415886,79,Artur Sobiech,Hannover 96,yellow
2415888,77,Dennis Aogo,FC Schalke 04,yellow
2415888,80,Marco Höger,FC Schalke 04,yellow
2415890,45,Raúl Bobadilla,FC Augsburg,yellow-red
2415890,78,Dominik Kohr,FC Augsburg,yellow
2415890,18,Vladimír Darida,Hertha BSC,yellow
2415890,66,Roy Beerens,Hertha BSC,yellow-red
2415890,74,Sebastian Langkamp,Hertha BSC,yellow
2415896,11,Wendell,Bayer Leverkusen,yellow
2415898,77,Granit Xhaka,Bor. Mönchengladbach,yellow
2415894,45,Kevin De Bruyne,VfL Wolfsburg,yellow
2415894,45,Carlos Zambrano,Eintracht Frankfurt,yellow
2415892,34,Timo Baumgartl,VfB Stuttgart,yellow
2415892,67,Christian Gentner,VfB Stuttgart,yellow
2415892,71,Emiliano Insúa,VfB Stuttgart,yellow
2415892,61,Frederik Sørensen,1. FC Köln,yellow
2415892,61,Kevin Vogt,1. FC Köln,yellow
2415912,60,Clemens Fritz,Werder Bremen,yellow
2415900,68,Julian Draxler,FC Schalke 04,yellow
2415900,52,Marco Sailer,SV Darmstadt 98,yellow
2415900,90,Sandro Wagner,SV Darmstadt 98,yellow
2415906,20,Makoto Hasebe,Eintracht Frankfurt,yellow
2415906,89,Carlos Zambrano,Eintracht Frankfurt,yellow
2415906,53,Dominik Kohr,FC Augsburg,yellow
2415906,89,Paul Verhaegh,FC Augsburg,yellow
2415906,90,Markus Feulner,FC Augsburg,yellow
2415908,72,Matthias Lehmann,1. FC Köln,yellow
2415908,78,Kevin Vogt,1. FC Köln,yellow
2415908,88,Timm Klose,VfL Wolfsburg,yellow
2415916,63,Pirmin Schwegler,1899 Hoffenheim,yellow
2415916,77,Jin-su Kim,1899 Hoffenheim,yellow
2415916,89,Eugen Polanski,1899 Hoffenheim,yellow
2415916,73,Jérôme Boateng,Bayern München,yellow-red
2415916,75,Thomas Müller,Bayern München,yellow
2415916,82,Rafinha,Bayern München,yellow
2415904,31,Michael Gregoritsch,Hamburger SV,yellow
2415904,48,Johan Djourou,Hamburger SV,yellow
2415904,73,Gideon Jung,Hamburger SV,yellow
2415904,33,Lukas Rupp,VfB Stuttgart,yellow
2415904,53,Florian Klein,VfB Stuttgart,yellow-red
2415904,68,Filip Kostić,VfB Stuttgart,yellow
2415904,72,Daniel Didavi,VfB Stuttgart,yellow
2415920,25,Mathew Leckie,FC Ingolstadt 04,yellow
2415920,29,Roger,FC Ingolstadt 04,yellow
2415920,9,Henrikh Mkhitaryan,Borussia Dortmund,yellow
2415920,31,Neven Subotić,Borussia Dortmund,yellow
2415920,37,Shinji Kagawa,Borussia Dortmund,yellow
2415902,78,Oscar Wendt,Bor. Mönchengladbach,yellow
2415902,90,Julian Korb,Bor. Mönchengladbach,yellow
2415902,44,Fabian Frei,1. FSV Mainz 05,yellow
2415960,51,Luiz Gustavo,VfL Wolfsburg,yellow
2415960,52,Sascha Riether,FC Schalke 04,yellow
2415960,73,Dennis Aogo,FC Schalke 04,yellow
2415967,48,Daniel Didavi,VfB Stuttgart,yellow
2415967,66,Przemysław Tytoń,VfB Stuttgart,red
2415967,86,Adam Hloušek,VfB Stuttgart,yellow
2415967,89,Daniel Ginczek,VfB Stuttgart,yellow
2415967,21,Timothy Chandler,Eintracht Frankfurt,yellow
2415967,26,Marc Stendera,Eintracht Frankfurt,yellow
2415967,50,David Abraham,Eintracht Frankfurt,yellow
2415971,13,Caiuby,FC Augsburg,yellow
2415971,26,Jeong-ho Hong,FC Augsburg,yellow
2415971,90,Tim Matavž,FC Augsburg,yellow
2415971,41,Mathew Leckie,FC Ingolstadt 04,yellow
2415971,57,Moritz Hartmann,FC Ingolstadt 04,yellow
2415971,68,Marvin Matip,FC Ingolstadt 04,yellow
2415980,42,Simon Zoller,1. FC Köln,yellow
2415980,69,Kevin Vogt,1. FC Köln,yellow
2415980,83,Marcel Risse,1. FC Köln,yellow
2415980,49,Sven Schipplock,Hamburger SV,yellow
2415980,55,Albin Ekdal,Hamburger SV,yellow
2415980,79,Emir Spahić,Hamburger SV,red
2415986,67,Edgar Prib,Hannover 96,yellow
2415986,85,Oliver Sorg,Hannover 96,yellow
2415992,25,Peter Niemeyer,SV Darmstadt 98,yellow
2415992,54,Jérôme Gondorf,SV Darmstadt 98,yellow
2415992,62,György Garics,SV Darmstadt 98,yellow
2415992,14,Steven Zuber,1899 Hoffenheim,yellow
2415992,25,Mark Uth,1899 Hoffenheim,yellow
2415943,8,Juan Bernat,Bayern München,yellow
2415943,19,Thiago,Bayern München,yellow
2415943,6,Wendell,Bayer Leverkusen,yellow
2415943,18,Christoph Kramer,Bayer Leverkusen,yellow
2415943,72,Robbie Kruse,Bayer Leverkusen,yellow
2415951,45,Johannes van den Bergh,Hertha BSC,yellow
2415951,50,Mitchell Weiser,Hertha BSC,yellow
2415974,30,Santiago García,Werder Bremen,yellow
2415974,62,Ulisses Garcia,Werder Bremen,yellow
2415974,90,Felix Wiedwald,Werder Bremen,yellow
2415974,66,Håvard Nordtveit,Bor. Mönchengladbach,yellow
2415974,87,Granit Xhaka,Bor. Mönchengladbach,yellow-red
2416028,58,Tony Jantschke,Bor. Mönchengladbach,yellow
2416028,88,Mahmoud Dahoud,Bor. Mönchengladbach,yellow
2416028,35,Albin Ekdal,Hamburger SV,yellow
2416013,89,Paul Verhaegh,FC Augsburg,yellow
2416021,35,Kyriakos Papadopoulos,Bayer Leverkusen,yellow
2416021,41,Wendell,Bayer Leverkusen,yellow
2416021,90,Karim Bellarabi,Bayer Leverkusen,yellow
2416021,68,Christian Mathenia,SV Darmstadt 98,yellow
2416044,84,Felipe,Hannover 96,yellow
2416044,85,Ron-Robert Zieler,Hannover 96,yellow
2416044,90,Salif Sané,Hannover 96,yellow
2416044,56,Mats Hummels,Borussia Dortmund,yellow
2416048,45,Serey Dié,VfB Stuttgart,yellow
2416048,58,Filip Kostić,VfB Stuttgart,yellow
2416048,60,Daniel Didavi,VfB Stuttgart,yellow
2416059,35,Alfredo Morales,FC Ingolstadt 04,yellow
2416059,83,Tobias Levels,FC Ingolstadt 04,yellow
2416059,26,Josuha Guilavogui,VfL Wolfsburg,yellow
2416059,79,Luiz Gustavo,VfL Wolfsburg,yellow
2416059,83,Julian Draxler,VfL Wolfsburg,yellow
2416037,1,Marc Stendera,Eintracht Frankfurt,yellow
2416037,63,Stefan Reinartz,Eintracht Frankfurt,yellow
2416037,89,Jonas Hector,1. FC Köln,yellow
2416054,53,Kevin Volland,1899 Hoffenheim,yellow
2416054,60,Eugen Polanski,1899 Hoffenheim,yellow
2416054,18,Zlatko Junuzović,Werder Bremen,yellow
2416054,66,Assani Lukimya,Werder Bremen,yellow
2416054,69,Clemens Fritz,Werder Bremen,yellow
2416054,90,Anthony Ujah,Werder Bremen,yellow
2416018,84,Joel Matip,FC Schalke 04,yellow
2416018,24,Pierre Bengtsson,1. FSV Mainz 05,yellow
2416018,40,Danny Latza,1. FSV Mainz 05,yellow
2416018,73,Stefan Bell,1. FSV Mainz 05,yellow
2416105,90,Florian Niederlechner,1. FSV Mainz 05,yellow
2416105,41,Fabian Schär,1899 Hoffenheim,yellow
2416105,49,Ermin Bičakčić,1899 Hoffenheim,yellow
2416081,57,Julian Draxler,VfL Wolfsburg,yellow
2416081,19,Marvin Plattenhardt,Hertha BSC,yellow
2416081,88,Fabian Lustenberger,Hertha BSC,yellow
2416085,9,Makoto Hasebe,Eintracht Frankfurt,yellow
2416085,65,Haris Seferović,Eintracht Frankfurt,yellow
2416085,67,Marco Russ,Eintracht Frankfurt,yellow
2416085,76,Bastian Oczipka,Eintracht Frankfurt,yellow
2416097,56,Theodor Gebre Selassie,Werder Bremen,yellow
2416097,66,Assani Lukimya,Werder Bremen,yellow
2416097,86,Claudio Pizarro,Werder Bremen,yellow
2416097,90,Philipp Bargfrede,Werder Bremen,red
2416097,26,Benjamin Hübner,FC Ingolstadt 04,yellow
2416097,28,Pascal Groß,FC Ingolstadt 04,yellow
2416097,39,Markus Suttner,FC Ingolstadt 04,yellow
2416097,82,Alfredo Morales,FC Ingolstadt 04,yellow
2416101,23,Granit Xhaka,Bor. Mönchengladbach,yellow
2416101,70,Thorgan Hazard,Bor. Mönchengladbach,yellow
2416101,78,Oscar Wendt,Bor. Mönchengladbach,yellow
2416110,73,Sandro Wagner,SV Darmstadt 98,yellow
2416110,78,Aytaç Sulu,SV Darmstadt 98,yellow
2416110,80,Javi Martínez,Bayern München,yellow
2416089,20,Florian Klein,VfB Stuttgart,yellow
2416089,44,Emiliano Insúa,VfB Stuttgart,yellow
2416089,75,Toni Šunjić,VfB Stuttgart,yellow
2416089,49,Franco Di Santo,FC Schalke 04,yellow
2416089,52,Leroy Sané,FC Schalke 04,yellow
2416089,61,Dennis Aogo,FC Schalke 04,yellow
2416074,61,Sokratis Papastathopoulos,Borussia Dortmund,yellow
2416074,41,Kevin Kampl,Bayer Leverkusen,yellow
2416074,71,Kyriakos Papadopoulos,Bayer Leverkusen,yellow
2416074,73,Wendell,Bayer Leverkusen,yellow
2416093,34,Paul Verhaegh,FC Augsburg,yellow
2416093,23,Oliver Sorg,Hannover 96,yellow
2416093,31,Marcelo,Hannover 96,yellow
2416093,71,Christian Schulz,Hannover 96,yellow
2416093,89,Leon Andreasen,Hannover 96,yellow
2416132,82,Arturo Vidal,Bayern München,yellow
2416132,42,Daniel Caligiuri,VfL Wolfsburg,yellow
2416132,74,Ricardo Rodríguez,VfL Wolfsburg,yellow
2416170,11,Per Skjelbred,Hertha BSC,yellow
2416170,73,Philipp Hosiner,1. FC Köln,yellow
2416177,52,Lukas Hinterseer,FC Ingolstadt 04,yellow
2416177,90,Roger,FC Ingolstadt 04,yellow
2416177,33,Pierre-Michel Lasogga,Hamburger SV,yellow
2416180,28,Fabian Holland,SV Darmstadt 98,yellow
2416180,40,Peter Niemeyer,SV Darmstadt 98,yellow
2416180,88,Júnior Díaz,SV Darmstadt 98,yellow
2416180,30,Felix Wiedwald,Werder Bremen,yellow
2416180,88,Fin Bartels,Werder Bremen,yellow-red
2416141,12,Marco Höger,FC Schalke 04,yellow
2416141,87,Sead Kolašinac,FC Schalke 04,yellow
2416141,65,Marco Russ,Eintracht Frankfurt,yellow
2416141,79,David Abraham,Eintracht Frankfurt,yellow
2416149,51,Lars Bender,Bayer Leverkusen,yellow
2416149,75,Giulio Donati,Bayer Leverkusen,yellow
2416149,84,André Ramalho,Bayer Leverkusen,yellow
2416154,47,Granit Xhaka,Bor. Mönchengladbach,yellow
2416154,53,Lars Stindl,Bor. Mönchengladbach,yellow
2416154,11,Kostas Stafylidis,FC Augsburg,yellow
2416154,16,Paul Verhaegh,FC Augsburg,yellow
2416154,80,Jeong-ho Hong,FC Augsburg,yellow
2416154,86,Daniel Baier,FC Augsburg,yellow
2416154,90,Dong-won Ji,FC Augsburg,yellow
2416162,58,Christian Schulz,Hannover 96,yellow
2416162,79,Allan Saint-Maximin,Hannover 96,yellow
2416162,81,Artur Sobiech,Hannover 96,yellow
2416162,38,Daniel Didavi,VfB Stuttgart,yellow
2416162,45,Serey Dié,VfB Stuttgart,yellow
2416162,88,Lukas Rupp,VfB Stuttgart,yellow
2416175,9,Ermin Bičakčić,1899 Hoffenheim,yellow
2416175,82,Kevin Volland,1899 Hoffenheim,yellow
2416175,69,İlkay Gündoğan,Borussia Dortmund,yellow
2415955,62,Dominique Heintz,1. FC Köln,yellow
2415955,85,Matthias Lehmann,1. FC Köln,yellow
2415955,64,Marvin Matip,FC Ingolstadt 04,yellow
2415955,76,Mathew Leckie,FC Ingolstadt 04,yellow
2415955,80,Benjamin Hübner,FC Ingolstadt 04,yellow
2415928,26,Josuha Guilavogui,VfL Wolfsburg,yellow
2415928,69,Maximilian Arnold,VfL Wolfsburg,yellow
2415928,83,Felipe,Hannover 96,yellow
2415928,90,Marcelo,Hannover 96,yellow
2415933,16,Timo Baumgartl,VfB Stuttgart,yellow
2415933,61,Toni Šunjić,VfB Stuttgart,yellow
2415933,64,Christian Gentner,VfB Stuttgart,yellow
2415933,88,Serey Dié,VfB Stuttgart,yellow
2415933,78,Yann Sommer,Bor. Mönchengladbach,yellow
2415936,68,Jeong-ho Hong,FC Augsburg,yellow
2415936,48,Tobias Strobl,1899 Hoffenheim,yellow
2415936,60,Kevin Volland,1899 Hoffenheim,yellow
2415936,65,Niklas Süle,1899 Hoffenheim,yellow
2415936,78,Pirmin Schwegler,1899 Hoffenheim,yellow
2415942,39,Santiago García,Werder Bremen,yellow
2415942,43,Karim Bellarabi,Bayer Leverkusen,yellow
2415942,83,Giulio Donati,Bayer Leverkusen,yellow
2415959,28,Julian Baumgartlinger,1. FSV Mainz 05,yellow
2415959,27,Xabi Alonso,Bayern München,yellow
2415931,83,Johan Djourou,Hamburger SV,yellow
2415931,19,Johannes Geis,FC Schalke 04,yellow
2415931,64,Roman Neustädter,FC Schalke 04,yellow
2415931,90,Ralf Fährmann,FC Schalke 04,yellow
2415950,19,Marc Stendera,Eintracht Frankfurt,yellow
2415950,86,Aleksandar Ignjovski,Eintracht Frankfurt,yellow
2415950,16,Niklas Stark,Hertha BSC,yellow
2415924,45,Sandro Wagner,SV Darmstadt 98,yellow
2415924,54,Marcel Heller,SV Darmstadt 98,yellow
2416009,52,Luca Caldirola,SV Darmstadt 98,yellow
2416009,21,Danny Latza,1. FSV Mainz 05,yellow
2416009,70,Loris Karius,1. FSV Mainz 05,yellow
2415989,44,Granit Xhaka,Bor. Mönchengladbach,yellow
2415989,44,Fabian Johnson,Bor. Mönchengladbach,yellow
2415989,41,Marcel Schäfer,VfL Wolfsburg,yellow
2415989,68,Ricardo Rodríguez,VfL Wolfsburg,yellow
2415989,77,Max Kruse,VfL Wolfsburg,yellow
2415997,19,Salif Sané,Hannover 96,yellow
2415997,51,Christian Schulz,Hannover 96,yellow
2415997,89,Ceyhun Gülselam,Hannover 96,yellow
2415997,90,Ron-Robert Zieler,Hannover 96,yellow
2415997,36,Fin Bartels,Werder Bremen,yellow
2416000,53,Genki Haraguchi,Hertha BSC,yellow
2416000,64,Nicolai Müller,Hamburger SV,yellow
2416004,60,Sebastian Rudy,1899 Hoffenheim,yellow
2416004,78,Kevin Volland,1899 Hoffenheim,yellow
2416004,90,Pirmin Schwegler,1899 Hoffenheim,yellow
2416004,73,Daniel Schwaab,VfB Stuttgart,yellow
2416006,65,Markus Suttner,FC Ingolstadt 04,yellow
2416006,31,Makoto Hasebe,Eintracht Frankfurt,yellow
2416006,54,Bastian Oczipka,Eintracht Frankfurt,yellow
2415983,79,Johannes Geis,FC Schalke 04,yellow
2415983,90,Max Meyer,FC Schalke 04,yellow
2415983,50,Leonardo Bittencourt,1. FC Köln,yellow
2415983,69,Marcel Risse,1. FC Köln,yellow
2415976,4,David Alaba,Bayern München,yellow
2415976,78,Jérôme Boateng,Bayern München,yellow
2415976,83,Joshua Kimmich,Bayern München,yellow
2415976,80,Pierre-Emerick Aubameyang,Borussia Dortmund,yellow
2415988,69,Wendell,Bayer Leverkusen,yellow
2415988,72,Giulio Donati,Bayer Leverkusen,yellow
2415988,52,Jan-Ingwer Callsen-Bracker,FC Augsburg,yellow
2415988,68,Daniel Baier,FC Augsburg,yellow
2415988,90,Marwin Hitz,FC Augsburg,yellow
2416066,59,Jairo,1. FSV Mainz 05,yellow
2416066,68,Daniel Brosinski,1. FSV Mainz 05,yellow
2416066,10,Henrikh Mkhitaryan,Borussia Dortmund,yellow
2416032,17,Franco Di Santo,FC Schalke 04,yellow
2416032,63,Benedikt Höwedes,FC Schalke 04,yellow
2416032,75,Johannes Geis,FC Schalke 04,yellow
2416032,16,Genki Haraguchi,Hertha BSC,yellow
2416032,18,Vedad Ibišević,Hertha BSC,red
2416032,60,Sebastian Langkamp,Hertha BSC,yellow
2416032,70,Vladimír Darida,Hertha BSC,yellow
2416032,84,Jens Hegeler,Hertha BSC,yellow
2416035,57,Daniel Caligiuri,VfL Wolfsburg,yellow
2416035,59,Christian Träsch,VfL Wolfsburg,yellow
2416035,71,Luiz Gustavo,VfL Wolfsburg,yellow
2416035,85,Vieirinha,VfL Wolfsburg,yellow
2416043,26,Aaron Hunt,Hamburger SV,yellow
2416043,31,Pierre-Michel Lasogga,Hamburger SV,yellow
2416043,38,Albin Ekdal,Hamburger SV,yellow
2416043,59,Ivo Iličević,Hamburger SV,yellow
2416043,88,Marcelo Díaz,Hamburger SV,yellow
2416043,90,Emir Spahić,Hamburger SV,yellow
2416043,74,Javier Hernández,Bayer Leverkusen,yellow
2416043,75,Tin Jedvaj,Bayer Leverkusen,yellow
2416052,61,Daniel Baier,FC Augsburg,yellow
2416052,67,Caiuby,FC Augsburg,yellow
2416052,47,Marcel Heller,SV Darmstadt 98,yellow
2416052,66,György Garics,SV Darmstadt 98,yellow
2416052,85,Luca Caldirola,SV Darmstadt 98,yellow
2416053,60,Santiago García,Werder Bremen,yellow
2416053,80,Philipp Bargfrede,Werder Bremen,yellow
2416053,42,Rafinha,Bayern München,yellow
2416053,82,Joshua Kimmich,Bayern München,yellow
2416056,62,Haris Seferović,Eintracht Frankfurt,yellow
2416056,64,Stefan Aigner,Eintracht Frankfurt,yellow
2416056,76,Constant Djakpa,Eintracht Frankfurt,yellow
2416056,82,Marco Russ,Eintracht Frankfurt,yellow
2416056,28,Yann Sommer,Bor. Mönchengladbach,yellow
2416056,31,Lars Stindl,Bor. Mönchengladbach,yellow
2416056,59,Julian Korb,Bor. Mönchengladbach,yellow
2416062,21,Frederik Sørensen,1. FC Köln,yellow
2416062,50,Yuya Osako,1. FC Köln,yellow
2416062,81,Marcel Risse,1. FC Köln,yellow
2416062,23,Manuel Schmiedebach,Hannover 96,yellow
2416062,67,Salif Sané,Hannover 96,yellow
2416047,4,Martin Harnik,VfB Stuttgart,yellow
2416047,67,Lukas Rupp,VfB Stuttgart,yellow
2416047,86,Serey Dié,VfB Stuttgart,yellow-red
2416047,89,Toni Šunjić,VfB Stuttgart,yellow
2416047,90,Romain Brégerie,FC Ingolstadt 04,yellow
2416095,68,Ermin Bičakčić,1899 Hoffenheim,yellow-red
2416095,80,Eugen Polanski,1899 Hoffenheim,yellow
2416095,89,Kevin Volland,1899 Hoffenheim,yellow
2416095,26,Lewis Holtby,Hamburger SV,yellow
2416095,57,Matthias Ostrzolek,Hamburger SV,yellow
2416095,77,Michael Gregoritsch,Hamburger SV,yellow
2416095,84,Sven Schipplock,Hamburger SV,yellow
2416077,55,Rafinha,Bayern München,yellow
2416077,61,Matthias Lehmann,1. FC Köln,yellow
2416084,86,Sebastian Boenisch,Bayer Leverkusen,yellow
2416084,90,Admir Mehmedi,Bayer Leverkusen,yellow
2416084,45,Toni Šunjić,VfB Stuttgart,yellow
2416084,81,Daniel Schwaab,VfB Stuttgart,yellow
2416084,90,Mart Ristl,VfB Stuttgart,yellow
2416084,90,Emiliano Insúa,VfB Stuttgart,yellow
2416092,53,Salif Sané,Hannover 96,yellow
2416092,28,Stefan Reinartz,Eintracht Frankfurt,yellow
2416092,35,Marco Russ,Eintracht Frankfurt,yellow
2416092,68,Haris Seferović,Eintracht Frankfurt,yellow
2416092,73,Carlos Zambrano,Eintracht Frankfurt,yellow
2416096,62,Leon Balogun,1. FSV Mainz 05,yellow
2416096,79,Jairo,1. FSV Mainz 05,yellow
2416096,11,Clemens Fritz,Werder Bremen,yellow
2416103,59,Konstantin Rausch,SV Darmstadt 98,yellow
2416103,62,Sandro Wagner,SV Darmstadt 98,yellow
2416103,75,Dante,VfL Wolfsburg,yellow
2416100,38,Alfredo Morales,FC Ingolstadt 04,yellow
2416100,90,Tomáš Pekhart,FC Ingolstadt 04,yellow
2416100,16,Fabian Lustenberger,Hertha BSC,yellow
2416100,30,Sebastian Langkamp,Hertha BSC,yellow
2416100,55,Marvin Plattenhardt,Hertha BSC,yellow
2416080,60,Tobias Werner,FC Augsburg,yellow
2416080,73,Markus Feulner,FC Augsburg,yellow
2416087,52,Oscar Wendt,Bor. Mönchengladbach,yellow
2416087,72,Raffael,Bor. Mönchengladbach,yellow
2416087,27,Junior Caiçara,FC Schalke 04,yellow
2416087,72,Benedikt Höwedes,FC Schalke 04,yellow
2416087,80,Joel Matip,FC Schalke 04,yellow
2416087,80,Johannes Geis,FC Schalke 04,red
2416158,1,Stefan Aigner,Eintracht Frankfurt,yellow
2416158,57,Haris Seferović,Eintracht Frankfurt,yellow
2416158,83,David Abraham,Eintracht Frankfurt,yellow
2416158,90,Aleksandar Ignjovski,Eintracht Frankfurt,yellow
2416158,69,Philipp Lahm,Bayern München,yellow
2416158,85,Arjen Robben,Bayern München,yellow
2416127,60,Benedikt Höwedes,FC Schalke 04,yellow
2416127,61,Pascal Groß,FC Ingolstadt 04,yellow
2416127,72,Lukas Hinterseer,FC Ingolstadt 04,yellow
2416146,62,Dong-won Ji,FC Augsburg,yellow
2416146,63,Ja-cheol Koo,FC Augsburg,yellow
2416146,69,Dominik Kohr,FC Augsburg,yellow
2416146,41,Pablo de Blasis,1. FSV Mainz 05,yellow
2416146,44,Gonzalo Jara,1. FSV Mainz 05,yellow
2416146,47,Danny Latza,1. FSV Mainz 05,yellow
2416153,55,Janek Sternberg,Werder Bremen,yellow
2416153,60,Clemens Fritz,Werder Bremen,yellow
2416153,64,Gálvez,Werder Bremen,yellow
2416161,66,Yuya Osako,1. FC Köln,yellow
2416161,74,Dominic Maroh,1. FC Köln,yellow
2416161,30,Pirmin Schwegler,1899 Hoffenheim,yellow
2416169,54,Sebastian Langkamp,Hertha BSC,yellow
2416169,77,Valentin Stocker,Hertha BSC,yellow
2416169,76,Fabian Johnson,Bor. Mönchengladbach,yellow
2416130,17,Kyriakos Papadopoulos,Bayer Leverkusen,yellow
2416130,78,Wendell,Bayer Leverkusen,yellow
2416140,33,Przemysław Tytoń,VfB Stuttgart,yellow
2416140,54,Serey Dié,VfB Stuttgart,yellow
2416140,58,Florian Klein,VfB Stuttgart,yellow
2416140,61,György Garics,SV Darmstadt 98,yellow
2416140,90,Júnior Díaz,SV Darmstadt 98,yellow
2416200,5,Artur Sobiech,Hannover 96,yellow
2416200,59,Leon Andreasen,Hannover 96,yellow
2416200,28,Vladimír Darida,Hertha BSC,yellow
2416200,69,Marvin Plattenhardt,Hertha BSC,yellow
2416200,77,Per Skjelbred,Hertha BSC,yellow
2416189,53,Kyriakos Papadopoulos,Bayer Leverkusen,red
2416189,86,André Ramalho,Bayer Leverkusen,yellow
2416189,40,Leonardo Bittencourt,1. FC Köln,yellow
2416189,65,Dominique Heintz,1. FC Köln,yellow
2416195,74,Domínguez,Bor. Mönchengladbach,yellow
2416195,86,Granit Xhaka,Bor. Mönchengladbach,yellow-red
2416195,31,Romain Brégerie,FC Ingolstadt 04,yellow
2416195,37,Mathew Leckie,FC Ingolstadt 04,yellow
2416195,49,Pascal Groß,FC Ingolstadt 04,yellow
2416195,59,Tobias Levels,FC Ingolstadt 04,yellow
2416195,67,Konstantin Engel,FC Ingolstadt 04,yellow
2416195,84,Alfredo Morales,FC Ingolstadt 04,yellow
2416203,68,Pirmin Schwegler,1899 Hoffenheim,yellow
2416203,11,Haris Seferović,Eintracht Frankfurt,yellow
2416203,78,Carlos Zambrano,Eintracht Frankfurt,yellow
2416203,90,Marc Stendera,Eintracht Frankfurt,yellow
2416208,34,Jairo,1. FSV Mainz 05,yellow
2416208,57,Danny Latza,1. FSV Mainz 05,yellow
2416208,14,Julian Draxler,VfL Wolfsburg,red
2416208,35,Luiz Gustavo,VfL Wolfsburg,yellow
2416208,76,Daniel Caligiuri,VfL Wolfsburg,yellow
2416208,80,Dante,VfL Wolfsburg,yellow
2416211,25,Sandro Wagner,SV Darmstadt 98,yellow
2416211,45,Jérôme Gondorf,SV Darmstadt 98,yellow
2416211,52,Peter Niemeyer,SV Darmstadt 98,yellow
2416211,56,György Garics,SV Darmstadt 98,yellow
2416211,57,Johan Djourou,Hamburger SV,yellow
2416211,85,Michael Gregoritsch,Hamburger SV,yellow
2416187,48,Pierre-Emerick Aubameyang,Borussia Dortmund,yellow
2416187,82,Marcel Schmelzer,Borussia Dortmund,yellow
2416187,89,Julian Weigl,Borussia Dortmund,yellow
2416187,38,Leon Goretzka,FC Schalke 04,yellow
2416187,46,Junior Caiçara,FC Schalke 04,yellow
2416187,60,Franco Di Santo,FC Schalke 04,yellow
2416187,90,Felix Platte,FC Schalke 04,yellow
2416196,3,Dominik Kohr,FC Augsburg,yellow
2416196,11,Santiago García,Werder Bremen,yellow
2416196,78,Jannik Vestergaard,Werder Bremen,yellow
2416196,90,Zlatko Junuzović,Werder Bremen,yellow
2416196,90,Felix Wiedwald,Werder Bremen,yellow
2415929,19,Roman Bürki,Borussia Dortmund,yellow
2415918,57,Oscar Wendt,Bor. Mönchengladbach,yellow
2415918,62,Oliver Sorg,Hannover 96,yellow
2415922,26,Gálvez,Werder Bremen,yellow
2415922,44,Clemens Fritz,Werder Bremen,yellow
2415939,66,Bastian Oczipka,Eintracht Frankfurt,yellow
2415939,69,Joel Gerezgiher,Eintracht Frankfurt,yellow
2415939,77,Admir Mehmedi,Bayer Leverkusen,yellow
2415948,34,Anthony Modeste,1. FC Köln,yellow
2415948,61,Yoshinori Mutō,1. FSV Mainz 05,yellow
2415934,57,Serey Dié,VfB Stuttgart,yellow
2415934,67,Jan Kliment,VfB Stuttgart,yellow
2415934,38,Ja-cheol Koo,FC Augsburg,yellow
2415914,61,Klaas Jan Huntelaar,FC Schalke 04,yellow
2415914,82,Pierre-Emile Højbjerg,FC Schalke 04,yellow
2415957,35,Fabian Lustenberger,Hertha BSC,yellow
2415957,85,Per Skjelbred,Hertha BSC,yellow
2415957,32,Eugen Polanski,1899 Hoffenheim,yellow
2415964,54,Moritz Hartmann,FC Ingolstadt 04,yellow
2415964,63,Pascal Groß,FC Ingolstadt 04,yellow
2415964,2,Jan Rosenthal,SV Darmstadt 98,yellow
2415964,49,Peter Niemeyer,SV Darmstadt 98,yellow
2415964,90,Aytaç Sulu,SV Darmstadt 98,yellow
2416039,45,György Garics,SV Darmstadt 98,yellow
2416039,74,Aytaç Sulu,SV Darmstadt 98,yellow
2416039,80,Simon Zoller,1. FC Köln,yellow
2415994,15,Sebastian Langkamp,Hertha BSC,yellow
2415994,24,Per Skjelbred,Hertha BSC,yellow
2415994,48,Vedad Ibišević,Hertha BSC,yellow
2416011,30,Fin Bartels,Werder Bremen,yellow
2416011,54,Assani Lukimya,Werder Bremen,yellow
2416011,18,Gōtoku Sakai,Hamburger SV,yellow
2416016,15,Leon Andreasen,Hannover 96,yellow
2416016,50,Christian Schulz,Hannover 96,yellow
2416016,79,Ceyhun Gülselam,Hannover 96,yellow
2416016,50,Tobias Levels,FC Ingolstadt 04,yellow
2416016,56,Marvin Matip,FC Ingolstadt 04,yellow
2416016,60,Danny da Costa,FC Ingolstadt 04,yellow
2416023,8,Nadiem Amiri,1899 Hoffenheim,yellow
2416023,59,Jin-su Kim,1899 Hoffenheim,yellow
2416023,25,Mahmoud Dahoud,Bor. Mönchengladbach,yellow
2416030,62,Danny Latza,1. FSV Mainz 05,yellow
2416030,65,Alexander Hack,1. FSV Mainz 05,yellow
2416030,83,Florian Niederlechner,1. FSV Mainz 05,yellow
2416030,90,Julian Baumgartlinger,1. FSV Mainz 05,yellow
2416030,25,David Abraham,Eintracht Frankfurt,yellow
2416030,40,Alexander Meier,Eintracht Frankfurt,yellow-red
2416030,89,Mijat Gaćinović,Eintracht Frankfurt,yellow
2415998,52,Sokratis Papastathopoulos,Borussia Dortmund,yellow
2416002,8,Jonathan Tah,Bayer Leverkusen,yellow
2416002,38,Eric Maxim Choupo-Moting,FC Schalke 04,yellow
2416002,75,Leon Goretzka,FC Schalke 04,yellow
2416007,39,Raúl Bobadilla,FC Augsburg,yellow
2416007,53,Ja-cheol Koo,FC Augsburg,yellow
2416007,60,Caiuby,FC Augsburg,yellow
2416007,44,Naldo,VfL Wolfsburg,yellow
2416007,83,Daniel Caligiuri,VfL Wolfsburg,yellow
2416007,85,Dante,VfL Wolfsburg,yellow-red
2416112,9,Sascha Riether,FC Schalke 04,yellow
2416112,51,Marcelo,Hannover 96,yellow
2416116,74,Lars Stindl,Bor. Mönchengladbach,yellow
2416116,4,Medhi Benatia,Bayern München,yellow
2416116,86,Rafinha,Bayern München,yellow
2416136,44,Gideon Jung,Hamburger SV,yellow
2416136,84,Johan Djourou,Hamburger SV,yellow
2416136,43,Julian Baumgartlinger,1. FSV Mainz 05,yellow
2416159,76,Jonas Hector,1. FC Köln,yellow
2416159,86,Dominic Maroh,1. FC Köln,yellow
2416159,54,Paul Verhaegh,FC Augsburg,yellow
2416159,56,Markus Feulner,FC Augsburg,yellow
2416159,83,Raúl Bobadilla,FC Augsburg,yellow
2416166,35,Vladimír Darida,Hertha BSC,yellow
2416166,17,Sebastian Boenisch,Bayer Leverkusen,red
2416166,61,Kevin Kampl,Bayer Leverkusen,yellow
2416166,84,Roberto Hilbert,Bayer Leverkusen,yellow
2416166,90,Javier Hernández,Bayer Leverkusen,yellow
2416172,50,Alfredo Morales,FC Ingolstadt 04,yellow
2416172,80,Stefan Lex,FC Ingolstadt 04,yellow
2416172,74,Fabian Schär,1899 Hoffenheim,yellow
2416121,46,Maximilian Arnold,VfL Wolfsburg,yellow
2416121,54,Vieirinha,VfL Wolfsburg,yellow
2416121,81,Christian Träsch,VfL Wolfsburg,yellow
2416121,44,Marco Reus,Borussia Dortmund,yellow
2416121,90,Łukasz Piszczek,Borussia Dortmund,yellow
2416144,25,Serey Dié,VfB Stuttgart,yellow
2416144,49,Filip Kostić,VfB Stuttgart,yellow
2416144,30,Philipp Bargfrede,Werder Bremen,yellow
2416144,53,Clemens Fritz,Werder Bremen,yellow
2416151,39,Haris Seferović,Eintracht Frankfurt,yellow
2416151,58,Marc Stendera,Eintracht Frankfurt,yellow
2416151,59,Carlos Zambrano,Eintracht Frankfurt,yellow
2416151,87,Marco Russ,Eintracht Frankfurt,yellow
2416151,50,Fabian Holland,SV Darmstadt 98,yellow
2416151,58,Peter Niemeyer,SV Darmstadt 98,yellow
2416151,85,Christian Mathenia,SV Darmstadt 98,yellow
2416229,36,Niko Bungert,1. FSV Mainz 05,yellow
2416229,88,Lukas Rupp,VfB Stuttgart,yellow
2416193,55,Jérôme Boateng,Bayern München,yellow
2416193,89,Javi Martínez,Bayern München,yellow
2416193,56,Tobias Levels,FC Ingolstadt 04,yellow
2416212,71,Julian Draxler,VfL Wolfsburg,yellow
2416212,16,Pierre-Michel Lasogga,Hamburger SV,yellow
2416212,58,Gideon Jung,Hamburger SV,yellow
2416212,74,Matthias Ostrzolek,Hamburger SV,yellow
2416212,82,Michael Gregoritsch,Hamburger SV,yellow
2416219,69,Fin Bartels,Werder Bremen,yellow
2416219,70,Levin Öztunali,Werder Bremen,yellow
2416219,83,Clemens Fritz,Werder Bremen,yellow
2416219,45,Kevin Vogt,1. FC Köln,yellow
2416219,50,Yannick Gerhardt,1. FC Köln,yellow
2416223,19,Fabian Schär,1899 Hoffenheim,yellow
2416223,38,Ceyhun Gülselam,Hannover 96,yellow
2416223,72,Miiko Albornoz,Hannover 96,yellow
2416223,82,Leon Andreasen,Hannover 96,yellow
2416231,38,Jérôme Gondorf,SV Darmstadt 98,yellow
2416231,39,Sandro Wagner,SV Darmstadt 98,yellow
2416231,58,Konstantin Rausch,SV Darmstadt 98,yellow
2416231,76,Mario Vrančić,SV Darmstadt 98,yellow
2416231,38,Sebastian Langkamp,Hertha BSC,yellow
2416206,40,Tony Jantschke,Bor. Mönchengladbach,yellow
2416206,81,Julian Korb,Bor. Mönchengladbach,yellow
2416216,3,Dominik Kohr,FC Augsburg,yellow
2416216,27,Ja-cheol Koo,FC Augsburg,yellow
2416216,32,Sead Kolašinac,FC Schalke 04,yellow
2416201,44,Slobodan Medojević,Eintracht Frankfurt,yellow-red
2416244,90,Leon Goretzka,FC Schalke 04,yellow
2416244,57,Tobias Strobl,1899 Hoffenheim,yellow
2416244,58,Sebastian Rudy,1899 Hoffenheim,yellow
2416256,52,Alexander Esswein,FC Augsburg,yellow
2416256,56,Caiuby,FC Augsburg,yellow
2416265,10,Václav Kadlec,Eintracht Frankfurt,yellow
2416265,42,Stefan Aigner,Eintracht Frankfurt,yellow
2416265,79,Aleksandar Ignjovski,Eintracht Frankfurt,yellow
2416265,14,Clemens Fritz,Werder Bremen,yellow
2416265,78,Janek Sternberg,Werder Bremen,yellow
2416265,79,Philipp Bargfrede,Werder Bremen,yellow
2416265,86,Levin Öztunali,Werder Bremen,yellow
2416265,87,Ulisses Garcia,Werder Bremen,yellow
2416271,72,Matthias Lehmann,1. FC Köln,yellow
2416271,83,Simon Zoller,1. FC Köln,yellow
2416271,90,Anthony Modeste,1. FC Köln,yellow
2416271,67,Pierre-Emerick Aubameyang,Borussia Dortmund,yellow
2416337,73,Marvin Matip,FC Ingolstadt 04,yellow
2416337,76,Danny da Costa,FC Ingolstadt 04,yellow
2416337,45,Christoph Kramer,Bayer Leverkusen,yellow
2416337,74,Javier Hernández,Bayer Leverkusen,yellow
2416337,90,Kevin Kampl,Bayer Leverkusen,yellow
2416260,70,Toni Šunjić,VfB Stuttgart,yellow-red
2416260,76,Georg Niedermeier,VfB Stuttgart,yellow
2416260,68,André Schürrle,VfL Wolfsburg,yellow
2416251,38,Granit Xhaka,Bor. Mönchengladbach,red
2416251,45,Lars Stindl,Bor. Mönchengladbach,yellow
2416251,38,Peter Niemeyer,SV Darmstadt 98,yellow
2416251,45,Luca Caldirola,SV Darmstadt 98,yellow
2416251,60,Fabian Holland,SV Darmstadt 98,yellow
2416251,65,Marcel Heller,SV Darmstadt 98,yellow
2415883,20,Matthias Ostrzolek,Hamburger SV,yellow
2415883,32,Gojko Kačar,Hamburger SV,yellow
2415883,36,René Adler,Hamburger SV,yellow
2415883,42,Nicolai Müller,Hamburger SV,yellow
2415883,45,Philipp Lahm,Bayern München,yellow
2415883,82,Xabi Alonso,Bayern München,yellow
2415885,52,Pascal Groß,FC Ingolstadt 04,yellow
2415885,60,Alfredo Morales,FC Ingolstadt 04,yellow
2415885,79,Danny Latza,1. FSV Mainz 05,yellow
2415885,88,Jhon Córdoba,1. FSV Mainz 05,yellow
2415887,44,Salif Sané,Hannover 96,yellow
2415887,81,Christian Schulz,Hannover 96,yellow
2415887,22,Peter Niemeyer,SV Darmstadt 98,yellow
2415887,25,Sandro Wagner,SV Darmstadt 98,yellow
2415887,42,Jérôme Gondorf,SV Darmstadt 98,yellow
2415887,77,Konstantin Rausch,SV Darmstadt 98,yellow
2415887,84,György Garics,SV Darmstadt 98,yellow
2415891,25,Vedad Ibišević,Hertha BSC,yellow
2415891,45,John Anthony Brooks,Hertha BSC,yellow
2415891,42,Philipp Max,FC Augsburg,yellow
2415891,45,Caiuby,FC Augsburg,yellow
2415891,75,Paul Verhaegh,FC Augsburg,yellow
2415893,18,Georg Niedermeier,VfB Stuttgart,yellow
2415897,17,Jin-su Kim,1899 Hoffenheim,yellow
2415897,73,Jiloan Hamad,1899 Hoffenheim,yellow
2415897,58,Tin Jedvaj,Bayer Leverkusen,yellow
2415897,86,Giulio Donati,Bayer Leverkusen,yellow
2415899,67,Nico Elvedi,Bor. Mönchengladbach,yellow
2415899,74,Julian Weigl,Borussia Dortmund,yellow
2415895,56,Szabolcs Huszti,Eintracht Frankfurt,yellow
2415895,85,Makoto Hasebe,Eintracht Frankfurt,yellow
2415889,77,Sead Kolašinac,FC Schalke 04,yellow
2415889,35,Florian Grillitsch,Werder Bremen,yellow
2415889,57,Zlatko Junuzović,Werder Bremen,yellow
2415889,80,Claudio Pizarro,Werder Bremen,yellow
2415903,63,Håvard Nordtveit,Bor. Mönchengladbach,yellow
2415903,80,Julian Korb,Bor. Mönchengladbach,yellow
2415901,55,Konstantin Rausch,SV Darmstadt 98,yellow
2415901,66,Peter Niemeyer,SV Darmstadt 98,yellow
2415901,83,Slobodan Rajković,SV Darmstadt 98,yellow
2415901,59,Max Meyer,FC Schalke 04,yellow
2415901,84,Leon Goretzka,FC Schalke 04,yellow
2415907,42,Daniel Baier,FC Augsburg,yellow
2415907,47,Dominik Kohr,FC Augsburg,yellow
2415907,62,David Abraham,Eintracht Frankfurt,yellow
2415907,79,Makoto Hasebe,Eintracht Frankfurt,yellow
2415911,25,Ceyhun Gülselam,Hannover 96,yellow
2415911,62,Hiroki Sakai,Hannover 96,yellow
2415911,66,André Hoffmann,Hannover 96,yellow
2415913,40,Santiago García,Werder Bremen,yellow
2415913,48,Clemens Fritz,Werder Bremen,yellow
2415913,53,Papy Djilobodji,Werder Bremen,yellow
2415913,9,Genki Haraguchi,Hertha BSC,yellow
2415913,46,Per Skjelbred,Hertha BSC,yellow
2415913,68,Mitchell Weiser,Hertha BSC,yellow
2415921,28,Julian Weigl,Borussia Dortmund,yellow
2415921,61,Sokratis Papastathopoulos,Borussia Dortmund,yellow
2415921,71,Łukasz Piszczek,Borussia Dortmund,yellow
2415921,81,Henrikh Mkhitaryan,Borussia Dortmund,yellow
2415921,26,Robert Bauer,FC Ingolstadt 04,yellow
2415921,75,Alfredo Morales,FC Ingolstadt 04,yellow
2415905,20,Kevin Großkreutz,VfB Stuttgart,yellow
2415905,79,René Adler,Hamburger SV,yellow
2415905,84,Aaron Hunt,Hamburger SV,yellow
2415905,90,Matthias Ostrzolek,Hamburger SV,yellow
2415909,77,Luiz Gustavo,VfL Wolfsburg,yellow
2415909,82,Sebastian Jung,VfL Wolfsburg,yellow
2415909,89,Nicklas Bendtner,VfL Wolfsburg,yellow
2415909,45,Matthias Lehmann,1. FC Köln,yellow
2415917,28,Douglas Costa,Bayern München,yellow
2415917,28,Tobias Strobl,1899 Hoffenheim,yellow
2415975,30,Thorgan Hazard,Bor. Mönchengladbach,yellow
2415975,69,Jannik Vestergaard,Werder Bremen,yellow
2415975,74,Zlatko Junuzović,Werder Bremen,yellow
2415952,9,Julian Weigl,Borussia Dortmund,yellow
2415952,41,Łukasz Piszczek,Borussia Dortmund,yellow
2415961,26,Klaas Jan Huntelaar,FC Schalke 04,yellow
2415961,49,Johannes Geis,FC Schalke 04,yellow
2415961,30,Max Kruse,VfL Wolfsburg,yellow
2415961,58,Nicklas Bendtner,VfL Wolfsburg,yellow
2415961,62,Robin Knoche,VfL Wolfsburg,yellow
2415968,37,Bastian Oczipka,Eintracht Frankfurt,yellow
2415968,75,Carlos Zambrano,Eintracht Frankfurt,yellow-red
2415968,51,Kevin Großkreutz,VfB Stuttgart,yellow
2415968,67,Daniel Didavi,VfB Stuttgart,yellow-red
2415972,62,Pascal Groß,FC Ingolstadt 04,yellow
2415972,87,Dario Lezcano,FC Ingolstadt 04,yellow
2415972,20,Paul Verhaegh,FC Augsburg,yellow
2415972,45,Caiuby,FC Augsburg,yellow
2415972,87,Markus Feulner,FC Augsburg,yellow
2415987,81,Alexander Milošević,Hannover 96,yellow
2415987,2,Stefan Bell,1. FSV Mainz 05,yellow
2415987,58,Yoshinori Mutō,1. FSV Mainz 05,yellow
2415944,84,Xabi Alonso,Bayern München,yellow-red
2415981,45,Johan Djourou,Hamburger SV,yellow
2415981,56,Gojko Kačar,Hamburger SV,yellow
2415981,58,Lewis Holtby,Hamburger SV,yellow
2415981,65,Emir Spahić,Hamburger SV,yellow
2415981,89,Sven Schipplock,Hamburger SV,yellow
2415981,49,Filip Mladenović,1. FC Köln,yellow
2415981,71,Marcel Risse,1. FC Köln,yellow
2415993,73,Nadiem Amiri,1899 Hoffenheim,yellow
2415993,73,Marcel Heller,SV Darmstadt 98,yellow
2415993,81,Peter Niemeyer,SV Darmstadt 98,yellow
2415993,82,Slobodan Rajković,SV Darmstadt 98,yellow
2416019,43,Danny Latza,1. FSV Mainz 05,yellow
2416019,81,Giulio Donati,1. FSV Mainz 05,yellow
2416019,90,Leon Balogun,1. FSV Mainz 05,yellow
2416019,45,Junior Caiçara,FC Schalke 04,yellow
2416022,37,Jérôme Gondorf,SV Darmstadt 98,yellow
2416022,69,Jan Rosenthal,SV Darmstadt 98,yellow
2416022,84,Aytaç Sulu,SV Darmstadt 98,yellow
2416022,85,Marcel Heller,SV Darmstadt 98,yellow
2416022,88,Peter Niemeyer,SV Darmstadt 98,yellow
2416022,90,Konstantin Rausch,SV Darmstadt 98,yellow
2416022,23,Wendell,Bayer Leverkusen,yellow
2416022,90,André Ramalho,Bayer Leverkusen,yellow
2416022,90,Hakan Çalhanoğlu,Bayer Leverkusen,yellow
2416045,69,Shinji Kagawa,Borussia Dortmund,yellow
2416045,36,Edgar Prib,Hannover 96,yellow
2416049,34,Emiliano Insúa,VfB Stuttgart,yellow
2416049,72,Alexandru Maxim,VfB Stuttgart,yellow
2416049,78,Kevin Großkreutz,VfB Stuttgart,yellow
2416049,61,Per Skjelbred,Hertha BSC,yellow
2416049,62,John Anthony Brooks,Hertha BSC,yellow
2416049,67,Genki Haraguchi,Hertha BSC,yellow
2416055,56,Santiago García,Werder Bremen,yellow
2416055,45,Kevin Volland,1899 Hoffenheim,yellow
2416055,73,Jonathan Schmid,1899 Hoffenheim,yellow
2416055,77,Andrej Kramarić,1899 Hoffenheim,yellow-red
2416055,90,Eduardo Vargas,1899 Hoffenheim,yellow
2416038,54,Marcel Risse,1. FC Köln,yellow
2416038,66,Anthony Modeste,1. FC Köln,yellow
2416038,19,Marco Fabián,Eintracht Frankfurt,yellow
2416038,50,Yanni Regäsel,Eintracht Frankfurt,yellow
2416038,52,Makoto Hasebe,Eintracht Frankfurt,yellow
2416038,66,Marco Russ,Eintracht Frankfurt,yellow
2416038,66,Marc Stendera,Eintracht Frankfurt,yellow
2416038,82,Bastian Oczipka,Eintracht Frankfurt,yellow
2416029,29,Cléber Reis,Hamburger SV,yellow
2416029,84,Josip Drmić,Hamburger SV,yellow
2416029,90,Gideon Jung,Hamburger SV,yellow
2416029,51,Håvard Nordtveit,Bor. Mönchengladbach,yellow
2416014,72,Thomas Müller,Bayern München,yellow
2416086,62,Carlos Zambrano,Eintracht Frankfurt,yellow
2416086,85,Stefan Aigner,Eintracht Frankfurt,yellow
2416086,21,Johan Djourou,Hamburger SV,yellow
2416086,38,Josip Drmić,Hamburger SV,yellow
2416086,89,Pierre-Michel Lasogga,Hamburger SV,yellow
2416082,10,Vladimír Darida,Hertha BSC,yellow
2416082,42,Per Skjelbred,Hertha BSC,yellow
2416082,89,Vedad Ibišević,Hertha BSC,yellow
2416082,90,Luiz Gustavo,VfL Wolfsburg,yellow
2416082,90,Ricardo Rodríguez,VfL Wolfsburg,yellow
2416098,22,Almog Cohen,FC Ingolstadt 04,yellow
2416098,59,Danny da Costa,FC Ingolstadt 04,yellow
2416098,36,Papy Djilobodji,Werder Bremen,yellow
2416098,72,Claudio Pizarro,Werder Bremen,yellow
2416102,46,Lars Stindl,Bor. Mönchengladbach,yellow
2416102,70,Raffael,Bor. Mönchengladbach,yellow
2416102,46,Dominic Maroh,1. FC Köln,yellow
2416102,83,Paweł Olkowski,1. FC Köln,yellow
2416102,88,Philipp Hosiner,1. FC Köln,yellow
2416106,14,Sebastian Rudy,1899 Hoffenheim,yellow
2416106,27,Leon Balogun,1. FSV Mainz 05,yellow
2416106,90,Jairo,1. FSV Mainz 05,yellow
2416111,39,Rafinha,Bayern München,yellow
2416111,50,Joshua Kimmich,Bayern München,yellow
2416075,25,Kevin Kampl,Bayer Leverkusen,yellow
2416075,53,Javier Hernández,Bayer Leverkusen,yellow
2416075,56,Kyriakos Papadopoulos,Bayer Leverkusen,yellow
2416075,58,Karim Bellarabi,Bayer Leverkusen,yellow
2416075,89,Wendell,Bayer Leverkusen,yellow
2416075,87,Erik Durm,Borussia Dortmund,yellow
2416090,69,Younès Belhanda,FC Schalke 04,yellow
2416090,75,Alessandro Schöpf,FC Schalke 04,yellow
2416090,81,Leroy Sané,FC Schalke 04,yellow
2416090,28,Daniel Didavi,VfB Stuttgart,yellow
2416094,48,Ceyhun Gülselam,Hannover 96,yellow
2416094,50,Salif Sané,Hannover 96,yellow
2416094,85,Dominik Kohr,FC Augsburg,yellow
2416094,89,Tobias Werner,FC Augsburg,yellow
2416171,52,Anthony Modeste,1. FC Köln,yellow
2416171,78,Miloš Jojić,1. FC Köln,yellow
2416171,67,John Anthony Brooks,Hertha BSC,yellow
2416171,71,Marvin Plattenhardt,Hertha BSC,yellow
2416133,78,Juan Bernat,Bayern München,yellow
2416163,54,Georg Niedermeier,VfB Stuttgart,yellow
2416163,56,André Hoffmann,Hannover 96,yellow
2416163,65,Hotaru Yamaguchi,Hannover 96,yellow
2416163,72,Oliver Sorg,Hannover 96,yellow
2416178,11,Nicolai Müller,Hamburger SV,yellow
2416178,15,Emir Spahić,Hamburger SV,yellow
2416178,85,Gōtoku Sakai,Hamburger SV,yellow
2416178,37,Lukas Hinterseer,FC Ingolstadt 04,yellow
2416178,45,Benjamin Hübner,FC Ingolstadt 04,yellow
2416178,47,Dario Lezcano,FC Ingolstadt 04,yellow
2416178,67,Almog Cohen,FC Ingolstadt 04,yellow
2416178,85,Robert Bauer,FC Ingolstadt 04,yellow
2416181,43,Felix Wiedwald,Werder Bremen,yellow
2416181,45,Sambou Yatabaré,Werder Bremen,yellow
2416181,47,Santiago García,Werder Bremen,yellow
2416181,36,Slobodan Rajković,SV Darmstadt 98,yellow
2416181,57,Aytaç Sulu,SV Darmstadt 98,yellow
2416181,71,Peter Niemeyer,SV Darmstadt 98,yellow
2416150,25,Gaëtan Bussmann,1. FSV Mainz 05,yellow
2416150,57,Tin Jedvaj,Bayer Leverkusen,yellow
2416176,58,Sebastian Rudy,1899 Hoffenheim,red
2416142,90,Makoto Hasebe,Eintracht Frankfurt,yellow
2416142,88,Dennis Aogo,FC Schalke 04,yellow
2416142,90,Max Meyer,FC Schalke 04,yellow
2416284,42,Marius Wolf,Hannover 96,yellow
2416284,56,Christian Schulz,Hannover 96,yellow
2416284,24,Luiz Gustavo,VfL Wolfsburg,yellow
2416290,29,Dario Lezcano,FC Ingolstadt 04,yellow
2416290,75,Robert Bauer,FC Ingolstadt 04,yellow
2416290,53,Dominic Maroh,1. FC Köln,yellow
2416283,81,Neven Subotić,Borussia Dortmund,yellow
2416285,43,Roman Neustädter,FC Schalke 04,yellow
2416285,60,Junior Caiçara,FC Schalke 04,yellow
2416285,45,Johan Djourou,Hamburger SV,yellow-red
2416286,54,Thorgan Hazard,Bor. Mönchengladbach,yellow
2416286,44,Serey Dié,VfB Stuttgart,yellow
2416286,83,Martin Harnik,VfB Stuttgart,yellow
2416287,39,Niklas Süle,1899 Hoffenheim,yellow
2416287,62,Kevin Volland,1899 Hoffenheim,yellow
2416287,22,Caiuby,FC Augsburg,yellow
2416287,34,Paul Verhaegh,FC Augsburg,yellow
2416287,62,Marwin Hitz,FC Augsburg,yellow
2416287,90,Ragnar Klavan,FC Augsburg,yellow
2416288,43,Javier Hernández,Bayer Leverkusen,yellow
2416288,62,Papy Djilobodji,Werder Bremen,yellow
2416289,5,Vladimír Darida,Hertha BSC,yellow
2416289,33,Mitchell Weiser,Hertha BSC,yellow
2416289,90,Valentin Stocker,Hertha BSC,yellow
2416289,53,Stefan Aigner,Eintracht Frankfurt,yellow
2416289,58,Marc Stendera,Eintracht Frankfurt,yellow
2416291,50,Rafinha,Bayern München,yellow
2416291,62,Leon Balogun,1. FSV Mainz 05,yellow
2416291,84,Gaëtan Bussmann,1. FSV Mainz 05,yellow
2416293,2,Dominic Maroh,1. FC Köln,yellow
2416294,25,Jeong-ho Hong,FC Augsburg,yellow
2416294,79,Dominik Kohr,FC Augsburg,yellow
2416294,90,Jeffrey Gouweleeuw,FC Augsburg,red
2416294,88,Christoph Kramer,Bayer Leverkusen,yellow
2416295,45,André Schürrle,VfL Wolfsburg,yellow
2416295,70,Josuha Guilavogui,VfL Wolfsburg,yellow
2416295,32,Mahmoud Dahoud,Bor. Mönchengladbach,yellow
2416295,40,Andreas Christensen,Bor. Mönchengladbach,yellow
2416295,73,Thorgan Hazard,Bor. Mönchengladbach,yellow
2416296,69,Clemens Fritz,Werder Bremen,yellow
2416296,85,Zlatko Junuzović,Werder Bremen,yellow
2416296,38,Kenan Karaman,Hannover 96,yellow
2416296,40,Ceyhun Gülselam,Hannover 96,yellow
2416298,14,Artem Kravets,VfB Stuttgart,yellow
2416298,60,Niklas Süle,1899 Hoffenheim,yellow
2416298,80,Eugen Polanski,1899 Hoffenheim,yellow
2416299,27,Carlos Zambrano,Eintracht Frankfurt,yellow
2416299,39,Bastian Oczipka,Eintracht Frankfurt,yellow
2416299,44,Marco Russ,Eintracht Frankfurt,yellow
2416299,67,Makoto Hasebe,Eintracht Frankfurt,yellow
2416299,90,Marco Fabián,Eintracht Frankfurt,yellow
2416299,51,Max Christiansen,FC Ingolstadt 04,yellow
2416299,67,Romain Brégerie,FC Ingolstadt 04,yellow
2416299,74,Pascal Groß,FC Ingolstadt 04,yellow-red
2416299,77,Roger,FC Ingolstadt 04,yellow
2416299,79,Moritz Hartmann,FC Ingolstadt 04,yellow
2416292,37,Sven Bender,Borussia Dortmund,yellow
2416292,22,Xabi Alonso,Bayern München,yellow
2416300,57,Giulio Donati,1. FSV Mainz 05,red
2416300,42,Florian Jungwirth,SV Darmstadt 98,yellow
2416300,45,Jérôme Gondorf,SV Darmstadt 98,yellow
2416300,63,Slobodan Rajković,SV Darmstadt 98,yellow
2416300,84,Peter Niemeyer,SV Darmstadt 98,yellow
2416300,86,Mario Vrančić,SV Darmstadt 98,yellow
2416297,18,Artjoms Rudņevs,Hamburger SV,yellow
2416297,55,Emir Spahić,Hamburger SV,yellow
2416297,60,Albin Ekdal,Hamburger SV,yellow
2416297,84,Nicolai Müller,Hamburger SV,yellow
2416297,38,Peter Pekarík,Hertha BSC,yellow
2416301,56,Per Skjelbred,Hertha BSC,yellow
2416301,90,Tolga Ciğerci,Hertha BSC,yellow
2416301,26,Junior Caiçara,FC Schalke 04,yellow
2416302,89,Oliver Baumann,1899 Hoffenheim,yellow
2416302,56,Koen Casteels,VfL Wolfsburg,yellow
2416304,54,Danny da Costa,FC Ingolstadt 04,yellow
2416304,70,Benjamin Hübner,FC Ingolstadt 04,yellow
2416304,22,Georg Niedermeier,VfB Stuttgart,yellow
2416304,62,Daniel Didavi,VfB Stuttgart,yellow
2416304,87,Christian Gentner,VfB Stuttgart,yellow
2416305,90,Marcel Heller,SV Darmstadt 98,yellow
2416305,90,Fabian Holland,SV Darmstadt 98,yellow
2416305,90,Philipp Max,FC Augsburg,yellow
2416307,87,Mahmoud Dahoud,Bor. Mönchengladbach,yellow
2416307,36,Makoto Hasebe,Eintracht Frankfurt,yellow
2416307,76,David Abraham,Eintracht Frankfurt,yellow
2416307,87,Szabolcs Huszti,Eintracht Frankfurt,yellow
2416308,69,Manuel Schmiedebach,Hannover 96,yellow
2416308,49,Frederik Sørensen,1. FC Köln,yellow
2416306,35,Franck Ribéry,Bayern München,yellow
2416306,25,Theodor Gebre Selassie,Werder Bremen,yellow
2416306,67,Papy Djilobodji,Werder Bremen,yellow
2416306,83,Ulisses Garcia,Werder Bremen,yellow
2416303,27,Marlon Frey,Bayer Leverkusen,yellow
2416303,34,Ömer Toprak,Bayer Leverkusen,yellow
2416303,49,Wendell,Bayer Leverkusen,yellow
2416303,90,Tin Jedvaj,Bayer Leverkusen,yellow-red
2416303,90,Robbie Kruse,Bayer Leverkusen,yellow
2416303,22,Ivo Iličević,Hamburger SV,yellow
2416303,31,Nicolai Müller,Hamburger SV,yellow
2416313,64,Sead Kolašinac,FC Schalke 04,yellow
2416310,89,Frederik Sørensen,1. FC Köln,yellow
2416310,86,Philipp Lahm,Bayern München,yellow
2416315,19,René Adler,Hamburger SV,yellow
2416315,35,Matthias Ostrzolek,Hamburger SV,yellow
2416315,70,Lewis Holtby,Hamburger SV,yellow
2416315,49,Pavel Kadeřábek,1899 Hoffenheim,yellow
2416316,38,Clemens Fritz,Werder Bremen,yellow
2416316,62,Papy Djilobodji,Werder Bremen,yellow
2416316,61,Jairo,1. FSV Mainz 05,yellow
2416316,89,Stefan Bell,1. FSV Mainz 05,yellow
2416317,90,Tolga Ciğerci,Hertha BSC,yellow
2416317,90,Rune Jarstein,Hertha BSC,yellow
2416317,41,Dario Lezcano,FC Ingolstadt 04,yellow
2416317,58,Robert Bauer,FC Ingolstadt 04,yellow
2416317,61,Mathew Leckie,FC Ingolstadt 04,yellow
2416318,45,André Schürrle,VfL Wolfsburg,yellow
2416318,89,Jérôme Gondorf,SV Darmstadt 98,yellow
2416314,87,Haris Seferović,Eintracht Frankfurt,yellow
2416314,77,Ron-Robert Zieler,Hannover 96,yellow
2416314,81,Ceyhun Gülselam,Hannover 96,yellow
2416314,90,Hugo Almeida,Hannover 96,yellow
2416312,32,Georg Niedermeier,VfB Stuttgart,yellow
2416312,61,Serey Dié,VfB Stuttgart,yellow
2416312,88,Filip Kostić,VfB Stuttgart,yellow
2416312,31,André Ramalho,Bayer Leverkusen,yellow
2416312,44,Stefan Kießling,Bayer Leverkusen,yellow
2416312,82,Vladlen Yurchenko,Bayer Leverkusen,yellow
2416311,33,Caiuby,FC Augsburg,yellow
2416311,86,Jeffrey Gouweleeuw,FC Augsburg,yellow
2416311,88,Dominik Kohr,FC Augsburg,yellow
2416311,90,Ragnar Klavan,FC Augsburg,yellow
2416311,24,Henrikh Mkhitaryan,Borussia Dortmund,yellow
2416320,58,Dante,VfL Wolfsburg,yellow
2416320,76,Julian Draxler,VfL Wolfsburg,yellow
2416320,82,Maximilian Arnold,VfL Wolfsburg,yellow
2416320,84,André Schürrle,VfL Wolfsburg,yellow
2416319,38,Pascal Groß,FC Ingolstadt 04,yellow
2416319,90,Marvin Matip,FC Ingolstadt 04,yellow
2416319,34,Max Meyer,FC Schalke 04,yellow
2416319,35,Junior Caiçara,FC Schalke 04,yellow
2416319,41,Leroy Sané,FC Schalke 04,yellow
2416319,80,Roman Neustädter,FC Schalke 04,yellow
2416319,90,Joel Matip,FC Schalke 04,yellow
2416321,58,Ádám Szalai,Hannover 96,yellow
2416321,68,Ivo Iličević,Hamburger SV,yellow
2416322,62,Peter Niemeyer,SV Darmstadt 98,yellow
2416322,70,Florian Jungwirth,SV Darmstadt 98,yellow
2416322,88,Konstantin Rausch,SV Darmstadt 98,yellow
2416322,90,Marcel Heller,SV Darmstadt 98,yellow
2416322,90,Florian Klein,VfB Stuttgart,yellow
2416323,54,Gaëtan Bussmann,1. FSV Mainz 05,yellow
2416323,57,Markus Feulner,FC Augsburg,yellow
2416323,72,Ja-cheol Koo,FC Augsburg,yellow
2416325,41,Robert Lewandowski,Bayern München,yellow
2416325,55,Mario Götze,Bayern München,yellow
2416325,41,David Abraham,Eintracht Frankfurt,yellow
2416325,45,Änis Ben-Hatira,Eintracht Frankfurt,yellow
2416325,49,Timothy Chandler,Eintracht Frankfurt,yellow
2416325,51,Marc Stendera,Eintracht Frankfurt,yellow
2416325,90,Luc Castaignos,Eintracht Frankfurt,yellow
2416324,90,Gonzalo Castro,Borussia Dortmund,yellow
2416324,15,Santiago García,Werder Bremen,yellow
2416324,50,Sambou Yatabaré,Werder Bremen,yellow
2416324,53,Gálvez,Werder Bremen,yellow
2416327,24,André Hahn,Bor. Mönchengladbach,yellow
2416327,59,Salomon Kalou,Hertha BSC,yellow
2416327,74,Mitchell Weiser,Hertha BSC,yellow
2416326,7,Nadiem Amiri,1899 Hoffenheim,yellow
2416326,39,Sebastian Rudy,1899 Hoffenheim,yellow
2416326,72,Simon Zoller,1. FC Köln,yellow
2416333,40,Salomon Kalou,Hertha BSC,yellow
2416333,57,Mitchell Weiser,Hertha BSC,yellow
2416333,66,Sebastian Langkamp,Hertha BSC,yellow
2416333,26,Uffe Bech,Hannover 96,yellow
2416333,53,Noah Joel Sarenren Bazee,Hannover 96,yellow
2416333,74,Manuel Schmiedebach,Hannover 96,yellow
2416333,82,Ceyhun Gülselam,Hannover 96,yellow
2416328,45,Daniel Didavi,VfB Stuttgart,yellow
2416328,22,Arturo Vidal,Bayern München,yellow
2416328,37,Xabi Alonso,Bayern München,yellow
2416328,60,David Alaba,Bayern München,yellow
2416331,71,Ramazan Özcan,FC Ingolstadt 04,yellow
2416331,29,Granit Xhaka,Bor. Mönchengladbach,yellow
2416332,68,Theodor Gebre Selassie,Werder Bremen,yellow
2416332,90,Clemens Fritz,Werder Bremen,yellow
2416332,12,Caiuby,FC Augsburg,yellow
2416332,50,Dan Opare,FC Augsburg,yellow
2416332,70,Alfreð Finnbogason,FC Augsburg,yellow
2416332,72,Philipp Max,FC Augsburg,yellow
2416332,82,Christoph Janker,FC Augsburg,yellow
2416334,67,Haris Seferović,Eintracht Frankfurt,yellow
2416334,75,David Abraham,Eintracht Frankfurt,yellow
2416334,88,Kaan Ayhan,Eintracht Frankfurt,yellow
2416334,68,Niklas Süle,1899 Hoffenheim,yellow
2416334,71,Mark Uth,1899 Hoffenheim,yellow
2416334,76,Sebastian Rudy,1899 Hoffenheim,yellow
2416334,78,Tobias Strobl,1899 Hoffenheim,yellow
2416336,33,Nicolai Müller,Hamburger SV,yellow
2416336,90,Emir Spahić,Hamburger SV,yellow
2416336,90,Cléber Reis,Hamburger SV,yellow
2416336,26,Florian Jungwirth,SV Darmstadt 98,yellow
2416336,45,Luca Caldirola,SV Darmstadt 98,yellow
2416335,27,Naldo,VfL Wolfsburg,yellow
2416335,84,Bruno Henrique,VfL Wolfsburg,yellow
2416335,90,Dante,VfL Wolfsburg,yellow-red
2416335,3,Danny Latza,1. FSV Mainz 05,yellow
2416335,72,Christian Clemens,1. FSV Mainz 05,yellow
2416329,45,Sead Kolašinac,FC Schalke 04,yellow
2416329,52,Sascha Riether,FC Schalke 04,yellow
2416329,71,Pierre-Emile Højbjerg,FC Schalke 04,yellow
2416329,81,Younès Belhanda,FC Schalke 04,yellow
2416329,87,Roman Neustädter,FC Schalke 04,yellow
2416329,31,Nuri Şahin,Borussia Dortmund,yellow
2416329,64,Sokratis Papastathopoulos,Borussia Dortmund,yellow
2416329,72,Erik Durm,Borussia Dortmund,yellow
2416330,90,Dominique Heintz,1. FC Köln,yellow
2416330,90,Leonardo Bittencourt,1. FC Köln,red
2416330,70,André Ramalho,Bayer Leverkusen,yellow
2416330,76,Charles Aránguiz,Bayer Leverkusen,yellow
2416330,90,Wendell,Bayer Leverkusen,yellow-red
2415919,45,Salif Sané,Hannover 96,yellow
2415919,56,Manuel Schmiedebach,Hannover 96,yellow
2415923,26,Santiago García,Werder Bremen,yellow
2415923,17,André Schürrle,VfL Wolfsburg,yellow
2415923,31,Vieirinha,VfL Wolfsburg,yellow
2415923,77,Luiz Gustavo,VfL Wolfsburg,yellow
2415923,83,Diego Benaglio,VfL Wolfsburg,yellow
2415923,88,Maximilian Arnold,VfL Wolfsburg,yellow
2415935,67,Dan Opare,FC Augsburg,yellow
2415935,82,Dominik Kohr,FC Augsburg,yellow
2415940,34,Vladlen Yurchenko,Bayer Leverkusen,yellow
2415940,61,Karim Bellarabi,Bayer Leverkusen,yellow
2415940,73,Jonathan Tah,Bayer Leverkusen,yellow
2415940,78,Tin Jedvaj,Bayer Leverkusen,yellow
2415940,60,Haris Seferović,Eintracht Frankfurt,yellow
2415940,73,Stefan Aigner,Eintracht Frankfurt,yellow
2415940,85,Timothy Chandler,Eintracht Frankfurt,yellow
2415958,26,Eugen Polanski,1899 Hoffenheim,yellow
2415958,80,Pavel Kadeřábek,1899 Hoffenheim,yellow
2415965,46,Konstantin Rausch,SV Darmstadt 98,yellow
2415965,68,Sandro Wagner,SV Darmstadt 98,yellow
2415965,71,Max Christiansen,FC Ingolstadt 04,yellow
2415965,75,Mathew Leckie,FC Ingolstadt 04,yellow
2415965,89,Marvin Matip,FC Ingolstadt 04,yellow
2415930,52,René Adler,Hamburger SV,red
2415949,67,Giulio Donati,1. FSV Mainz 05,yellow
2415949,48,Mergim Mavraj,1. FC Köln,yellow
2415949,79,Yannick Gerhardt,1. FC Köln,yellow
2416012,26,Pierre-Michel Lasogga,Hamburger SV,yellow
2416012,46,Michael Gregoritsch,Hamburger SV,yellow
2416012,79,Jaroslav Drobný,Hamburger SV,yellow
2416012,15,Sambou Yatabaré,Werder Bremen,yellow
2416012,35,Clemens Fritz,Werder Bremen,yellow
2416012,76,Papy Djilobodji,Werder Bremen,yellow
2416012,90,Fin Bartels,Werder Bremen,yellow
2415995,37,Rafinha,Bayern München,yellow
2415995,41,Thomas Müller,Bayern München,yellow
2415995,52,Arturo Vidal,Bayern München,yellow
2415995,77,Thiago,Bayern München,yellow
2415999,49,Christian Pulisic,Borussia Dortmund,yellow
2416008,54,Daniel Baier,FC Augsburg,yellow
2416008,90,Caiuby,FC Augsburg,yellow
2416017,3,Benjamin Hübner,FC Ingolstadt 04,yellow
2416017,20,Romain Brégerie,FC Ingolstadt 04,red
2416017,55,Moritz Hartmann,FC Ingolstadt 04,yellow
2416017,32,Waldemar Anton,Hannover 96,yellow
2416017,47,Ádám Szalai,Hannover 96,yellow
2416040,59,Yannick Gerhardt,1. FC Köln,yellow
2416040,72,Matthias Lehmann,1. FC Köln,yellow
2416040,81,Jérôme Gondorf,SV Darmstadt 98,yellow
2416040,86,György Garics,SV Darmstadt 98,yellow
2416003,27,Junior Caiçara,FC Schalke 04,yellow
2416003,38,Leroy Sané,FC Schalke 04,yellow
2416003,52,Pierre-Emile Højbjerg,FC Schalke 04,yellow
2416003,5,Ömer Toprak,Bayer Leverkusen,yellow
2416003,33,Lars Bender,Bayer Leverkusen,yellow
2416003,90,Javier Hernández,Bayer Leverkusen,yellow
2416024,70,Håvard Nordtveit,Bor. Mönchengladbach,yellow
2416024,20,Sebastian Rudy,1899 Hoffenheim,yellow
2416024,40,Eugen Polanski,1899 Hoffenheim,yellow
2416031,17,Marco Russ,Eintracht Frankfurt,yellow
2416031,44,Änis Ben-Hatira,Eintracht Frankfurt,yellow
2416031,52,Szabolcs Huszti,Eintracht Frankfurt,yellow
2416031,89,Carlos Zambrano,Eintracht Frankfurt,yellow
2416031,27,Daniel Brosinski,1. FSV Mainz 05,yellow
2416031,36,Julian Baumgartlinger,1. FSV Mainz 05,yellow
2416031,45,Giulio Donati,1. FSV Mainz 05,yellow
2416031,60,Jhon Córdoba,1. FSV Mainz 05,yellow
2416160,62,Ja-cheol Koo,FC Augsburg,yellow
2416160,77,Halil Altintop,FC Augsburg,yellow
2416160,90,Dominik Kohr,FC Augsburg,yellow
2416160,56,Matthias Lehmann,1. FC Köln,yellow-red
2416160,66,Miloš Jojić,1. FC Köln,yellow
2416160,84,Dominic Maroh,1. FC Köln,yellow
2416117,18,Serdar Taşçı,Bayern München,yellow
2416117,22,Sebastian Rode,Bayern München,yellow
2416117,77,Nico Elvedi,Bor. Mönchengladbach,yellow
2416122,44,Julian Weigl,Borussia Dortmund,yellow
2416122,53,Marco Reus,Borussia Dortmund,yellow
2416137,22,Emir Spahić,Hamburger SV,yellow
2416137,61,Nabil Bahoui,Hamburger SV,yellow
2416137,63,Gojko Kačar,Hamburger SV,yellow
2416152,55,Christian Mathenia,SV Darmstadt 98,yellow
2416152,86,Florian Jungwirth,SV Darmstadt 98,yellow
2416152,19,Haris Seferović,Eintracht Frankfurt,yellow
2416152,37,Szabolcs Huszti,Eintracht Frankfurt,yellow
2416173,16,Sebastian Rudy,1899 Hoffenheim,yellow
2416173,60,Tobias Strobl,1899 Hoffenheim,yellow
2416173,84,Nadiem Amiri,1899 Hoffenheim,yellow
2416173,15,Benjamin Hübner,FC Ingolstadt 04,yellow
2416173,34,Robert Bauer,FC Ingolstadt 04,yellow
2416173,62,Pascal Groß,FC Ingolstadt 04,yellow
2416173,90,Mathew Leckie,FC Ingolstadt 04,yellow
2416167,90,Karim Bellarabi,Bayer Leverkusen,yellow
2416167,45,Sebastian Langkamp,Hertha BSC,yellow
2416167,53,Vedad Ibišević,Hertha BSC,yellow
2416167,70,Niklas Stark,Hertha BSC,yellow
2416167,78,Marvin Plattenhardt,Hertha BSC,yellow
2416167,88,Fabian Lustenberger,Hertha BSC,yellow
2416167,90,Mitchell Weiser,Hertha BSC,yellow
2416145,90,Theodor Gebre Selassie,Werder Bremen,yellow
2416145,9,Emiliano Insúa,VfB Stuttgart,yellow
2416194,83,Stefan Lex,FC Ingolstadt 04,yellow
2416194,89,Mathew Leckie,FC Ingolstadt 04,yellow
2416194,46,Medhi Benatia,Bayern München,yellow
2416194,75,Thomas Müller,Bayern München,yellow
2416194,80,Robert Lewandowski,Bayern München,yellow
2416202,38,Szabolcs Huszti,Eintracht Frankfurt,yellow
2416202,73,Timothy Chandler,Eintracht Frankfurt,yellow
2416202,76,Constant Djakpa,Eintracht Frankfurt,yellow
2416202,80,Stefan Aigner,Eintracht Frankfurt,yellow
2416202,85,Marc Stendera,Eintracht Frankfurt,yellow
2416202,15,Pierre-Emerick Aubameyang,Borussia Dortmund,yellow
2416202,43,Henrikh Mkhitaryan,Borussia Dortmund,yellow
2416202,73,Marcel Schmelzer,Borussia Dortmund,yellow
2416207,60,Oscar Wendt,Bor. Mönchengladbach,yellow
2416207,76,Ibrahima Traoré,Bor. Mönchengladbach,yellow
2416207,30,Lars Bender,Bayer Leverkusen,yellow
2416207,88,Tin Jedvaj,Bayer Leverkusen,yellow
2416217,51,Leon Goretzka,FC Schalke 04,yellow
2416217,52,Daniel Baier,FC Augsburg,yellow
2416217,62,Alfreð Finnbogason,FC Augsburg,yellow
2416217,69,Jeffrey Gouweleeuw,FC Augsburg,yellow
2416217,80,Caiuby,FC Augsburg,yellow
2416217,85,Kostas Stafylidis,FC Augsburg,yellow
2416220,24,Dominic Maroh,1. FC Köln,yellow
2416220,51,Jonas Hector,1. FC Köln,yellow
2416220,61,Frederik Sørensen,1. FC Köln,yellow
2416220,38,Florian Grillitsch,Werder Bremen,yellow
2416220,79,Fin Bartels,Werder Bremen,yellow
2416224,26,Salif Sané,Hannover 96,yellow
2416224,54,Waldemar Anton,Hannover 96,yellow
2416224,82,Edgar Prib,Hannover 96,yellow
2416224,10,Eugen Polanski,1899 Hoffenheim,yellow
2416224,41,Kevin Volland,1899 Hoffenheim,yellow
2416230,18,Daniel Didavi,VfB Stuttgart,yellow
2416230,70,Toni Šunjić,VfB Stuttgart,yellow
2416230,90,Timo Baumgartl,VfB Stuttgart,yellow
2416230,33,Niko Bungert,1. FSV Mainz 05,yellow
2416230,53,Julian Baumgartlinger,1. FSV Mainz 05,yellow
2416232,55,Vedad Ibišević,Hertha BSC,yellow
2416232,80,Per Skjelbred,Hertha BSC,yellow
2416232,84,Rune Jarstein,Hertha BSC,yellow
2416232,52,Jérôme Gondorf,SV Darmstadt 98,yellow
2416232,87,Sandro Wagner,SV Darmstadt 98,yellow-red
2416245,59,Sebastian Rudy,1899 Hoffenheim,yellow
2416245,68,Benedikt Höwedes,FC Schalke 04,yellow
2416252,45,Felix Platte,SV Darmstadt 98,yellow
2416252,52,György Garics,SV Darmstadt 98,yellow
2416252,80,Fabian Holland,SV Darmstadt 98,yellow
2416257,35,Christoph Janker,FC Augsburg,yellow
2416257,50,Dominik Kohr,FC Augsburg,yellow
2416257,52,Alfreð Finnbogason,FC Augsburg,yellow
2416257,33,Michael Gregoritsch,Hamburger SV,yellow
2416257,64,Lewis Holtby,Hamburger SV,yellow
2416257,66,Batuhan Altıntaş,Hamburger SV,yellow
2416261,36,Max Kruse,VfL Wolfsburg,yellow
2416261,85,Dante,VfL Wolfsburg,yellow
2416261,55,Filip Kostić,VfB Stuttgart,yellow
2416261,88,Daniel Schwaab,VfB Stuttgart,yellow
2416266,50,Florian Grillitsch,Werder Bremen,yellow
2416266,78,Theodor Gebre Selassie,Werder Bremen,yellow
2416266,89,Anthony Ujah,Werder Bremen,yellow
2416266,90,Zlatko Junuzović,Werder Bremen,yellow
2416266,64,Bastian Oczipka,Eintracht Frankfurt,yellow
2416266,90,Marco Russ,Eintracht Frankfurt,yellow
2416272,45,Sokratis Papastathopoulos,Borussia Dortmund,yellow
2416277,56,Felix Klaus,Hannover 96,yellow
2416280,22,Julian Baumgartlinger,1. FSV Mainz 05,yellow
2416280,49,Karim Onisiwo,1. FSV Mainz 05,yellow
2416280,74,Giulio Donati,1. FSV Mainz 05,yellow
2416280,64,Fabian Lustenberger,Hertha BSC,yellow
2416280,87,Niklas Stark,Hertha BSC,yellow-red
2416280,90,Mitchell Weiser,Hertha BSC,yellow
2416280,90,Julian Schieber,Hertha BSC,yellow
2416338,72,Benjamin Henrichs,Bayer Leverkusen,yellow
2416338,81,Max Christiansen,FC Ingolstadt 04,yellow
