GameID,Minute,PlayerIn,PlayerOut,Team
8257852,64,Joshua Kimmich,Xabi Alonso,Bayern München
8257852,74,Rafinha,Philipp Lahm,Bayern München
8257852,78,Juan Bernat,David Alaba,Bayern München
8257852,64,Janek Sternberg,Aron Jóhannsson,Werder Bremen
8257852,74,Maximilian Eggestein,Florian Grillitsch,Werder Bremen
8257852,88,Lennart Thy,Fin Bartels,Werder Bremen
8257853,56,Timothy Chandler,Szabolcs Huszti,Eintracht Frankfurt
8257853,81,Vallejo,Branimir Hrgota,Eintracht Frankfurt
8257853,90,Haris Seferović,Mijat Gaćinović,Eintracht Frankfurt
8257853,46,Breel Embolo,Franco Di Santo,FC Schalke 04
8257853,62,Abdul Rahman Baba,Sead Kolašinac,FC Schalke 04
8257853,74,Nabil Bentaleb,Dennis Aogo,FC Schalke 04
8257855,63,Dong-won Ji,Alfreð Finnbogason,FC Augsburg
8257855,82,Takashi Usami,Ja-cheol Koo,FC Augsburg
8257855,84,Halil Altintop,Dominik Kohr,FC Augsburg
8257855,60,Maximilian Arnold,Yannick Gerhardt,VfL Wolfsburg
8257855,71,Christian Träsch,Daniel Didavi,VfL Wolfsburg
8257855,81,Bruno Henrique,Bas Dost,VfL Wolfsburg
8257856,66,Alen Halilović,Nicolai Müller,Hamburger SV
8257856,66,Dennis Diekmeier,Gideon Jung,Hamburger SV
8257856,67,Pierre-Michel Lasogga,Michael Gregoritsch,Hamburger SV
8257856,66,Lukas Hinterseer,Moritz Hartmann,FC Ingolstadt 04
8257856,81,Almog Cohen,Alfredo Morales,FC Ingolstadt 04
8257856,90,Stefan Lex,Dario Lezcano,FC Ingolstadt 04
8257857,70,Yuya Osako,Artjoms Rudņevs,1. FC Köln
8257857,74,Simon Zoller,Leonardo Bittencourt,1. FC Köln
8257857,87,Miloš Jojić,Anthony Modeste,1. FC Köln
8257857,56,Sandro Sirigu,Artem Fedetskiy,SV Darmstadt 98
8257857,70,Florian Jungwirth,Änis Ben-Hatira,SV Darmstadt 98
8257857,85,Denys Oliynyk,László Kleinheisler,SV Darmstadt 98
8257866,59,Julian Weigl,Gonzalo Castro,Borussia Dortmund
8257866,77,Łukasz Piszczek,Felix Passlack,Borussia Dortmund
8257866,86,Raphaël Guerreiro,Sebastian Rode,Borussia Dortmund
8257866,71,Levin Öztunali,Suat Serdar,1. FSV Mainz 05
8257866,81,Yoshinori Mutō,Christian Clemens,1. FSV Mainz 05
8257866,86,Pablo de Blasis,Yunus Mallı,1. FSV Mainz 05
8257861,46,Jannik Vestergaard,Tony Jantschke,Bor. Mönchengladbach
8257861,61,Fabian Johnson,Ibrahima Traoré,Bor. Mönchengladbach
8257861,84,Thorgan Hazard,André Hahn,Bor. Mönchengladbach
8257861,64,Admir Mehmedi,Hakan Çalhanoğlu,Bayer Leverkusen
8257861,64,Julian Brandt,Kevin Volland,Bayer Leverkusen
8257861,78,Joel Pohjanpalo,Charles Aránguiz,Bayer Leverkusen
8257858,77,Alexander Esswein,Mitchell Weiser,Hertha BSC
8257858,85,Julian Schieber,Vedad Ibišević,Hertha BSC
8257858,90,Jens Hegeler,Vladimír Darida,Hertha BSC
8257858,66,Onur Bulut,Aleksandar Ignjovski,SC Freiburg
8257858,66,Nils Petersen,Janik Haberer,SC Freiburg
8257854,46,Pirmin Schwegler,Kevin Vogt,1899 Hoffenheim
8257854,65,Nadiem Amiri,Lukas Rupp,1899 Hoffenheim
8257854,79,Marco Terrazzino,Andrej Kramarić,1899 Hoffenheim
8257854,63,Emil Forsberg,Marvin Compper,RB Leipzig
8257854,82,Davie Selke,Yussuf Poulsen,RB Leipzig
8257854,86,Massimo Bruno,Timo Werner,RB Leipzig
8257884,55,Breel Embolo,Yevhen Konoplyanka,FC Schalke 04
8257884,67,Max Meyer,Klaas Jan Huntelaar,FC Schalke 04
8257884,86,Sead Kolašinac,Benjamin Stambouli,FC Schalke 04
8257884,61,Arturo Vidal,Xabi Alonso,Bayern München
8257884,61,Douglas Costa,Franck Ribéry,Bayern München
8257884,71,Joshua Kimmich,Renato Sanches,Bayern München
8257883,3,Julian Brandt,Karim Bellarabi,Bayer Leverkusen
8257883,72,Joel Pohjanpalo,Admir Mehmedi,Bayer Leverkusen
8257883,88,Tin Jedvaj,Wendell,Bayer Leverkusen
8257883,66,Albin Ekdal,Lewis Holtby,Hamburger SV
8257883,81,Pierre-Michel Lasogga,Bobby Wood,Hamburger SV
8257883,86,Alen Halilović,Filip Kostić,Hamburger SV
8257892,62,Bruno Henrique,Daniel Caligiuri,VfL Wolfsburg
8257892,63,Maximilian Arnold,Yannick Gerhardt,VfL Wolfsburg
8257892,79,Josip Brekalo,Daniel Didavi,VfL Wolfsburg
8257892,67,Miloš Jojić,Yuya Osako,1. FC Köln
8257892,79,Simon Zoller,Anthony Modeste,1. FC Köln
8257892,87,Filip Mladenović,Matthias Lehmann,1. FC Köln
8257899,58,Lukas Hinterseer,Alfredo Morales,FC Ingolstadt 04
8257899,76,Robert Leipertz,Moritz Hartmann,FC Ingolstadt 04
8257899,79,Max Christiansen,Roger,FC Ingolstadt 04
8257899,62,Alexander Esswein,Mitchell Weiser,Hertha BSC
8257899,79,Julian Schieber,Vedad Ibišević,Hertha BSC
8257899,81,Jens Hegeler,Niklas Stark,Hertha BSC
8257913,67,László Kleinheisler,Roman Bezjak,SV Darmstadt 98
8257913,70,Leon Guwara,Peter Niemeyer,SV Darmstadt 98
8257913,80,Sandro Sirigu,Änis Ben-Hatira,SV Darmstadt 98
8257913,8,Vallejo,Guillermo Varela,Eintracht Frankfurt
8257913,65,Danny Blum,Branimir Hrgota,Eintracht Frankfurt
8257913,90,Haris Seferović,Alexander Meier,Eintracht Frankfurt
8257920,68,Janik Haberer,Mike Frantz,SC Freiburg
8257920,82,Nils Petersen,Florian Niederlechner,SC Freiburg
8257920,89,Amir Abrashi,Vincenzo Grifo,SC Freiburg
8257920,70,André Hahn,Raffael,Bor. Mönchengladbach
8257920,70,Jannik Vestergaard,Thorgan Hazard,Bor. Mönchengladbach
8257920,77,Patrick Herrmann,Nico Elvedi,Bor. Mönchengladbach
8257929,64,Emil Forsberg,Marcel Sabitzer,RB Leipzig
8257929,69,Oliver Burke,Yussuf Poulsen,RB Leipzig
8257929,84,Naby Keïta,Dominik Kaiser,RB Leipzig
8257929,71,Ousmane Dembélé,Gonzalo Castro,Borussia Dortmund
8257929,71,Raphaël Guerreiro,Mario Götze,Borussia Dortmund
8257929,85,Adrián Ramos,Pierre-Emerick Aubameyang,Borussia Dortmund
8257906,69,Izet Hajrović,Aron Jóhannsson,Werder Bremen
8257906,79,Lennart Thy,Robert Bauer,Werder Bremen
8257906,83,Thanos Petsos,Florian Grillitsch,Werder Bremen
8257906,46,Dong-won Ji,Raúl Bobadilla,FC Augsburg
8257906,79,Gojko Kačar,Ja-cheol Koo,FC Augsburg
8257906,90,Christoph Janker,Daniel Baier,FC Augsburg
8257887,61,Daniel Brosinski,Pablo de Blasis,1. FSV Mainz 05
8257887,73,Christian Clemens,Levin Öztunali,1. FSV Mainz 05
8257887,79,Karim Onisiwo,Jhon Córdoba,1. FSV Mainz 05
8257887,36,Mark Uth,Fabian Schär,1899 Hoffenheim
8257887,46,Pavel Kadeřábek,Jeremy Toljan,1899 Hoffenheim
8257887,64,Ádám Szalai,Eugen Polanski,1899 Hoffenheim
8258150,50,Simon Zoller,Leonardo Bittencourt,1. FC Köln
8258150,65,Paweł Olkowski,Yuya Osako,1. FC Köln
8258150,80,Miloš Jojić,Anthony Modeste,1. FC Köln
8258150,46,Nils Petersen,Çağlar Söyüncü,SC Freiburg
8258150,65,Janik Haberer,Onur Bulut,SC Freiburg
8258150,78,Georg Niedermeier,Manuel Gulde,SC Freiburg
8258122,46,Douglas Costa,Kingsley Coman,Bayern München
8258122,61,Thiago,Renato Sanches,Bayern München
8258122,83,Jérôme Boateng,Douglas Costa,Bayern München
8258122,63,Lukas Hinterseer,Alfredo Morales,FC Ingolstadt 04
8258122,71,Stefan Lex,Moritz Hartmann,FC Ingolstadt 04
8258122,81,Almog Cohen,Mathew Leckie,FC Ingolstadt 04
8258129,63,Shinji Kagawa,Raphaël Guerreiro,Borussia Dortmund
8258129,64,Emre Mor,Ousmane Dembélé,Borussia Dortmund
8258129,71,Sebastian Rode,Marcel Schmelzer,Borussia Dortmund
8258129,39,Sandro Sirigu,Änis Ben-Hatira,SV Darmstadt 98
8258129,46,Roman Bezjak,Mario Vrančić,SV Darmstadt 98
8258129,70,Antonio Čolak,Sven Schipplock,SV Darmstadt 98
8258155,70,Alen Halilović,Aaron Hunt,Hamburger SV
8258155,83,Michael Gregoritsch,Bobby Wood,Hamburger SV
8258155,83,Luca Waldschmidt,Filip Kostić,Hamburger SV
8258155,46,Timo Werner,Naby Keïta,RB Leipzig
8258155,62,Dominik Kaiser,Marcel Sabitzer,RB Leipzig
8258155,80,Davie Selke,Yussuf Poulsen,RB Leipzig
8258179,37,Kevin Vogt,Niklas Süle,1899 Hoffenheim
8258179,66,Kerem Demirbay,Andrej Kramarić,1899 Hoffenheim
8258179,79,Ádám Szalai,Nadiem Amiri,1899 Hoffenheim
8258179,70,Bruno Henrique,Jakub Błaszczykowski,VfL Wolfsburg
8258179,81,Jannes Horn,Daniel Caligiuri,VfL Wolfsburg
8258179,86,Paul Seguin,Julian Draxler,VfL Wolfsburg
8258184,62,Ante Rebić,Mijat Gaćinović,Eintracht Frankfurt
8258184,68,Mascarell,Haris Seferović,Eintracht Frankfurt
8258184,78,Branimir Hrgota,Alexander Meier,Eintracht Frankfurt
8258184,57,Hakan Çalhanoğlu,Julian Baumgartlinger,Bayer Leverkusen
8258184,58,Kevin Volland,Admir Mehmedi,Bayer Leverkusen
8258184,85,Wendell,Tin Jedvaj,Bayer Leverkusen
8258140,46,Jonas Hofmann,Raffael,Bor. Mönchengladbach
8258140,64,Mahmoud Dahoud,Lars Stindl,Bor. Mönchengladbach
8258140,85,Nico Schulz,Fabian Johnson,Bor. Mönchengladbach
8258140,46,Aron Jóhannsson,Clemens Fritz,Werder Bremen
8258140,46,Niklas Moisander,Fallou Diagné,Werder Bremen
8258140,87,Florian Kainz,Sambou Yatabaré,Werder Bremen
8258172,59,Jonathan Schmid,Ja-cheol Koo,FC Augsburg
8258172,81,Halil Altintop,Dong-won Ji,FC Augsburg
8258172,90,Gojko Kačar,Dominik Kohr,FC Augsburg
8258172,67,Yoshinori Mutō,Jhon Córdoba,1. FSV Mainz 05
8258172,78,Pablo de Blasis,Karim Onisiwo,1. FSV Mainz 05
8258172,85,José Rodríguez,Jean-Philippe Gbamin,1. FSV Mainz 05
8258145,55,Valentin Stocker,Vladimír Darida,Hertha BSC
8258145,77,Jens Hegeler,Per Skjelbred,Hertha BSC
8258145,88,Julian Schieber,Vedad Ibišević,Hertha BSC
8258145,46,Yevhen Konoplyanka,Breel Embolo,FC Schalke 04
8258145,60,Max Meyer,Leon Goretzka,FC Schalke 04
8258145,81,Franco Di Santo,Benjamin Stambouli,FC Schalke 04
8258230,46,Paul Seguin,Maximilian Arnold,VfL Wolfsburg
8258230,46,Daniel Didavi,Bruno Henrique,VfL Wolfsburg
8258230,63,Daniel Caligiuri,Vieirinha,VfL Wolfsburg
8258230,12,Matthias Ginter,Bartra,Borussia Dortmund
8258230,46,Gonzalo Castro,Christian Pulisic,Borussia Dortmund
8258230,69,Sebastian Rode,Mario Götze,Borussia Dortmund
8258237,76,Stefan Lex,Mathew Leckie,FC Ingolstadt 04
8258237,78,Alfredo Morales,Roger,FC Ingolstadt 04
8258237,90,Robert Leipertz,Marvin Matip,FC Ingolstadt 04
8258237,13,Mijat Gaćinović,Ante Rebić,Eintracht Frankfurt
8258237,83,Michael Hector,Mijat Gaćinović,Eintracht Frankfurt
8258237,90,Taleb Tawatha,Marco Fabián,Eintracht Frankfurt
8258247,75,Denys Oliynyk,László Kleinheisler,SV Darmstadt 98
8258247,83,Sandro Sirigu,Artem Fedetskiy,SV Darmstadt 98
8258247,54,Eduardo Vargas,Andrej Kramarić,1899 Hoffenheim
8258247,61,Jeremy Toljan,Eugen Polanski,1899 Hoffenheim
8258247,73,Lukas Rupp,Nadiem Amiri,1899 Hoffenheim
8258254,62,Georg Niedermeier,Mike Frantz,SC Freiburg
8258254,69,Nils Petersen,Florian Niederlechner,SC Freiburg
8258254,85,Janik Haberer,Maximilian Philipp,SC Freiburg
8258254,62,Michael Gregoritsch,Luca Waldschmidt,Hamburger SV
8258254,76,Alen Halilović,Nicolai Müller,Hamburger SV
8258254,76,Pierre-Michel Lasogga,Bobby Wood,Hamburger SV
8258219,63,Mats Hummels,Jérôme Boateng,Bayern München
8258219,65,Arjen Robben,Thomas Müller,Bayern München
8258219,77,Kingsley Coman,Franck Ribéry,Bayern München
8258219,59,Julian Schieber,Vedad Ibišević,Hertha BSC
8258219,59,Valentin Stocker,Alexander Esswein,Hertha BSC
8258219,84,Sami Allagui,Mitchell Weiser,Hertha BSC
8258224,65,Stefan Kießling,Javier Hernández,Bayer Leverkusen
8258224,66,Julian Brandt,Hakan Çalhanoğlu,Bayer Leverkusen
8258224,76,Joel Pohjanpalo,Lars Bender,Bayer Leverkusen
8258224,46,Philipp Max,Ja-cheol Koo,FC Augsburg
8258224,83,Halil Altintop,Jan Morávek,FC Augsburg
8258224,85,Christoph Janker,Gojko Kačar,FC Augsburg
8258225,67,Yevhen Konoplyanka,Alessandro Schöpf,FC Schalke 04
8258225,73,Benjamin Stambouli,Johannes Geis,FC Schalke 04
8258225,78,Breel Embolo,Eric Maxim Choupo-Moting,FC Schalke 04
8258225,61,Konstantin Rausch,Miloš Jojić,1. FC Köln
8258225,73,Simon Zoller,Marco Höger,1. FC Köln
8258225,82,Salih Özcan,Yuya Osako,1. FC Köln
8258240,55,Lennart Thy,Ousman Manneh,Werder Bremen
8258240,70,Ulisses Garcia,Izet Hajrović,Werder Bremen
8258240,79,Lukas Fröde,Zlatko Junuzović,Werder Bremen
8258240,64,Pablo de Blasis,Levin Öztunali,1. FSV Mainz 05
8258240,75,Yoshinori Mutō,Niko Bungert,1. FSV Mainz 05
8258240,82,Gerrit Holtmann,Fabian Frei,1. FSV Mainz 05
8258257,57,Emil Forsberg,Marcel Sabitzer,RB Leipzig
8258257,63,Kyriakos Papadopoulos,Marvin Compper,RB Leipzig
8258257,81,Oliver Burke,Timo Werner,RB Leipzig
8258257,24,Nico Elvedi,Tobias Strobl,Bor. Mönchengladbach
8258257,84,Nico Schulz,Ibrahima Traoré,Bor. Mönchengladbach
8258257,90,Tony Jantschke,Lars Stindl,Bor. Mönchengladbach
8258284,64,Christian Pulisic,Emre Mor,Borussia Dortmund
8258284,71,Raphaël Guerreiro,Mario Götze,Borussia Dortmund
8258284,80,Sebastian Rode,Ousmane Dembélé,Borussia Dortmund
8258284,54,Janik Haberer,Nils Petersen,SC Freiburg
8258284,54,Georg Niedermeier,Manuel Gulde,SC Freiburg
8258284,67,Florian Niederlechner,Maximilian Philipp,SC Freiburg
8258287,56,Thorgan Hazard,André Hahn,Bor. Mönchengladbach
8258287,84,Jannik Vestergaard,Lars Stindl,Bor. Mönchengladbach
8258287,89,Nico Schulz,Oscar Wendt,Bor. Mönchengladbach
8258287,58,Lukas Hinterseer,Moritz Hartmann,FC Ingolstadt 04
8258287,62,Roger,Almog Cohen,FC Ingolstadt 04
8258287,77,Stefan Lex,Alfredo Morales,FC Ingolstadt 04
8258290,9,Alexander Hack,Leon Balogun,1. FSV Mainz 05
8258290,75,Gerrit Holtmann,Pablo de Blasis,1. FSV Mainz 05
8258290,82,Suat Serdar,Levin Öztunali,1. FSV Mainz 05
8258290,46,Jonathan Tah,Aleksandar Dragović,Bayer Leverkusen
8258290,60,Kevin Volland,Joel Pohjanpalo,Bayer Leverkusen
8258290,65,Stefan Kießling,Admir Mehmedi,Bayer Leverkusen
8258294,67,Filip Kostić,Nabil Bahoui,Hamburger SV
8258294,84,Michael Gregoritsch,Bobby Wood,Hamburger SV
8258294,90,Pierre-Michel Lasogga,Albin Ekdal,Hamburger SV
8258294,51,Jérôme Boateng,Mats Hummels,Bayern München
8258294,61,Franck Ribéry,Kingsley Coman,Bayern München
8258294,61,Arturo Vidal,Renato Sanches,Bayern München
8258297,35,Jonathan Schmid,Raúl Bobadilla,FC Augsburg
8258297,88,Halil Altintop,Jonathan Schmid,FC Augsburg
8258297,90,Christoph Janker,Daniel Baier,FC Augsburg
8258297,46,Sandro Sirigu,László Kleinheisler,SV Darmstadt 98
8258297,46,Fabian Holland,Roman Bezjak,SV Darmstadt 98
8258297,86,Änis Ben-Hatira,Peter Niemeyer,SV Darmstadt 98
8258302,31,Michael Hector,David Abraham,Eintracht Frankfurt
8258302,60,Ante Rebić,Haris Seferović,Eintracht Frankfurt
8258302,70,Branimir Hrgota,Szabolcs Huszti,Eintracht Frankfurt
8258302,46,Alexander Esswein,Peter Pekarík,Hertha BSC
8258302,78,Julian Schieber,Vedad Ibišević,Hertha BSC
8258302,86,Jens Hegeler,Valentin Stocker,Hertha BSC
8258298,73,Lennart Thy,Ousman Manneh,Werder Bremen
8258298,76,Niklas Schmidt,Clemens Fritz,Werder Bremen
8258298,90,Lukas Fröde,Izet Hajrović,Werder Bremen
8258298,46,Daniel Caligiuri,Paul Seguin,VfL Wolfsburg
8258298,62,Bruno Henrique,Jakub Błaszczykowski,VfL Wolfsburg
8258298,72,Ricardo Rodríguez,Jannes Horn,VfL Wolfsburg
8258301,39,Fabian Schär,Ermin Bičakčić,1899 Hoffenheim
8258301,66,Nadiem Amiri,Mark Uth,1899 Hoffenheim
8258301,73,Eduardo Vargas,Lukas Rupp,1899 Hoffenheim
8258301,58,Alessandro Schöpf,Benjamin Stambouli,FC Schalke 04
8258301,65,Max Meyer,Klaas Jan Huntelaar,FC Schalke 04
8258301,75,Franco Di Santo,Eric Maxim Choupo-Moting,FC Schalke 04
8258291,72,Artjoms Rudņevs,Yuya Osako,1. FC Köln
8258291,84,Filip Mladenović,Konstantin Rausch,1. FC Köln
8258291,85,Sehrou Guirassy,Anthony Modeste,1. FC Köln
8258291,46,Bernardo,Benno Schmitz,RB Leipzig
8258291,63,Yussuf Poulsen,Davie Selke,RB Leipzig
8258291,82,Timo Werner,Oliver Burke,RB Leipzig
8258365,80,Dominik Kaiser,Emil Forsberg,RB Leipzig
8258365,87,Oliver Burke,Timo Werner,RB Leipzig
8258365,89,Stefan Ilsanker,Diego Demme,RB Leipzig
8258365,66,Jonathan Schmid,Philipp Max,FC Augsburg
8258365,78,Georg Teigl,Ja-cheol Koo,FC Augsburg
8258365,84,Halil Altintop,Gojko Kačar,FC Augsburg
8258327,46,Thomas Müller,Arjen Robben,Bayern München
8258327,70,Arturo Vidal,Renato Sanches,Bayern München
8258327,71,David Alaba,Kingsley Coman,Bayern München
8258327,62,Simon Zoller,Konstantin Rausch,1. FC Köln
8258327,62,Salih Özcan,Marco Höger,1. FC Köln
8258327,88,Artjoms Rudņevs,Yuya Osako,1. FC Köln
8258340,73,Allan,Valentin Stocker,Hertha BSC
8258340,86,Julian Schieber,Vedad Ibišević,Hertha BSC
8258340,90,Sinan Kurt,Alexander Esswein,Hertha BSC
8258340,60,Alen Halilović,Bobby Wood,Hamburger SV
8258340,71,Michael Gregoritsch,Albin Ekdal,Hamburger SV
8258352,46,Dario Lezcano,Almog Cohen,FC Ingolstadt 04
8258352,59,Stefan Lex,Mathew Leckie,FC Ingolstadt 04
8258352,69,Max Christiansen,Moritz Hartmann,FC Ingolstadt 04
8258352,53,Nadiem Amiri,Kerem Demirbay,1899 Hoffenheim
8258352,69,Ádám Szalai,Sandro Wagner,1899 Hoffenheim
8258352,70,Eugen Polanski,Nadiem Amiri,1899 Hoffenheim
8258357,31,Sandro Sirigu,Artem Fedetskiy,SV Darmstadt 98
8258357,55,Daniel Heuer Fernandes,Michael Esser,SV Darmstadt 98
8258357,80,Jan Rosenthal,László Kleinheisler,SV Darmstadt 98
8258357,46,Janek Sternberg,Robert Bauer,Werder Bremen
8258357,46,Fin Bartels,Izet Hajrović,Werder Bremen
8258357,90,Lukas Fröde,Clemens Fritz,Werder Bremen
8258362,68,Nils Petersen,Florian Niederlechner,SC Freiburg
8258362,77,Georg Niedermeier,Mike Frantz,SC Freiburg
8258362,85,Janik Haberer,Onur Bulut,SC Freiburg
8258362,58,Shani Tarashaj,Haris Seferović,Eintracht Frankfurt
8258362,75,Danny Blum,Szabolcs Huszti,Eintracht Frankfurt
8258362,80,Taleb Tawatha,Bastian Oczipka,Eintracht Frankfurt
8258332,46,Wendell,Lars Bender,Bayer Leverkusen
8258332,67,Kevin Volland,Julian Brandt,Bayer Leverkusen
8258332,90,Julian Baumgartlinger,Charles Aránguiz,Bayer Leverkusen
8258332,46,Emre Mor,Christian Pulisic,Borussia Dortmund
8258332,46,Marcel Schmelzer,Gonzalo Castro,Borussia Dortmund
8258332,71,Shinji Kagawa,Sebastian Rode,Borussia Dortmund
8258347,64,Josip Brekalo,Daniel Caligiuri,VfL Wolfsburg
8258347,73,Bruno Henrique,Jakub Błaszczykowski,VfL Wolfsburg
8258347,78,Yannick Gerhardt,Maximilian Arnold,VfL Wolfsburg
8258347,58,Daniel Brosinski,Fabian Frei,1. FSV Mainz 05
8258347,73,Pablo de Blasis,Levin Öztunali,1. FSV Mainz 05
8258347,83,Suat Serdar,Yunus Mallı,1. FSV Mainz 05
8258337,82,Franco Di Santo,Leon Goretzka,FC Schalke 04
8258337,86,Abdul Rahman Baba,Eric Maxim Choupo-Moting,FC Schalke 04
8258337,90,Max Meyer,Breel Embolo,FC Schalke 04
8258337,46,Lars Stindl,Jannik Vestergaard,Bor. Mönchengladbach
8258337,67,Julian Korb,Mahmoud Dahoud,Bor. Mönchengladbach
8258337,82,Patrick Herrmann,Fabian Johnson,Bor. Mönchengladbach
8257890,60,Ousmane Dembélé,Sebastian Rode,Borussia Dortmund
8257890,60,Shinji Kagawa,Mario Götze,Borussia Dortmund
8257890,71,Joo-ho Park,Marcel Schmelzer,Borussia Dortmund
8257890,78,Allan,Per Skjelbred,Hertha BSC
8257890,81,Sami Allagui,Vedad Ibišević,Hertha BSC
8257890,90,Maximilian Mittelstädt,Alexander Esswein,Hertha BSC
8257894,46,Ibrahima Traoré,Patrick Herrmann,Bor. Mönchengladbach
8257894,85,Jonas Hofmann,Mahmoud Dahoud,Bor. Mönchengladbach
8257894,87,Jannik Vestergaard,Fabian Johnson,Bor. Mönchengladbach
8257894,63,Gōtoku Sakai,Pierre-Michel Lasogga,Hamburger SV
8257894,74,Bobby Wood,Filip Kostić,Hamburger SV
8257894,80,Gideon Jung,Aaron Hunt,Hamburger SV
8257909,72,Leonardo Bittencourt,Konstantin Rausch,1. FC Köln
8257909,75,Artjoms Rudņevs,Yuya Osako,1. FC Köln
8257909,86,Salih Özcan,Marco Höger,1. FC Köln
8257909,58,Mathew Leckie,Stefan Lex,FC Ingolstadt 04
8257909,66,Dario Lezcano,Roger,FC Ingolstadt 04
8257909,75,Alfredo Morales,Moritz Hartmann,FC Ingolstadt 04
8257914,87,Dominik Kohr,Gojko Kačar,FC Augsburg
8257914,90,Jan Morávek,Daniel Baier,FC Augsburg
8257914,90,Tim Rieder,Halil Altintop,FC Augsburg
8257914,24,Klaas Jan Huntelaar,Breel Embolo,FC Schalke 04
8257914,61,Yevhen Konoplyanka,Alessandro Schöpf,FC Schalke 04
8257914,85,Max Meyer,Johannes Geis,FC Schalke 04
8257927,74,Eugen Polanski,Lukas Rupp,1899 Hoffenheim
8257927,77,Nadiem Amiri,Kerem Demirbay,1899 Hoffenheim
8257927,82,Ermin Bičakčić,Benjamin Hübner,1899 Hoffenheim
8257927,46,Florian Niederlechner,Aleksandar Ignjovski,SC Freiburg
8257927,58,Nils Petersen,Jonas Meffert,SC Freiburg
8257927,77,Janik Haberer,Mike Frantz,SC Freiburg
8257930,67,Makoto Hasebe,Ante Rebić,Eintracht Frankfurt
8257930,70,Shani Tarashaj,Michael Hector,Eintracht Frankfurt
8257930,77,Branimir Hrgota,Alexander Meier,Eintracht Frankfurt
8257930,46,Renato Sanches,Xabi Alonso,Bayern München
8257930,67,Robert Lewandowski,Kingsley Coman,Bayern München
8257930,76,Rafinha,Arjen Robben,Bayern München
8257918,45,Fin Bartels,Serge Gnabry,Werder Bremen
8257918,68,Ulisses Garcia,Clemens Fritz,Werder Bremen
8257918,83,Robert Bauer,Izet Hajrović,Werder Bremen
8257918,57,Admir Mehmedi,Kevin Volland,Bayer Leverkusen
8257918,72,Stefan Kießling,Julian Brandt,Bayer Leverkusen
8257918,83,Kai Havertz,Charles Aránguiz,Bayer Leverkusen
8257900,73,Karim Onisiwo,Levin Öztunali,1. FSV Mainz 05
8257900,83,Suat Serdar,Yunus Mallı,1. FSV Mainz 05
8257900,90,Niko Bungert,Pablo de Blasis,1. FSV Mainz 05
8257900,60,Änis Ben-Hatira,Marcel Heller,SV Darmstadt 98
8257900,60,Sven Schipplock,Roman Bezjak,SV Darmstadt 98
8257900,79,Sandro Sirigu,Immanuel Höhn,SV Darmstadt 98
8257904,60,Bruno Henrique,Paul Seguin,VfL Wolfsburg
8257904,63,Josip Brekalo,Vieirinha,VfL Wolfsburg
8257904,77,Borja Mayoral,Luiz Gustavo,VfL Wolfsburg
8257904,15,Dominik Kaiser,Marcel Sabitzer,RB Leipzig
8257904,80,Oliver Burke,Yussuf Poulsen,RB Leipzig
8257904,87,Naby Keïta,Emil Forsberg,RB Leipzig
8257954,46,Bobby Wood,Alen Halilović,Hamburger SV
8257954,55,Luca Waldschmidt,Emir Spahić,Hamburger SV
8257954,72,Gōtoku Sakai,Filip Kostić,Hamburger SV
8257954,61,Haris Seferović,Shani Tarashaj,Eintracht Frankfurt
8257954,76,Alexander Meier,Branimir Hrgota,Eintracht Frankfurt
8257954,82,Taleb Tawatha,Bastian Oczipka,Eintracht Frankfurt
8257942,46,Wendell,Lars Bender,Bayer Leverkusen
8257942,56,Javier Hernández,Ömer Toprak,Bayer Leverkusen
8257942,56,Stefan Kießling,Admir Mehmedi,Bayer Leverkusen
8257942,58,Eugen Polanski,Sebastian Rudy,1899 Hoffenheim
8257942,65,Ádám Szalai,Andrej Kramarić,1899 Hoffenheim
8257942,78,Eduardo Vargas,Kerem Demirbay,1899 Hoffenheim
8257951,68,Julian Schieber,Alexander Esswein,Hertha BSC
8257951,83,Allan,Salomon Kalou,Hertha BSC
8257951,90,Sami Allagui,Vedad Ibišević,Hertha BSC
8257951,46,Leonardo Bittencourt,Yuya Osako,1. FC Köln
8257951,68,Simon Zoller,Konstantin Rausch,1. FC Köln
8257951,79,Artjoms Rudņevs,Dominique Heintz,1. FC Köln
8257958,72,Mathew Leckie,Dario Lezcano,FC Ingolstadt 04
8257958,89,Alfredo Morales,Lukas Hinterseer,FC Ingolstadt 04
8257958,46,Christian Pulisic,Joo-ho Park,Borussia Dortmund
8257958,59,Mario Götze,Gonzalo Castro,Borussia Dortmund
8257958,73,Felix Passlack,Shinji Kagawa,Borussia Dortmund
8257962,56,Sandro Sirigu,Roman Bezjak,SV Darmstadt 98
8257962,74,Antonio Čolak,Sven Schipplock,SV Darmstadt 98
8257962,80,Peter Niemeyer,László Kleinheisler,SV Darmstadt 98
8257962,26,Robin Knoche,Daniel Caligiuri,VfL Wolfsburg
8257962,69,Paul Seguin,Marcel Schäfer,VfL Wolfsburg
8257962,84,Borja Mayoral,Julian Draxler,VfL Wolfsburg
8257972,17,Torrejón,Amir Abrashi,SC Freiburg
8257972,55,Nils Petersen,Florian Niederlechner,SC Freiburg
8257972,90,Georg Niedermeier,Vincenzo Grifo,SC Freiburg
8257972,70,Philipp Max,Ja-cheol Koo,FC Augsburg
8257972,77,Dominik Kohr,Gojko Kačar,FC Augsburg
8257972,85,Julian Günther-Schmidt,Kostas Stafylidis,FC Augsburg
8257938,73,Thomas Müller,Douglas Costa,Bayern München
8257938,80,Renato Sanches,Arjen Robben,Bayern München
8257938,83,Joshua Kimmich,Rafinha,Bayern München
8257938,46,Tony Jantschke,Jonas Hofmann,Bor. Mönchengladbach
8257938,65,Nico Schulz,Oscar Wendt,Bor. Mönchengladbach
8257938,78,Patrick Herrmann,André Hahn,Bor. Mönchengladbach
8257966,72,Davie Selke,Timo Werner,RB Leipzig
8257966,84,Stefan Ilsanker,Emil Forsberg,RB Leipzig
8257966,89,Oliver Burke,Yussuf Poulsen,RB Leipzig
8257966,62,Fin Bartels,Izet Hajrović,Werder Bremen
8257966,71,Aron Jóhannsson,Clemens Fritz,Werder Bremen
8257966,78,Miloš Veljković,Florian Grillitsch,Werder Bremen
8257946,75,Benjamin Stambouli,Johannes Geis,FC Schalke 04
8257946,79,Abdul Rahman Baba,Sead Kolašinac,FC Schalke 04
8257946,81,Klaas Jan Huntelaar,Franco Di Santo,FC Schalke 04
8257946,59,Karim Onisiwo,Levin Öztunali,1. FSV Mainz 05
8257946,59,Pablo de Blasis,Jairo,1. FSV Mainz 05
8257946,74,Fabian Frei,Jean-Philippe Gbamin,1. FSV Mainz 05
8257994,74,Patrick Herrmann,Mahmoud Dahoud,Bor. Mönchengladbach
8257994,86,Nico Schulz,Fabian Johnson,Bor. Mönchengladbach
8257994,75,Haris Seferović,Branimir Hrgota,Eintracht Frankfurt
8257994,82,Shani Tarashaj,Mijat Gaćinović,Eintracht Frankfurt
8257996,83,Levin Öztunali,Jairo,1. FSV Mainz 05
8257996,90,Leon Balogun,Yunus Mallı,1. FSV Mainz 05
8257996,90,José Rodríguez,Pablo de Blasis,1. FSV Mainz 05
8257996,58,Max Christiansen,Almog Cohen,FC Ingolstadt 04
8257996,62,Mathew Leckie,Dario Lezcano,FC Ingolstadt 04
8257996,72,Stefan Lex,Moritz Hartmann,FC Ingolstadt 04
8258000,7,Hendrik Hansen,Robin Knoche,VfL Wolfsburg
8258000,78,Josip Brekalo,Julian Draxler,VfL Wolfsburg
8258000,87,Borja Mayoral,Paul Seguin,VfL Wolfsburg
8258000,70,Kai Havertz,Charles Aránguiz,Bayer Leverkusen
8258000,77,Julian Baumgartlinger,Lars Bender,Bayer Leverkusen
8258000,87,Stefan Kießling,Admir Mehmedi,Bayer Leverkusen
8258008,55,Philipp Max,Jonathan Schmid,FC Augsburg
8258008,65,Georg Teigl,Halil Altintop,FC Augsburg
8258008,82,Jan Morávek,Gojko Kačar,FC Augsburg
8258008,29,Mats Hummels,Javi Martínez,Bayern München
8258008,62,Holger Badstuber,Jérôme Boateng,Bayern München
8258008,76,Joshua Kimmich,Arjen Robben,Bayern München
8258012,41,Miloš Veljković,Lamine Sané,Werder Bremen
8258012,46,Fin Bartels,Florian Grillitsch,Werder Bremen
8258012,78,Lennart Thy,Izet Hajrović,Werder Bremen
8258012,58,Nils Petersen,Karim Guédé,SC Freiburg
8258012,78,Florian Niederlechner,Maximilian Philipp,SC Freiburg
8258012,90,Janik Haberer,Mike Frantz,SC Freiburg
8258014,65,Antonio Čolak,Sven Schipplock,SV Darmstadt 98
8258014,73,Mario Vrančić,Jérôme Gondorf,SV Darmstadt 98
8258014,79,Marcel Heller,Roman Bezjak,SV Darmstadt 98
8258014,51,Marcel Sabitzer,Yussuf Poulsen,RB Leipzig
8258014,70,Oliver Burke,Bernardo,RB Leipzig
8258014,86,Davie Selke,Timo Werner,RB Leipzig
8257990,71,Raphaël Guerreiro,Felix Passlack,Borussia Dortmund
8257990,79,André Schürrle,Shinji Kagawa,Borussia Dortmund
8257990,87,Sebastian Rode,Ousmane Dembélé,Borussia Dortmund
8257990,63,Eric Maxim Choupo-Moting,Franco Di Santo,FC Schalke 04
8257990,75,Yevhen Konoplyanka,Max Meyer,FC Schalke 04
8257990,90,Benjamin Stambouli,Nabil Bentaleb,FC Schalke 04
8258020,62,Jeremy Toljan,Steven Zuber,1899 Hoffenheim
8258020,78,Nadiem Amiri,Kerem Demirbay,1899 Hoffenheim
8258020,84,Ádám Szalai,Lukas Rupp,1899 Hoffenheim
8258020,57,Julian Schieber,Alexander Esswein,Hertha BSC
8258020,72,Salomon Kalou,Per Skjelbred,Hertha BSC
8258020,80,Sami Allagui,Vedad Ibišević,Hertha BSC
8258006,12,Dominique Heintz,Dominic Maroh,1. FC Köln
8258006,56,Simon Zoller,Artjoms Rudņevs,1. FC Köln
8258006,86,Konstantin Rausch,Marco Höger,1. FC Köln
8258006,66,Michael Gregoritsch,Ashton Götz,Hamburger SV
8258006,75,Nicolai Müller,Filip Kostić,Hamburger SV
8258006,84,Luca Waldschmidt,Pierre-Michel Lasogga,Hamburger SV
8258060,56,Allan,Fabian Lustenberger,Hertha BSC
8258060,71,Julian Schieber,Genki Haraguchi,Hertha BSC
8258060,86,Sinan Kurt,Salomon Kalou,Hertha BSC
8258060,33,Fabian Johnson,Patrick Herrmann,Bor. Mönchengladbach
8258060,46,Julian Korb,Tobias Strobl,Bor. Mönchengladbach
8258060,85,Thorgan Hazard,Jonas Hofmann,Bor. Mönchengladbach
8258044,69,Thomas Müller,Arturo Vidal,Bayern München
8258044,78,Kingsley Coman,Arjen Robben,Bayern München
8258044,82,David Alaba,Jérôme Boateng,Bayern München
8258044,46,Ermin Bičakčić,Benjamin Hübner,1899 Hoffenheim
8258044,57,Lukas Rupp,Nadiem Amiri,1899 Hoffenheim
8258044,71,Eduardo Vargas,Andrej Kramarić,1899 Hoffenheim
8258049,60,Charles Aránguiz,Admir Mehmedi,Bayer Leverkusen
8258049,84,Aleksandar Dragović,Ömer Toprak,Bayer Leverkusen
8258049,90,Stefan Kießling,Julian Brandt,Bayer Leverkusen
8258049,46,Sandro Sirigu,Sven Schipplock,SV Darmstadt 98
8258049,46,Antonio Čolak,Änis Ben-Hatira,SV Darmstadt 98
8258049,75,Mario Vrančić,László Kleinheisler,SV Darmstadt 98
8258064,31,Albin Ekdal,Cléber Reis,Hamburger SV
8258064,52,Luca Waldschmidt,Pierre-Michel Lasogga,Hamburger SV
8258064,69,Aaron Hunt,Dennis Diekmeier,Hamburger SV
8258064,68,André Schürrle,Emre Mor,Borussia Dortmund
8258064,68,Ousmane Dembélé,Christian Pulisic,Borussia Dortmund
8258064,81,Felix Passlack,Sokratis Papastathopoulos,Borussia Dortmund
8258070,46,Dario Lezcano,Lukas Hinterseer,FC Ingolstadt 04
8258070,78,Moritz Hartmann,Stefan Lex,FC Ingolstadt 04
8258070,78,Sonny Kittel,Almog Cohen,FC Ingolstadt 04
8258070,75,Halil Altintop,Jonathan Schmid,FC Augsburg
8258070,80,Raúl Bobadilla,Philipp Max,FC Augsburg
8258070,90,Gojko Kačar,Ja-cheol Koo,FC Augsburg
8258080,58,Nils Petersen,Amir Abrashi,SC Freiburg
8258080,87,Janik Haberer,Florian Niederlechner,SC Freiburg
8258080,89,Jonas Föhrenbach,Nicolas Höfler,SC Freiburg
8258080,75,Daniel Didavi,Jakub Błaszczykowski,VfL Wolfsburg
8258080,82,Borja Mayoral,Mario Gomez,VfL Wolfsburg
8258080,88,Marcel Schäfer,Daniel Caligiuri,VfL Wolfsburg
8258074,73,Haris Seferović,Alexander Meier,Eintracht Frankfurt
8258074,83,Michael Hector,Mijat Gaćinović,Eintracht Frankfurt
8258074,88,Danny Blum,Szabolcs Huszti,Eintracht Frankfurt
8258074,46,Simon Zoller,Konstantin Rausch,1. FC Köln
8258074,70,Sehrou Guirassy,Matthias Lehmann,1. FC Köln
8258086,69,Oliver Burke,Timo Werner,RB Leipzig
8258086,79,Davie Selke,Yussuf Poulsen,RB Leipzig
8258086,86,Dominik Kaiser,Emil Forsberg,RB Leipzig
8258086,32,Yunus Mallı,Suat Serdar,1. FSV Mainz 05
8258086,46,Stefan Bell,Jairo,1. FSV Mainz 05
8258086,67,André Ramalho,Jean-Philippe Gbamin,1. FSV Mainz 05
8258054,80,Benjamin Stambouli,Nabil Bentaleb,FC Schalke 04
8258054,88,Abdul Rahman Baba,Max Meyer,FC Schalke 04
8258054,90,Yevhen Konoplyanka,Eric Maxim Choupo-Moting,FC Schalke 04
8258054,64,Izet Hajrović,Clemens Fritz,Werder Bremen
8258054,70,Claudio Pizarro,Fin Bartels,Werder Bremen
8258104,64,Kevin Volland,Hakan Çalhanoğlu,Bayer Leverkusen
8258104,74,Javier Hernández,Admir Mehmedi,Bayer Leverkusen
8258104,82,Kai Havertz,Julian Baumgartlinger,Bayer Leverkusen
8258104,30,Benno Schmitz,Marvin Compper,RB Leipzig
8258104,64,Oliver Burke,Yussuf Poulsen,RB Leipzig
8258104,90,Dominik Kaiser,Emil Forsberg,RB Leipzig
8258106,72,André Hahn,Thorgan Hazard,Bor. Mönchengladbach
8258106,75,Fabian Johnson,Ibrahima Traoré,Bor. Mönchengladbach
8258106,89,Tony Jantschke,Mahmoud Dahoud,Bor. Mönchengladbach
8258106,46,Artjoms Rudņevs,Matthias Lehmann,1. FC Köln
8258106,72,Salih Özcan,Yuya Osako,1. FC Köln
8258106,90,Paweł Olkowski,Marcel Risse,1. FC Köln
8258112,76,André Ramalho,Pablo de Blasis,1. FSV Mainz 05
8258112,90,Leon Balogun,Jhon Córdoba,1. FSV Mainz 05
8258112,90,Jairo,Yunus Mallı,1. FSV Mainz 05
8258112,15,Nils Petersen,Maximilian Philipp,SC Freiburg
8258112,80,Mats Møller Dæhli,Jonas Föhrenbach,SC Freiburg
8258112,82,Janik Haberer,Florian Niederlechner,SC Freiburg
8258116,55,Vieirinha,Jakub Błaszczykowski,VfL Wolfsburg
8258116,65,Daniel Didavi,Daniel Caligiuri,VfL Wolfsburg
8258116,81,Josuha Guilavogui,Paul Seguin,VfL Wolfsburg
8258116,86,Benjamin Stambouli,Nabil Bentaleb,FC Schalke 04
8258116,90,Abdul Rahman Baba,Max Meyer,FC Schalke 04
8258116,90,Thilo Kehrer,Eric Maxim Choupo-Moting,FC Schalke 04
8258123,70,Georg Teigl,Jonathan Schmid,FC Augsburg
8258123,73,Gojko Kačar,Martin Hinteregger,FC Augsburg
8258123,83,Jan Morávek,Halil Altintop,FC Augsburg
8258123,62,Genki Haraguchi,Alexander Esswein,Hertha BSC
8258123,62,Julian Schieber,Salomon Kalou,Hertha BSC
8258136,46,Mario Vrančić,László Kleinheisler,SV Darmstadt 98
8258136,63,Sandro Sirigu,Änis Ben-Hatira,SV Darmstadt 98
8258136,75,Sven Schipplock,Jérôme Gondorf,SV Darmstadt 98
8258136,45,Lukas Hinterseer,Markus Suttner,FC Ingolstadt 04
8258136,78,Sonny Kittel,Moritz Hartmann,FC Ingolstadt 04
8258136,90,Max Christiansen,Almog Cohen,FC Ingolstadt 04
8258100,68,Erik Durm,André Schürrle,Borussia Dortmund
8258100,77,Gonzalo Castro,Mario Götze,Borussia Dortmund
8258100,88,Christian Pulisic,Marcel Schmelzer,Borussia Dortmund
8258100,58,Douglas Costa,Joshua Kimmich,Bayern München
8258100,68,Rafinha,Philipp Lahm,Bayern München
8258100,74,Renato Sanches,Xabi Alonso,Bayern München
8258143,22,Ermin Bičakčić,Kevin Vogt,1899 Hoffenheim
8258143,69,Lukas Rupp,Kerem Demirbay,1899 Hoffenheim
8258143,78,Eduardo Vargas,Andrej Kramarić,1899 Hoffenheim
8258143,80,Pierre-Michel Lasogga,Michael Gregoritsch,Hamburger SV
8258143,90,Aaron Hunt,Filip Kostić,Hamburger SV
8258143,90,Finn Porath,Nicolai Müller,Hamburger SV
8258132,72,Philipp Bargfrede,Florian Grillitsch,Werder Bremen
8258132,77,Fin Bartels,Serge Gnabry,Werder Bremen
8258132,83,Lennart Thy,Claudio Pizarro,Werder Bremen
8258132,46,Alexander Meier,Szabolcs Huszti,Eintracht Frankfurt
8258132,75,Aymane Barkok,Mijat Gaćinović,Eintracht Frankfurt
8258132,84,Ante Rebić,Branimir Hrgota,Eintracht Frankfurt
8258203,46,Janik Haberer,Torrejón,SC Freiburg
8258203,70,Jonas Föhrenbach,Manuel Gulde,SC Freiburg
8258203,77,Mats Møller Dæhli,Nils Petersen,SC Freiburg
8258203,78,Oliver Burke,Yussuf Poulsen,RB Leipzig
8258203,84,Davie Selke,Timo Werner,RB Leipzig
8258203,87,Rani Khedira,Marcel Sabitzer,RB Leipzig
8258170,75,Fabian Johnson,Thorgan Hazard,Bor. Mönchengladbach
8258170,87,André Hahn,Christoph Kramer,Bor. Mönchengladbach
8258170,87,Tony Jantschke,Lars Stindl,Bor. Mönchengladbach
8258170,46,Mark Uth,Ádám Szalai,1899 Hoffenheim
8258170,46,Nadiem Amiri,Fabian Schär,1899 Hoffenheim
8258170,58,Jeremy Toljan,Steven Zuber,1899 Hoffenheim
8258185,57,Artjoms Rudņevs,Marco Höger,1. FC Köln
8258185,65,Marcel Hartel,Simon Zoller,1. FC Köln
8258185,85,Salih Özcan,Yuya Osako,1. FC Köln
8258185,71,Georg Teigl,Jonathan Schmid,FC Augsburg
8258185,78,Takashi Usami,Philipp Max,FC Augsburg
8258185,90,Gojko Kačar,Halil Altintop,FC Augsburg
8258187,64,Luca Waldschmidt,Dennis Diekmeier,Hamburger SV
8258187,82,Pierre-Michel Lasogga,Michael Gregoritsch,Hamburger SV
8258187,46,Philipp Bargfrede,Thanos Petsos,Werder Bremen
8258187,69,Claudio Pizarro,Serge Gnabry,Werder Bremen
8258187,88,Izet Hajrović,Fin Bartels,Werder Bremen
8258193,67,Lukas Hinterseer,Anthony Jung,FC Ingolstadt 04
8258193,76,Dario Lezcano,Moritz Hartmann,FC Ingolstadt 04
8258193,90,Robert Leipertz,Pascal Groß,FC Ingolstadt 04
8258193,46,Borja Mayoral,Daniel Didavi,VfL Wolfsburg
8258193,46,Daniel Caligiuri,Maximilian Arnold,VfL Wolfsburg
8258193,75,Marcel Schäfer,Julian Draxler,VfL Wolfsburg
8258199,71,Haris Seferović,Alexander Meier,Eintracht Frankfurt
8258199,82,Aymane Barkok,Szabolcs Huszti,Eintracht Frankfurt
8258199,90,Branimir Hrgota,Marco Fabián,Eintracht Frankfurt
8258199,58,Sebastian Rode,Julian Weigl,Borussia Dortmund
8258199,58,Ousmane Dembélé,André Schürrle,Borussia Dortmund
8258199,58,Marco Reus,Adrián Ramos,Borussia Dortmund
8258166,65,Arjen Robben,Thomas Müller,Bayern München
8258166,74,Franck Ribéry,Douglas Costa,Bayern München
8258166,82,Arturo Vidal,Philipp Lahm,Bayern München
8258166,59,Kevin Volland,Julian Brandt,Bayer Leverkusen
8258166,59,Javier Hernández,Admir Mehmedi,Bayer Leverkusen
8258177,46,Yevhen Konoplyanka,Leon Goretzka,FC Schalke 04
8258177,69,Benjamin Stambouli,Nabil Bentaleb,FC Schalke 04
8258177,88,Dennis Aogo,Max Meyer,FC Schalke 04
8258177,54,Victor Obinna,Änis Ben-Hatira,SV Darmstadt 98
8258177,74,Denys Oliynyk,Sandro Sirigu,SV Darmstadt 98
8258177,85,Dominik Stroh-Engel,Florian Jungwirth,SV Darmstadt 98
8258180,64,Vladimír Darida,Valentin Stocker,Hertha BSC
8258180,82,Julian Schieber,Salomon Kalou,Hertha BSC
8258180,90,Alexander Esswein,Vladimír Darida,Hertha BSC
8258180,75,Jhon Córdoba,Levin Öztunali,1. FSV Mainz 05
8258180,84,Danny Latza,Pablo de Blasis,1. FSV Mainz 05
8258180,84,Karim Onisiwo,Gaëtan Bussmann,1. FSV Mainz 05
8257864,62,Levin Öztunali,Alexander Hack,1. FSV Mainz 05
8257864,72,Danny Latza,Fabian Frei,1. FSV Mainz 05
8257864,81,Pablo de Blasis,André Ramalho,1. FSV Mainz 05
8257864,66,Douglas Costa,Franck Ribéry,Bayern München
8257864,77,Arturo Vidal,Joshua Kimmich,Bayern München
8257864,87,Renato Sanches,Thomas Müller,Bayern München
8257859,36,Julian Weigl,Nuri Şahin,Borussia Dortmund
8257859,78,Christian Pulisic,Thorgan Hazard,Borussia Dortmund
8257859,89,Emre Mor,Ousmane Dembélé,Borussia Dortmund
8257859,73,Jannik Vestergaard,Mahmoud Dahoud,Bor. Mönchengladbach
8257859,78,Fabian Johnson,Marco Reus,Bor. Mönchengladbach
8257859,82,André Hahn,Raffael,Bor. Mönchengladbach
8257862,46,Danny da Costa,Benjamin Henrichs,Bayer Leverkusen
8257862,56,Joel Pohjanpalo,Kai Havertz,Bayer Leverkusen
8257862,90,Stefan Kießling,Julian Brandt,Bayer Leverkusen
8257862,72,Aleksandar Ignjovski,Lukas Kübler,SC Freiburg
8257862,80,Nils Petersen,Janik Haberer,SC Freiburg
8257862,86,Onur Bulut,Julian Schuster,SC Freiburg
8257867,61,Luiz Gustavo,Josuha Guilavogui,VfL Wolfsburg
8257867,78,Julian Draxler,Borja Mayoral,VfL Wolfsburg
8257867,59,Alexander Esswein,Genki Haraguchi,Hertha BSC
8257867,59,Vladimír Darida,Valentin Stocker,Hertha BSC
8257867,80,Allan,Niklas Stark,Hertha BSC
8257871,74,Izet Hajrović,Max Kruse,Werder Bremen
8257871,86,Miloš Veljković,Serge Gnabry,Werder Bremen
8257871,89,Theodor Gebre Selassie,Izet Hajrović,Werder Bremen
8257871,46,Dario Lezcano,Anthony Jung,FC Ingolstadt 04
8257871,82,Lukas Hinterseer,Pascal Groß,FC Ingolstadt 04
8257871,85,Sonny Kittel,Almog Cohen,FC Ingolstadt 04
8257875,60,Barış Atik,Eugen Polanski,1899 Hoffenheim
8257875,60,Mark Uth,Andrej Kramarić,1899 Hoffenheim
8257875,81,Philipp Ochs,Sandro Wagner,1899 Hoffenheim
8257875,24,Marcel Hartel,Marcel Risse,1. FC Köln
8257875,62,Artjoms Rudņevs,Simon Zoller,1. FC Köln
8257875,62,Sehrou Guirassy,Salih Özcan,1. FC Köln
8257877,23,Dominik Kaiser,Benno Schmitz,RB Leipzig
8257877,83,Oliver Burke,Timo Werner,RB Leipzig
8257877,90,Rani Khedira,Emil Forsberg,RB Leipzig
8257877,81,Yevhen Konoplyanka,Nabil Bentaleb,FC Schalke 04
8257877,86,Fabian Reese,Johannes Geis,FC Schalke 04
8257877,86,Junior Caiçara,Alessandro Schöpf,FC Schalke 04
8257873,61,Roman Bezjak,Antonio Čolak,SV Darmstadt 98
8257873,74,Jan Rosenthal,László Kleinheisler,SV Darmstadt 98
8257873,81,Dominik Stroh-Engel,Peter Niemeyer,SV Darmstadt 98
8257873,74,Bobby Wood,Michael Gregoritsch,Hamburger SV
8257873,84,Albin Ekdal,Filip Kostić,Hamburger SV
8257873,89,Aaron Hunt,Nicolai Müller,Hamburger SV
8257869,74,Takashi Usami,Philipp Max,FC Augsburg
8257869,83,Georg Teigl,Jonathan Schmid,FC Augsburg
8257869,90,Gojko Kačar,Daniel Baier,FC Augsburg
8257869,62,Aymane Barkok,Mijat Gaćinović,Eintracht Frankfurt
8257869,74,Michael Hector,Szabolcs Huszti,Eintracht Frankfurt
8257869,87,Haris Seferović,Branimir Hrgota,Eintracht Frankfurt
8257948,61,Ante Rebić,Haris Seferović,Eintracht Frankfurt
8257948,85,Michael Hector,Szabolcs Huszti,Eintracht Frankfurt
8257948,90,Mijat Gaćinović,Marco Fabián,Eintracht Frankfurt
8257948,60,Mark Uth,Andrej Kramarić,1899 Hoffenheim
8257948,73,Steven Zuber,Pavel Kadeřábek,1899 Hoffenheim
8257948,84,Pirmin Schwegler,Eugen Polanski,1899 Hoffenheim
8257897,71,Xabi Alonso,Arturo Vidal,Bayern München
8257897,77,Douglas Costa,Franck Ribéry,Bayern München
8257897,81,Rafinha,Thiago,Bayern München
8257897,22,Jannes Horn,Marcel Schäfer,VfL Wolfsburg
8257897,61,Justin Möbius,Borja Mayoral,VfL Wolfsburg
8257897,83,Vieirinha,Jakub Błaszczykowski,VfL Wolfsburg
8257934,76,Konstantin Rausch,Artjoms Rudņevs,1. FC Köln
8257934,87,Sehrou Guirassy,Anthony Modeste,1. FC Köln
8257934,27,Bartra,Łukasz Piszczek,Borussia Dortmund
8257934,53,Sebastian Rode,Gonzalo Castro,Borussia Dortmund
8257934,75,Adrián Ramos,Sokratis Papastathopoulos,Borussia Dortmund
8257936,67,Bobby Wood,Michael Gregoritsch,Hamburger SV
8257936,85,Albin Ekdal,Filip Kostić,Hamburger SV
8257936,89,Emir Spahić,Nicolai Müller,Hamburger SV
8257936,69,Takashi Usami,Philipp Max,FC Augsburg
8257936,69,Gojko Kačar,Halil Altintop,FC Augsburg
8257936,82,Ja-cheol Koo,Kostas Stafylidis,FC Augsburg
8257944,58,Ørjan Nyland,Martin Hansen,FC Ingolstadt 04
8257944,64,Moritz Hartmann,Dario Lezcano,FC Ingolstadt 04
8257944,86,Lukas Hinterseer,Pascal Groß,FC Ingolstadt 04
8257944,55,Oliver Burke,Yussuf Poulsen,RB Leipzig
8257944,70,Davie Selke,Timo Werner,RB Leipzig
8257956,46,Nicolas Höfler,Lukas Kübler,SC Freiburg
8257956,63,Nils Petersen,Janik Haberer,SC Freiburg
8257956,90,Håvard Nielsen,Florian Niederlechner,SC Freiburg
8257956,71,László Kleinheisler,Jan Rosenthal,SV Darmstadt 98
8257956,81,Roman Bezjak,Sven Schipplock,SV Darmstadt 98
8257956,88,Dominik Stroh-Engel,Fabian Holland,SV Darmstadt 98
8257932,20,Valentin Stocker,Sebastian Langkamp,Hertha BSC
8257932,57,Mitchell Weiser,Alexander Esswein,Hertha BSC
8257932,71,Julian Schieber,Peter Pekarík,Hertha BSC
8257932,78,Theodor Gebre Selassie,Santiago García,Werder Bremen
8257932,84,Miloš Veljković,Max Kruse,Werder Bremen
8257932,88,Zlatko Junuzović,Serge Gnabry,Werder Bremen
8257907,46,Thorgan Hazard,André Hahn,Bor. Mönchengladbach
8257907,87,Nico Schulz,Oscar Wendt,Bor. Mönchengladbach
8257907,90,Josip Drmić,Raffael,Bor. Mönchengladbach
8257907,71,Aaron Seydel,Jairo,1. FSV Mainz 05
8257907,80,Pablo de Blasis,Danny Latza,1. FSV Mainz 05
8257907,87,Gerrit Holtmann,Levin Öztunali,1. FSV Mainz 05
8257923,79,Nabil Bentaleb,Max Meyer,FC Schalke 04
8257923,87,Benjamin Stambouli,Yevhen Konoplyanka,FC Schalke 04
8257923,90,Donis Avdijaj,Johannes Geis,FC Schalke 04
8257923,46,Kai Havertz,Julian Baumgartlinger,Bayer Leverkusen
8257923,46,Vladlen Yurchenko,Charles Aránguiz,Bayer Leverkusen
8257923,58,Aleksandar Dragović,Ömer Toprak,Bayer Leverkusen
8258084,58,Andrej Kramarić,Mark Uth,1899 Hoffenheim
8258084,61,Barış Atik,Kerem Demirbay,1899 Hoffenheim
8258084,69,Emre Mor,Ousmane Dembélé,Borussia Dortmund
8258084,83,Adrián Ramos,Christian Pulisic,Borussia Dortmund
8258084,90,Mikel Merino,Pierre-Emerick Aubameyang,Borussia Dortmund
8258038,59,Abdul Rahman Baba,Johannes Geis,FC Schalke 04
8258038,68,Donis Avdijaj,Fabian Reese,FC Schalke 04
8258038,87,Bernard Tekpetey,Max Meyer,FC Schalke 04
8258038,63,Maximilian Philipp,Lukas Kübler,SC Freiburg
8258038,79,Amir Abrashi,Pascal Stenzel,SC Freiburg
8258038,83,Onur Bulut,Florian Niederlechner,SC Freiburg
8258046,76,Levin Öztunali,Karim Onisiwo,1. FSV Mainz 05
8258046,83,Fabian Frei,André Ramalho,1. FSV Mainz 05
8258046,90,Gaëtan Bussmann,Danny Latza,1. FSV Mainz 05
8258046,71,Aaron Hunt,Michael Gregoritsch,Hamburger SV
8258046,71,Luca Waldschmidt,Dennis Diekmeier,Hamburger SV
8258046,84,Pierre-Michel Lasogga,Bobby Wood,Hamburger SV
8258058,69,Kostas Stafylidis,Philipp Max,FC Augsburg
8258058,72,Halil Altintop,Jan Morávek,FC Augsburg
8258058,87,Julian Günther-Schmidt,Takashi Usami,FC Augsburg
8258058,59,Julian Korb,Christoph Kramer,Bor. Mönchengladbach
8258058,75,Josip Drmić,Raffael,Bor. Mönchengladbach
8258058,85,Jonas Hofmann,Mahmoud Dahoud,Bor. Mönchengladbach
8258068,46,Zlatko Junuzović,Clemens Fritz,Werder Bremen
8258068,75,Aron Jóhannsson,Claudio Pizarro,Werder Bremen
8258068,90,Theodor Gebre Selassie,Fin Bartels,Werder Bremen
8258068,81,Simon Zoller,Artjoms Rudņevs,1. FC Köln
8258068,81,Sehrou Guirassy,Anthony Modeste,1. FC Köln
8258090,46,Dominik Kaiser,Naby Keïta,RB Leipzig
8258090,67,Benno Schmitz,Marcel Halstenberg,RB Leipzig
8258090,84,Davie Selke,Timo Werner,RB Leipzig
8258090,11,Peter Pekarík,Mitchell Weiser,Hertha BSC
8258090,46,Vladimír Darida,Salomon Kalou,Hertha BSC
8258090,79,Alexander Esswein,Genki Haraguchi,Hertha BSC
8258052,88,Jakub Błaszczykowski,Paul Seguin,VfL Wolfsburg
8258052,88,Borja Mayoral,Mario Gomez,VfL Wolfsburg
8258052,46,Alexander Meier,Szabolcs Huszti,Eintracht Frankfurt
8258052,58,Aymane Barkok,Michael Hector,Eintracht Frankfurt
8258052,76,Shani Tarashaj,Ante Rebić,Eintracht Frankfurt
8258078,65,Florian Jungwirth,Jan Rosenthal,SV Darmstadt 98
8258078,78,Antonio Čolak,Peter Niemeyer,SV Darmstadt 98
8258078,90,Victor Obinna,Sven Schipplock,SV Darmstadt 98
8258078,69,Franck Ribéry,Arturo Vidal,Bayern München
8258078,80,Joshua Kimmich,Thomas Müller,Bayern München
8258078,90,Renato Sanches,Douglas Costa,Bayern München
8258030,46,Wendell,Danny da Costa,Bayer Leverkusen
8258030,46,Julian Brandt,Julian Baumgartlinger,Bayer Leverkusen
8258030,82,Kai Havertz,Tin Jedvaj,Bayer Leverkusen
8258030,75,Sonny Kittel,Pascal Groß,FC Ingolstadt 04
8258030,75,Lukas Hinterseer,Dario Lezcano,FC Ingolstadt 04
8258030,90,Tobias Levels,Anthony Jung,FC Ingolstadt 04
8258125,46,Sven Bender,Bartra,Borussia Dortmund
8258125,71,Gonzalo Castro,Shinji Kagawa,Borussia Dortmund
8258125,81,André Schürrle,Ousmane Dembélé,Borussia Dortmund
8258125,73,Markus Feulner,Jan Morávek,FC Augsburg
8258125,78,Gojko Kačar,Dominik Kohr,FC Augsburg
8258125,90,Halil Altintop,Dong-won Ji,FC Augsburg
8258134,72,André Hahn,Lars Stindl,Bor. Mönchengladbach
8258134,82,Josip Drmić,Nico Elvedi,Bor. Mönchengladbach
8258134,83,Jakub Błaszczykowski,Paul Seguin,VfL Wolfsburg
8258134,87,Borja Mayoral,Mario Gomez,VfL Wolfsburg
8258134,90,Robin Knoche,Julian Draxler,VfL Wolfsburg
8258173,59,Bobby Wood,Luca Waldschmidt,Hamburger SV
8258173,88,Pierre-Michel Lasogga,Michael Gregoritsch,Hamburger SV
8258173,90,Emir Spahić,Filip Kostić,Hamburger SV
8258173,69,Donis Avdijaj,Johannes Geis,FC Schalke 04
8258173,77,Junior Caiçara,Alessandro Schöpf,FC Schalke 04
8258173,89,Fabian Reese,Yevhen Konoplyanka,FC Schalke 04
8258205,67,Shani Tarashaj,Ante Rebić,Eintracht Frankfurt
8258205,70,Aymane Barkok,Mijat Gaćinović,Eintracht Frankfurt
8258205,90,Szabolcs Huszti,Branimir Hrgota,Eintracht Frankfurt
8258205,46,Levin Öztunali,Karim Onisiwo,1. FSV Mainz 05
8258205,81,Jairo,Yunus Mallı,1. FSV Mainz 05
8258205,81,Aaron Seydel,Pablo de Blasis,1. FSV Mainz 05
8258117,46,Franck Ribéry,Arjen Robben,Bayern München
8258117,67,Juan Bernat,David Alaba,Bayern München
8258117,75,Joshua Kimmich,Arturo Vidal,Bayern München
8258117,46,Dominik Kaiser,Naby Keïta,RB Leipzig
8258117,59,Davie Selke,Timo Werner,RB Leipzig
8258117,82,Oliver Burke,Marcel Sabitzer,RB Leipzig
8258160,78,Sami Allagui,Valentin Stocker,Hertha BSC
8258160,82,Alexander Esswein,Vladimír Darida,Hertha BSC
8258160,90,Genki Haraguchi,Salomon Kalou,Hertha BSC
8258160,67,Änis Ben-Hatira,Sven Schipplock,SV Darmstadt 98
8258160,71,Roman Bezjak,Jan Rosenthal,SV Darmstadt 98
8258160,77,Florian Jungwirth,Mario Vrančić,SV Darmstadt 98
8258164,68,Simon Zoller,Artjoms Rudņevs,1. FC Köln
8258164,63,Javier Hernández,Kevin Kampl,Bayer Leverkusen
8258164,85,Joel Pohjanpalo,Admir Mehmedi,Bayer Leverkusen
8258191,36,Max Christiansen,Alfredo Morales,FC Ingolstadt 04
8258191,46,Dario Lezcano,Roger,FC Ingolstadt 04
8258191,73,Sonny Kittel,Lukas Hinterseer,FC Ingolstadt 04
8258191,54,Nils Petersen,Janik Haberer,SC Freiburg
8258191,66,Onur Bulut,Maximilian Philipp,SC Freiburg
8258191,78,Karim Guédé,Florian Niederlechner,SC Freiburg
8258197,66,Pirmin Schwegler,Kerem Demirbay,1899 Hoffenheim
8258197,67,Andrej Kramarić,Mark Uth,1899 Hoffenheim
8258197,82,Barış Atik,Nadiem Amiri,1899 Hoffenheim
8258197,46,Fin Bartels,Philipp Bargfrede,Werder Bremen
8258197,76,Aron Jóhannsson,Lamine Sané,Werder Bremen
8258197,90,Ulisses Garcia,Claudio Pizarro,Werder Bremen
8258272,70,Nils Petersen,Florian Niederlechner,SC Freiburg
8258272,80,Onur Bulut,Janik Haberer,SC Freiburg
8258272,83,Lukas Kübler,Pascal Stenzel,SC Freiburg
8258272,55,Joshua Kimmich,Arturo Vidal,Bayern München
8258272,71,Franck Ribéry,Douglas Costa,Bayern München
8258272,71,Juan Bernat,David Alaba,Bayern München
8258238,46,Guido Burgstaller,Johannes Geis,FC Schalke 04
8258238,67,Donis Avdijaj,Max Meyer,FC Schalke 04
8258238,85,Yevhen Konoplyanka,Dennis Aogo,FC Schalke 04
8258238,75,Anthony Jung,Pascal Groß,FC Ingolstadt 04
8258238,90,Robert Leipertz,Dario Lezcano,FC Ingolstadt 04
8258250,69,Vieirinha,Daniel Caligiuri,VfL Wolfsburg
8258250,80,Borja Mayoral,Yunus Mallı,VfL Wolfsburg
8258250,89,Jakub Błaszczykowski,Paul-Georges Ntep,VfL Wolfsburg
8258250,84,Michael Gregoritsch,Matthias Ostrzolek,Hamburger SV
8258255,46,Dominik Kohr,Ja-cheol Koo,FC Augsburg
8258255,64,Raúl Bobadilla,Kostas Stafylidis,FC Augsburg
8258255,73,Halil Altintop,Jan Morávek,FC Augsburg
8258255,46,Andrej Kramarić,Philipp Ochs,1899 Hoffenheim
8258255,74,Fabian Schär,Kerem Demirbay,1899 Hoffenheim
8258255,87,Eugen Polanski,Nadiem Amiri,1899 Hoffenheim
8258258,27,Miloš Veljković,Serge Gnabry,Werder Bremen
8258258,42,Felix Wiedwald,Claudio Pizarro,Werder Bremen
8258258,80,Florian Kainz,Clemens Fritz,Werder Bremen
8258258,46,Erik Durm,Marcel Schmelzer,Borussia Dortmund
8258258,70,Raphaël Guerreiro,Gonzalo Castro,Borussia Dortmund
8258258,70,Ousmane Dembélé,Marco Reus,Borussia Dortmund
8258260,70,Peter Niemeyer,Jan Rosenthal,SV Darmstadt 98
8258260,82,Florian Jungwirth,Mario Vrančić,SV Darmstadt 98
8258260,89,Sven Schipplock,Antonio Čolak,SV Darmstadt 98
8258260,70,André Hahn,Jonas Hofmann,Bor. Mönchengladbach
8258260,80,Ba-Muaka Simakala,Raffael,Bor. Mönchengladbach
8258278,62,Davie Selke,Yussuf Poulsen,RB Leipzig
8258278,70,Oliver Burke,Stefan Ilsanker,RB Leipzig
8258278,80,Dominik Kaiser,Timo Werner,RB Leipzig
8258278,6,Heinz Lindner,Branimir Hrgota,Eintracht Frankfurt
8258278,72,Aymane Barkok,Mijat Gaćinović,Eintracht Frankfurt
8258278,72,Haris Seferović,Ante Rebić,Eintracht Frankfurt
8258233,8,Jonathan Tah,Aleksandar Dragović,Bayer Leverkusen
8258233,75,Admir Mehmedi,Julian Brandt,Bayer Leverkusen
8258233,84,Kai Havertz,Karim Bellarabi,Bayer Leverkusen
8258233,66,Genki Haraguchi,Alexander Esswein,Hertha BSC
8258233,82,Julian Schieber,Vladimír Darida,Hertha BSC
8258233,87,Sami Allagui,Per Skjelbred,Hertha BSC
8258243,77,Mounir Bouziane,Jairo,1. FSV Mainz 05
8258243,89,Jean-Philippe Gbamin,Yoshinori Mutō,1. FSV Mainz 05
8258243,74,Leonardo Bittencourt,Christian Clemens,1. FC Köln
8258411,53,Donis Avdijaj,Johannes Geis,FC Schalke 04
8258411,66,Daniel Caligiuri,Alessandro Schöpf,FC Schalke 04
8258411,79,Yevhen Konoplyanka,Nabil Bentaleb,FC Schalke 04
8258411,62,Haris Seferović,Branimir Hrgota,Eintracht Frankfurt
8258411,85,Michael Hector,Aymane Barkok,Eintracht Frankfurt
8258411,90,Shani Tarashaj,Mijat Gaćinović,Eintracht Frankfurt
8258410,19,Maximilian Eggestein,Claudio Pizarro,Werder Bremen
8258410,71,Fin Bartels,Robert Bauer,Werder Bremen
8258410,81,Florian Kainz,Santiago García,Werder Bremen
8258410,62,Renato Sanches,Thomas Müller,Bayern München
8258410,66,Kingsley Coman,Arjen Robben,Bayern München
8258410,79,Douglas Costa,Franck Ribéry,Bayern München
8258412,73,Davie Selke,Yussuf Poulsen,RB Leipzig
8258412,90,Dominik Kaiser,Naby Keïta,RB Leipzig
8258412,90,Rani Khedira,Timo Werner,RB Leipzig
8258412,46,Fabian Schär,Kevin Vogt,1899 Hoffenheim
8258412,63,Mark Uth,Andrej Kramarić,1899 Hoffenheim
8258412,76,Ádám Szalai,Nadiem Amiri,1899 Hoffenheim
8258413,72,Jakub Błaszczykowski,Yunus Mallı,VfL Wolfsburg
8258413,72,Borja Mayoral,Vieirinha,VfL Wolfsburg
8258413,80,Maximilian Arnold,Josuha Guilavogui,VfL Wolfsburg
8258413,40,Dominik Kohr,Jan Morávek,FC Augsburg
8258413,62,Georg Teigl,Takashi Usami,FC Augsburg
8258413,88,Gojko Kačar,Raúl Bobadilla,FC Augsburg
8258414,43,Anthony Jung,Mathew Leckie,FC Ingolstadt 04
8258414,87,Lukas Hinterseer,Dario Lezcano,FC Ingolstadt 04
8258414,90,Tobias Levels,Pascal Groß,FC Ingolstadt 04
8258414,46,Gideon Jung,Matthias Ostrzolek,Hamburger SV
8258414,46,Dennis Diekmeier,Luca Waldschmidt,Hamburger SV
8258414,68,Nicolai Müller,Michael Gregoritsch,Hamburger SV
8258415,46,Artem Fedetskiy,,SV Darmstadt 98
8258415,68,Antonio Čolak,Alexander Milošević,SV Darmstadt 98
8258415,74,Mario Vrančić,Terrence Boyd,SV Darmstadt 98
8258415,50,Artjoms Rudņevs,Anthony Modeste,1. FC Köln
8258415,56,Dominic Maroh,Konstantin Rausch,1. FC Köln
8258415,74,Miloš Jojić,Leonardo Bittencourt,1. FC Köln
8258417,65,Tin Jedvaj,Benjamin Henrichs,Bayer Leverkusen
8258417,66,Kai Havertz,Charles Aránguiz,Bayer Leverkusen
8258417,77,Stefan Kießling,Karim Bellarabi,Bayer Leverkusen
8258417,70,André Hahn,Thorgan Hazard,Bor. Mönchengladbach
8258417,85,Fabian Johnson,Raffael,Bor. Mönchengladbach
8258417,90,Josip Drmić,Jonas Hofmann,Bor. Mönchengladbach
8258416,74,Nils Petersen,Florian Niederlechner,SC Freiburg
8258416,80,Onur Bulut,Janik Haberer,SC Freiburg
8258416,83,Aleksandar Ignjovski,Lukas Kübler,SC Freiburg
8258416,66,Genki Haraguchi,Salomon Kalou,Hertha BSC
8258416,66,Alexander Esswein,Valentin Stocker,Hertha BSC
8258416,83,Julian Schieber,Per Skjelbred,Hertha BSC
8258418,62,André Ramalho,Jean-Philippe Gbamin,1. FSV Mainz 05
8258418,69,Aaron Seydel,Fabian Frei,1. FSV Mainz 05
8258418,74,Pablo de Blasis,Yoshinori Mutō,1. FSV Mainz 05
8258418,66,Mario Götze,Raphaël Guerreiro,Borussia Dortmund
8258418,71,Ousmane Dembélé,Pierre-Emerick Aubameyang,Borussia Dortmund
8258418,86,Christian Pulisic,Gonzalo Castro,Borussia Dortmund
8258419,86,Luca Waldschmidt,Nicolai Müller,Hamburger SV
8258419,87,Johan Djourou,Lewis Holtby,Hamburger SV
8258419,90,Aaron Hunt,Filip Kostić,Hamburger SV
8258419,46,Stefan Kießling,Julian Baumgartlinger,Bayer Leverkusen
8258419,64,Julian Brandt,Karim Bellarabi,Bayer Leverkusen
8258419,82,Leon Bailey,Admir Mehmedi,Bayer Leverkusen
8258420,72,Kingsley Coman,Arjen Robben,Bayern München
8258420,77,David Alaba,Juan Bernat,Bayern München
8258420,77,Philipp Lahm,Rafinha,Bayern München
8258420,59,Matija Nastasić,Holger Badstuber,FC Schalke 04
8258420,73,Eric Maxim Choupo-Moting,Guido Burgstaller,FC Schalke 04
8258420,87,Thilo Kehrer,Leon Goretzka,FC Schalke 04
8258421,69,Ádám Szalai,Andrej Kramarić,1899 Hoffenheim
8258421,76,Marco Terrazzino,Mark Uth,1899 Hoffenheim
8258421,83,Ermin Bičakčić,Benjamin Hübner,1899 Hoffenheim
8258421,58,Levin Öztunali,Jhon Córdoba,1. FSV Mainz 05
8258421,71,Fabian Frei,André Ramalho,1. FSV Mainz 05
8258421,75,Bojan,Yoshinori Mutō,1. FSV Mainz 05
8258422,63,Simon Zoller,Christian Clemens,1. FC Köln
8258422,72,Salih Özcan,Leonardo Bittencourt,1. FC Köln
8258422,86,Dominic Maroh,Yuya Osako,1. FC Köln
8258422,85,Borja Mayoral,Josuha Guilavogui,VfL Wolfsburg
8258422,86,Paul-Georges Ntep,Vieirinha,VfL Wolfsburg
8258423,63,Julian Schieber,Valentin Stocker,Hertha BSC
8258423,79,Alexander Esswein,Salomon Kalou,Hertha BSC
8258423,90,Jordan Torunarigha,Vedad Ibišević,Hertha BSC
8258423,66,Lukas Hinterseer,Roger,FC Ingolstadt 04
8258423,66,Sonny Kittel,Max Christiansen,FC Ingolstadt 04
8258423,76,Robert Leipertz,Anthony Jung,FC Ingolstadt 04
8258426,65,Fabian Johnson,André Hahn,Bor. Mönchengladbach
8258426,88,Josip Drmić,Lars Stindl,Bor. Mönchengladbach
8258426,90,Patrick Herrmann,Raffael,Bor. Mönchengladbach
8258426,83,Aleksandar Ignjovski,Lukas Kübler,SC Freiburg
8258426,83,Håvard Nielsen,Florian Niederlechner,SC Freiburg
8258426,87,Julian Schuster,Amir Abrashi,SC Freiburg
8258427,61,Christian Pulisic,Ousmane Dembélé,Borussia Dortmund
8258427,77,Matthias Ginter,Raphaël Guerreiro,Borussia Dortmund
8258427,85,Felix Passlack,Marcel Schmelzer,Borussia Dortmund
8258427,66,Dayot Upamecano,Rani Khedira,RB Leipzig
8258427,73,Oliver Burke,Davie Selke,RB Leipzig
8258427,80,Federico Palacios-Martínez,Dominik Kaiser,RB Leipzig
8258424,53,Gojko Kačar,Halil Altintop,FC Augsburg
8258424,63,Georg Teigl,Jonathan Schmid,FC Augsburg
8258424,66,Aron Jóhannsson,Fin Bartels,Werder Bremen
8258424,90,Clemens Fritz,Serge Gnabry,Werder Bremen
8258425,75,Shani Tarashaj,Branimir Hrgota,Eintracht Frankfurt
8258425,85,Aymane Barkok,Mijat Gaćinović,Eintracht Frankfurt
8258425,88,Max Besuschkow,Mascarell,Eintracht Frankfurt
8258425,62,Sandro Sirigu,Sidney Sam,SV Darmstadt 98
8258425,68,Antonio Čolak,Terrence Boyd,SV Darmstadt 98
8258425,79,Hamit Altintop,Peter Niemeyer,SV Darmstadt 98
8258434,70,Yoshinori Mutō,Bojan,1. FSV Mainz 05
8258434,90,Pablo de Blasis,Jairo,1. FSV Mainz 05
8258434,90,Aaron Seydel,Jhon Córdoba,1. FSV Mainz 05
8258434,46,Georg Teigl,Jonathan Schmid,FC Augsburg
8258434,46,Halil Altintop,Dong-won Ji,FC Augsburg
8258434,90,Takashi Usami,Philipp Max,FC Augsburg
8258428,74,Lukas Hinterseer,Dario Lezcano,FC Ingolstadt 04
8258428,79,Stefan Lex,Pascal Groß,FC Ingolstadt 04
8258428,89,Anthony Jung,Mathew Leckie,FC Ingolstadt 04
8258428,65,Douglas Costa,Xabi Alonso,Bayern München
8258428,74,Arjen Robben,Joshua Kimmich,Bayern München
8258428,80,Rafinha,Philipp Lahm,Bayern München
8258429,58,Antonio Čolak,Terrence Boyd,SV Darmstadt 98
8258429,82,Leon Guwara,Fabian Holland,SV Darmstadt 98
8258429,85,Markus Steinhöfer,Artem Fedetskiy,SV Darmstadt 98
8258429,62,Shinji Kagawa,Raphaël Guerreiro,Borussia Dortmund
8258429,62,Ousmane Dembélé,Emre Mor,Borussia Dortmund
8258429,77,André Schürrle,Marco Reus,Borussia Dortmund
8258430,46,Theodor Gebre Selassie,Santiago García,Werder Bremen
8258430,46,Claudio Pizarro,Miloš Veljković,Werder Bremen
8258430,80,Aron Jóhannsson,Serge Gnabry,Werder Bremen
8258430,71,Josip Drmić,Patrick Herrmann,Bor. Mönchengladbach
8258430,80,Tobias Strobl,André Hahn,Bor. Mönchengladbach
8258430,85,Nico Schulz,Mahmoud Dahoud,Bor. Mönchengladbach
8258433,31,Yussuf Poulsen,Dayot Upamecano,RB Leipzig
8258433,43,Davie Selke,Yussuf Poulsen,RB Leipzig
8258433,71,Benno Schmitz,Bernardo,RB Leipzig
8258433,83,Dennis Diekmeier,Filip Kostić,Hamburger SV
8258433,90,Albin Ekdal,Lewis Holtby,Hamburger SV
8258433,90,Aaron Hunt,Bobby Wood,Hamburger SV
8258436,62,Charles Aránguiz,Lars Bender,Bayer Leverkusen
8258436,70,Kevin Volland,Javier Hernández,Bayer Leverkusen
8258436,90,Joel Pohjanpalo,Kai Havertz,Bayer Leverkusen
8258436,52,Ante Rebić,Mijat Gaćinović,Eintracht Frankfurt
8258436,66,Shani Tarashaj,Alexander Meier,Eintracht Frankfurt
8258436,76,Haris Seferović,Branimir Hrgota,Eintracht Frankfurt
8258431,82,Max Meyer,Daniel Caligiuri,FC Schalke 04
8258431,88,Thilo Kehrer,Leon Goretzka,FC Schalke 04
8258431,90,Klaas Jan Huntelaar,Guido Burgstaller,FC Schalke 04
8258431,46,Vladimír Darida,Valentin Stocker,Hertha BSC
8258431,73,Alexander Esswein,Salomon Kalou,Hertha BSC
8258431,82,Julian Schieber,Genki Haraguchi,Hertha BSC
8258435,46,Daniel Didavi,Riechedly Bazoer,VfL Wolfsburg
8258435,60,Jakub Błaszczykowski,Vieirinha,VfL Wolfsburg
8258435,90,Christian Träsch,Yunus Mallı,VfL Wolfsburg
8258435,23,Marco Terrazzino,Mark Uth,1899 Hoffenheim
8258435,58,Ádám Szalai,Andrej Kramarić,1899 Hoffenheim
8258435,83,Pirmin Schwegler,Nadiem Amiri,1899 Hoffenheim
8258432,56,Nils Petersen,Florian Niederlechner,SC Freiburg
8258432,68,Julian Schuster,Mike Frantz,SC Freiburg
8258432,90,Aleksandar Ignjovski,Vincenzo Grifo,SC Freiburg
8258432,33,Christian Clemens,Marco Höger,1. FC Köln
8258432,82,Simon Zoller,Leonardo Bittencourt,1. FC Köln
8258438,71,Dong-won Ji,Georg Teigl,FC Augsburg
8258438,88,Moritz Leitner,Dominik Kohr,FC Augsburg
8258438,44,Charles Aránguiz,Lars Bender,Bayer Leverkusen
8258438,60,Kevin Volland,Julian Brandt,Bayer Leverkusen
8258438,67,Julian Baumgartlinger,Javier Hernández,Bayer Leverkusen
8258437,87,Alexander Esswein,Vedad Ibišević,Hertha BSC
8258437,90,Maximilian Mittelstädt,Salomon Kalou,Hertha BSC
8258437,90,Fabian Lustenberger,Genki Haraguchi,Hertha BSC
8258437,61,Robert Lewandowski,Arturo Vidal,Bayern München
8258437,61,Xabi Alonso,Joshua Kimmich,Bayern München
8258437,77,Kingsley Coman,Juan Bernat,Bayern München
8258440,67,Christian Pulisic,Marco Reus,Borussia Dortmund
8258440,73,Shinji Kagawa,Ousmane Dembélé,Borussia Dortmund
8258440,81,Mikel Merino,Julian Weigl,Borussia Dortmund
8258440,34,Daniel Didavi,Paul Seguin,VfL Wolfsburg
8258440,60,Paul-Georges Ntep,Mario Gomez,VfL Wolfsburg
8258440,75,Jakub Błaszczykowski,Vieirinha,VfL Wolfsburg
8258441,45,Michael Hector,Vallejo,Eintracht Frankfurt
8258441,63,Danny Blum,Aymane Barkok,Eintracht Frankfurt
8258441,83,Taleb Tawatha,Alexander Meier,Eintracht Frankfurt
8258441,61,Roger,Marcel Tisserand,FC Ingolstadt 04
8258441,89,Lukas Hinterseer,Dario Lezcano,FC Ingolstadt 04
8258441,90,Sonny Kittel,Almog Cohen,FC Ingolstadt 04
8258442,46,Pablo de Blasis,Levin Öztunali,1. FSV Mainz 05
8258442,58,Aaron Seydel,Bojan,1. FSV Mainz 05
8258442,84,Gaëtan Bussmann,Giulio Donati,1. FSV Mainz 05
8258442,54,Maximilian Eggestein,Thomas Delaney,Werder Bremen
8258442,76,Miloš Veljković,Serge Gnabry,Werder Bremen
8258442,89,Santiago García,Zlatko Junuzović,Werder Bremen
8258443,50,Andrej Kramarić,Kerem Demirbay,1899 Hoffenheim
8258443,65,Ádám Szalai,Marco Terrazzino,1899 Hoffenheim
8258443,74,Eugen Polanski,Nadiem Amiri,1899 Hoffenheim
8258443,33,Mario Vrančić,Jan Rosenthal,SV Darmstadt 98
8258443,57,Antonio Čolak,Terrence Boyd,SV Darmstadt 98
8258443,75,Sandro Sirigu,Jérôme Gondorf,SV Darmstadt 98
8258444,31,Johan Djourou,Kyriakos Papadopoulos,Hamburger SV
8258444,46,Michael Gregoritsch,Dennis Diekmeier,Hamburger SV
8258444,83,Albin Ekdal,Walace,Hamburger SV
8258444,62,Mike Frantz,Amir Abrashi,SC Freiburg
8258444,85,Florian Niederlechner,Janik Haberer,SC Freiburg
8258444,90,Onur Bulut,Vincenzo Grifo,SC Freiburg
8258445,61,Patrick Herrmann,André Hahn,Bor. Mönchengladbach
8258445,61,Jonas Hofmann,Oscar Wendt,Bor. Mönchengladbach
8258445,80,Josip Drmić,Fabian Johnson,Bor. Mönchengladbach
8258445,66,Dominik Kaiser,Oliver Burke,RB Leipzig
8258445,76,Rani Khedira,Naby Keïta,RB Leipzig
8258445,83,Dayot Upamecano,Emil Forsberg,RB Leipzig
8258439,75,Simon Zoller,Miloš Jojić,1. FC Köln
8258439,67,Max Meyer,Daniel Caligiuri,FC Schalke 04
8258439,78,Eric Maxim Choupo-Moting,Guido Burgstaller,FC Schalke 04
8258439,90,Thilo Kehrer,Nabil Bentaleb,FC Schalke 04
8258452,63,Mario Gomez,Daniel Didavi,VfL Wolfsburg
8258452,74,Paul-Georges Ntep,Borja Mayoral,VfL Wolfsburg
8258452,81,Yannick Gerhardt,Christian Träsch,VfL Wolfsburg
8258452,60,Florian Kainz,Fin Bartels,Werder Bremen
8258452,75,Florian Grillitsch,Maximilian Eggestein,Werder Bremen
8258452,82,Claudio Pizarro,Serge Gnabry,Werder Bremen
8258446,24,Marc Oliver Kempf,Onur Bulut,SC Freiburg
8258446,64,Florian Niederlechner,Nils Petersen,SC Freiburg
8258446,85,Aleksandar Ignjovski,Lukas Kübler,SC Freiburg
8258446,76,Shinji Kagawa,Ousmane Dembélé,Borussia Dortmund
8258446,81,André Schürrle,Pierre-Emerick Aubameyang,Borussia Dortmund
8258446,82,Christian Pulisic,Marco Reus,Borussia Dortmund
8258448,54,Stefan Kießling,Aleksandar Dragović,Bayer Leverkusen
8258448,67,Julian Brandt,Kai Havertz,Bayer Leverkusen
8258448,79,Vladlen Yurchenko,Lars Bender,Bayer Leverkusen
8258448,76,Robin Quaison,Pablo de Blasis,1. FSV Mainz 05
8258448,89,Jairo,Yoshinori Mutō,1. FSV Mainz 05
8258448,90,Jean-Philippe Gbamin,Jhon Córdoba,1. FSV Mainz 05
8258449,65,Rani Khedira,Emil Forsberg,RB Leipzig
8258449,84,Davie Selke,Timo Werner,RB Leipzig
8258449,86,Dominik Kaiser,Naby Keïta,RB Leipzig
8258449,46,Simon Zoller,Dominic Maroh,1. FC Köln
8258449,76,Miloš Jojić,Marco Höger,1. FC Köln
8258450,57,Renato Sanches,Robert Lewandowski,Bayern München
8258450,60,Kingsley Coman,Thiago,Bayern München
8258450,67,Rafinha,Philipp Lahm,Bayern München
8258450,60,Albin Ekdal,Michael Gregoritsch,Hamburger SV
8258450,62,Aaron Hunt,Nicolai Müller,Hamburger SV
8258450,72,Luca Waldschmidt,Filip Kostić,Hamburger SV
8258451,35,Sandro Sirigu,Jan Rosenthal,SV Darmstadt 98
8258451,46,Terrence Boyd,Sidney Sam,SV Darmstadt 98
8258451,76,Sven Schipplock,Antonio Čolak,SV Darmstadt 98
8258451,77,Moritz Leitner,Jan Morávek,FC Augsburg
8258451,89,Julian Günther-Schmidt,Raúl Bobadilla,FC Augsburg
8258451,90,Raphael Framberger,Ja-cheol Koo,FC Augsburg
8258454,81,Maximilian Mittelstädt,Salomon Kalou,Hertha BSC
8258454,87,Fabian Lustenberger,Sebastian Langkamp,Hertha BSC
8258454,89,Ondrej Duda,Vladimír Darida,Hertha BSC
8258454,63,Shani Tarashaj,Max Besuschkow,Eintracht Frankfurt
8258454,69,Danny Blum,Guillermo Varela,Eintracht Frankfurt
8258447,46,Roger,Anthony Jung,FC Ingolstadt 04
8258447,72,Sonny Kittel,Marcel Tisserand,FC Ingolstadt 04
8258447,78,Lukas Hinterseer,Pascal Groß,FC Ingolstadt 04
8258447,61,Mahmoud Dahoud,Tobias Strobl,Bor. Mönchengladbach
8258447,80,André Hahn,Josip Drmić,Bor. Mönchengladbach
8258447,87,Raffael,Lars Stindl,Bor. Mönchengladbach
8258453,57,Max Meyer,Daniel Caligiuri,FC Schalke 04
8258453,82,Dennis Aogo,Sead Kolašinac,FC Schalke 04
8258453,84,Eric Maxim Choupo-Moting,Guido Burgstaller,FC Schalke 04
8258453,60,Pirmin Schwegler,Ermin Bičakčić,1899 Hoffenheim
8258453,63,Ádám Szalai,Nadiem Amiri,1899 Hoffenheim
8258453,70,Andrej Kramarić,Marco Terrazzino,1899 Hoffenheim
8258463,52,Georg Teigl,Raphael Framberger,FC Augsburg
8258463,58,Moritz Leitner,Dong-won Ji,FC Augsburg
8258463,76,Halil Altintop,Jan Morávek,FC Augsburg
8258463,83,Oliver Burke,Diego Demme,RB Leipzig
8258455,56,Dominic Maroh,Frederik Sørensen,1. FC Köln
8258455,63,Artjoms Rudņevs,Christian Clemens,1. FC Köln
8258455,73,Miloš Jojić,Marco Höger,1. FC Köln
8258455,52,Franck Ribéry,Douglas Costa,Bayern München
8258455,73,Joshua Kimmich,Arturo Vidal,Bayern München
8258455,82,Rafinha,Kingsley Coman,Bayern München
8258456,44,Christian Pulisic,Marco Reus,Borussia Dortmund
8258456,73,Shinji Kagawa,Ousmane Dembélé,Borussia Dortmund
8258456,81,André Schürrle,Pierre-Emerick Aubameyang,Borussia Dortmund
8258456,38,Karim Bellarabi,Charles Aránguiz,Bayer Leverkusen
8258456,66,Javier Hernández,Admir Mehmedi,Bayer Leverkusen
8258456,86,Aleksandar Dragović,Ömer Toprak,Bayer Leverkusen
8258459,67,Jairo,Yoshinori Mutō,1. FSV Mainz 05
8258459,90,Jean-Philippe Gbamin,Pablo de Blasis,1. FSV Mainz 05
8258459,90,Robin Quaison,Jhon Córdoba,1. FSV Mainz 05
8258459,75,Jannes Horn,Jeffrey Bruma,VfL Wolfsburg
8258459,78,Borja Mayoral,Daniel Didavi,VfL Wolfsburg
8258460,52,Andrej Kramarić,Marco Terrazzino,1899 Hoffenheim
8258460,79,Jeremy Toljan,Nadiem Amiri,1899 Hoffenheim
8258460,85,Ermin Bičakčić,Sandro Wagner,1899 Hoffenheim
8258460,72,Stefan Lex,Pascal Groß,FC Ingolstadt 04
8258460,82,Sonny Kittel,Lukas Hinterseer,FC Ingolstadt 04
8258460,87,Anthony Jung,Alfredo Morales,FC Ingolstadt 04
8258461,31,Maximilian Eggestein,Zlatko Junuzović,Werder Bremen
8258461,39,Florian Grillitsch,Clemens Fritz,Werder Bremen
8258461,78,Florian Kainz,Claudio Pizarro,Werder Bremen
8258461,73,Leon Guwara,Mario Vrančić,SV Darmstadt 98
8258461,78,Terrence Boyd,Fabian Holland,SV Darmstadt 98
8258461,87,Sven Schipplock,Sidney Sam,SV Darmstadt 98
8258457,46,Tobias Strobl,Christoph Kramer,Bor. Mönchengladbach
8258457,65,Jonas Hofmann,Patrick Herrmann,Bor. Mönchengladbach
8258457,81,Timothée Kolodziejczak,Andreas Christensen,Bor. Mönchengladbach
8258457,71,Franco Di Santo,Guido Burgstaller,FC Schalke 04
8258457,72,Klaas Jan Huntelaar,Daniel Caligiuri,FC Schalke 04
8258457,85,Yevhen Konoplyanka,Holger Badstuber,FC Schalke 04
8258462,65,Aymane Barkok,Taleb Tawatha,Eintracht Frankfurt
8258462,74,Shani Tarashaj,Ante Rebić,Eintracht Frankfurt
8258462,80,Alexander Meier,Mijat Gaćinović,Eintracht Frankfurt
8258462,83,Amir Abrashi,Nicolas Höfler,SC Freiburg
8258462,85,Nils Petersen,Florian Niederlechner,SC Freiburg
8258462,88,Torrejón,Julian Schuster,SC Freiburg
8258458,58,Filip Kostić,Lewis Holtby,Hamburger SV
8258458,73,Gōtoku Sakai,Walace,Hamburger SV
8258458,89,Michael Gregoritsch,Aaron Hunt,Hamburger SV
8258458,52,Ondrej Duda,Niklas Stark,Hertha BSC
8258458,84,Alexander Esswein,Genki Haraguchi,Hertha BSC
8257919,64,Kai Havertz,Karim Bellarabi,Bayer Leverkusen
8257919,74,Admir Mehmedi,Julian Brandt,Bayer Leverkusen
8257919,82,Stefan Kießling,Javier Hernández,Bayer Leverkusen
8257919,67,Thomas Delaney,Florian Grillitsch,Werder Bremen
8257919,76,Claudio Pizarro,Theodor Gebre Selassie,Werder Bremen
8257919,90,Florian Kainz,Zlatko Junuzović,Werder Bremen
8257891,66,Mitchell Weiser,Vedad Ibišević,Hertha BSC
8257891,81,Maximilian Mittelstädt,Salomon Kalou,Hertha BSC
8257891,90,Sami Allagui,Genki Haraguchi,Hertha BSC
8257891,76,Ousmane Dembélé,Gonzalo Castro,Borussia Dortmund
8257891,76,Christian Pulisic,Erik Durm,Borussia Dortmund
8257891,83,Mikel Merino,André Schürrle,Borussia Dortmund
8257901,64,Artem Fedetskiy,Sven Schipplock,SV Darmstadt 98
8257901,75,Felix Platte,Marcel Heller,SV Darmstadt 98
8257901,87,Markus Steinhöfer,Sandro Sirigu,SV Darmstadt 98
8257901,57,Jean-Philippe Gbamin,Fabian Frei,1. FSV Mainz 05
8257901,77,Bojan,Giulio Donati,1. FSV Mainz 05
8257901,82,Yoshinori Mutō,Jhon Córdoba,1. FSV Mainz 05
8257905,46,Federico Palacios-Martínez,Dominik Kaiser,RB Leipzig
8257905,68,Dayot Upamecano,Benno Schmitz,RB Leipzig
8257905,74,Oliver Burke,Emil Forsberg,RB Leipzig
8257905,44,Josuha Guilavogui,Ricardo Rodríguez,VfL Wolfsburg
8257905,64,Paul Seguin,Riechedly Bazoer,VfL Wolfsburg
8257905,82,Vieirinha,Daniel Didavi,VfL Wolfsburg
8257928,73,Vincenzo Grifo,Maximilian Philipp,SC Freiburg
8257928,77,Nils Petersen,Florian Niederlechner,SC Freiburg
8257928,87,Aleksandar Ignjovski,Janik Haberer,SC Freiburg
8257928,73,Ermin Bičakčić,Benjamin Hübner,1899 Hoffenheim
8257928,76,Ádám Szalai,Andrej Kramarić,1899 Hoffenheim
8257928,82,Marco Terrazzino,Nadiem Amiri,1899 Hoffenheim
8257931,65,Jérôme Boateng,Javi Martínez,Bayern München
8257931,75,Kingsley Coman,Robert Lewandowski,Bayern München
8257931,78,Renato Sanches,Arturo Vidal,Bayern München
8257931,64,Marco Russ,Makoto Hasebe,Eintracht Frankfurt
8257931,70,Aymane Barkok,Danny Blum,Eintracht Frankfurt
8257931,78,Marco Fabián,Branimir Hrgota,Eintracht Frankfurt
8257910,67,Pascal Groß,Sonny Kittel,FC Ingolstadt 04
8257910,72,Roger,Alfredo Morales,FC Ingolstadt 04
8257910,70,Neven Subotić,Miloš Jojić,1. FC Köln
8257910,79,Artjoms Rudņevs,Marco Höger,1. FC Köln
8257915,64,Alessandro Schöpf,Daniel Caligiuri,FC Schalke 04
8257915,77,Dennis Aogo,Sead Kolašinac,FC Schalke 04
8257915,85,Yevhen Konoplyanka,Guido Burgstaller,FC Schalke 04
8257915,40,Dong-won Ji,Raúl Bobadilla,FC Augsburg
8257915,46,Georg Teigl,Jonathan Schmid,FC Augsburg
8257915,77,Philipp Max,Halil Altintop,FC Augsburg
8257896,70,Michael Gregoritsch,Lewis Holtby,Hamburger SV
8257896,88,Douglas Santos,Filip Kostić,Hamburger SV
8257896,90,Pierre-Michel Lasogga,Aaron Hunt,Hamburger SV
8257896,57,Fabian Johnson,Jonas Hofmann,Bor. Mönchengladbach
8257896,67,André Hahn,Patrick Herrmann,Bor. Mönchengladbach
8257896,77,Tony Jantschke,Nico Elvedi,Bor. Mönchengladbach
8257959,56,Julian Weigl,Raphaël Guerreiro,Borussia Dortmund
8257959,77,André Schürrle,Christian Pulisic,Borussia Dortmund
8257959,83,Mikel Merino,Gonzalo Castro,Borussia Dortmund
8257959,75,Pascal Groß,Sonny Kittel,FC Ingolstadt 04
8257959,83,Maurice Multhaup,Almog Cohen,FC Ingolstadt 04
8257959,90,Lukas Hinterseer,Alfredo Morales,FC Ingolstadt 04
8257943,46,Pirmin Schwegler,Jeremy Toljan,1899 Hoffenheim
8257943,58,Nadiem Amiri,Ádám Szalai,1899 Hoffenheim
8257943,85,Eugen Polanski,Kerem Demirbay,1899 Hoffenheim
8257943,71,Javier Hernández,Kevin Volland,Bayer Leverkusen
8257943,71,Leon Bailey,Julian Brandt,Bayer Leverkusen
8257943,82,Stefan Kießling,Julian Baumgartlinger,Bayer Leverkusen
8257953,62,Marco Höger,Simon Zoller,1. FC Köln
8257953,76,Frederik Sørensen,Miloš Jojić,1. FC Köln
8257953,30,Mitchell Weiser,Salomon Kalou,Hertha BSC
8257953,46,Sami Allagui,Per Skjelbred,Hertha BSC
8257953,73,Maximilian Mittelstädt,Genki Haraguchi,Hertha BSC
8257963,46,Paul-Georges Ntep,Maximilian Arnold,VfL Wolfsburg
8257963,80,Christian Träsch,Riechedly Bazoer,VfL Wolfsburg
8257963,86,Borja Mayoral,Paul-Georges Ntep,VfL Wolfsburg
8257963,57,Felix Platte,Sandro Sirigu,SV Darmstadt 98
8257963,69,Antonio Čolak,Sven Schipplock,SV Darmstadt 98
8257963,85,Wilson Kamavuaka,Marcel Heller,SV Darmstadt 98
8257967,73,Aron Jóhannsson,Claudio Pizarro,Werder Bremen
8257967,83,Maximilian Eggestein,Thomas Delaney,Werder Bremen
8257967,88,Florian Kainz,Florian Grillitsch,Werder Bremen
8257967,56,Davie Selke,Marvin Compper,RB Leipzig
8257967,81,Oliver Burke,Benno Schmitz,RB Leipzig
8257973,28,Gojko Kačar,Jeffrey Gouweleeuw,FC Augsburg
8257973,64,Raúl Bobadilla,Jan Morávek,FC Augsburg
8257973,73,Tim Rieder,Kevin Danso,FC Augsburg
8257973,36,Amir Abrashi,Nicolas Höfler,SC Freiburg
8257973,46,Aleksandar Ignjovski,Lukas Kübler,SC Freiburg
8257973,87,Nils Petersen,Maximilian Philipp,SC Freiburg
8257955,81,Taleb Tawatha,Marco Russ,Eintracht Frankfurt
8257955,84,Alexander Meier,Branimir Hrgota,Eintracht Frankfurt
8257955,90,Danny Blum,Ante Rebić,Eintracht Frankfurt
8257955,60,Michael Gregoritsch,Lewis Holtby,Hamburger SV
8257955,71,Nicolai Müller,Aaron Hunt,Hamburger SV
8257955,90,Pierre-Michel Lasogga,Bobby Wood,Hamburger SV
8257947,61,Pablo de Blasis,Jairo,1. FSV Mainz 05
8257947,61,Robin Quaison,Bojan,1. FSV Mainz 05
8257947,82,Yoshinori Mutō,Danny Latza,1. FSV Mainz 05
8257947,46,Nabil Bentaleb,Leon Goretzka,FC Schalke 04
8257947,62,Daniel Caligiuri,Max Meyer,FC Schalke 04
8257947,83,Franco Di Santo,Guido Burgstaller,FC Schalke 04
8257939,64,Thorgan Hazard,Patrick Herrmann,Bor. Mönchengladbach
8257939,73,Josip Drmić,Tony Jantschke,Bor. Mönchengladbach
8257939,81,László Bénes,André Hahn,Bor. Mönchengladbach
8257939,73,Kingsley Coman,Franck Ribéry,Bayern München
8257939,77,Joshua Kimmich,Xabi Alonso,Bayern München
8257939,85,Renato Sanches,Arjen Robben,Bayern München
8258021,63,Jordan Torunarigha,Vedad Ibišević,Hertha BSC
8258021,65,Genki Haraguchi,Salomon Kalou,Hertha BSC
8258021,79,Sami Allagui,Alexander Esswein,Hertha BSC
8258021,62,Mark Uth,Nadiem Amiri,1899 Hoffenheim
8258021,88,Ádám Szalai,Andrej Kramarić,1899 Hoffenheim
8258021,90,Eugen Polanski,Kerem Demirbay,1899 Hoffenheim
8257991,70,Max Meyer,Benjamin Stambouli,FC Schalke 04
8257991,70,Alessandro Schöpf,Coke,FC Schalke 04
8257991,85,Klaas Jan Huntelaar,Guido Burgstaller,FC Schalke 04
8257991,73,Raphaël Guerreiro,Felix Passlack,Borussia Dortmund
8257991,79,Emre Mor,Marcel Schmelzer,Borussia Dortmund
8257991,87,Christian Pulisic,Shinji Kagawa,Borussia Dortmund
8258007,46,Albin Ekdal,Gideon Jung,Hamburger SV
8258007,53,Michael Gregoritsch,Nicolai Müller,Hamburger SV
8258007,70,Gōtoku Sakai,Walace,Hamburger SV
8258007,46,Dominique Heintz,Dominic Maroh,1. FC Köln
8258007,76,Sehrou Guirassy,Christian Clemens,1. FC Köln
8258009,62,Arjen Robben,Kingsley Coman,Bayern München
8258009,66,Renato Sanches,Thiago,Bayern München
8258009,73,Rafinha,Mats Hummels,Bayern München
8258009,46,Georg Teigl,Jan Morávek,FC Augsburg
8258009,46,Halil Altintop,Raúl Bobadilla,FC Augsburg
8258009,80,Jonathan Schmid,Paul Verhaegh,FC Augsburg
8258013,46,Lukas Kübler,Aleksandar Ignjovski,SC Freiburg
8258013,46,Nils Petersen,Florian Niederlechner,SC Freiburg
8258013,46,Julian Schuster,Amir Abrashi,SC Freiburg
8258013,40,Santiago García,Robert Bauer,Werder Bremen
8258013,76,Florian Kainz,Fin Bartels,Werder Bremen
8258013,89,Claudio Pizarro,Florian Grillitsch,Werder Bremen
8258015,68,Yussuf Poulsen,Oliver Burke,RB Leipzig
8258015,76,Dominik Kaiser,Marcel Sabitzer,RB Leipzig
8258015,81,Rani Khedira,Emil Forsberg,RB Leipzig
8258015,22,Wilson Kamavuaka,Artem Fedetskiy,SV Darmstadt 98
8258015,66,Leon Guwara,Marcel Heller,SV Darmstadt 98
8258015,76,Markus Steinhöfer,Fabian Holland,SV Darmstadt 98
8257995,68,Haris Seferović,Ante Rebić,Eintracht Frankfurt
8257995,76,Michael Hector,Taleb Tawatha,Eintracht Frankfurt
8257995,90,Aymane Barkok,Mijat Gaćinović,Eintracht Frankfurt
8257995,46,Nico Elvedi,Tony Jantschke,Bor. Mönchengladbach
8257995,68,Patrick Herrmann,Jonas Hofmann,Bor. Mönchengladbach
8257995,81,André Hahn,Thorgan Hazard,Bor. Mönchengladbach
8257997,77,Sonny Kittel,Mathew Leckie,FC Ingolstadt 04
8257997,84,Marcel Tisserand,Markus Suttner,FC Ingolstadt 04
8257997,89,Lukas Hinterseer,Dario Lezcano,FC Ingolstadt 04
8257997,46,Giulio Donati,Leon Balogun,1. FSV Mainz 05
8257997,67,Suat Serdar,Niko Bungert,1. FSV Mainz 05
8257997,80,Robin Quaison,Danny Latza,1. FSV Mainz 05
8258001,46,Benjamin Henrichs,Wendell,Bayer Leverkusen
8258001,60,Kai Havertz,Admir Mehmedi,Bayer Leverkusen
8258001,80,Julian Brandt,Stefan Kießling,Bayer Leverkusen
8258001,46,Christian Träsch,Yunus Mallı,VfL Wolfsburg
8258001,73,Justin Möbius,Riechedly Bazoer,VfL Wolfsburg
8258001,90,Paul Seguin,Vieirinha,VfL Wolfsburg
8258045,62,Ádám Szalai,Sandro Wagner,1899 Hoffenheim
8258045,62,Pirmin Schwegler,Kerem Demirbay,1899 Hoffenheim
8258045,75,Marco Terrazzino,Sebastian Rudy,1899 Hoffenheim
8258045,72,Franck Ribéry,Renato Sanches,Bayern München
8258045,75,Juan Bernat,David Alaba,Bayern München
8258055,46,Maximilian Eggestein,Thomas Delaney,Werder Bremen
8258055,60,Fin Bartels,Claudio Pizarro,Werder Bremen
8258055,89,Florian Kainz,Max Kruse,Werder Bremen
8258055,62,Yevhen Konoplyanka,Eric Maxim Choupo-Moting,FC Schalke 04
8258055,62,Klaas Jan Huntelaar,Max Meyer,FC Schalke 04
8258055,86,Franco Di Santo,Guido Burgstaller,FC Schalke 04
8258065,60,Christian Pulisic,Emre Mor,Borussia Dortmund
8258065,78,Nuri Şahin,Julian Weigl,Borussia Dortmund
8258065,78,Felix Passlack,Raphaël Guerreiro,Borussia Dortmund
8258065,60,Aaron Hunt,Michael Gregoritsch,Hamburger SV
8258065,83,Vasilije Janjičić,Albin Ekdal,Hamburger SV
8258065,84,Pierre-Michel Lasogga,Bobby Wood,Hamburger SV
8258076,46,Leonardo Bittencourt,Marco Höger,1. FC Köln
8258076,71,Neven Subotić,Christian Clemens,1. FC Köln
8258076,84,Salih Özcan,Konstantin Rausch,1. FC Köln
8258076,62,Aymane Barkok,Taleb Tawatha,Eintracht Frankfurt
8258076,66,Branimir Hrgota,Marco Fabián,Eintracht Frankfurt
8258076,75,Andersson Ordóñez,Marius Wolf,Eintracht Frankfurt
8258051,27,Leon Guwara,Sidney Sam,SV Darmstadt 98
8258051,55,Jan Rosenthal,Mario Vrančić,SV Darmstadt 98
8258051,65,Felix Platte,Terrence Boyd,SV Darmstadt 98
8258051,75,Stefan Kießling,Karim Bellarabi,Bayer Leverkusen
8258051,89,Admir Mehmedi,Julian Brandt,Bayer Leverkusen
8258051,90,Joel Pohjanpalo,Kevin Volland,Bayer Leverkusen
8258061,76,Ibrahima Traoré,Patrick Herrmann,Bor. Mönchengladbach
8258061,85,André Hahn,László Bénes,Bor. Mönchengladbach
8258061,90,Nico Schulz,Thorgan Hazard,Bor. Mönchengladbach
8258061,66,Sami Allagui,Genki Haraguchi,Hertha BSC
8258061,81,Julius Kade,Salomon Kalou,Hertha BSC
8258071,66,Dong-won Ji,Gojko Kačar,FC Augsburg
8258071,72,Philipp Max,Kostas Stafylidis,FC Augsburg
8258071,78,Halil Altintop,Jan Morávek,FC Augsburg
8258071,76,Lukas Hinterseer,Dario Lezcano,FC Ingolstadt 04
8258071,84,Alfredo Morales,Sonny Kittel,FC Ingolstadt 04
8258071,88,Mathew Leckie,Pascal Groß,FC Ingolstadt 04
8258081,67,Daniel Didavi,Jakub Błaszczykowski,VfL Wolfsburg
8258081,83,Borja Mayoral,Vieirinha,VfL Wolfsburg
8258081,69,Nils Petersen,Karim Guédé,SC Freiburg
8258081,84,Onur Bulut,Janik Haberer,SC Freiburg
8258081,90,Georg Niedermeier,Florian Niederlechner,SC Freiburg
8258088,55,Jairo,Robin Quaison,1. FSV Mainz 05
8258088,67,Yoshinori Mutō,Bojan,1. FSV Mainz 05
8258088,88,Pablo de Blasis,Jhon Córdoba,1. FSV Mainz 05
8258088,41,Timo Werner,Dayot Upamecano,RB Leipzig
8258088,76,Rani Khedira,Emil Forsberg,RB Leipzig
8258088,85,Dominik Kaiser,Naby Keïta,RB Leipzig
8258133,46,Danny Blum,Marco Russ,Eintracht Frankfurt
8258133,68,Marius Wolf,Andersson Ordóñez,Eintracht Frankfurt
8258133,81,Haris Seferović,Branimir Hrgota,Eintracht Frankfurt
8258133,29,Florian Kainz,Miloš Veljković,Werder Bremen
8258133,53,Ulisses Garcia,Luca Caldirola,Werder Bremen
8258133,77,Claudio Pizarro,Fin Bartels,Werder Bremen
8258105,73,Yussuf Poulsen,Oliver Burke,RB Leipzig
8258105,90,Dayot Upamecano,Timo Werner,RB Leipzig
8258105,90,Dominik Kaiser,Emil Forsberg,RB Leipzig
8258105,46,Leon Bailey,Karim Bellarabi,Bayer Leverkusen
8258105,69,Benjamin Henrichs,Wendell,Bayer Leverkusen
8258105,87,Stefan Kießling,Julian Brandt,Bayer Leverkusen
8258107,46,Yuya Osako,Konstantin Rausch,1. FC Köln
8258107,72,Dominic Maroh,Christian Clemens,1. FC Köln
8258107,84,Simon Zoller,Marco Höger,1. FC Köln
8258107,54,Ibrahima Traoré,Raffael,Bor. Mönchengladbach
8258107,75,Josip Drmić,Jonas Hofmann,Bor. Mönchengladbach
8258107,90,László Bénes,Lars Stindl,Bor. Mönchengladbach
8258113,69,Nils Petersen,Mike Frantz,SC Freiburg
8258113,84,Onur Bulut,Janik Haberer,SC Freiburg
8258113,90,Christian Günter,Vincenzo Grifo,SC Freiburg
8258113,59,Fabian Frei,André Ramalho,1. FSV Mainz 05
8258113,81,Bojan,Pablo de Blasis,1. FSV Mainz 05
8258113,81,Gerrit Holtmann,Levin Öztunali,1. FSV Mainz 05
8258118,66,Alessandro Schöpf,Eric Maxim Choupo-Moting,FC Schalke 04
8258118,71,Coke,Sead Kolašinac,FC Schalke 04
8258118,85,Klaas Jan Huntelaar,Guido Burgstaller,FC Schalke 04
8258118,46,Jakub Błaszczykowski,Sebastian Jung,VfL Wolfsburg
8258118,74,Vieirinha,Daniel Didavi,VfL Wolfsburg
8258118,80,Borja Mayoral,Mario Gomez,VfL Wolfsburg
8258144,81,Michael Gregoritsch,Filip Kostić,Hamburger SV
8258144,85,Pierre-Michel Lasogga,Bobby Wood,Hamburger SV
8258144,90,Vasilije Janjičić,Aaron Hunt,Hamburger SV
8258144,46,Nadiem Amiri,Sebastian Rudy,1899 Hoffenheim
8258144,61,Lukas Rupp,Marco Terrazzino,1899 Hoffenheim
8258144,78,Mark Uth,Ermin Bičakčić,1899 Hoffenheim
8258101,72,Joshua Kimmich,Robert Lewandowski,Bayern München
8258101,74,Douglas Costa,Franck Ribéry,Bayern München
8258101,79,Mats Hummels,Javi Martínez,Bayern München
8258101,46,Sebastian Rode,Gonzalo Castro,Borussia Dortmund
8258101,59,Emre Mor,Ousmane Dembélé,Borussia Dortmund
8258101,69,Mikel Merino,Raphaël Guerreiro,Borussia Dortmund
8258124,69,Maximilian Mittelstädt,Valentin Stocker,Hertha BSC
8258124,80,Allan,Niklas Stark,Hertha BSC
8258124,88,Alexander Esswein,Vladimír Darida,Hertha BSC
8258124,69,Halil Altintop,Dominik Kohr,FC Augsburg
8258124,80,Takashi Usami,Alfreð Finnbogason,FC Augsburg
8258124,85,Jonathan Schmid,Georg Teigl,FC Augsburg
8258138,61,Alfredo Morales,Roger,FC Ingolstadt 04
8258138,89,Anthony Jung,Sonny Kittel,FC Ingolstadt 04
8258138,90,Lukas Hinterseer,Dario Lezcano,FC Ingolstadt 04
8258138,62,Jan Rosenthal,Felix Platte,SV Darmstadt 98
8258138,71,Leon Guwara,Mario Vrančić,SV Darmstadt 98
8258138,81,Sven Schipplock,Wilson Kamavuaka,SV Darmstadt 98
8258171,63,Mark Uth,Sandro Wagner,1899 Hoffenheim
8258171,74,Nadiem Amiri,Ádám Szalai,1899 Hoffenheim
8258171,85,Ermin Bičakčić,Benjamin Hübner,1899 Hoffenheim
8258171,74,Josip Drmić,André Hahn,Bor. Mönchengladbach
8258171,74,Patrick Herrmann,Ibrahima Traoré,Bor. Mönchengladbach
8258171,85,László Bénes,Tobias Strobl,Bor. Mönchengladbach
8258181,78,Karim Onisiwo,Robin Quaison,1. FSV Mainz 05
8258181,79,Leon Balogun,Giulio Donati,1. FSV Mainz 05
8258181,85,Pablo de Blasis,Jhon Córdoba,1. FSV Mainz 05
8258181,60,Alexander Esswein,Maximilian Mittelstädt,Hertha BSC
8258181,60,Sami Allagui,Genki Haraguchi,Hertha BSC
8258186,61,Dominik Kohr,Daniel Baier,FC Augsburg
8258186,72,Dong-won Ji,Takashi Usami,FC Augsburg
8258186,82,Georg Teigl,Jonathan Schmid,FC Augsburg
8258186,46,Artjoms Rudņevs,Christian Clemens,1. FC Köln
8258186,46,Simon Zoller,Miloš Jojić,1. FC Köln
8258186,61,Marco Höger,Leonardo Bittencourt,1. FC Köln
8258194,46,Yunus Mallı,Daniel Didavi,VfL Wolfsburg
8258194,81,Paul Seguin,Riechedly Bazoer,VfL Wolfsburg
8258194,88,Borja Mayoral,Vieirinha,VfL Wolfsburg
8258194,55,Sonny Kittel,Mathew Leckie,FC Ingolstadt 04
8258194,69,Anthony Jung,Alfredo Morales,FC Ingolstadt 04
8258194,82,Max Christiansen,Pascal Groß,FC Ingolstadt 04
8258200,46,Matthias Ginter,Sven Bender,Borussia Dortmund
8258200,46,Ousmane Dembélé,Marco Reus,Borussia Dortmund
8258200,77,Gonzalo Castro,Julian Weigl,Borussia Dortmund
8258200,56,Ante Rebić,Andersson Ordóñez,Eintracht Frankfurt
8258200,71,Danny Blum,Marius Wolf,Eintracht Frankfurt
8258200,81,Aymane Barkok,Branimir Hrgota,Eintracht Frankfurt
8258204,56,Stefan Ilsanker,Naby Keïta,RB Leipzig
8258204,70,Dominik Kaiser,Marcel Sabitzer,RB Leipzig
8258204,78,Oliver Burke,Yussuf Poulsen,RB Leipzig
8258204,46,Nils Petersen,Karim Guédé,SC Freiburg
8258204,46,Nicolas Höfler,Julian Schuster,SC Freiburg
8258204,80,Pascal Stenzel,Amir Abrashi,SC Freiburg
8258167,62,Aleksandar Dragović,Charles Aránguiz,Bayer Leverkusen
8258167,66,Karim Bellarabi,Julian Brandt,Bayer Leverkusen
8258167,88,Leon Bailey,Kai Havertz,Bayer Leverkusen
8258167,60,Arjen Robben,Douglas Costa,Bayern München
8258167,70,Xabi Alonso,Kingsley Coman,Bayern München
8258167,72,Philipp Lahm,Javi Martínez,Bayern München
8258188,63,Florian Kainz,Florian Grillitsch,Werder Bremen
8258188,73,Robert Bauer,Santiago García,Werder Bremen
8258188,90,Philipp Bargfrede,Max Kruse,Werder Bremen
8258188,63,Pierre-Michel Lasogga,Michael Gregoritsch,Hamburger SV
8258188,83,Luca Waldschmidt,Filip Kostić,Hamburger SV
8258188,83,Bakery Jatta,Lewis Holtby,Hamburger SV
8258178,46,Artem Fedetskiy,Sandro Sirigu,SV Darmstadt 98
8258178,66,Jan Rosenthal,Felix Platte,SV Darmstadt 98
8258178,77,Sven Schipplock,Wilson Kamavuaka,SV Darmstadt 98
8258178,55,Franco Di Santo,Donis Avdijaj,FC Schalke 04
8258178,67,Nabil Bentaleb,Johannes Geis,FC Schalke 04
8258178,81,Alessandro Schöpf,Daniel Caligiuri,FC Schalke 04
8257876,52,Neven Subotić,Dominique Heintz,1. FC Köln
8257876,68,Salih Özcan,Leonardo Bittencourt,1. FC Köln
8257876,81,Marco Höger,Konstantin Rausch,1. FC Köln
8257876,57,Nadiem Amiri,Andrej Kramarić,1899 Hoffenheim
8257876,62,Mark Uth,Ádám Szalai,1899 Hoffenheim
8257876,72,Lukas Rupp,Jeremy Toljan,1899 Hoffenheim
8257865,17,Joshua Kimmich,David Alaba,Bayern München
8257865,46,Kingsley Coman,Franck Ribéry,Bayern München
8257865,65,Xabi Alonso,Arturo Vidal,Bayern München
8257865,52,Leon Balogun,Daniel Brosinski,1. FSV Mainz 05
8257865,68,Karim Onisiwo,Bojan,1. FSV Mainz 05
8257865,78,André Ramalho,Robin Quaison,1. FSV Mainz 05
8257868,75,Maximilian Mittelstädt,Salomon Kalou,Hertha BSC
8257868,86,Jordan Torunarigha,Vedad Ibišević,Hertha BSC
8257868,90,Genki Haraguchi,Alexander Esswein,Hertha BSC
8257868,65,Daniel Didavi,Maximilian Arnold,VfL Wolfsburg
8257868,74,Borja Mayoral,Vieirinha,VfL Wolfsburg
8257868,89,Philipp Wollscheid,Robin Knoche,VfL Wolfsburg
8257870,46,Taleb Tawatha,Andersson Ordóñez,Eintracht Frankfurt
8257870,46,Shani Tarashaj,Aymane Barkok,Eintracht Frankfurt
8257870,73,Haris Seferović,Branimir Hrgota,Eintracht Frankfurt
8257870,57,Julian Günther-Schmidt,Takashi Usami,FC Augsburg
8257870,75,Tim Rieder,Paul Verhaegh,FC Augsburg
8257870,81,Moritz Leitner,Jeffrey Gouweleeuw,FC Augsburg
8257872,75,Lukas Hinterseer,Max Christiansen,FC Ingolstadt 04
8257872,85,Stefan Lex,Dario Lezcano,FC Ingolstadt 04
8257872,67,Claudio Pizarro,Florian Grillitsch,Werder Bremen
8257872,67,Serge Gnabry,Miloš Veljković,Werder Bremen
8257872,88,Philipp Bargfrede,Florian Kainz,Werder Bremen
8257874,57,Bakery Jatta,Dennis Diekmeier,Hamburger SV
8257874,70,Michael Gregoritsch,Filip Kostić,Hamburger SV
8257874,63,Sven Schipplock,Felix Platte,SV Darmstadt 98
8257874,70,Jan Rosenthal,Wilson Kamavuaka,SV Darmstadt 98
8257874,80,Sidney Sam,Mario Vrančić,SV Darmstadt 98
8257860,64,László Bénes,Mahmoud Dahoud,Bor. Mönchengladbach
8257860,71,Patrick Herrmann,Ibrahima Traoré,Bor. Mönchengladbach
8257860,81,Julian Korb,Nico Elvedi,Bor. Mönchengladbach
8257860,22,Mikel Merino,Nuri Şahin,Borussia Dortmund
8257860,57,Pierre-Emerick Aubameyang,Marco Reus,Borussia Dortmund
8257860,87,Emre Mor,Ousmane Dembélé,Borussia Dortmund
8257863,76,Håvard Nielsen,Nils Petersen,SC Freiburg
8257863,85,Pascal Stenzel,Onur Bulut,SC Freiburg
8257863,90,Karim Guédé,Janik Haberer,SC Freiburg
8257863,63,Leon Bailey,Javier Hernández,Bayer Leverkusen
8257863,79,Charles Aránguiz,Kai Havertz,Bayer Leverkusen
8257863,90,Joel Pohjanpalo,Julian Baumgartlinger,Bayer Leverkusen
8257878,50,Alessandro Schöpf,Daniel Caligiuri,FC Schalke 04
8257878,74,Franco Di Santo,Guido Burgstaller,FC Schalke 04
8257878,82,Sascha Riether,Max Meyer,FC Schalke 04
8257878,77,Stefan Ilsanker,Emil Forsberg,RB Leipzig
8257878,83,Oliver Burke,Timo Werner,RB Leipzig
8257878,90,Davie Selke,Yussuf Poulsen,RB Leipzig
8257924,19,Jonathan Tah,Ömer Toprak,Bayer Leverkusen
8257924,46,Wendell,Roberto Hilbert,Bayer Leverkusen
8257924,85,Admir Mehmedi,Julian Brandt,Bayer Leverkusen
8257924,74,Dennis Aogo,Sead Kolašinac,FC Schalke 04
8257924,84,Sascha Riether,Nabil Bentaleb,FC Schalke 04
8257908,50,André Ramalho,Danny Latza,1. FSV Mainz 05
8257908,62,Jhon Córdoba,Robin Quaison,1. FSV Mainz 05
8257908,73,Pablo de Blasis,Karim Onisiwo,1. FSV Mainz 05
8257908,77,Tobias Strobl,László Bénes,Bor. Mönchengladbach
8257908,82,Ibrahima Traoré,Patrick Herrmann,Bor. Mönchengladbach
8257908,90,Djibril Sow,Lars Stindl,Bor. Mönchengladbach
8257933,46,Thomas Delaney,Florian Grillitsch,Werder Bremen
8257933,73,Philipp Bargfrede,Maximilian Eggestein,Werder Bremen
8257933,77,Serge Gnabry,Fin Bartels,Werder Bremen
8257933,62,Ondrej Duda,Per Skjelbred,Hertha BSC
8257933,73,Genki Haraguchi,Alexander Esswein,Hertha BSC
8257933,86,Florian Baak,Peter Pekarík,Hertha BSC
8257935,66,Ousmane Dembélé,Marco Reus,Borussia Dortmund
8257935,66,Raphaël Guerreiro,Shinji Kagawa,Borussia Dortmund
8257935,74,Łukasz Piszczek,Sokratis Papastathopoulos,Borussia Dortmund
8257935,55,Simon Zoller,Artjoms Rudņevs,1. FC Köln
8257935,71,Marco Höger,Leonardo Bittencourt,1. FC Köln
8257935,80,Salih Özcan,Miloš Jojić,1. FC Köln
8257945,67,Davie Selke,Timo Werner,RB Leipzig
8257945,72,Benno Schmitz,Marcel Halstenberg,RB Leipzig
8257945,88,Oliver Burke,Bernardo,RB Leipzig
8257945,37,Stefan Lex,Mathew Leckie,FC Ingolstadt 04
8257945,75,Anthony Jung,Sonny Kittel,FC Ingolstadt 04
8257945,88,Max Christiansen,Dario Lezcano,FC Ingolstadt 04
8257957,55,Sven Schipplock,Felix Platte,SV Darmstadt 98
8257957,63,Markus Steinhöfer,Sandro Sirigu,SV Darmstadt 98
8257957,80,Jan Rosenthal,Jérôme Gondorf,SV Darmstadt 98
8257957,46,Manuel Gulde,Çağlar Söyüncü,SC Freiburg
8257957,53,Maximilian Philipp,Onur Bulut,SC Freiburg
8257957,62,Pascal Stenzel,Janik Haberer,SC Freiburg
8257898,46,Vieirinha,Jakub Błaszczykowski,VfL Wolfsburg
8257898,67,Paul Seguin,Ricardo Rodríguez,VfL Wolfsburg
8257898,79,Paul-Georges Ntep,Daniel Didavi,VfL Wolfsburg
8257898,68,Juan Bernat,Mats Hummels,Bayern München
8257898,71,Rafinha,Philipp Lahm,Bayern München
8257898,75,Renato Sanches,Thiago,Bayern München
8257937,80,Raúl Bobadilla,Halil Altintop,FC Augsburg
8257937,86,Dong-won Ji,Philipp Max,FC Augsburg
8257937,88,Jan-Ingwer Callsen-Bracker,Daniel Baier,FC Augsburg
8257937,46,Gideon Jung,Walace,Hamburger SV
8257937,46,Pierre-Michel Lasogga,Michael Gregoritsch,Hamburger SV
8257937,63,Bakery Jatta,Matthias Ostrzolek,Hamburger SV
8257949,62,Mark Uth,Andrej Kramarić,1899 Hoffenheim
8257949,74,Lukas Rupp,Nadiem Amiri,1899 Hoffenheim
8257949,79,Ádám Szalai,Kerem Demirbay,1899 Hoffenheim
8257949,79,Danny Blum,Marc Stendera,Eintracht Frankfurt
8257949,84,Ante Rebić,Haris Seferović,Eintracht Frankfurt
8257949,90,Branimir Hrgota,Guillermo Varela,Eintracht Frankfurt
8258069,70,Marco Höger,Miloš Jojić,1. FC Köln
8258069,75,Konstantin Rausch,Leonardo Bittencourt,1. FC Köln
8258069,82,Artjoms Rudņevs,Simon Zoller,1. FC Köln
8258069,54,Serge Gnabry,Thomas Delaney,Werder Bremen
8258069,65,Florian Kainz,Robert Bauer,Werder Bremen
8258069,81,Claudio Pizarro,Miloš Veljković,Werder Bremen
8258031,46,Sonny Kittel,Mathew Leckie,FC Ingolstadt 04
8258031,84,Stefan Lex,Max Christiansen,FC Ingolstadt 04
8258031,90,Robert Leipertz,Markus Suttner,FC Ingolstadt 04
8258031,74,Leon Bailey,Admir Mehmedi,Bayer Leverkusen
8258031,77,Kevin Kampl,Charles Aránguiz,Bayer Leverkusen
8258053,52,Shani Tarashaj,Marc Stendera,Eintracht Frankfurt
8258053,67,Danny Blum,Ante Rebić,Eintracht Frankfurt
8258053,67,Haris Seferović,Branimir Hrgota,Eintracht Frankfurt
8258053,73,Vieirinha,Paul-Georges Ntep,VfL Wolfsburg
8258053,80,Yunus Mallı,Daniel Didavi,VfL Wolfsburg
8258053,84,Jakub Błaszczykowski,Sebastian Jung,VfL Wolfsburg
8258059,58,Ibrahima Traoré,Patrick Herrmann,Bor. Mönchengladbach
8258059,67,Christoph Kramer,László Bénes,Bor. Mönchengladbach
8258059,78,Tobias Strobl,Nico Elvedi,Bor. Mönchengladbach
8258059,60,Dong-won Ji,Halil Altintop,FC Augsburg
8258059,85,Caiuby,Philipp Max,FC Augsburg
8258059,90,Raúl Bobadilla,Alfreð Finnbogason,FC Augsburg
8258079,67,Xabi Alonso,Joshua Kimmich,Bayern München
8258079,59,Sven Schipplock,Felix Platte,SV Darmstadt 98
8258079,66,Sidney Sam,Mario Vrančić,SV Darmstadt 98
8258079,80,Jan Rosenthal,Wilson Kamavuaka,SV Darmstadt 98
8258085,80,Sebastian Rode,Marco Reus,Borussia Dortmund
8258085,80,Shinji Kagawa,Ousmane Dembélé,Borussia Dortmund
8258085,90,Sven Bender,Raphaël Guerreiro,Borussia Dortmund
8258085,58,Jeremy Toljan,Pavel Kadeřábek,1899 Hoffenheim
8258085,65,Nadiem Amiri,Mark Uth,1899 Hoffenheim
8258085,70,Ádám Szalai,Benjamin Hübner,1899 Hoffenheim
8258091,63,Mitchell Weiser,Valentin Stocker,Hertha BSC
8258091,64,Allan,Per Skjelbred,Hertha BSC
8258091,81,Genki Haraguchi,Alexander Esswein,Hertha BSC
8258091,76,Rani Khedira,Naby Keïta,RB Leipzig
8258091,81,Davie Selke,Yussuf Poulsen,RB Leipzig
8258091,87,Dominik Kaiser,Timo Werner,RB Leipzig
8258047,68,Bakery Jatta,Lewis Holtby,Hamburger SV
8258047,82,Michael Gregoritsch,Aaron Hunt,Hamburger SV
8258047,88,Matthias Ostrzolek,Dennis Diekmeier,Hamburger SV
8258047,63,Jairo,Levin Öztunali,1. FSV Mainz 05
8258047,78,Fabian Frei,Danny Latza,1. FSV Mainz 05
8258047,87,André Ramalho,Yoshinori Mutō,1. FSV Mainz 05
8258039,69,Nils Petersen,Maximilian Philipp,SC Freiburg
8258039,75,Vincenzo Grifo,Florian Niederlechner,SC Freiburg
8258039,88,Pascal Stenzel,Onur Bulut,SC Freiburg
8258039,46,Klaas Jan Huntelaar,Benjamin Stambouli,FC Schalke 04
8258039,61,Donis Avdijaj,Yevhen Konoplyanka,FC Schalke 04
8258039,76,Franco Di Santo,Daniel Caligiuri,FC Schalke 04
8258119,69,Benno Schmitz,Marcel Sabitzer,RB Leipzig
8258119,76,Davie Selke,Yussuf Poulsen,RB Leipzig
8258119,80,Rani Khedira,Timo Werner,RB Leipzig
8258119,44,Douglas Costa,Franck Ribéry,Bayern München
8258119,61,Arturo Vidal,Xabi Alonso,Bayern München
8258119,67,Thomas Müller,Joshua Kimmich,Bayern München
8258126,68,Caiuby,Kostas Stafylidis,FC Augsburg
8258126,87,Georg Teigl,Jonathan Schmid,FC Augsburg
8258126,90,Dong-won Ji,Alfreð Finnbogason,FC Augsburg
8258126,23,Erik Durm,Julian Weigl,Borussia Dortmund
8258126,80,Christian Pulisic,Raphaël Guerreiro,Borussia Dortmund
8258126,89,Sebastian Rode,Matthias Ginter,Borussia Dortmund
8258135,59,Yunus Mallı,Daniel Didavi,VfL Wolfsburg
8258135,59,Victor Osimhen,Paul-Georges Ntep,VfL Wolfsburg
8258135,66,Fabian Johnson,Jonas Hofmann,Bor. Mönchengladbach
8258135,71,Raffael,Ibrahima Traoré,Bor. Mönchengladbach
8258135,75,Tobias Strobl,Nico Elvedi,Bor. Mönchengladbach
8258161,35,Jan Rosenthal,Wilson Kamavuaka,SV Darmstadt 98
8258161,64,Dominik Stroh-Engel,Mario Vrančić,SV Darmstadt 98
8258161,84,Benjamin Gorka,Marcel Heller,SV Darmstadt 98
8258161,63,Mitchell Weiser,Alexander Esswein,Hertha BSC
8258161,82,Florian Baak,Niklas Stark,Hertha BSC
8258161,90,Arne Maier,Salomon Kalou,Hertha BSC
8258165,57,Kevin Kampl,Charles Aránguiz,Bayer Leverkusen
8258165,68,Joel Pohjanpalo,Javier Hernández,Bayer Leverkusen
8258165,85,Leon Bailey,Kai Havertz,Bayer Leverkusen
8258165,46,Yuya Osako,Simon Zoller,1. FC Köln
8258165,57,Marco Höger,Leonardo Bittencourt,1. FC Köln
8258165,75,Konstantin Rausch,Miloš Jojić,1. FC Köln
8258174,61,Donis Avdijaj,Daniel Caligiuri,FC Schalke 04
8258174,80,Benjamin Stambouli,Klaas Jan Huntelaar,FC Schalke 04
8258174,90,Johannes Geis,Nabil Bentaleb,FC Schalke 04
8258174,72,Luca Waldschmidt,Bakery Jatta,Hamburger SV
8258174,78,Michael Gregoritsch,Vasilije Janjičić,Hamburger SV
8258174,85,Pierre-Michel Lasogga,Dennis Diekmeier,Hamburger SV
8258192,57,Vincenzo Grifo,Onur Bulut,SC Freiburg
8258192,63,Nils Petersen,Florian Niederlechner,SC Freiburg
8258192,74,Pascal Stenzel,Maximilian Philipp,SC Freiburg
8258192,62,Sonny Kittel,Florent Hadergjonaj,FC Ingolstadt 04
8258192,62,Alfredo Morales,Roger,FC Ingolstadt 04
8258192,87,Anthony Jung,Markus Suttner,FC Ingolstadt 04
8258198,55,Philipp Bargfrede,Maximilian Eggestein,Werder Bremen
8258198,55,Santiago García,Serge Gnabry,Werder Bremen
8258198,75,Florian Kainz,Thomas Delaney,Werder Bremen
8258198,60,Jeremy Toljan,Niklas Süle,1899 Hoffenheim
8258198,63,Nadiem Amiri,Mark Uth,1899 Hoffenheim
8258198,69,Sandro Wagner,Ádám Szalai,1899 Hoffenheim
8258206,46,Yoshinori Mutō,Levin Öztunali,1. FSV Mainz 05
8258206,75,Danny Latza,Fabian Frei,1. FSV Mainz 05
8258206,87,Robin Quaison,Jhon Córdoba,1. FSV Mainz 05
8258206,69,Max Besuschkow,Aymane Barkok,Eintracht Frankfurt
8258206,76,Guillermo Varela,Haris Seferović,Eintracht Frankfurt
8258206,79,Ante Rebić,Taleb Tawatha,Eintracht Frankfurt
8258234,46,Sebastian Langkamp,John Anthony Brooks,Hertha BSC
8258234,46,Per Skjelbred,Allan,Hertha BSC
8258234,69,Sami Allagui,Alexander Esswein,Hertha BSC
8258234,71,Danny da Costa,Wendell,Bayer Leverkusen
8258234,73,Joel Pohjanpalo,Stefan Kießling,Bayer Leverkusen
8258234,79,Leon Bailey,Javier Hernández,Bayer Leverkusen
8258239,76,Mathew Leckie,Sonny Kittel,FC Ingolstadt 04
8258239,85,Lukas Hinterseer,Pascal Groß,FC Ingolstadt 04
8258239,89,Alfredo Morales,Roger,FC Ingolstadt 04
8258239,77,Weston McKennie,Donis Avdijaj,FC Schalke 04
8258239,86,Klaas Jan Huntelaar,Guido Burgstaller,FC Schalke 04
8258239,90,Bernard Tekpetey,Coke,FC Schalke 04
8258244,79,Simon Zoller,Leonardo Bittencourt,1. FC Köln
8258244,88,Salih Özcan,Yuya Osako,1. FC Köln
8258244,90,Christian Clemens,Miloš Jojić,1. FC Köln
8258244,18,Alexander Hack,Leon Balogun,1. FSV Mainz 05
8258244,62,Yoshinori Mutō,Robin Quaison,1. FSV Mainz 05
8258244,75,Levin Öztunali,Niko Bungert,1. FSV Mainz 05
8258251,64,Michael Gregoritsch,Nicolai Müller,Hamburger SV
8258251,71,Bakery Jatta,Albin Ekdal,Hamburger SV
8258251,86,Luca Waldschmidt,Lewis Holtby,Hamburger SV
8258251,46,Vieirinha,Jakub Błaszczykowski,VfL Wolfsburg
8258251,76,Victor Osimhen,Sebastian Jung,VfL Wolfsburg
8258251,84,Maximilian Arnold,Yunus Mallı,VfL Wolfsburg
8258256,65,Pirmin Schwegler,Mark Uth,1899 Hoffenheim
8258256,66,Nadiem Amiri,Kerem Demirbay,1899 Hoffenheim
8258256,52,Caiuby,Kostas Stafylidis,FC Augsburg
8258256,90,Dong-won Ji,Alfreð Finnbogason,FC Augsburg
8258256,90,Georg Teigl,Halil Altintop,FC Augsburg
8258259,46,Christian Pulisic,Erik Durm,Borussia Dortmund
8258259,72,Gonzalo Castro,Nuri Şahin,Borussia Dortmund
8258259,90,Sven Bender,Ousmane Dembélé,Borussia Dortmund
8258259,46,Serge Gnabry,Theodor Gebre Selassie,Werder Bremen
8258259,72,Philipp Bargfrede,Florian Grillitsch,Werder Bremen
8258259,86,Maximilian Eggestein,Lamine Sané,Werder Bremen
8258261,74,László Bénes,Mahmoud Dahoud,Bor. Mönchengladbach
8258261,74,Julian Korb,Fabian Johnson,Bor. Mönchengladbach
8258261,80,André Hahn,Thorgan Hazard,Bor. Mönchengladbach
8258261,58,Sven Schipplock,Jan Rosenthal,SV Darmstadt 98
8258261,80,Denys Oliynyk,Antonio Čolak,SV Darmstadt 98
8258261,89,Silas Zehnder,Jérôme Gondorf,SV Darmstadt 98
8258273,11,Joshua Kimmich,Jérôme Boateng,Bayern München
8258273,82,Franck Ribéry,Xabi Alonso,Bayern München
8258273,87,Rafinha,Philipp Lahm,Bayern München
8258273,67,Nils Petersen,Janik Haberer,SC Freiburg
8258273,72,Julian Schuster,Mike Frantz,SC Freiburg
8258273,88,Håvard Nielsen,Aleksandar Ignjovski,SC Freiburg
8258279,62,Vallejo,Taleb Tawatha,Eintracht Frankfurt
8258279,71,Alexander Meier,Guillermo Varela,Eintracht Frankfurt
8258279,77,Danny Blum,Branimir Hrgota,Eintracht Frankfurt
8258279,67,Dominik Kaiser,Oliver Burke,RB Leipzig
8258279,83,Davie Selke,Yussuf Poulsen,RB Leipzig
