GameID,Minute,PlayerIn,PlayerOut,Team
1764954,73,Jan Kirchhoff,Bastian Schweinsteiger,Bayern München
1764954,77,Rafinha,Thomas Müller,Bayern München
1764954,85,Javi Martínez,Toni Kroos,Bayern München
1764954,70,Branimir Hrgota,Juan Arango,Bor. Mönchengladbach
1764954,70,Amin Younes,Patrick Herrmann,Bor. Mönchengladbach
1764954,85,Luuk de Jong,Christoph Kramer,Bor. Mönchengladbach
1764966,70,Simon Rolfes,Heung-min Son,Bayer Leverkusen
1764966,80,Jens Hegeler,Sidney Sam,Bayer Leverkusen
1764966,87,Levin Öztunali,Gonzalo Castro,Bayer Leverkusen
1764966,46,Sebastian Kerk,Francis Coquelin,SC Freiburg
1764966,68,Christian Günter,Hendrick Zuck,SC Freiburg
1764966,76,Sebastian Freis,Admir Mehmedi,SC Freiburg
1764968,66,Jan Schlaudraff,Edgar Prib,Hannover 96
1764968,72,André Hoffmann,Leon Andreasen,Hannover 96
1764968,76,Manuel Schmiedebach,Leonardo Bittencourt,Hannover 96
1764968,54,Robin Knoche,Ja-cheol Koo,VfL Wolfsburg
1764968,65,Marcel Schäfer,Ivica Olić,VfL Wolfsburg
1764968,80,Giovanni Sio,Vieirinha,VfL Wolfsburg
1764970,64,Tobias Strobl,Sebastian Rudy,1899 Hoffenheim
1764970,72,Sven Schipplock,Anthony Modeste,1899 Hoffenheim
1764970,86,Sejad Salihović,Eugen Polanski,1899 Hoffenheim
1764970,46,Josip Drmić,Timo Gebhart,1. FC Nürnberg
1764970,46,Mike Frantz,Róbert Mak,1. FC Nürnberg
1764970,72,Berkay Dabanlı,Hanno Balitsch,1. FC Nürnberg
1764974,77,Ronny Philp,Halil Altintop,FC Augsburg
1764974,77,Panagiotis Vlachodimos,Raphael Holzhauser,FC Augsburg
1764974,83,Kevin Vogt,André Hahn,FC Augsburg
1764974,57,Jakub Błaszczykowski,İlkay Gündoğan,Borussia Dortmund
1764974,81,Jonas Hofmann,Pierre-Emerick Aubameyang,Borussia Dortmund
1764974,88,Erik Durm,Robert Lewandowski,Borussia Dortmund
1764978,72,Nico Schulz,Änis Ben-Hatira,Hertha BSC
1764978,76,Ronny,Alexander Baumjohann,Hertha BSC
1764978,82,Peer Kluge,Hajime Hosogai,Hertha BSC
1764978,46,Stefan Aigner,Johannes Flum,Eintracht Frankfurt
1764978,46,Takashi Inui,Jan Rosenthal,Eintracht Frankfurt
1764976,46,Marcel Correia,Deniz Doğan,Eintracht Braunschweig
1764976,56,Mirko Boland,Marco Caligiuri,Eintracht Braunschweig
1764976,84,Torsten Oehrl,Kevin Kratz,Eintracht Braunschweig
1764976,62,Eljero Elia,Mehmet Ekici,Werder Bremen
1764976,81,Özkan Yildirim,Felix Kroos,Werder Bremen
1764976,85,Assani Lukimya,Cédric Makiadi,Werder Bremen
1764972,76,Christoph Moritz,Sebastian Polter,1. FSV Mainz 05
1764972,76,Eric Maxim Choupo-Moting,Niki Zimling,1. FSV Mainz 05
1764972,90,Niko Bungert,Johannes Geis,1. FSV Mainz 05
1764972,21,Konstantin Rausch,Serdar Taşçı,VfB Stuttgart
1764972,68,Cacau,Moritz Leitner,VfB Stuttgart
1764972,82,Mohammed Abdellaoue,Ibrahima Traoré,VfB Stuttgart
1764963,23,Leon Goretzka,Julian Draxler,FC Schalke 04
1764963,58,Ádám Szalai,Roman Neustädter,FC Schalke 04
1764963,64,Tomás Rincón,Milan Badelj,Hamburger SV
1764963,74,Dennis Aogo,Hakan Çalhanoğlu,Hamburger SV
1764963,83,Artjoms Rudņevs,Maximilian Beister,Hamburger SV
1764984,46,Moritz Leitner,Arthur Boka,VfB Stuttgart
1764984,46,Cacau,Konstantin Rausch,VfB Stuttgart
1764984,77,Timo Werner,Gōtoku Sakai,VfB Stuttgart
1764984,46,Simon Rolfes,Lars Bender,Bayer Leverkusen
1764984,71,Jens Hegeler,Heung-min Son,Bayer Leverkusen
1764984,82,Philipp Wollscheid,Stefan Kießling,Bayer Leverkusen
1764986,76,Jan Polák,Luiz Gustavo,VfL Wolfsburg
1764986,81,Marcel Schäfer,Ivica Olić,VfL Wolfsburg
1764986,86,Stefan Kutschke,Ivan Perišić,VfL Wolfsburg
1764986,46,Ádám Szalai,Klaas Jan Huntelaar,FC Schalke 04
1764986,63,Teemu Pukki,Christian Clemens,FC Schalke 04
1764986,73,Max Meyer,Jefferson Farfán,FC Schalke 04
1764988,67,Felix Kroos,Mehmet Ekici,Werder Bremen
1764988,72,Özkan Yildirim,Eljero Elia,Werder Bremen
1764988,84,Aleksandar Ignjovski,Luca Caldirola,Werder Bremen
1764988,57,Raúl Bobadilla,Raphael Holzhauser,FC Augsburg
1764988,70,Tobias Werner,Halil Altintop,FC Augsburg
1764988,83,Ronny Philp,Paul Verhaegh,FC Augsburg
1765000,72,Admir Mehmedi,Karim Guédé,SC Freiburg
1765000,72,Christian Günter,Mensur Mujdža,SC Freiburg
1765000,86,Sebastian Kerk,Mike Hanke,SC Freiburg
1765000,50,Niko Bungert,Bo Svensson,1. FSV Mainz 05
1765000,62,Eric Maxim Choupo-Moting,Christoph Moritz,1. FSV Mainz 05
1765000,69,Yunus Mallı,Niki Zimling,1. FSV Mainz 05
1765006,63,Artjoms Rudņevs,Milan Badelj,Hamburger SV
1765006,76,Dennis Aogo,Marcell Jansen,Hamburger SV
1765006,84,Petr Jiráček,Rafael van der Vaart,Hamburger SV
1765006,62,Tobias Strobl,Sejad Salihović,1899 Hoffenheim
1765006,80,Sven Schipplock,Anthony Modeste,1899 Hoffenheim
1765006,83,Kai Herdling,Kevin Volland,1899 Hoffenheim
1765010,71,Jan Rosenthal,Sebastian Rode,Eintracht Frankfurt
1765010,78,Stefano Celozzi,Pirmin Schwegler,Eintracht Frankfurt
1765010,78,Srđan Lakić,Takashi Inui,Eintracht Frankfurt
1765010,65,Thiago,Xherdan Shaqiri,Bayern München
1765010,74,Arjen Robben,Thomas Müller,Bayern München
1765010,88,Rafinha,Toni Kroos,Bayern München
1764982,77,Amin Younes,Juan Arango,Bor. Mönchengladbach
1764982,84,Håvard Nordtveit,Granit Xhaka,Bor. Mönchengladbach
1764982,89,Branimir Hrgota,Patrick Herrmann,Bor. Mönchengladbach
1764982,46,Artur Sobiech,Leonardo Bittencourt,Hannover 96
1764982,57,André Hoffmann,Edgar Prib,Hannover 96
1764982,76,Karim Haggui,Marcelo,Hannover 96
1764992,58,Timothy Chandler,Markus Feulner,1. FC Nürnberg
1764992,65,Mike Frantz,Róbert Mak,1. FC Nürnberg
1764992,71,Alexander Esswein,Niklas Stark,1. FC Nürnberg
1764992,66,Ronny,Christoph Janker,Hertha BSC
1764992,66,Sandro Wagner,Sami Allagui,Hertha BSC
1764992,83,John Anthony Brooks,Alexander Baumjohann,Hertha BSC
1764980,60,Marco Reus,Jakub Błaszczykowski,Borussia Dortmund
1764980,68,Jonas Hofmann,Pierre-Emerick Aubameyang,Borussia Dortmund
1764980,90,Marvin Ducksch,Henrikh Mkhitaryan,Borussia Dortmund
1764980,65,Timo Perthel,Marco Caligiuri,Eintracht Braunschweig
1764980,65,Mirko Boland,Jan Hochscheidt,Eintracht Braunschweig
1764980,77,Orhan Ademi,Dennis Kruppke,Eintracht Braunschweig
1764990,69,Pierre-Emerick Aubameyang,Jakub Błaszczykowski,Borussia Dortmund
1764990,81,Jonas Hofmann,Henrikh Mkhitaryan,Borussia Dortmund
1764990,88,Sven Bender,Marco Reus,Borussia Dortmund
1764990,66,Felix Kroos,Mehmet Ekici,Werder Bremen
1764990,66,Franco Di Santo,Marko Arnautović,Werder Bremen
1764990,76,Eljero Elia,Özkan Yildirim,Werder Bremen
1764996,62,Thomas Müller,Thiago,Bayern München
1764996,68,Toni Kroos,Mario Götze,Bayern München
1764996,80,Xherdan Shaqiri,Franck Ribéry,Bayern München
1764996,35,Berkay Dabanlı,Per Nilsson,1. FC Nürnberg
1764996,72,Mike Frantz,Markus Feulner,1. FC Nürnberg
1764996,75,Hiroshi Kiyotake,Marvin Plattenhardt,1. FC Nürnberg
1765002,61,Giulio Donati,Roberto Hilbert,Bayer Leverkusen
1765002,83,Jens Hegeler,Stefan Kießling,Bayer Leverkusen
1765002,88,Robbie Kruse,Heung-min Son,Bayer Leverkusen
1765002,75,Branimir Hrgota,Juan Arango,Bor. Mönchengladbach
1765002,75,Amin Younes,Granit Xhaka,Bor. Mönchengladbach
1765002,86,Luuk de Jong,Patrick Herrmann,Bor. Mönchengladbach
1765014,72,Didier Ya Konan,Artur Sobiech,Hannover 96
1765014,79,Manuel Schmiedebach,Leon Andreasen,Hannover 96
1765014,90,Karim Haggui,Mame Diouf,Hannover 96
1765014,37,Felipe Santana,Leon Goretzka,FC Schalke 04
1765014,80,Max Meyer,Roman Neustädter,FC Schalke 04
1765014,83,Tranquillo Barnetta,Christian Clemens,FC Schalke 04
1765020,33,Tobias Strobl,Tarik Elyounoussi,1899 Hoffenheim
1765020,72,Sven Schipplock,Eugen Polanski,1899 Hoffenheim
1765020,72,Admir Mehmedi,Karim Guédé,SC Freiburg
1765020,75,Pavel Krmaš,Fallou Diagné,SC Freiburg
1765020,83,Nicolas Höfler,Mensur Mujdža,SC Freiburg
1765024,75,Christoph Moritz,Shinji Okazaki,1. FSV Mainz 05
1765024,87,Elkin Soto,Niki Zimling,1. FSV Mainz 05
1765024,90,Sebastian Polter,Eric Maxim Choupo-Moting,1. FSV Mainz 05
1765024,67,Jan Polák,Ivan Perišić,VfL Wolfsburg
1765024,68,Marcel Schäfer,Ja-cheol Koo,VfL Wolfsburg
1765024,84,Makoto Hasebe,Ivica Olić,VfL Wolfsburg
1765044,23,Peter Niemeyer,John Anthony Brooks,Hertha BSC
1765044,63,Ronny,Sami Allagui,Hertha BSC
1765044,88,Sandro Wagner,Änis Ben-Hatira,Hertha BSC
1765044,86,Hakan Çalhanoğlu,Milan Badelj,Hamburger SV
1765044,89,Petr Jiráček,Maximilian Beister,Hamburger SV
1765044,89,Jonathan Tah,Zhi Gin Lam,Hamburger SV
1765030,21,Deniz Doğan,Marcel Correia,Eintracht Braunschweig
1765030,57,Karim Bellarabi,Dennis Kruppke,Eintracht Braunschweig
1765030,70,Domi Kumbela,Norman Theuerkauf,Eintracht Braunschweig
1765030,46,Marco Russ,Carlos Zambrano,Eintracht Frankfurt
1765030,69,Martin Lanig,Sebastian Rode,Eintracht Frankfurt
1765030,80,Jan Rosenthal,Václav Kadlec,Eintracht Frankfurt
1765028,53,Ronny Philp,Paul Verhaegh,FC Augsburg
1765028,77,Tobias Werner,Raphael Holzhauser,FC Augsburg
1765028,87,Kevin Vogt,Halil Altintop,FC Augsburg
1765028,46,Martin Harnik,Moritz Leitner,VfB Stuttgart
1765028,64,Ibrahima Traoré,Arthur Boka,VfB Stuttgart
1765028,74,Cacau,Mohammed Abdellaoue,VfB Stuttgart
1765068,60,Sebastian Kerk,Charles-Elie Laprévotte,SC Freiburg
1765068,61,Nicolas Höfler,Julian Schuster,SC Freiburg
1765068,75,Mike Hanke,Karim Guédé,SC Freiburg
1765068,62,Philipp Lahm,Mario Götze,Bayern München
1765068,79,Franck Ribéry,Bastian Schweinsteiger,Bayern München
1765068,88,Mario Mandžukić,Claudio Pizarro,Bayern München
1765036,61,Håvard Nordtveit,Granit Xhaka,Bor. Mönchengladbach
1765036,86,Branimir Hrgota,Patrick Herrmann,Bor. Mönchengladbach
1765036,89,Oscar Wendt,Juan Arango,Bor. Mönchengladbach
1765036,30,Franco Di Santo,Eljero Elia,Werder Bremen
1765036,68,Marko Arnautović,Nils Petersen,Werder Bremen
1765036,76,Özkan Yildirim,Zlatko Junuzović,Werder Bremen
1765048,46,Leonardo Bittencourt,André Hoffmann,Hannover 96
1765048,70,Didier Ya Konan,Artur Sobiech,Hannover 96
1765048,85,Christian Schulz,Mame Diouf,Hannover 96
1765048,46,Eric Maxim Choupo-Moting,Julian Baumgartlinger,1. FSV Mainz 05
1765048,68,Shawn Parker,Niki Zimling,1. FSV Mainz 05
1765048,81,Sebastian Polter,Christoph Moritz,1. FSV Mainz 05
1765056,74,Slobodan Medojević,Ivan Perišić,VfL Wolfsburg
1765056,81,Timm Klose,Jan Polák,VfL Wolfsburg
1765056,87,Marcel Schäfer,Ja-cheol Koo,VfL Wolfsburg
1765056,63,Sandro Wagner,Sami Allagui,Hertha BSC
1765056,63,Ronny,Änis Ben-Hatira,Hertha BSC
1765056,87,Peer Kluge,Alexander Baumjohann,Hertha BSC
1765060,65,Alexander Esswein,Josip Drmić,1. FC Nürnberg
1765060,80,Marvin Plattenhardt,Hiroshi Kiyotake,1. FC Nürnberg
1765060,86,Timothy Chandler,Róbert Mak,1. FC Nürnberg
1765060,46,Marcel de Jong,Matthias Ostrzolek,FC Augsburg
1765060,61,Tobias Werner,Jan Morávek,FC Augsburg
1765060,81,Kevin Vogt,Raphael Holzhauser,FC Augsburg
1765072,30,Tomás Rincón,Milan Badelj,Hamburger SV
1765072,72,Lasse Sobiech,Johan Djourou,Hamburger SV
1765072,79,Hakan Çalhanoğlu,Rafael van der Vaart,Hamburger SV
1765072,64,Torsten Oehrl,Norman Theuerkauf,Eintracht Braunschweig
1765072,64,Mirko Boland,Jan Hochscheidt,Eintracht Braunschweig
1765034,78,Jermaine Jones,Marco Höger,FC Schalke 04
1765034,84,Christian Clemens,Kevin-Prince Boateng,FC Schalke 04
1765034,88,Leon Goretzka,Jefferson Farfán,FC Schalke 04
1765034,66,Jens Hegeler,Gonzalo Castro,Bayer Leverkusen
1765034,71,Robbie Kruse,Sidney Sam,Bayer Leverkusen
1765034,80,Emre Can,Stefan Reinartz,Bayer Leverkusen
1765042,68,Cacau,Alexandru Maxim,VfB Stuttgart
1765042,73,Martin Harnik,Moritz Leitner,VfB Stuttgart
1765042,80,Rani Khedira,William Kvist,VfB Stuttgart
1765042,58,Sven Schipplock,Anthony Modeste,1899 Hoffenheim
1765042,58,Sebastian Rudy,Eugen Polanski,1899 Hoffenheim
1765042,75,Kai Herdling,Tarik Elyounoussi,1899 Hoffenheim
1765076,67,Bastian Oczipka,Constant Djakpa,Eintracht Frankfurt
1765076,71,Pirmin Schwegler,Johannes Flum,Eintracht Frankfurt
1765076,83,Joselu,Takashi Inui,Eintracht Frankfurt
1765076,46,Sokratis Papastathopoulos,Mats Hummels,Borussia Dortmund
1765076,71,Pierre-Emerick Aubameyang,Jakub Błaszczykowski,Borussia Dortmund
1765076,86,Sebastian Kehl,Marco Reus,Borussia Dortmund
1765130,76,Sandro Wagner,Tolga Ciğerci,Hertha BSC
1765130,76,Nico Schulz,Per Skjelbred,Hertha BSC
1765130,84,Sami Allagui,Änis Ben-Hatira,Hertha BSC
1765130,58,Ibrahima Traoré,Alexandru Maxim,VfB Stuttgart
1765130,66,Martin Harnik,Timo Werner,VfB Stuttgart
1765130,89,Cacau,Moritz Leitner,VfB Stuttgart
1765084,68,Dante,Jérôme Boateng,Bayern München
1765084,81,Xherdan Shaqiri,Franck Ribéry,Bayern München
1765084,86,Jan Kirchhoff,Toni Kroos,Bayern München
1765084,67,Manuel Schmiedebach,Didier Ya Konan,Hannover 96
1765084,74,Christian Schulz,Leon Andreasen,Hannover 96
1765084,82,Jan Schlaudraff,Edgar Prib,Hannover 96
1765092,74,Giulio Donati,Roberto Hilbert,Bayer Leverkusen
1765092,80,Emre Can,Heung-min Son,Bayer Leverkusen
1765092,88,Robbie Kruse,Sidney Sam,Bayer Leverkusen
1765092,59,Slobodan Medojević,Ja-cheol Koo,VfL Wolfsburg
1765092,71,Ivan Perišić,Marcel Schäfer,VfL Wolfsburg
1765092,82,Stefan Kutschke,Robin Knoche,VfL Wolfsburg
1765098,46,Aleksandar Ignjovski,Mehmet Ekici,Werder Bremen
1765098,46,Theodor Gebre Selassie,Felix Kroos,Werder Bremen
1765098,77,Nils Petersen,Aaron Hunt,Werder Bremen
1765098,61,Johannes Flum,Takashi Inui,Eintracht Frankfurt
1765098,81,Srđan Lakić,Václav Kadlec,Eintracht Frankfurt
1765098,85,Constant Djakpa,Bastian Oczipka,Eintracht Frankfurt
1765112,58,Sebastian Polter,Shinji Okazaki,1. FSV Mainz 05
1765112,76,Johannes Geis,Christoph Moritz,1. FSV Mainz 05
1765112,76,Dani Schahin,Elkin Soto,1. FSV Mainz 05
1765112,69,Jermaine Jones,Marco Höger,FC Schalke 04
1765112,82,Leon Goretzka,Kevin-Prince Boateng,FC Schalke 04
1765112,90,Max Meyer,Jefferson Farfán,FC Schalke 04
1765120,58,Jan Morávek,Kevin Vogt,FC Augsburg
1765120,74,Tobias Werner,Raphael Holzhauser,FC Augsburg
1765120,86,Mathias Fetsch,Halil Altintop,FC Augsburg
1765120,46,Admir Mehmedi,Karim Guédé,SC Freiburg
1765120,46,Immanuel Höhn,Nicolas Höfler,SC Freiburg
1765120,76,Mike Hanke,Sebastian Freis,SC Freiburg
1765078,63,Sokratis Papastathopoulos,Neven Subotić,Borussia Dortmund
1765078,79,Erik Durm,Marcel Schmelzer,Borussia Dortmund
1765078,79,Jonas Hofmann,Henrikh Mkhitaryan,Borussia Dortmund
1765078,46,Petr Jiráček,Lasse Sobiech,Hamburger SV
1765078,68,Hakan Çalhanoğlu,Tomás Rincón,Hamburger SV
1765078,85,Pierre-Michel Lasogga,Rafael van der Vaart,Hamburger SV
1765104,56,Tobias Strobl,Kai Herdling,1899 Hoffenheim
1765104,71,Sven Schipplock,Anthony Modeste,1899 Hoffenheim
1765104,78,Niklas Süle,Sebastian Rudy,1899 Hoffenheim
1765104,65,Branimir Hrgota,Patrick Herrmann,Bor. Mönchengladbach
1765104,70,Amin Younes,Juan Arango,Bor. Mönchengladbach
1765104,70,Luuk de Jong,Christoph Kramer,Bor. Mönchengladbach
1765126,72,Orhan Ademi,Mirko Boland,Eintracht Braunschweig
1765126,81,Timo Perthel,Karim Bellarabi,Eintracht Braunschweig
1765126,87,Dennis Kruppke,Domi Kumbela,Eintracht Braunschweig
1765126,61,Mike Frantz,Josip Drmić,1. FC Nürnberg
1765126,83,Tomáš Pekhart,Daniel Ginczek,1. FC Nürnberg
1765126,90,Niklas Stark,Hiroshi Kiyotake,1. FC Nürnberg
1765118,76,Håvard Nordtveit,Granit Xhaka,Bor. Mönchengladbach
1765118,81,Branimir Hrgota,Patrick Herrmann,Bor. Mönchengladbach
1765118,89,Amin Younes,Juan Arango,Bor. Mönchengladbach
1765118,68,Orhan Ademi,Domi Kumbela,Eintracht Braunschweig
1765118,83,Simeon Jackson,Omar Elabdellaoui,Eintracht Braunschweig
1765118,84,Dennis Kruppke,Mirko Boland,Eintracht Braunschweig
1765128,54,Leonardo Bittencourt,Edgar Prib,Hannover 96
1765128,90,André Hoffmann,Didier Ya Konan,Hannover 96
1765128,90,Christian Schulz,Szabolcs Huszti,Hannover 96
1765128,57,Tobias Werner,Raphael Holzhauser,FC Augsburg
1765128,67,Kevin Vogt,Jan Morávek,FC Augsburg
1765128,90,Arkadiusz Milik,Matthias Ostrzolek,FC Augsburg
1765132,46,Ivan Perišić,Ja-cheol Koo,VfL Wolfsburg
1765132,75,Daniel Caligiuri,Vieirinha,VfL Wolfsburg
1765132,86,Timm Klose,Ivica Olić,VfL Wolfsburg
1765132,46,Kai Herdling,Robin Szarka,1899 Hoffenheim
1765132,68,Sven Schipplock,Roberto Firmino,1899 Hoffenheim
1765132,73,Tobias Strobl,Sebastian Rudy,1899 Hoffenheim
1765134,67,Alexander Esswein,Adam Hloušek,1. FC Nürnberg
1765134,81,Tomáš Pekhart,Daniel Ginczek,1. FC Nürnberg
1765134,89,Martin Angha,Hiroshi Kiyotake,1. FC Nürnberg
1765134,46,Jonas Hofmann,Marco Reus,Borussia Dortmund
1765134,46,Nuri Şahin,Marcel Schmelzer,Borussia Dortmund
1765134,65,Robert Lewandowski,Jakub Błaszczykowski,Borussia Dortmund
1765144,46,Yunus Mallı,Elkin Soto,1. FSV Mainz 05
1765144,64,Shinji Okazaki,Eric Maxim Choupo-Moting,1. FSV Mainz 05
1765144,71,Sebastian Polter,Dani Schahin,1. FSV Mainz 05
1765144,63,Emre Can,Lars Bender,Bayer Leverkusen
1765144,69,Eren Derdiyok,Stefan Kießling,Bayer Leverkusen
1765144,75,Levin Öztunali,Robbie Kruse,Bayer Leverkusen
1765148,63,Artjoms Rudņevs,Zhi Gin Lam,Hamburger SV
1765148,67,Tolgay Arslan,Tomás Rincón,Hamburger SV
1765148,80,Pierre-Michel Lasogga,Petr Jiráček,Hamburger SV
1765148,67,Theodor Gebre Selassie,Martin Kobylański,Werder Bremen
1765148,74,Mehmet Ekici,Eljero Elia,Werder Bremen
1765148,86,Sebastian Prödl,Aaron Hunt,Werder Bremen
1765116,46,Marco Höger,Roman Neustädter,FC Schalke 04
1765116,81,Christian Clemens,Kevin-Prince Boateng,FC Schalke 04
1765116,73,Thomas Müller,Arjen Robben,Bayern München
1765116,78,Jan Kirchhoff,Bastian Schweinsteiger,Bayern München
1765116,81,Claudio Pizarro,Mario Mandžukić,Bayern München
1765138,62,Francis Coquelin,Sebastian Kerk,SC Freiburg
1765138,76,Mike Hanke,Sebastian Freis,SC Freiburg
1765138,20,Levan Kobiashvili,John Anthony Brooks,Hertha BSC
1765138,68,Sami Allagui,Ronny,Hertha BSC
1765138,75,Sandro Wagner,Per Skjelbred,Hertha BSC
1765124,68,Ibrahima Traoré,Timo Werner,VfB Stuttgart
1765124,72,Konstantin Rausch,Arthur Boka,VfB Stuttgart
1765124,90,Cacau,Alexandru Maxim,VfB Stuttgart
1765124,63,Stefano Celozzi,Johannes Flum,Eintracht Frankfurt
1765124,78,Joselu,Václav Kadlec,Eintracht Frankfurt
1765124,86,Martin Lanig,Tranquillo Barnetta,Eintracht Frankfurt
1765187,76,Arkadiusz Milik,Halil Altintop,FC Augsburg
1765187,76,Raphael Holzhauser,Jan Morávek,FC Augsburg
1765187,86,Kevin Vogt,Tobias Werner,FC Augsburg
1765187,68,Branimir Hrgota,Patrick Herrmann,Bor. Mönchengladbach
1765187,89,Luuk de Jong,Juan Arango,Bor. Mönchengladbach
1765187,90,Roel Brouwers,Raffael,Bor. Mönchengladbach
1765160,46,Oliver Kirch,Sven Bender,Borussia Dortmund
1765160,62,Jonas Hofmann,Henrikh Mkhitaryan,Borussia Dortmund
1765160,62,Jakub Błaszczykowski,Marco Reus,Borussia Dortmund
1765160,46,Immanuel Höhn,Francis Coquelin,SC Freiburg
1765160,66,Nicolas Höfler,Julian Schuster,SC Freiburg
1765160,74,Karim Guédé,Sebastian Freis,SC Freiburg
1765165,62,Toni Kroos,Bastian Schweinsteiger,Bayern München
1765165,62,Xherdan Shaqiri,Arjen Robben,Bayern München
1765165,86,Jan Kirchhoff,Mario Mandžukić,Bayern München
1765165,68,Ivan Perišić,Marcel Schäfer,VfL Wolfsburg
1765165,82,Maximilian Arnold,Ja-cheol Koo,VfL Wolfsburg
1765165,84,Daniel Caligiuri,Ivica Olić,VfL Wolfsburg
1765171,46,Emre Can,Lars Bender,Bayer Leverkusen
1765171,83,Robbie Kruse,Heung-min Son,Bayer Leverkusen
1765171,88,Levin Öztunali,Sidney Sam,Bayer Leverkusen
1765171,60,Mame Diouf,Artur Sobiech,Hannover 96
1765171,60,Jan Schlaudraff,Leonardo Bittencourt,Hannover 96
1765171,79,Edgar Prib,Mame Diouf,Hannover 96
1765182,46,Tobias Strobl,Sejad Salihović,1899 Hoffenheim
1765182,70,Stefan Thesker,Fabian Johnson,1899 Hoffenheim
1765182,88,Sven Schipplock,Anthony Modeste,1899 Hoffenheim
1765182,62,Leon Goretzka,Christian Clemens,FC Schalke 04
1765182,78,Ádám Szalai,Max Meyer,FC Schalke 04
1765182,86,Roman Neustädter,Jermaine Jones,FC Schalke 04
1765205,46,Sami Allagui,Tolga Ciğerci,Hertha BSC
1765205,64,Nico Schulz,Ronny,Hertha BSC
1765205,90,Sandro Wagner,Änis Ben-Hatira,Hertha BSC
1765205,46,Malik Fathi,Nikolče Noveski,1. FSV Mainz 05
1765205,68,Stefan Bell,Bo Svensson,1. FSV Mainz 05
1765205,81,Petar Slišković,Shinji Okazaki,1. FSV Mainz 05
1765197,73,Takashi Inui,Tranquillo Barnetta,Eintracht Frankfurt
1765197,86,Srđan Lakić,Václav Kadlec,Eintracht Frankfurt
1765197,75,Jacques Zoua,Maximilian Beister,Hamburger SV
1765197,90,Petr Jiráček,Hakan Çalhanoğlu,Hamburger SV
1765177,68,Felix Kroos,,Werder Bremen
1765177,79,Theodor Gebre Selassie,Clemens Fritz,Werder Bremen
1765177,83,Martin Kobylański,Eljero Elia,Werder Bremen
1765177,46,Josip Drmić,Alexander Esswein,1. FC Nürnberg
1765177,68,Mike Frantz,Niklas Stark,1. FC Nürnberg
1765192,46,Torsten Oehrl,Simeon Jackson,Eintracht Braunschweig
1765192,79,Marc Pfitzner,Domi Kumbela,Eintracht Braunschweig
1765192,79,Orhan Ademi,Kevin Kratz,Eintracht Braunschweig
1765192,46,Konstantin Rausch,Arthur Boka,VfB Stuttgart
1765192,74,Martin Harnik,Timo Werner,VfB Stuttgart
1765192,86,Cacau,Alexandru Maxim,VfB Stuttgart
1765190,46,Edgar Prib,Didier Ya Konan,Hannover 96
1765190,57,Leonardo Bittencourt,Jan Schlaudraff,Hannover 96
1765190,90,Deniz Kadah,Leon Andreasen,Hannover 96
1765190,79,Sandro Wagner,Adrián Ramos,Hertha BSC
1765190,79,Ronny,Sami Allagui,Hertha BSC
1765190,83,Christoph Janker,Peter Pekarík,Hertha BSC
1765168,68,Max Meyer,Kevin-Prince Boateng,FC Schalke 04
1765168,84,Sead Kolašinac,Christian Clemens,FC Schalke 04
1765168,87,Kaan Ayhan,Ádám Szalai,FC Schalke 04
1765168,18,Jeong-ho Hong,Halil Altintop,FC Augsburg
1765168,73,Raphael Holzhauser,Tobias Werner,FC Augsburg
1765168,83,Arkadiusz Milik,Sascha Mölders,FC Augsburg
1765175,56,Roel Brouwers,Domínguez,Bor. Mönchengladbach
1765175,77,Branimir Hrgota,Patrick Herrmann,Bor. Mönchengladbach
1765175,83,Christoph Kramer,Håvard Nordtveit,Bor. Mönchengladbach
1765175,72,Jonas Hofmann,Sven Bender,Borussia Dortmund
1765175,77,Jakub Błaszczykowski,Henrikh Mkhitaryan,Borussia Dortmund
1765175,89,Koray Günter,Nuri Şahin,Borussia Dortmund
1765185,88,Timo Werner,Ibrahima Traoré,VfB Stuttgart
1765185,66,Theodor Gebre Selassie,Mehmet Ekici,Werder Bremen
1765185,88,Melvyn Lorenzen,Eljero Elia,Werder Bremen
1765195,46,Ivan Perišić,Marcel Schäfer,VfL Wolfsburg
1765195,58,Daniel Caligiuri,Jan Polák,VfL Wolfsburg
1765195,70,Stefan Kutschke,Ivica Olić,VfL Wolfsburg
1765195,70,Domi Kumbela,Orhan Ademi,Eintracht Braunschweig
1765195,80,Torsten Oehrl,Timo Perthel,Eintracht Braunschweig
1765195,88,Dennis Kruppke,Karim Bellarabi,Eintracht Braunschweig
1765213,24,Eric Maxim Choupo-Moting,Christoph Moritz,1. FSV Mainz 05
1765213,66,Yunus Mallı,Niki Zimling,1. FSV Mainz 05
1765213,66,Shawn Parker,Shinji Okazaki,1. FSV Mainz 05
1765213,22,Sven Schipplock,Anthony Modeste,1899 Hoffenheim
1765213,77,Tobias Strobl,Eugen Polanski,1899 Hoffenheim
1765213,86,Niklas Süle,Tarik Elyounoussi,1899 Hoffenheim
1765180,68,Heung-min Son,Emre Can,Bayer Leverkusen
1765180,82,Robbie Kruse,Sidney Sam,Bayer Leverkusen
1765180,83,Jens Hegeler,Stefan Kießling,Bayer Leverkusen
1765180,71,Arjen Robben,Xherdan Shaqiri,Bayern München
1765180,80,Mario Mandžukić,Thomas Müller,Bayern München
1765180,85,Mario Götze,Toni Kroos,Bayern München
1765199,66,Markus Feulner,Mike Frantz,1. FC Nürnberg
1765199,72,Niklas Stark,Hiroshi Kiyotake,1. FC Nürnberg
1765199,61,Maximilian Beister,Jacques Zoua,Hamburger SV
1765199,81,Petr Jiráček,Tolgay Arslan,Hamburger SV
1765199,85,Artjoms Rudņevs,Pierre-Michel Lasogga,Hamburger SV
1765209,70,Mike Hanke,Sebastian Freis,SC Freiburg
1765209,73,Nicolas Höfler,Gelson Fernandes,SC Freiburg
1765209,76,Felix Klaus,Christian Günter,SC Freiburg
1765209,54,Johannes Flum,Sebastian Rode,Eintracht Frankfurt
1765209,63,Srđan Lakić,Stefan Aigner,Eintracht Frankfurt
1765209,88,Stefano Celozzi,Václav Kadlec,Eintracht Frankfurt
1765270,63,Tarik Elyounoussi,Sejad Salihović,1899 Hoffenheim
1765270,70,Sven Schipplock,Eugen Polanski,1899 Hoffenheim
1765270,81,Kai Herdling,Andreas Beck,1899 Hoffenheim
1765270,46,Emir Spahić,Philipp Wollscheid,Bayer Leverkusen
1765270,80,Robbie Kruse,Sidney Sam,Bayer Leverkusen
1765270,86,Giulio Donati,Roberto Hilbert,Bayer Leverkusen
1765249,66,Jakub Błaszczykowski,Marco Reus,Borussia Dortmund
1765249,80,Jonas Hofmann,Henrikh Mkhitaryan,Borussia Dortmund
1765249,90,Julian Schieber,Pierre-Emerick Aubameyang,Borussia Dortmund
1765249,46,Leonardo Bittencourt,Sébastien Pocognoli,Hannover 96
1765249,68,Deniz Kadah,Artur Sobiech,Hannover 96
1765249,77,Jan Schlaudraff,Hiroki Sakai,Hannover 96
1765256,42,David Alaba,Dante,Bayern München
1765256,46,Mario Götze,Rafinha,Bayern München
1765256,75,Jan Kirchhoff,Mario Mandžukić,Bayern München
1765256,57,Joo-ho Park,Bo Svensson,1. FSV Mainz 05
1765256,67,Christoph Moritz,Julian Baumgartlinger,1. FSV Mainz 05
1765256,79,Benedikt Saller,Shawn Parker,1. FSV Mainz 05
1765264,80,Özkan Yildirim,Zlatko Junuzović,Werder Bremen
1765264,90,Melvyn Lorenzen,Nils Petersen,Werder Bremen
1765264,69,Francis Coquelin,Václav Pilař,SC Freiburg
1765264,74,Hendrick Zuck,Felix Klaus,SC Freiburg
1765264,83,Gelson Fernandes,Nicolas Höfler,SC Freiburg
1765286,76,Dennis Kruppke,Karim Bellarabi,Eintracht Braunschweig
1765286,80,Kevin Kratz,Jan Washausen,Eintracht Braunschweig
1765286,89,Domi Kumbela,Orhan Ademi,Eintracht Braunschweig
1765286,36,Leon Goretzka,Marco Höger,FC Schalke 04
1765286,83,Christian Fuchs,Max Meyer,FC Schalke 04
1765286,88,Sead Kolašinac,Christian Clemens,FC Schalke 04
1765290,64,Stefano Celozzi,Stefan Aigner,Eintracht Frankfurt
1765290,84,Martin Lanig,Alexander Meier,Eintracht Frankfurt
1765290,87,Srđan Lakić,Sebastian Rode,Eintracht Frankfurt
1765290,60,Róbert Mak,Marvin Plattenhardt,1. FC Nürnberg
1765290,69,Josip Drmić,Hiroshi Kiyotake,1. FC Nürnberg
1765290,78,Antonio Čolak,Tomáš Pekhart,1. FC Nürnberg
1765298,60,Peter Niemeyer,Levan Kobiashvili,Hertha BSC
1765298,63,Nico Schulz,Änis Ben-Hatira,Hertha BSC
1765298,87,Tolga Ciğerci,Sami Allagui,Hertha BSC
1765298,68,Branimir Hrgota,Patrick Herrmann,Bor. Mönchengladbach
1765298,72,Amin Younes,Juan Arango,Bor. Mönchengladbach
1765298,72,Luuk de Jong,Christoph Kramer,Bor. Mönchengladbach
1765279,46,Maximilian Beister,Jacques Zoua,Hamburger SV
1765279,65,Timo Werner,Martin Harnik,VfB Stuttgart
1765279,87,Karim Haggui,Alexandru Maxim,VfB Stuttgart
1765279,90,Sercan Sararer,Ibrahima Traoré,VfB Stuttgart
1765276,63,Arkadiusz Milik,Halil Altintop,FC Augsburg
1765276,68,Marcel de Jong,Matthias Ostrzolek,FC Augsburg
1765276,78,Raphael Holzhauser,Jan Morávek,FC Augsburg
1765276,68,Ivan Perišić,Maximilian Arnold,VfL Wolfsburg
1765276,75,Stefan Kutschke,Ivica Olić,VfL Wolfsburg
1765276,90,Timm Klose,Marcel Schäfer,VfL Wolfsburg
1765258,64,Timo Werner,Ibrahima Traoré,VfB Stuttgart
1765258,68,Konstantin Rausch,Arthur Boka,VfB Stuttgart
1765258,84,Sercan Sararer,Martin Harnik,VfB Stuttgart
1765258,70,Daniel Ginczek,Róbert Mak,1. FC Nürnberg
1765258,76,Markus Feulner,Josip Drmić,1. FC Nürnberg
1765258,79,Mike Frantz,Niklas Stark,1. FC Nürnberg
1765234,24,Mario Götze,Toni Kroos,Bayern München
1765234,26,Mario Mandžukić,Arjen Robben,Bayern München
1765234,64,Javi Martínez,Thomas Müller,Bayern München
1765234,77,Hany Mukhtar,Änis Ben-Hatira,Hertha BSC
1765234,78,Sami Allagui,Johannes van den Bergh,Hertha BSC
1765234,86,Ronny,Hajime Hosogai,Hertha BSC
1765239,61,Max Meyer,Christian Fuchs,FC Schalke 04
1765239,76,Jermaine Jones,Sead Kolašinac,FC Schalke 04
1765239,82,Christian Clemens,Kevin-Prince Boateng,FC Schalke 04
1765239,46,Erik Durm,Marcel Schmelzer,Borussia Dortmund
1765239,71,Jakub Błaszczykowski,Pierre-Emerick Aubameyang,Borussia Dortmund
1765239,89,Jonas Hofmann,Marco Reus,Borussia Dortmund
1765253,70,Jens Hegeler,Heung-min Son,Bayer Leverkusen
1765253,81,Robbie Kruse,Sidney Sam,Bayer Leverkusen
1765253,89,Eren Derdiyok,Stefan Kießling,Bayer Leverkusen
1765253,46,Raphael Holzhauser,Tobias Werner,FC Augsburg
1765253,73,Arkadiusz Milik,Halil Altintop,FC Augsburg
1765253,85,Sascha Mölders,Kevin Vogt,FC Augsburg
1765262,29,Edgar Prib,Hiroki Sakai,Hannover 96
1765262,46,Leonardo Bittencourt,Szabolcs Huszti,Hannover 96
1765262,70,André Hoffmann,Lars Stindl,Hannover 96
1765262,62,Sven Schipplock,Anthony Modeste,1899 Hoffenheim
1765262,78,Tarik Elyounoussi,Tobias Strobl,1899 Hoffenheim
1765262,89,Robin Szarka,Kai Herdling,1899 Hoffenheim
1765274,46,Stefan Bell,Bo Svensson,1. FSV Mainz 05
1765274,59,Johannes Geis,Shawn Parker,1. FSV Mainz 05
1765274,74,Eric Maxim Choupo-Moting,Niki Zimling,1. FSV Mainz 05
1765274,46,Domi Kumbela,Orhan Ademi,Eintracht Braunschweig
1765274,60,Torsten Oehrl,Karim Bellarabi,Eintracht Braunschweig
1765274,81,Dennis Kruppke,Marco Caligiuri,Eintracht Braunschweig
1765268,39,Jan Polák,Slobodan Medojević,VfL Wolfsburg
1765268,84,Stefan Kutschke,Ivica Olić,VfL Wolfsburg
1765268,88,Willi Evseev,Maximilian Arnold,VfL Wolfsburg
1765268,46,Aleksandar Ignjovski,Felix Kroos,Werder Bremen
1765268,50,Assani Lukimya,Sebastian Prödl,Werder Bremen
1765268,74,Martin Kobylański,Özkan Yildirim,Werder Bremen
1765272,46,Sebastian Freis,Gelson Fernandes,SC Freiburg
1765272,63,Julian Schuster,Pavel Krmaš,SC Freiburg
1765272,84,Václav Pilař,Christian Günter,SC Freiburg
1765272,22,Lasse Sobiech,Johan Djourou,Hamburger SV
1765272,78,Ivo Iličević,Hakan Çalhanoğlu,Hamburger SV
1765272,84,Artjoms Rudņevs,Pierre-Michel Lasogga,Hamburger SV
1765244,77,Thorben Marx,Roel Brouwers,Bor. Mönchengladbach
1765244,78,Amin Younes,Raffael,Bor. Mönchengladbach
1765244,86,Luuk de Jong,Juan Arango,Bor. Mönchengladbach
1765244,39,Johannes Flum,Marco Russ,Eintracht Frankfurt
1765244,67,Takashi Inui,Tranquillo Barnetta,Eintracht Frankfurt
1765244,74,Srđan Lakić,Alexander Meier,Eintracht Frankfurt
1765331,59,Pierre-Emerick Aubameyang,Marco Reus,Borussia Dortmund
1765331,71,Erik Durm,Marcel Schmelzer,Borussia Dortmund
1765331,76,Julian Schieber,Henrikh Mkhitaryan,Borussia Dortmund
1765331,68,Mohammed Abdellaoue,Vedad Ibišević,VfB Stuttgart
1765331,74,Martin Harnik,Timo Werner,VfB Stuttgart
1765331,85,Ibrahima Traoré,Moritz Leitner,VfB Stuttgart
1765344,46,Mike Frantz,Niklas Stark,1. FC Nürnberg
1765344,61,Markus Feulner,Róbert Mak,1. FC Nürnberg
1765344,68,Daniel Ginczek,Adam Hloušek,1. FC Nürnberg
1765344,73,Francis Coquelin,Felix Klaus,SC Freiburg
1765344,75,Vladimír Darida,Sebastian Freis,SC Freiburg
1765344,89,Nicolas Höfler,Admir Mehmedi,SC Freiburg
1765350,78,Tarik Elyounoussi,Kai Herdling,1899 Hoffenheim
1765350,81,Sven Schipplock,Anthony Modeste,1899 Hoffenheim
1765350,87,Jannik Vestergaard,Sebastian Rudy,1899 Hoffenheim
1765350,64,Toni Kroos,Mario Mandžukić,Bayern München
1765350,80,Rafinha,Mario Götze,Bayern München
1765363,73,Ivo Iličević,Maximilian Beister,Hamburger SV
1765363,84,Lukas Rupp,Juan Arango,Bor. Mönchengladbach
1765363,85,Branimir Hrgota,Patrick Herrmann,Bor. Mönchengladbach
1765363,88,Luuk de Jong,Raffael,Bor. Mönchengladbach
1765370,86,Orhan Ademi,Domi Kumbela,Eintracht Braunschweig
1765370,90,Dennis Kruppke,Mirko Boland,Eintracht Braunschweig
1765370,46,Lars Bender,Emre Can,Bayer Leverkusen
1765370,63,Stefan Kießling,Eren Derdiyok,Bayer Leverkusen
1765370,63,Sidney Sam,Robbie Kruse,Bayer Leverkusen
1765387,63,Ronny,Nico Schulz,Hertha BSC
1765387,73,Sami Allagui,Per Skjelbred,Hertha BSC
1765387,87,Peter Niemeyer,Hajime Hosogai,Hertha BSC
1765387,78,Christian Clemens,Max Meyer,FC Schalke 04
1765387,80,Jermaine Jones,Roman Neustädter,FC Schalke 04
1765387,87,Felipe Santana,Kevin-Prince Boateng,FC Schalke 04
1765375,62,Constant Djakpa,Bastian Oczipka,Eintracht Frankfurt
1765375,76,Stefan Aigner,Johannes Flum,Eintracht Frankfurt
1765375,84,Srđan Lakić,Tranquillo Barnetta,Eintracht Frankfurt
1765375,32,Daniel Caligiuri,Diego,VfL Wolfsburg
1765375,89,Marcel Schäfer,Maximilian Arnold,VfL Wolfsburg
1765375,90,Stefan Kutschke,Ivica Olić,VfL Wolfsburg
1765357,63,Arkadiusz Milik,Sascha Mölders,FC Augsburg
1765357,70,Jeong-ho Hong,Halil Altintop,FC Augsburg
1765357,90,Marcel de Jong,Tobias Werner,FC Augsburg
1765357,46,Christian Wetklo,Heinz Müller,1. FSV Mainz 05
1765357,46,Nicolai Müller,Bo Svensson,1. FSV Mainz 05
1765357,57,Eric Maxim Choupo-Moting,Elkin Soto,1. FSV Mainz 05
1765339,63,Davie Selke,Clemens Fritz,Werder Bremen
1765339,81,Özkan Yildirim,Eljero Elia,Werder Bremen
1765339,88,Lukas Schmitz,Santiago García,Werder Bremen
1765339,32,Deniz Kadah,Artur Sobiech,Hannover 96
1765339,75,Manuel Schmiedebach,André Hoffmann,Hannover 96
1765339,88,Leonardo Bittencourt,Hiroki Sakai,Hannover 96
1765321,67,Jan Schlaudraff,Leonardo Bittencourt,Hannover 96
1765321,85,Artur Sobiech,Edgar Prib,Hannover 96
1765321,76,Orhan Ademi,Dennis Kruppke,Eintracht Braunschweig
1765321,85,Marc Pfitzner,Marco Caligiuri,Eintracht Braunschweig
1765321,90,Simeon Jackson,Domi Kumbela,Eintracht Braunschweig
1765302,66,Arjen Robben,Mario Götze,Bayern München
1765302,74,Thomas Müller,Rafinha,Bayern München
1765302,81,Jan Kirchhoff,Toni Kroos,Bayern München
1765302,54,Arkadiusz Milik,Halil Altintop,FC Augsburg
1765302,74,Jeong-ho Hong,Jan Morávek,FC Augsburg
1765302,79,Sascha Mölders,Kevin Vogt,FC Augsburg
1765308,46,Christian Fuchs,Roman Neustädter,FC Schalke 04
1765308,74,Jefferson Farfán,Ádám Szalai,FC Schalke 04
1765308,87,Felipe Santana,Max Meyer,FC Schalke 04
1765308,41,Lukas Schmitz,Santiago García,Werder Bremen
1765308,71,Davie Selke,Eljero Elia,Werder Bremen
1765308,73,Aleksandar Ignjovski,Clemens Fritz,Werder Bremen
1765318,83,Robbie Kruse,Sidney Sam,Bayer Leverkusen
1765318,90,Jens Hegeler,Heung-min Son,Bayer Leverkusen
1765318,90,Philipp Wollscheid,Simon Rolfes,Bayer Leverkusen
1765318,64,Ivo Iličević,Hakan Çalhanoğlu,Hamburger SV
1765318,86,Jacques Zoua,Tolgay Arslan,Hamburger SV
1765324,79,Bas Dost,Ivica Olić,VfL Wolfsburg
1765324,86,Marcel Schäfer,Daniel Caligiuri,VfL Wolfsburg
1765324,90,Jan Polák,Maximilian Arnold,VfL Wolfsburg
1765324,45,Sokratis Papastathopoulos,Neven Subotić,Borussia Dortmund
1765324,77,Jonas Hofmann,Sven Bender,Borussia Dortmund
1765324,77,Marvin Ducksch,Pierre-Emerick Aubameyang,Borussia Dortmund
1765329,28,Jannik Vestergaard,David Abraham,1899 Hoffenheim
1765329,46,Fabian Johnson,Tarik Elyounoussi,1899 Hoffenheim
1765329,66,Sven Schipplock,Eugen Polanski,1899 Hoffenheim
1765329,68,Nico Schulz,Änis Ben-Hatira,Hertha BSC
1765329,72,Peter Niemeyer,Per Skjelbred,Hertha BSC
1765329,79,Marcel Ndjeng,Sami Allagui,Hertha BSC
1765315,84,Luuk de Jong,Raffael,Bor. Mönchengladbach
1765315,88,Branimir Hrgota,Patrick Herrmann,Bor. Mönchengladbach
1765315,90,Filip Daems,Juan Arango,Bor. Mönchengladbach
1765315,62,Niklas Stark,Per Nilsson,1. FC Nürnberg
1765315,77,Daniel Ginczek,Adam Hloušek,1. FC Nürnberg
1765315,83,Tomáš Pekhart,Mike Frantz,1. FC Nürnberg
1765346,61,Eric Maxim Choupo-Moting,Niki Zimling,1. FSV Mainz 05
1765346,73,Shawn Parker,Yunus Mallı,1. FSV Mainz 05
1765346,81,Benedikt Saller,Shinji Okazaki,1. FSV Mainz 05
1765346,75,Jan Rosenthal,Takashi Inui,Eintracht Frankfurt
1765346,89,Joselu,Václav Kadlec,Eintracht Frankfurt
1765335,46,Sebastian Kerk,Francis Coquelin,SC Freiburg
1765335,77,Mike Hanke,Sebastian Freis,SC Freiburg
1765335,58,Gōtoku Sakai,Konstantin Rausch,VfB Stuttgart
1765335,81,Martin Harnik,Moritz Leitner,VfB Stuttgart
1765335,85,Ibrahima Traoré,Timo Werner,VfB Stuttgart
1765430,46,Ibrahima Traoré,Moritz Leitner,VfB Stuttgart
1765430,63,Mohammed Abdellaoue,William Kvist,VfB Stuttgart
1765430,85,Lukas Rupp,Patrick Herrmann,Bor. Mönchengladbach
1765430,87,Branimir Hrgota,Juan Arango,Bor. Mönchengladbach
1765430,90,Luuk de Jong,Raffael,Bor. Mönchengladbach
1765441,55,Róbert Mak,Mike Frantz,1. FC Nürnberg
1765441,64,Daniel Ginczek,Hiroshi Kiyotake,1. FC Nürnberg
1765441,77,Daniel Caligiuri,Ivan Perišić,VfL Wolfsburg
1765441,77,Bas Dost,Ivica Olić,VfL Wolfsburg
1765441,90,Jan Polák,Maximilian Arnold,VfL Wolfsburg
1765452,76,Sascha Mölders,Arkadiusz Milik,FC Augsburg
1765452,85,Jan Morávek,Halil Altintop,FC Augsburg
1765452,90,Raúl Bobadilla,Tobias Werner,FC Augsburg
1765452,46,Jeremy Toljan,Sejad Salihović,1899 Hoffenheim
1765452,59,Kai Herdling,Eugen Polanski,1899 Hoffenheim
1765452,60,Sven Schipplock,Roberto Firmino,1899 Hoffenheim
1765460,72,Orhan Ademi,Damir Vrančić,Eintracht Braunschweig
1765460,83,Torsten Oehrl,Timo Perthel,Eintracht Braunschweig
1765460,85,Simeon Jackson,Omar Elabdellaoui,Eintracht Braunschweig
1765460,65,Sebastian Kerk,Václav Pilař,SC Freiburg
1765460,81,Francis Coquelin,Admir Mehmedi,SC Freiburg
1765460,88,Karim Guédé,Sebastian Freis,SC Freiburg
1765468,81,Jan Rosenthal,Václav Kadlec,Eintracht Frankfurt
1765468,82,Pirmin Schwegler,Sebastian Rode,Eintracht Frankfurt
1765468,89,Stefano Celozzi,Marco Russ,Eintracht Frankfurt
1765468,70,Christian Fuchs,Sead Kolašinac,FC Schalke 04
1765468,79,Ádám Szalai,Dennis Aogo,FC Schalke 04
1765468,89,Felipe Santana,Kevin-Prince Boateng,FC Schalke 04
1765474,46,Hany Mukhtar,Sami Allagui,Hertha BSC
1765474,75,Sandro Wagner,Änis Ben-Hatira,Hertha BSC
1765474,82,Ronny,Per Skjelbred,Hertha BSC
1765474,4,Jens Hegeler,Sidney Sam,Bayer Leverkusen
1765474,72,Robbie Kruse,Heung-min Son,Bayer Leverkusen
1765474,88,Dominik Kohr,Jens Hegeler,Bayer Leverkusen
1765427,71,Jonas Hofmann,Henrikh Mkhitaryan,Borussia Dortmund
1765427,71,Pierre-Emerick Aubameyang,Jakub Błaszczykowski,Borussia Dortmund
1765427,79,Łukasz Piszczek,Sven Bender,Borussia Dortmund
1765427,56,Mario Götze,Mario Mandžukić,Bayern München
1765427,64,Thiago,Jérôme Boateng,Bayern München
1765427,79,Daniel Van Buyten,Rafinha,Bayern München
1765456,88,Jacques Zoua,Maximilian Beister,Hamburger SV
1765456,21,Sébastien Pocognoli,Lars Stindl,Hannover 96
1765456,60,Artur Sobiech,Edgar Prib,Hannover 96
1765456,74,André Hoffmann,Christian Schulz,Hannover 96
1765437,45,Mehmet Ekici,Felix Kroos,Werder Bremen
1765437,82,Özkan Yildirim,Davie Selke,Werder Bremen
1765437,86,Tom Trybull,Cédric Makiadi,Werder Bremen
1765437,46,Bo Svensson,Zdeněk Pospěch,1. FSV Mainz 05
1765437,58,Eric Maxim Choupo-Moting,Niki Zimling,1. FSV Mainz 05
1765437,62,Christoph Moritz,Elkin Soto,1. FSV Mainz 05
1765413,76,Bas Dost,Ivan Perišić,VfL Wolfsburg
1765413,85,Marcel Schäfer,Ivica Olić,VfL Wolfsburg
1765413,87,Timm Klose,Robin Knoche,VfL Wolfsburg
1765413,60,Ivo Iličević,Maximilian Beister,Hamburger SV
1765379,57,Mario Mandžukić,Thomas Müller,Bayern München
1765379,59,Gianluca Korte,Simeon Jackson,Eintracht Braunschweig
1765379,79,Torsten Oehrl,Marco Caligiuri,Eintracht Braunschweig
1765402,73,Stefan Reinartz,Lars Bender,Bayer Leverkusen
1765402,78,Robbie Kruse,Heung-min Son,Bayer Leverkusen
1765402,83,Kostas Stafylidis,Gonzalo Castro,Bayer Leverkusen
1765402,46,Daniel Ginczek,Josip Drmić,1. FC Nürnberg
1765402,69,Tomáš Pekhart,Hiroshi Kiyotake,1. FC Nürnberg
1765402,74,Alexander Esswein,Adam Hloušek,1. FC Nürnberg
1765416,65,Tobias Strobl,Sebastian Rudy,1899 Hoffenheim
1765416,72,Anthony Modeste,Sven Schipplock,1899 Hoffenheim
1765416,87,Fabian Johnson,Kevin Volland,1899 Hoffenheim
1765416,46,Nils Petersen,Eljero Elia,Werder Bremen
1765416,70,Philipp Bargfrede,Mehmet Ekici,Werder Bremen
1765418,46,Eric Maxim Choupo-Moting,Nicolai Müller,1. FSV Mainz 05
1765418,64,Yunus Mallı,Niki Zimling,1. FSV Mainz 05
1765418,89,Benedikt Saller,Sebastian Polter,1. FSV Mainz 05
1765418,32,Nuri Şahin,Sven Bender,Borussia Dortmund
1765418,46,Henrikh Mkhitaryan,Jakub Błaszczykowski,Borussia Dortmund
1765418,46,Sebastian Kehl,Marco Reus,Borussia Dortmund
1765422,20,Peter Niemeyer,Sebastian Langkamp,Hertha BSC
1765422,67,Hany Mukhtar,Per Skjelbred,Hertha BSC
1765422,77,Nico Schulz,Änis Ben-Hatira,Hertha BSC
1765422,46,Jan Morávek,Ronny Philp,FC Augsburg
1765422,60,Raúl Bobadilla,Arkadiusz Milik,FC Augsburg
1765422,84,Marcel de Jong,Tobias Werner,FC Augsburg
1765390,76,Max Meyer,Ádám Szalai,FC Schalke 04
1765390,83,Tim Hoogland,Jefferson Farfán,FC Schalke 04
1765390,85,Sead Kolašinac,Christian Fuchs,FC Schalke 04
1765390,63,Sercan Sararer,Alexandru Maxim,VfB Stuttgart
1765390,63,Moritz Leitner,William Kvist,VfB Stuttgart
1765390,76,Martin Harnik,Ibrahima Traoré,VfB Stuttgart
1765407,70,Leonardo Bittencourt,Artur Sobiech,Hannover 96
1765407,89,Jan Schlaudraff,Mame Diouf,Hannover 96
1765407,90,Steven Cherundolo,Szabolcs Huszti,Hannover 96
1765407,46,Joselu,Stephan Schröck,Eintracht Frankfurt
1765407,64,Marvin Bakalorz,Takashi Inui,Eintracht Frankfurt
1765407,73,Marc Oliver Kempf,Carlos Zambrano,Eintracht Frankfurt
1765397,84,Branimir Hrgota,Patrick Herrmann,Bor. Mönchengladbach
1765397,86,Luuk de Jong,Raffael,Bor. Mönchengladbach
1765397,90,Håvard Nordtveit,Juan Arango,Bor. Mönchengladbach
1765397,60,Sebastian Kerk,Sebastian Freis,SC Freiburg
1765397,69,Vladimír Darida,Mike Hanke,SC Freiburg
1765397,82,Nicolai Lorenzoni,Francis Coquelin,SC Freiburg
1765517,61,Markus Feulner,Timothy Chandler,1. FC Nürnberg
1765517,69,Róbert Mak,Mike Frantz,1. FC Nürnberg
1765517,79,Tomáš Pekhart,Daniel Ginczek,1. FC Nürnberg
1765517,29,Eric Maxim Choupo-Moting,Sebastian Polter,1. FSV Mainz 05
1765517,60,Benedikt Saller,Niki Zimling,1. FSV Mainz 05
1765517,78,Petar Slišković,Shinji Okazaki,1. FSV Mainz 05
1765504,83,Luuk de Jong,Max Kruse,Bor. Mönchengladbach
1765504,88,Roel Brouwers,Raffael,Bor. Mönchengladbach
1765504,90,Håvard Nordtveit,Patrick Herrmann,Bor. Mönchengladbach
1765504,81,Christian Fuchs,Sead Kolašinac,FC Schalke 04
1765504,84,Ádám Szalai,Roman Neustädter,FC Schalke 04
1765504,89,Christian Clemens,Julian Draxler,FC Schalke 04
1765508,80,William Kvist,Rani Khedira,VfB Stuttgart
1765508,88,Sercan Sararer,Ibrahima Traoré,VfB Stuttgart
1765508,90,Mohammed Abdellaoue,Vedad Ibišević,VfB Stuttgart
1765508,61,Christian Pander,Sébastien Pocognoli,Hannover 96
1765508,67,Jan Schlaudraff,André Hoffmann,Hannover 96
1765508,73,Leonardo Bittencourt,Manuel Schmiedebach,Hannover 96
1765515,61,Philipp Bargfrede,Cédric Makiadi,Werder Bremen
1765515,61,Mehmet Ekici,Franco Di Santo,Werder Bremen
1765515,71,Özkan Yildirim,Aaron Hunt,Werder Bremen
1765515,61,Dante,Jérôme Boateng,Bayern München
1765515,70,Jan Kirchhoff,Toni Kroos,Bayern München
1765515,76,Claudio Pizarro,Thiago,Bayern München
1765525,60,Ivo Iličević,Tomás Rincón,Hamburger SV
1765525,79,Artjoms Rudņevs,Maximilian Beister,Hamburger SV
1765525,76,Raphael Holzhauser,Halil Altintop,FC Augsburg
1765525,86,Sascha Mölders,Raúl Bobadilla,FC Augsburg
1765525,90,Marcel de Jong,Tobias Werner,FC Augsburg
1765542,67,Jan Rosenthal,Takashi Inui,Eintracht Frankfurt
1765542,85,Srđan Lakić,Sebastian Rode,Eintracht Frankfurt
1765542,88,Stephan Schröck,Václav Kadlec,Eintracht Frankfurt
1765542,69,Anthony Modeste,Sven Schipplock,1899 Hoffenheim
1765542,73,Fabian Johnson,Kai Herdling,1899 Hoffenheim
1765542,79,Sejad Salihović,Kevin Volland,1899 Hoffenheim
1765496,63,Marco Reus,Sven Bender,Borussia Dortmund
1765496,67,Jonas Hofmann,Jakub Błaszczykowski,Borussia Dortmund
1765496,82,Łukasz Piszczek,Nuri Şahin,Borussia Dortmund
1765496,78,Robbie Kruse,Jens Hegeler,Bayer Leverkusen
1765496,82,Philipp Wollscheid,Heung-min Son,Bayer Leverkusen
1765496,89,Dominik Kohr,Gonzalo Castro,Bayer Leverkusen
1765520,22,Pavel Krmaš,Fallou Diagné,SC Freiburg
1765520,48,Sebastian Kerk,Francis Coquelin,SC Freiburg
1765520,73,Mike Hanke,Gelson Fernandes,SC Freiburg
1765520,73,Timm Klose,Luiz Gustavo,VfL Wolfsburg
1765520,85,Marcel Schäfer,Ivica Olić,VfL Wolfsburg
1765520,86,Willi Evseev,Maximilian Arnold,VfL Wolfsburg
1765539,46,Marcel Correia,Ermin Bičakčić,Eintracht Braunschweig
1765539,68,Domi Kumbela,Kevin Kratz,Eintracht Braunschweig
1765539,88,Marc Pfitzner,Deniz Doğan,Eintracht Braunschweig
1765539,75,Sandro Wagner,Nico Schulz,Hertha BSC
1765539,88,Peter Niemeyer,Hajime Hosogai,Hertha BSC
1765539,90,Hany Mukhtar,Ronny,Hertha BSC
1765472,38,Peter Niemeyer,John Anthony Brooks,Hertha BSC
1765472,75,Sandro Wagner,Adrián Ramos,Hertha BSC
1765472,81,Levan Kobiashvili,Per Skjelbred,Hertha BSC
1765472,71,Mehmet Ekici,Cédric Makiadi,Werder Bremen
1765434,64,Franck Ribéry,Mario Götze,Bayern München
1765434,78,Xherdan Shaqiri,Thomas Müller,Bayern München
1765434,82,Pierre-Emile Højbjerg,Toni Kroos,Bayern München
1765434,75,Petr Jiráček,Hakan Çalhanoğlu,Hamburger SV
1765434,85,Zhi Gin Lam,Jacques Zoua,Hamburger SV
1765450,46,Leonardo Bittencourt,Manuel Schmiedebach,Hannover 96
1765450,74,Valmir Sulejmani,Artur Sobiech,Hannover 96
1765450,81,Christian Pander,Edgar Prib,Hannover 96
1765450,72,Markus Feulner,Josip Drmić,1. FC Nürnberg
1765450,76,Tomáš Pekhart,Daniel Ginczek,1. FC Nürnberg
1765450,89,Róbert Mak,Mike Frantz,1. FC Nürnberg
1765458,68,Sejad Salihović,Sven Schipplock,1899 Hoffenheim
1765458,71,Fabian Johnson,Kai Herdling,1899 Hoffenheim
1765458,90,Tobias Strobl,Sebastian Rudy,1899 Hoffenheim
1765458,66,Jonas Hofmann,Pierre-Emerick Aubameyang,Borussia Dortmund
1765458,66,Henrikh Mkhitaryan,Jakub Błaszczykowski,Borussia Dortmund
1765458,88,Julian Schieber,Marco Reus,Borussia Dortmund
1765462,46,Benedikt Saller,Elkin Soto,1. FSV Mainz 05
1765462,75,Shawn Parker,Eric Maxim Choupo-Moting,1. FSV Mainz 05
1765462,83,Júnior Díaz,Yunus Mallı,1. FSV Mainz 05
1765462,88,Branimir Hrgota,Juan Arango,Bor. Mönchengladbach
1765462,88,Luuk de Jong,Raffael,Bor. Mönchengladbach
1765462,89,Håvard Nordtveit,Patrick Herrmann,Bor. Mönchengladbach
1765466,66,Marcel de Jong,Tobias Werner,FC Augsburg
1765466,71,Arkadiusz Milik,Raúl Bobadilla,FC Augsburg
1765466,86,Jeong-ho Hong,Halil Altintop,FC Augsburg
1765466,20,Dennis Kruppke,Karim Bellarabi,Eintracht Braunschweig
1765466,46,Domi Kumbela,Mirko Boland,Eintracht Braunschweig
1765466,64,Gianluca Korte,Kevin Kratz,Eintracht Braunschweig
1765454,72,Ivan Perišić,Diego,VfL Wolfsburg
1765454,79,Bas Dost,Ivica Olić,VfL Wolfsburg
1765454,81,Ja-cheol Koo,Maximilian Arnold,VfL Wolfsburg
1765454,70,Sercan Sararer,Ibrahima Traoré,VfB Stuttgart
1765454,83,Mohammed Abdellaoue,Vedad Ibišević,VfB Stuttgart
1765454,90,Alexandru Maxim,Sercan Sararer,VfB Stuttgart
1765443,58,Jermaine Jones,Christian Fuchs,FC Schalke 04
1765443,82,Leon Goretzka,Max Meyer,FC Schalke 04
1765443,88,Kyriakos Papadopoulos,Jefferson Farfán,FC Schalke 04
1765443,62,Felix Klaus,Gelson Fernandes,SC Freiburg
1765443,62,Tim Albutat,Nicolas Höfler,SC Freiburg
1765443,72,Mike Hanke,Admir Mehmedi,SC Freiburg
1765447,67,Jens Hegeler,Lars Bender,Bayer Leverkusen
1765447,67,Eren Derdiyok,Robbie Kruse,Bayer Leverkusen
1765447,84,Levin Öztunali,Giulio Donati,Bayer Leverkusen
1765447,76,Tranquillo Barnetta,Marco Russ,Eintracht Frankfurt
1765447,87,Marvin Bakalorz,Stephan Schröck,Eintracht Frankfurt
1765513,62,Alexander Meier,Johannes Flum,Eintracht Frankfurt
1765513,88,Marvin Bakalorz,Joselu,Eintracht Frankfurt
1765513,81,Arkadiusz Milik,Raúl Bobadilla,FC Augsburg
1765513,90,Marcel de Jong,Tobias Werner,FC Augsburg
1765483,46,Łukasz Piszczek,Marian Sarr,Borussia Dortmund
1765483,56,Jonas Hofmann,Jakub Błaszczykowski,Borussia Dortmund
1765483,77,Julian Schieber,Sebastian Kehl,Borussia Dortmund
1765483,69,Peter Niemeyer,Per Skjelbred,Hertha BSC
1765483,78,Sandro Wagner,Adrián Ramos,Hertha BSC
1765483,90,Christoph Janker,Tolga Ciğerci,Hertha BSC
1765493,71,Aleksandar Ignjovski,Franco Di Santo,Werder Bremen
1765493,85,Assani Lukimya,Aaron Hunt,Werder Bremen
1765493,90,Tom Trybull,Eljero Elia,Werder Bremen
1765493,66,Jens Hegeler,Heung-min Son,Bayer Leverkusen
1765493,78,Levin Öztunali,Ömer Toprak,Bayer Leverkusen
1765493,78,Eren Derdiyok,Robbie Kruse,Bayer Leverkusen
1765502,46,Julian Schuster,Pavel Krmaš,SC Freiburg
1765502,79,Karim Guédé,Václav Pilař,SC Freiburg
1765502,88,Mike Hanke,Admir Mehmedi,SC Freiburg
1765502,46,Manuel Schmiedebach,Leon Andreasen,Hannover 96
1765502,46,Artur Sobiech,Valmir Sulejmani,Hannover 96
1765502,81,Jan Schlaudraff,Steven Cherundolo,Hannover 96
1765506,59,Petr Jiráček,Tolgay Arslan,Hamburger SV
1765506,59,Jacques Zoua,Maximilian Beister,Hamburger SV
1765506,84,Zhi Gin Lam,Hakan Çalhanoğlu,Hamburger SV
1765506,65,Júnior Díaz,Elkin Soto,1. FSV Mainz 05
1765506,77,Eric Maxim Choupo-Moting,Yunus Mallı,1. FSV Mainz 05
1765506,84,Benedikt Saller,Christoph Moritz,1. FSV Mainz 05
1765510,69,Domi Kumbela,Orhan Ademi,Eintracht Braunschweig
1765510,77,Damir Vrančić,Marc Pfitzner,Eintracht Braunschweig
1765510,90,Jan Washausen,Benjamin Kessel,Eintracht Braunschweig
1765510,22,Sejad Salihović,Jeremy Toljan,1899 Hoffenheim
1765510,60,Kai Herdling,Sven Schipplock,1899 Hoffenheim
1765510,78,Anthony Modeste,Sebastian Rudy,1899 Hoffenheim
1765499,85,Róbert Mak,Josip Drmić,1. FC Nürnberg
1765499,86,Tomáš Pekhart,Daniel Ginczek,1. FC Nürnberg
1765499,31,Leon Goretzka,Christian Fuchs,FC Schalke 04
1765499,70,Chinedu Obasi,Ádám Szalai,FC Schalke 04
1765499,90,Kyriakos Papadopoulos,Max Meyer,FC Schalke 04
1765488,87,Branimir Hrgota,Patrick Herrmann,Bor. Mönchengladbach
1765488,90,Luuk de Jong,Raffael,Bor. Mönchengladbach
1765488,71,Ivan Perišić,Slobodan Medojević,VfL Wolfsburg
1765488,79,Bas Dost,Ivica Olić,VfL Wolfsburg
1765488,87,Ja-cheol Koo,Daniel Caligiuri,VfL Wolfsburg
1765490,65,Arthur Boka,Gōtoku Sakai,VfB Stuttgart
1765490,86,Ibrahima Traoré,Timo Werner,VfB Stuttgart
1765490,90,Sercan Sararer,Mohammed Abdellaoue,VfB Stuttgart
1765490,59,Mario Mandžukić,Xherdan Shaqiri,Bayern München
1765490,60,Claudio Pizarro,Toni Kroos,Bayern München
1765490,88,Diego Contento,Mario Götze,Bayern München
1764955,75,Branimir Hrgota,Patrick Herrmann,Bor. Mönchengladbach
1764955,79,Arjen Robben,Xherdan Shaqiri,Bayern München
1764955,81,Claudio Pizarro,Mario Götze,Bayern München
1764955,87,Pierre-Emile Højbjerg,Toni Kroos,Bayern München
1764967,46,Felix Klaus,Václav Pilař,SC Freiburg
1764967,90,Mike Hanke,Admir Mehmedi,SC Freiburg
1764967,90,Julian Schuster,Vladimír Darida,SC Freiburg
1764967,71,Eren Derdiyok,Stefan Kießling,Bayer Leverkusen
1764967,83,Seung-woo Ryu,Heung-min Son,Bayer Leverkusen
1764969,61,Ivan Perišić,Christian Träsch,VfL Wolfsburg
1764969,69,Bas Dost,Ivica Olić,VfL Wolfsburg
1764969,83,Leon Andreasen,Szabolcs Huszti,Hannover 96
1764969,89,Edgar Prib,Leonardo Bittencourt,Hannover 96
1764969,90,Jan Schlaudraff,Artjoms Rudņevs,Hannover 96
1764971,55,Ondřej Petrák,Per Nilsson,1. FC Nürnberg
1764971,78,Tomáš Pekhart,Daniel Ginczek,1. FC Nürnberg
1764971,80,Timo Gebhart,Hiroshi Kiyotake,1. FC Nürnberg
1764971,46,Jeremy Toljan,Fabian Johnson,1899 Hoffenheim
1764971,54,Kevin Volland,Tarik Elyounoussi,1899 Hoffenheim
1764971,66,Anthony Modeste,Eugen Polanski,1899 Hoffenheim
1764973,64,Ibrahima Traoré,Martin Harnik,VfB Stuttgart
1764973,64,Timo Werner,Alexandru Maxim,VfB Stuttgart
1764973,59,Ja-cheol Koo,Yunus Mallı,1. FSV Mainz 05
1764973,59,Júnior Díaz,Elkin Soto,1. FSV Mainz 05
1764973,83,Benedikt Saller,Christoph Moritz,1. FSV Mainz 05
1764975,6,Pierre-Emerick Aubameyang,Jakub Błaszczykowski,Borussia Dortmund
1764975,84,Julian Schieber,Henrikh Mkhitaryan,Borussia Dortmund
1764975,35,Arkadiusz Milik,Halil Altintop,FC Augsburg
1764975,70,Dong-won Ji,Raúl Bobadilla,FC Augsburg
1764975,88,Jeong-ho Hong,Arkadiusz Milik,FC Augsburg
1764979,56,Stephan Schröck,Takashi Inui,Eintracht Frankfurt
1764979,74,Joselu,Stefan Aigner,Eintracht Frankfurt
1764979,85,Alexander Madlung,Jan Rosenthal,Eintracht Frankfurt
1764979,56,Ronny,Nico Schulz,Hertha BSC
1764979,73,Levan Kobiashvili,Hajime Hosogai,Hertha BSC
1764979,78,Sandro Wagner,Per Skjelbred,Hertha BSC
1764977,82,Özkan Yildirim,Zlatko Junuzović,Werder Bremen
1764977,77,Karim Bellarabi,Marc Pfitzner,Eintracht Braunschweig
1764964,24,Ola John,Pierre-Michel Lasogga,Hamburger SV
1764964,31,Dennis Diekmeier,Zhi Gin Lam,Hamburger SV
1764964,65,Jacques Zoua,Ivo Iličević,Hamburger SV
1764964,73,Ádám Szalai,Klaas Jan Huntelaar,FC Schalke 04
1764964,76,Leon Goretzka,Christian Fuchs,FC Schalke 04
1764964,81,Tim Hoogland,Atsuto Uchida,FC Schalke 04
1764981,67,Karim Bellarabi,Orhan Ademi,Eintracht Braunschweig
1764981,73,Domi Kumbela,Omar Elabdellaoui,Eintracht Braunschweig
1764981,78,Marc Pfitzner,Mirko Boland,Eintracht Braunschweig
1764981,84,Łukasz Piszczek,Kevin Großkreutz,Borussia Dortmund
1764981,90,Sebastian Kehl,Sven Bender,Borussia Dortmund
1764981,90,Marvin Ducksch,Henrikh Mkhitaryan,Borussia Dortmund
1764985,46,Sidney Sam,Stefan Reinartz,Bayer Leverkusen
1764985,75,Eren Derdiyok,Heung-min Son,Bayer Leverkusen
1764985,90,Philipp Wollscheid,Stefan Kießling,Bayer Leverkusen
1764985,62,Alexandru Maxim,Martin Harnik,VfB Stuttgart
1764985,79,Ibrahima Traoré,Timo Werner,VfB Stuttgart
1764985,89,Cacau,Rani Khedira,VfB Stuttgart
1764987,60,Leon Goretzka,Chinedu Obasi,FC Schalke 04
1764987,84,Tim Hoogland,Sead Kolašinac,FC Schalke 04
1764987,87,Kaan Ayhan,Kevin-Prince Boateng,FC Schalke 04
1764987,59,Bas Dost,Ivica Olić,VfL Wolfsburg
1764987,87,Willi Evseev,Robin Knoche,VfL Wolfsburg
1764987,89,Christian Träsch,Maximilian Arnold,VfL Wolfsburg
1764989,69,Dong-won Ji,Arkadiusz Milik,FC Augsburg
1764989,78,Alexander Esswein,Tobias Werner,FC Augsburg
1764989,87,Dominik Kohr,Halil Altintop,FC Augsburg
1764989,46,Lukas Schmitz,Nils Petersen,Werder Bremen
1764989,46,Philipp Bargfrede,Felix Kroos,Werder Bremen
1764989,69,Martin Kobylański,Franco Di Santo,Werder Bremen
1765001,58,Ja-cheol Koo,Yunus Mallı,1. FSV Mainz 05
1765001,75,Julian Koch,Christoph Moritz,1. FSV Mainz 05
1765001,90,Niko Bungert,Júnior Díaz,1. FSV Mainz 05
1765001,46,Francis Coquelin,Julian Schuster,SC Freiburg
1765001,46,Felix Klaus,Václav Pilař,SC Freiburg
1765001,71,Mike Hanke,Gelson Fernandes,SC Freiburg
1765007,86,Jiloan Hamad,Sejad Salihović,1899 Hoffenheim
1765007,87,Tarik Elyounoussi,Kai Herdling,1899 Hoffenheim
1765007,90,Jannik Vestergaard,Sebastian Rudy,1899 Hoffenheim
1765007,58,Ivo Iličević,Ola John,Hamburger SV
1765007,73,Tolgay Arslan,Ouasim Bouy,Hamburger SV
1764983,87,Leon Andreasen,Szabolcs Huszti,Hannover 96
1764983,89,Jan Schlaudraff,Artjoms Rudņevs,Hannover 96
1764983,90,Sébastien Pocognoli,Leonardo Bittencourt,Hannover 96
1764983,64,Branimir Hrgota,Juan Arango,Bor. Mönchengladbach
1764983,74,Amin Younes,Patrick Herrmann,Bor. Mönchengladbach
1764983,81,Peniel Mlapa,Granit Xhaka,Bor. Mönchengladbach
1764993,23,Peter Pekarík,Johannes van den Bergh,Hertha BSC
1764993,71,Hany Mukhtar,Nico Schulz,Hertha BSC
1764993,77,Sandro Wagner,Hajime Hosogai,Hertha BSC
1764993,82,Timo Gebhart,Hiroshi Kiyotake,1. FC Nürnberg
1765011,65,Arjen Robben,Xherdan Shaqiri,Bayern München
1765011,74,Claudio Pizarro,Mario Götze,Bayern München
1765011,75,Diego Contento,David Alaba,Bayern München
1765011,62,Stefan Aigner,Tranquillo Barnetta,Eintracht Frankfurt
1765011,65,Tobias Weis,Pirmin Schwegler,Eintracht Frankfurt
1765011,77,Felix Wiedwald,Kevin Trapp,Eintracht Frankfurt
1765003,67,Branimir Hrgota,Patrick Herrmann,Bor. Mönchengladbach
1765003,83,Amin Younes,Granit Xhaka,Bor. Mönchengladbach
1765003,83,Peniel Mlapa,Juan Arango,Bor. Mönchengladbach
1765003,69,Eren Derdiyok,Sidney Sam,Bayer Leverkusen
1765003,81,Jens Hegeler,Heung-min Son,Bayer Leverkusen
1765003,90,Philipp Wollscheid,Stefan Kießling,Bayer Leverkusen
1764991,55,Nils Petersen,Franco Di Santo,Werder Bremen
1764991,55,Martin Kobylański,Eljero Elia,Werder Bremen
1764991,79,Levent Ayçiçek,Aaron Hunt,Werder Bremen
1764991,65,Sebastian Kehl,Sven Bender,Borussia Dortmund
1764991,65,Kevin Großkreutz,Marco Reus,Borussia Dortmund
1764991,77,Jonas Hofmann,Pierre-Emerick Aubameyang,Borussia Dortmund
1764997,10,Martin Angha,Timothy Chandler,1. FC Nürnberg
1764997,22,Tomáš Pekhart,Daniel Ginczek,1. FC Nürnberg
1764997,76,Timo Gebhart,Adam Hloušek,1. FC Nürnberg
1764997,72,Javi Martínez,Thomas Müller,Bayern München
1764997,80,Xherdan Shaqiri,Arjen Robben,Bayern München
1764997,86,Claudio Pizarro,Mario Mandžukić,Bayern München
1765021,84,Mike Hanke,Vladimír Darida,SC Freiburg
1765021,74,Anthony Modeste,Kai Herdling,1899 Hoffenheim
1765021,74,Sven Schipplock,Sebastian Rudy,1899 Hoffenheim
1765021,76,Jannik Vestergaard,David Abraham,1899 Hoffenheim
1765025,63,Ivica Olić,Ivan Perišić,VfL Wolfsburg
1765025,78,Marcel Schäfer,Bas Dost,VfL Wolfsburg
1765025,82,Junior Malanda,Christian Träsch,VfL Wolfsburg
1765025,6,Júnior Díaz,Christoph Moritz,1. FSV Mainz 05
1765025,71,Nicolai Müller,Julian Koch,1. FSV Mainz 05
1765025,71,Shawn Parker,Ja-cheol Koo,1. FSV Mainz 05
1765031,33,Alexander Madlung,Pirmin Schwegler,Eintracht Frankfurt
1765031,46,Tranquillo Barnetta,Johannes Flum,Eintracht Frankfurt
1765031,82,Joselu,Václav Kadlec,Eintracht Frankfurt
1765031,46,Domi Kumbela,Omar Elabdellaoui,Eintracht Braunschweig
1765031,72,Mirko Boland,Jan Hochscheidt,Eintracht Braunschweig
1765031,86,Marcel Correia,Kevin Kratz,Eintracht Braunschweig
1765045,46,Tolgay Arslan,Ouasim Bouy,Hamburger SV
1765045,61,Ivo Iličević,Hakan Çalhanoğlu,Hamburger SV
1765045,69,Peter Niemeyer,Per Skjelbred,Hertha BSC
1765045,81,Ronny,Tolga Ciğerci,Hertha BSC
1765045,86,Sandro Wagner,Adrián Ramos,Hertha BSC
1765029,63,Cacau,Alexandru Maxim,VfB Stuttgart
1765029,75,Robin Yalcin,Timo Werner,VfB Stuttgart
1765029,90,Arthur Boka,Konstantin Rausch,VfB Stuttgart
1765029,66,Dong-won Ji,Arkadiusz Milik,FC Augsburg
1765029,77,Alexander Esswein,André Hahn,FC Augsburg
1765029,84,Jeong-ho Hong,Jan-Ingwer Callsen-Bracker,FC Augsburg
1765015,32,Kaan Ayhan,Roman Neustädter,FC Schalke 04
1765015,80,Ádám Szalai,Klaas Jan Huntelaar,FC Schalke 04
1765015,84,Leon Goretzka,Chinedu Obasi,FC Schalke 04
1765015,65,Edgar Prib,Leonardo Bittencourt,Hannover 96
1765015,73,Jan Schlaudraff,Szabolcs Huszti,Hannover 96
1765049,46,Eric Maxim Choupo-Moting,Joo-ho Park,1. FSV Mainz 05
1765049,60,Ja-cheol Koo,Yunus Mallı,1. FSV Mainz 05
1765049,78,Niki Zimling,Benedikt Saller,1. FSV Mainz 05
1765049,61,Edgar Prib,Leonardo Bittencourt,Hannover 96
1765049,75,Jan Schlaudraff,Christian Schulz,Hannover 96
1765037,27,Felix Kroos,Assani Lukimya,Werder Bremen
1765037,69,Martin Kobylański,Nils Petersen,Werder Bremen
1765037,76,Eljero Elia,Cédric Makiadi,Werder Bremen
1765037,46,Domínguez,Tony Jantschke,Bor. Mönchengladbach
1765037,75,Filip Daems,Oscar Wendt,Bor. Mönchengladbach
1765037,89,Lukas Rupp,Branimir Hrgota,Bor. Mönchengladbach
1765043,62,Tobias Strobl,Kai Herdling,1899 Hoffenheim
1765043,73,Anthony Modeste,Sven Schipplock,1899 Hoffenheim
1765043,86,Jiloan Hamad,Sejad Salihović,1899 Hoffenheim
1765043,58,Cacau,Martin Harnik,VfB Stuttgart
1765043,65,Alexandru Maxim,Rani Khedira,VfB Stuttgart
1765043,84,Robin Yalcin,Timo Werner,VfB Stuttgart
1765069,61,Bastian Schweinsteiger,Xherdan Shaqiri,Bayern München
1765069,64,Mario Götze,Philipp Lahm,Bayern München
1765069,78,Daniel Van Buyten,Arjen Robben,Bayern München
1765069,62,Sebastian Kerk,Felix Klaus,SC Freiburg
1765069,69,Julian Schuster,Matthias Ginter,SC Freiburg
1765069,81,Karim Guédé,Admir Mehmedi,SC Freiburg
1765073,26,Marc Pfitzner,Omar Elabdellaoui,Eintracht Braunschweig
1765073,46,Domi Kumbela,Norman Theuerkauf,Eintracht Braunschweig
1765073,90,Deniz Doğan,Håvard Nielsen,Eintracht Braunschweig
1765073,52,Tolgay Arslan,Rafael van der Vaart,Hamburger SV
1765073,63,Hakan Çalhanoğlu,Tomás Rincón,Hamburger SV
1765073,84,Jacques Zoua,Ola John,Hamburger SV
1765077,68,Miloš Jojić,Henrikh Mkhitaryan,Borussia Dortmund
1765077,70,Jonas Hofmann,Pierre-Emerick Aubameyang,Borussia Dortmund
1765077,81,Julian Schieber,Robert Lewandowski,Borussia Dortmund
1765077,33,Marc Oliver Kempf,Bamba Anderson,Eintracht Frankfurt
1765077,54,Stephan Schröck,Tobias Weis,Eintracht Frankfurt
1765077,73,Bastian Oczipka,Constant Djakpa,Eintracht Frankfurt
1765035,59,Ömer Toprak,Emir Spahić,Bayer Leverkusen
1765035,82,Julian Brandt,Heung-min Son,Bayer Leverkusen
1765035,87,Jens Hegeler,Lars Bender,Bayer Leverkusen
1765035,79,Christian Fuchs,Leon Goretzka,FC Schalke 04
1765035,84,Kaan Ayhan,Max Meyer,FC Schalke 04
1765035,88,Kyriakos Papadopoulos,Tim Hoogland,FC Schalke 04
1765061,60,Dong-won Ji,Arkadiusz Milik,FC Augsburg
1765061,67,Jan Morávek,Kevin Vogt,FC Augsburg
1765061,82,Erik Thommy,Tobias Werner,FC Augsburg
1765061,46,Campaña,Hiroshi Kiyotake,1. FC Nürnberg
1765061,55,Timo Gebhart,Róbert Mak,1. FC Nürnberg
1765061,81,Tomáš Pekhart,Timo Gebhart,1. FC Nürnberg
1765057,74,Änis Ben-Hatira,Sami Allagui,Hertha BSC
1765057,81,Ronny,Per Skjelbred,Hertha BSC
1765057,86,Hany Mukhtar,Tolga Ciğerci,Hertha BSC
1765057,70,Daniel Caligiuri,Ivan Perišić,VfL Wolfsburg
1765057,88,Marcel Schäfer,Kevin De Bruyne,VfL Wolfsburg
1765057,90,Stefan Kutschke,Bas Dost,VfL Wolfsburg
1765113,65,Julian Draxler,Max Meyer,FC Schalke 04
1765113,81,Chinedu Obasi,Leon Goretzka,FC Schalke 04
1765113,88,Ádám Szalai,Klaas Jan Huntelaar,FC Schalke 04
1765113,74,Shawn Parker,Shinji Okazaki,1. FSV Mainz 05
1765113,74,Eric Maxim Choupo-Moting,Ja-cheol Koo,1. FSV Mainz 05
1765113,83,Benedikt Saller,Nicolai Müller,1. FSV Mainz 05
1765079,86,Jacques Zoua,Pierre-Michel Lasogga,Hamburger SV
1765079,46,Marco Reus,Sven Bender,Borussia Dortmund
1765079,67,Marvin Ducksch,Robert Lewandowski,Borussia Dortmund
1765079,75,Jonas Hofmann,Kevin Großkreutz,Borussia Dortmund
1765105,82,Håvard Nordtveit,Raffael,Bor. Mönchengladbach
1765105,86,Amin Younes,Branimir Hrgota,Bor. Mönchengladbach
1765105,89,Peniel Mlapa,Granit Xhaka,Bor. Mönchengladbach
1765105,46,Jiloan Hamad,Kai Herdling,1899 Hoffenheim
1765105,76,Anthony Modeste,Sven Schipplock,1899 Hoffenheim
1765105,76,Jannik Vestergaard,Tobias Strobl,1899 Hoffenheim
1765121,80,Francis Coquelin,Felix Klaus,SC Freiburg
1765121,87,Philipp Zulechner,Vladimír Darida,SC Freiburg
1765121,87,Julian Schuster,Gelson Fernandes,SC Freiburg
1765121,60,Jeong-ho Hong,Jan-Ingwer Callsen-Bracker,FC Augsburg
1765121,67,Alexander Esswein,Dong-won Ji,FC Augsburg
1765121,90,Jan Morávek,Halil Altintop,FC Augsburg
1765127,34,Ondřej Petrák,Timo Gebhart,1. FC Nürnberg
1765127,46,Tomáš Pekhart,Adam Hloušek,1. FC Nürnberg
1765127,69,Emanuel Pogatetz,Hiroshi Kiyotake,1. FC Nürnberg
1765127,78,Damir Vrančić,Marc Pfitzner,Eintracht Braunschweig
1765127,78,Orhan Ademi,Håvard Nielsen,Eintracht Braunschweig
1765131,67,Cacau,Mohammed Abdellaoue,VfB Stuttgart
1765131,76,Robin Yalcin,Rani Khedira,VfB Stuttgart
1765131,90,Karim Haggui,Daniel Schwaab,VfB Stuttgart
1765131,80,Sandro Wagner,Nico Schulz,Hertha BSC
1765131,85,John Anthony Brooks,Marcel Ndjeng,Hertha BSC
1765131,90,Peter Niemeyer,Adrián Ramos,Hertha BSC
1765093,51,Ivica Olić,Bas Dost,VfL Wolfsburg
1765093,63,Daniel Caligiuri,Ivan Perišić,VfL Wolfsburg
1765093,82,Marcel Schäfer,Kevin De Bruyne,VfL Wolfsburg
1765093,62,Heung-min Son,Jens Hegeler,Bayer Leverkusen
1765093,74,Julian Brandt,Roberto Hilbert,Bayer Leverkusen
1765093,78,Giulio Donati,Sidney Sam,Bayer Leverkusen
1765099,46,Stefan Aigner,Alexander Madlung,Eintracht Frankfurt
1765099,64,Takashi Inui,Johannes Flum,Eintracht Frankfurt
1765099,36,Santiago García,Nils Petersen,Werder Bremen
1765099,80,Theodor Gebre Selassie,Ludovic Obraniak,Werder Bremen
1765099,86,Eljero Elia,Franco Di Santo,Werder Bremen
1765085,37,Edgar Prib,Leonardo Bittencourt,Hannover 96
1765085,68,Leon Andreasen,Lars Stindl,Hannover 96
1765085,78,Artur Sobiech,Mame Diouf,Hannover 96
1765085,62,Arjen Robben,Thomas Müller,Bayern München
1765085,67,Toni Kroos,Mario Götze,Bayern München
1765085,72,Claudio Pizarro,Bastian Schweinsteiger,Bayern München
1765139,60,Per Skjelbred,Marcel Ndjeng,Hertha BSC
1765139,66,Peter Niemeyer,Tolga Ciğerci,Hertha BSC
1765139,78,Ronny,Änis Ben-Hatira,Hertha BSC
1765139,76,Philipp Zulechner,Karim Guédé,SC Freiburg
1765139,80,Felix Klaus,Vladimír Darida,SC Freiburg
1765139,84,Sebastian Kerk,Jonathan Schmid,SC Freiburg
1765119,75,Orhan Ademi,Håvard Nielsen,Eintracht Braunschweig
1765119,80,Norman Theuerkauf,Marc Pfitzner,Eintracht Braunschweig
1765119,87,Omar Elabdellaoui,Domi Kumbela,Eintracht Braunschweig
1765119,63,Christoph Kramer,Granit Xhaka,Bor. Mönchengladbach
1765119,71,Lukas Rupp,Branimir Hrgota,Bor. Mönchengladbach
1765119,77,Peniel Mlapa,Patrick Herrmann,Bor. Mönchengladbach
1765129,24,Jan Morávek,Paul Verhaegh,FC Augsburg
1765129,63,Arkadiusz Milik,Dong-won Ji,FC Augsburg
1765129,78,Alexander Esswein,Halil Altintop,FC Augsburg
1765129,68,Edgar Prib,Lars Stindl,Hannover 96
1765129,75,Leonardo Bittencourt,Artjoms Rudņevs,Hannover 96
1765129,90,André Hoffmann,Mame Diouf,Hannover 96
1765135,36,Manuel Friedrich,Sokratis Papastathopoulos,Borussia Dortmund
1765135,71,Jonas Hofmann,Pierre-Emerick Aubameyang,Borussia Dortmund
1765135,85,Miloš Jojić,Henrikh Mkhitaryan,Borussia Dortmund
1765135,36,Emanuel Pogatetz,Javier Pinola,1. FC Nürnberg
1765135,61,Campaña,Markus Feulner,1. FC Nürnberg
1765135,78,Niklas Stark,Mike Frantz,1. FC Nürnberg
1765145,46,Julian Brandt,Sidney Sam,Bayer Leverkusen
1765145,60,Stefan Kießling,Stefan Reinartz,Bayer Leverkusen
1765145,76,Levin Öztunali,Roberto Hilbert,Bayer Leverkusen
1765145,65,Sebastian Polter,Eric Maxim Choupo-Moting,1. FSV Mainz 05
1765145,71,Benedikt Saller,Ja-cheol Koo,1. FSV Mainz 05
1765145,90,Elkin Soto,Joo-ho Park,1. FSV Mainz 05
1765149,57,Theodor Gebre Selassie,Franco Di Santo,Werder Bremen
1765149,66,Cédric Makiadi,Aaron Hunt,Werder Bremen
1765149,79,Eljero Elia,Philipp Bargfrede,Werder Bremen
1765149,46,Rafael van der Vaart,Tomás Rincón,Hamburger SV
1765149,68,Lasse Sobiech,Slobodan Rajković,Hamburger SV
1765149,79,Jacques Zoua,Petr Jiráček,Hamburger SV
1765117,70,Claudio Pizarro,Mario Götze,Bayern München
1765117,77,Pierre-Emile Højbjerg,Bastian Schweinsteiger,Bayern München
1765117,84,Diego Contento,Arjen Robben,Bayern München
1765117,28,Christian Fuchs,Leon Goretzka,FC Schalke 04
1765117,78,Tim Hoogland,Julian Draxler,FC Schalke 04
1765133,73,Sven Schipplock,Anthony Modeste,1899 Hoffenheim
1765133,87,Jeremy Toljan,Fabian Johnson,1899 Hoffenheim
1765133,88,Kenan Karaman,Roberto Firmino,1899 Hoffenheim
1765133,46,Daniel Caligiuri,Slobodan Medojević,VfL Wolfsburg
1765133,80,Ivica Olić,Robin Knoche,VfL Wolfsburg
1765133,84,Patrick Ochs,Ivan Perišić,VfL Wolfsburg
1765125,46,Jan Rosenthal,Joselu,Eintracht Frankfurt
1765125,65,Constant Djakpa,Bastian Oczipka,Eintracht Frankfurt
1765125,90,Tobias Weis,Johannes Flum,Eintracht Frankfurt
1765125,81,Rani Khedira,Alexandru Maxim,VfB Stuttgart
1765125,85,Timo Werner,Cacau,VfB Stuttgart
1765125,90,Ibrahima Traoré,Arthur Boka,VfB Stuttgart
1765166,79,Jan Polák,Maximilian Arnold,VfL Wolfsburg
1765166,80,Marcel Schäfer,Daniel Caligiuri,VfL Wolfsburg
1765166,85,Junior Malanda,Kevin De Bruyne,VfL Wolfsburg
1765166,56,Thiago,Xherdan Shaqiri,Bayern München
1765166,57,Mario Mandžukić,Toni Kroos,Bayern München
1765166,67,Javi Martínez,Philipp Lahm,Bayern München
1765172,15,Edgar Prib,Mame Diouf,Hannover 96
1765172,82,Salif Sané,Leon Andreasen,Hannover 96
1765172,87,Didier Ya Konan,Leonardo Bittencourt,Hannover 96
1765172,24,Sidney Sam,Jens Hegeler,Bayer Leverkusen
1765172,69,Julian Brandt,Heung-min Son,Bayer Leverkusen
1765172,79,Eren Derdiyok,Stefan Kießling,Bayer Leverkusen
1765183,70,Christian Fuchs,Chinedu Obasi,FC Schalke 04
1765183,80,Max Meyer,Julian Draxler,FC Schalke 04
1765183,80,Ádám Szalai,Klaas Jan Huntelaar,FC Schalke 04
1765183,46,Jannik Vestergaard,Kai Herdling,1899 Hoffenheim
1765183,46,Sejad Salihović,Tobias Strobl,1899 Hoffenheim
1765183,64,Sven Schipplock,Anthony Modeste,1899 Hoffenheim
1765188,70,Branimir Hrgota,Patrick Herrmann,Bor. Mönchengladbach
1765188,74,Peniel Mlapa,Max Kruse,Bor. Mönchengladbach
1765188,84,Amin Younes,Håvard Nordtveit,Bor. Mönchengladbach
1765188,65,Jeong-ho Hong,Jan-Ingwer Callsen-Bracker,FC Augsburg
1765188,74,Dong-won Ji,Raúl Bobadilla,FC Augsburg
1765188,86,Dominik Kohr,Halil Altintop,FC Augsburg
1765193,73,Rani Khedira,Alexandru Maxim,VfB Stuttgart
1765193,81,Ibrahima Traoré,Arthur Boka,VfB Stuttgart
1765193,87,Timo Werner,Cacau,VfB Stuttgart
1765193,67,Orhan Ademi,Håvard Nielsen,Eintracht Braunschweig
1765193,68,Timo Perthel,Marc Pfitzner,Eintracht Braunschweig
1765193,78,Damir Vrančić,Ken Reichel,Eintracht Braunschweig
1765198,62,Robert Tesche,Tomás Rincón,Hamburger SV
1765198,69,Jan Rosenthal,Alexander Meier,Eintracht Frankfurt
1765198,76,Tobias Weis,Tranquillo Barnetta,Eintracht Frankfurt
1765198,83,Václav Kadlec,Stefan Aigner,Eintracht Frankfurt
1765178,46,Patrick Rakovsky,Raphael Schäfer,1. FC Nürnberg
1765178,63,Tomáš Pekhart,Róbert Mak,1. FC Nürnberg
1765178,76,Antonio Čolak,Campaña,1. FC Nürnberg
1765178,60,Cédric Makiadi,Nils Petersen,Werder Bremen
1765178,72,Theodor Gebre Selassie,Ludovic Obraniak,Werder Bremen
1765178,80,Clemens Fritz,Aleksandar Ignjovski,Werder Bremen
1765161,66,Sebastian Kerk,Vladimír Darida,SC Freiburg
1765161,70,Felix Klaus,Philipp Zulechner,SC Freiburg
1765161,76,Francis Coquelin,Julian Schuster,SC Freiburg
1765161,63,Oliver Kirch,Nuri Şahin,Borussia Dortmund
1765161,74,Jonas Hofmann,Julian Schieber,Borussia Dortmund
1765161,90,Manuel Friedrich,Henrikh Mkhitaryan,Borussia Dortmund
1765206,54,Ja-cheol Koo,Shawn Parker,1. FSV Mainz 05
1765206,76,Júnior Díaz,Nicolai Müller,1. FSV Mainz 05
1765206,89,Yunus Mallı,Eric Maxim Choupo-Moting,1. FSV Mainz 05
1765206,46,Ronny,Marcel Ndjeng,Hertha BSC
1765206,66,Peter Niemeyer,Per Skjelbred,Hertha BSC
1765206,82,Sandro Wagner,Sami Allagui,Hertha BSC
1765169,66,Arkadiusz Milik,Raúl Bobadilla,FC Augsburg
1765169,75,Dong-won Ji,Dominik Kohr,FC Augsburg
1765169,87,Alexander Esswein,Tobias Werner,FC Augsburg
1765169,46,Kaan Ayhan,Chinedu Obasi,FC Schalke 04
1765169,77,Max Meyer,Julian Draxler,FC Schalke 04
1765169,89,Ádám Szalai,Klaas Jan Huntelaar,FC Schalke 04
1765176,63,Miloš Jojić,Sebastian Kehl,Borussia Dortmund
1765176,67,Marvin Ducksch,Łukasz Piszczek,Borussia Dortmund
1765176,82,Julian Schieber,Pierre-Emerick Aubameyang,Borussia Dortmund
1765176,75,Thorben Marx,Max Kruse,Bor. Mönchengladbach
1765176,79,Lukas Rupp,Patrick Herrmann,Bor. Mönchengladbach
1765176,89,Roel Brouwers,Raffael,Bor. Mönchengladbach
1765186,58,Martin Kobylański,Nils Petersen,Werder Bremen
1765186,73,Eljero Elia,Ludovic Obraniak,Werder Bremen
1765186,81,Alexandru Maxim,Ibrahima Traoré,VfB Stuttgart
1765186,87,Timo Werner,Cacau,VfB Stuttgart
1765191,67,Hany Mukhtar,Hajime Hosogai,Hertha BSC
1765191,72,Sami Allagui,Per Skjelbred,Hertha BSC
1765191,30,Jan Schlaudraff,Artjoms Rudņevs,Hannover 96
1765191,76,Salif Sané,Manuel Schmiedebach,Hannover 96
1765191,89,Didier Ya Konan,Leonardo Bittencourt,Hannover 96
1765196,77,Marc Pfitzner,Mirko Boland,Eintracht Braunschweig
1765196,81,Håvard Nielsen,Karim Bellarabi,Eintracht Braunschweig
1765196,90,Orhan Ademi,Domi Kumbela,Eintracht Braunschweig
1765196,72,Ivica Olić,Daniel Caligiuri,VfL Wolfsburg
1765196,76,Ivan Perišić,Bas Dost,VfL Wolfsburg
1765196,85,Marcel Schäfer,Kevin De Bruyne,VfL Wolfsburg
1765214,60,Kenan Karaman,Anthony Modeste,1899 Hoffenheim
1765214,86,Jiloan Hamad,Fabian Johnson,1899 Hoffenheim
1765214,86,Tarik Elyounoussi,Andreas Beck,1899 Hoffenheim
1765214,59,Nicolai Müller,Johannes Geis,1. FSV Mainz 05
1765214,59,Benedikt Saller,Júnior Díaz,1. FSV Mainz 05
1765214,71,Yunus Mallı,Ja-cheol Koo,1. FSV Mainz 05
1765181,66,Franck Ribéry,Arjen Robben,Bayern München
1765181,75,Xherdan Shaqiri,Mario Mandžukić,Bayern München
1765181,85,Thiago,Toni Kroos,Bayern München
1765181,66,Sidney Sam,Heung-min Son,Bayer Leverkusen
1765181,80,Eren Derdiyok,Emre Can,Bayer Leverkusen
1765200,82,Robert Tesche,Rafael van der Vaart,Hamburger SV
1765200,85,Petr Jiráček,Ivo Iličević,Hamburger SV
1765200,88,Tomás Rincón,Tolgay Arslan,Hamburger SV
1765200,62,Hanno Balitsch,Martin Angha,1. FC Nürnberg
1765200,68,Campaña,Róbert Mak,1. FC Nürnberg
1765200,81,Tomáš Pekhart,Javier Pinola,1. FC Nürnberg
1765210,52,Václav Kadlec,Alexander Meier,Eintracht Frankfurt
1765210,58,Jan Rosenthal,Takashi Inui,Eintracht Frankfurt
1765210,74,Marc Stendera,Alexander Madlung,Eintracht Frankfurt
1765210,34,Felix Klaus,Jonathan Schmid,SC Freiburg
1765210,75,Immanuel Höhn,Julian Schuster,SC Freiburg
1765210,87,Sebastian Kerk,Admir Mehmedi,SC Freiburg
1765265,75,Sebastian Kerk,Felix Klaus,SC Freiburg
1765265,82,Philipp Zulechner,Admir Mehmedi,SC Freiburg
1765265,90,Christian Günter,Karim Guédé,SC Freiburg
1765265,64,Nils Petersen,Franco Di Santo,Werder Bremen
1765265,64,Theodor Gebre Selassie,Ludovic Obraniak,Werder Bremen
1765265,80,Eljero Elia,Philipp Bargfrede,Werder Bremen
1765250,59,Didier Ya Konan,Salif Sané,Hannover 96
1765250,73,Jan Schlaudraff,Edgar Prib,Hannover 96
1765250,66,Sebastian Kehl,Nuri Şahin,Borussia Dortmund
1765250,68,Marco Reus,Jonas Hofmann,Borussia Dortmund
1765250,84,Julian Schieber,Robert Lewandowski,Borussia Dortmund
1765257,46,Benedikt Saller,Ja-cheol Koo,1. FSV Mainz 05
1765257,60,Niko Bungert,Eric Maxim Choupo-Moting,1. FSV Mainz 05
1765257,84,Yunus Mallı,Christoph Moritz,1. FSV Mainz 05
1765257,64,Mario Götze,Thomas Müller,Bayern München
1765257,73,Xherdan Shaqiri,Arjen Robben,Bayern München
1765257,81,Claudio Pizarro,Mario Mandžukić,Bayern München
1765277,58,Daniel Caligiuri,Maximilian Arnold,VfL Wolfsburg
1765277,68,Jan Polák,Junior Malanda,VfL Wolfsburg
1765277,77,Stefan Kutschke,Timm Klose,VfL Wolfsburg
1765277,66,Alexander Esswein,Raúl Bobadilla,FC Augsburg
1765277,80,Jeong-ho Hong,Halil Altintop,FC Augsburg
1765277,90,Sascha Mölders,Tobias Werner,FC Augsburg
1765280,64,Alexandru Maxim,Arthur Boka,VfB Stuttgart
1765280,88,Cacau,Konstantin Rausch,VfB Stuttgart
1765280,90,Timo Werner,Ibrahima Traoré,VfB Stuttgart
1765280,58,Petr Jiráček,Rafael van der Vaart,Hamburger SV
1765280,80,Robert Tesche,Milan Badelj,Hamburger SV
1765280,86,Tomás Rincón,Tolgay Arslan,Hamburger SV
1765287,71,Chinedu Obasi,Max Meyer,FC Schalke 04
1765287,80,Anthony Annan,Julian Draxler,FC Schalke 04
1765287,88,Ádám Szalai,Klaas Jan Huntelaar,FC Schalke 04
1765287,41,Orhan Ademi,Marc Pfitzner,Eintracht Braunschweig
1765287,53,Omar Elabdellaoui,Karim Bellarabi,Eintracht Braunschweig
1765287,74,Damir Vrančić,Domi Kumbela,Eintracht Braunschweig
1765299,67,Granit Xhaka,Christoph Kramer,Bor. Mönchengladbach
1765299,73,Amin Younes,Patrick Herrmann,Bor. Mönchengladbach
1765299,79,Lukas Rupp,Juan Arango,Bor. Mönchengladbach
1765299,70,Christoph Janker,Hajime Hosogai,Hertha BSC
1765299,75,Sandro Wagner,Adrián Ramos,Hertha BSC
1765291,22,Hanno Balitsch,Ondřej Petrák,1. FC Nürnberg
1765291,46,Róbert Mak,Hiroshi Kiyotake,1. FC Nürnberg
1765291,62,Niklas Stark,Emanuel Pogatetz,1. FC Nürnberg
1765291,64,Bastian Oczipka,Constant Djakpa,Eintracht Frankfurt
1765291,75,Václav Kadlec,Stefan Aigner,Eintracht Frankfurt
1765291,90,Marc Stendera,Martin Lanig,Eintracht Frankfurt
1765271,70,Eren Derdiyok,Heung-min Son,Bayer Leverkusen
1765271,71,Emre Can,Sidney Sam,Bayer Leverkusen
1765271,65,Kai Herdling,Sejad Salihović,1899 Hoffenheim
1765271,84,Tarik Elyounoussi,Kevin Volland,1899 Hoffenheim
1765271,90,Kenan Karaman,Anthony Modeste,1899 Hoffenheim
1765235,64,Peter Niemeyer,Levan Kobiashvili,Hertha BSC
1765235,71,Ronny,Hany Mukhtar,Hertha BSC
1765235,87,Sandro Wagner,Adrián Ramos,Hertha BSC
1765235,54,Franck Ribéry,Arjen Robben,Bayern München
1765235,54,Mario Mandžukić,Thomas Müller,Bayern München
1765235,64,Thiago,Bastian Schweinsteiger,Bayern München
1765240,79,Pierre-Emerick Aubameyang,Henrikh Mkhitaryan,Borussia Dortmund
1765240,87,Julian Schieber,Kevin Großkreutz,Borussia Dortmund
1765240,77,Anthony Annan,Max Meyer,FC Schalke 04
1765240,85,Chinedu Obasi,Leon Goretzka,FC Schalke 04
1765240,90,Philipp Max,Julian Draxler,FC Schalke 04
1765269,45,Cédric Makiadi,Felix Kroos,Werder Bremen
1765269,46,Eljero Elia,Ludovic Obraniak,Werder Bremen
1765269,90,Levent Ayçiçek,Nils Petersen,Werder Bremen
1765269,46,Max Grün,Diego Benaglio,VfL Wolfsburg
1765269,89,Jan Polák,Maximilian Arnold,VfL Wolfsburg
1765269,89,Marcel Schäfer,Ivan Perišić,VfL Wolfsburg
1765275,39,Deniz Doğan,Marcel Correia,Eintracht Braunschweig
1765275,88,Orhan Ademi,Domi Kumbela,Eintracht Braunschweig
1765275,90,Marco Caligiuri,Håvard Nielsen,Eintracht Braunschweig
1765275,56,Shinji Okazaki,Niki Zimling,1. FSV Mainz 05
1765275,70,Sebastian Polter,Eric Maxim Choupo-Moting,1. FSV Mainz 05
1765275,75,Todor Nedelev,Julian Koch,1. FSV Mainz 05
1765245,83,Václav Kadlec,Stefan Aigner,Eintracht Frankfurt
1765245,88,Marc Stendera,Tranquillo Barnetta,Eintracht Frankfurt
1765245,90,Stefano Celozzi,Constant Djakpa,Eintracht Frankfurt
1765245,55,Branimir Hrgota,Patrick Herrmann,Bor. Mönchengladbach
1765245,78,Amin Younes,Juan Arango,Bor. Mönchengladbach
1765245,79,Lukas Rupp,Julian Korb,Bor. Mönchengladbach
1765254,61,Paul Verhaegh,Ronny Philp,FC Augsburg
1765254,72,Arkadiusz Milik,Raúl Bobadilla,FC Augsburg
1765254,85,Sascha Mölders,Kevin Vogt,FC Augsburg
1765254,67,Julian Brandt,Gonzalo Castro,Bayer Leverkusen
1765254,85,Simon Rolfes,Heung-min Son,Bayer Leverkusen
1765254,88,Philipp Wollscheid,Andrés Guardado,Bayer Leverkusen
1765259,75,Hanno Balitsch,Campaña,1. FC Nürnberg
1765259,84,Róbert Mak,Markus Feulner,1. FC Nürnberg
1765259,87,Tomáš Pekhart,Josip Drmić,1. FC Nürnberg
1765259,46,Timo Werner,Konstantin Rausch,VfB Stuttgart
1765259,46,Alexandru Maxim,Martin Harnik,VfB Stuttgart
1765259,69,Carlos Gruezo,Gōtoku Sakai,VfB Stuttgart
1765263,69,Kai Herdling,Sejad Salihović,1899 Hoffenheim
1765263,86,Niklas Süle,Anthony Modeste,1899 Hoffenheim
1765263,89,Tarik Elyounoussi,Kevin Volland,1899 Hoffenheim
1765263,66,Jan Schlaudraff,Leonardo Bittencourt,Hannover 96
1765263,80,Didier Ya Konan,Artjoms Rudņevs,Hannover 96
1765263,85,Edgar Prib,Sébastien Pocognoli,Hannover 96
1765273,62,Robert Tesche,Petr Jiráček,Hamburger SV
1765273,34,Christian Günter,Mensur Mujdža,SC Freiburg
1765273,63,Jonathan Schmid,Gelson Fernandes,SC Freiburg
1765273,90,Sebastian Kerk,Admir Mehmedi,SC Freiburg
1765388,74,Ádám Szalai,Max Meyer,FC Schalke 04
1765388,84,Anthony Annan,Chinedu Obasi,FC Schalke 04
1765388,88,Philipp Max,Julian Draxler,FC Schalke 04
1765388,59,Ronny,Per Skjelbred,Hertha BSC
1765388,59,Alexander Baumjohann,Sandro Wagner,Hertha BSC
1765388,77,Peter Niemeyer,Tolga Ciğerci,Hertha BSC
1765332,60,Alexandru Maxim,Daniel Didavi,VfB Stuttgart
1765332,70,Gōtoku Sakai,Ibrahima Traoré,VfB Stuttgart
1765332,86,Cacau,Martin Harnik,VfB Stuttgart
1765332,60,Pierre-Emerick Aubameyang,Oliver Kirch,Borussia Dortmund
1765332,60,Nuri Şahin,Henrikh Mkhitaryan,Borussia Dortmund
1765332,76,Miloš Jojić,Jonas Hofmann,Borussia Dortmund
1765351,25,Philipp Lahm,Thiago,Bayern München
1765351,46,Mario Mandžukić,Mario Götze,Bayern München
1765351,76,Arjen Robben,Franck Ribéry,Bayern München
1765351,31,Tarik Elyounoussi,Anthony Modeste,1899 Hoffenheim
1765351,60,Kai Herdling,Sejad Salihović,1899 Hoffenheim
1765351,89,Kenan Karaman,Kevin Volland,1899 Hoffenheim
1765358,77,Yunus Mallı,Nicolai Müller,1. FSV Mainz 05
1765358,85,Niki Zimling,Ja-cheol Koo,1. FSV Mainz 05
1765358,90,Elkin Soto,Christoph Moritz,1. FSV Mainz 05
1765358,30,Jeong-ho Hong,Ragnar Klavan,FC Augsburg
1765358,38,Alexander Esswein,Tobias Werner,FC Augsburg
1765358,74,Sascha Mölders,Paul Verhaegh,FC Augsburg
1765371,59,Julian Brandt,Gonzalo Castro,Bayer Leverkusen
1765371,75,Eren Derdiyok,Heung-min Son,Bayer Leverkusen
1765371,87,Simon Rolfes,Emre Can,Bayer Leverkusen
1765371,56,Kevin Kratz,Damir Vrančić,Eintracht Braunschweig
1765371,77,Norman Theuerkauf,Omar Elabdellaoui,Eintracht Braunschweig
1765371,82,Dennis Kruppke,Domi Kumbela,Eintracht Braunschweig
1765376,20,Robin Knoche,Timm Klose,VfL Wolfsburg
1765376,61,Daniel Caligiuri,Junior Malanda,VfL Wolfsburg
1765376,77,Patrick Ochs,Ivan Perišić,VfL Wolfsburg
1765376,61,Jan Rosenthal,Stephan Schröck,Eintracht Frankfurt
1765376,74,Václav Kadlec,Martin Lanig,Eintracht Frankfurt
1765376,87,Marc Stendera,Tranquillo Barnetta,Eintracht Frankfurt
1765345,81,Gelson Fernandes,Karim Guédé,SC Freiburg
1765345,89,Philipp Zulechner,Admir Mehmedi,SC Freiburg
1765345,90,Sebastian Kerk,Jonathan Schmid,SC Freiburg
1765345,46,Ondřej Petrák,Niklas Stark,1. FC Nürnberg
1765345,71,Tomáš Pekhart,Mike Frantz,1. FC Nürnberg
1765345,75,Javier Pinola,Ondřej Petrák,1. FC Nürnberg
1765364,63,Roel Brouwers,Martin Stranzl,Bor. Mönchengladbach
1765364,86,Lukas Rupp,Patrick Herrmann,Bor. Mönchengladbach
1765364,90,Branimir Hrgota,Raffael,Bor. Mönchengladbach
1765364,46,Ola John,Pierre-Michel Lasogga,Hamburger SV
1765364,83,Robert Tesche,Tolgay Arslan,Hamburger SV
1765364,83,Petr Jiráček,Dennis Diekmeier,Hamburger SV
1765340,63,Leonardo Bittencourt,Salif Sané,Hannover 96
1765340,75,Didier Ya Konan,Artjoms Rudņevs,Hannover 96
1765340,90,Valmir Sulejmani,Jan Schlaudraff,Hannover 96
1765340,79,Nils Petersen,Eljero Elia,Werder Bremen
1765340,84,Theodor Gebre Selassie,Aaron Hunt,Werder Bremen
1765340,90,Assani Lukimya,Cédric Makiadi,Werder Bremen
1765319,33,Tomás Rincón,Milan Badelj,Hamburger SV
1765319,68,Robert Tesche,Rafael van der Vaart,Hamburger SV
1765319,77,Mattia Maggio,Jacques Zoua,Hamburger SV
1765319,80,Eren Derdiyok,Lars Bender,Bayer Leverkusen
1765319,86,Levin Öztunali,Giulio Donati,Bayer Leverkusen
1765319,86,Seung-woo Ryu,Gonzalo Castro,Bayer Leverkusen
1765303,54,Ronny Philp,Raphael Holzhauser,FC Augsburg
1765303,76,Dominik Reinhardt,Jeong-ho Hong,FC Augsburg
1765303,83,Raúl Bobadilla,Sascha Mölders,FC Augsburg
1765303,46,Mario Götze,Xherdan Shaqiri,Bayern München
1765303,51,David Alaba,Ylli Sallahi,Bayern München
1765303,63,Thomas Müller,Claudio Pizarro,Bayern München
1765309,56,Theodor Gebre Selassie,Franco Di Santo,Werder Bremen
1765309,82,Nils Petersen,Eljero Elia,Werder Bremen
1765309,89,Ludovic Obraniak,Clemens Fritz,Werder Bremen
1765309,72,Max Meyer,Chinedu Obasi,FC Schalke 04
1765309,89,Ádám Szalai,Klaas Jan Huntelaar,FC Schalke 04
1765316,60,Róbert Mak,Martin Angha,1. FC Nürnberg
1765316,74,Tomáš Pekhart,Berkay Dabanlı,1. FC Nürnberg
1765316,80,Campaña,Josip Drmić,1. FC Nürnberg
1765316,68,Lukas Rupp,Patrick Herrmann,Bor. Mönchengladbach
1765316,77,Granit Xhaka,Raffael,Bor. Mönchengladbach
1765316,89,Branimir Hrgota,Max Kruse,Bor. Mönchengladbach
1765336,61,Timo Werner,Vedad Ibišević,VfB Stuttgart
1765336,61,Alexandru Maxim,Daniel Didavi,VfB Stuttgart
1765336,82,Moritz Leitner,Carlos Gruezo,VfB Stuttgart
1765336,73,Sebastian Kerk,Karim Guédé,SC Freiburg
1765336,90,Maximilian Philipp,Felix Klaus,SC Freiburg
1765347,62,Alexander Meier,Johannes Flum,Eintracht Frankfurt
1765347,85,Stefano Celozzi,Constant Djakpa,Eintracht Frankfurt
1765347,89,Stephan Schröck,Tranquillo Barnetta,Eintracht Frankfurt
1765347,58,Shawn Parker,Niki Zimling,1. FSV Mainz 05
1765347,72,Yunus Mallı,Shinji Okazaki,1. FSV Mainz 05
1765347,83,Sebastian Polter,Christoph Moritz,1. FSV Mainz 05
1765325,46,Miloš Jojić,Pierre-Emerick Aubameyang,Borussia Dortmund
1765325,46,Erik Durm,Nuri Şahin,Borussia Dortmund
1765325,76,Oliver Kirch,Henrikh Mkhitaryan,Borussia Dortmund
1765325,69,Patrick Ochs,Christian Träsch,VfL Wolfsburg
1765325,79,Daniel Caligiuri,Junior Malanda,VfL Wolfsburg
1765322,73,Norman Theuerkauf,Damir Vrančić,Eintracht Braunschweig
1765322,80,Karim Bellarabi,Domi Kumbela,Eintracht Braunschweig
1765322,87,Orhan Ademi,Håvard Nielsen,Eintracht Braunschweig
1765322,46,Jan Schlaudraff,Artjoms Rudņevs,Hannover 96
1765322,75,Edgar Prib,Leon Andreasen,Hannover 96
1765322,86,Valmir Sulejmani,Leonardo Bittencourt,Hannover 96
1765330,62,Alexander Baumjohann,John Anthony Brooks,Hertha BSC
1765330,86,Sandro Wagner,Änis Ben-Hatira,Hertha BSC
1765330,62,Kai Herdling,Tarik Elyounoussi,1899 Hoffenheim
1765330,73,Alexander Stolz,Koen Casteels,1899 Hoffenheim
1765330,89,Kenan Karaman,Sejad Salihović,1899 Hoffenheim
1765469,72,Chinedu Obasi,Max Meyer,FC Schalke 04
1765469,82,Felipe Santana,Kevin-Prince Boateng,FC Schalke 04
1765469,86,Jefferson Farfán,Julian Draxler,FC Schalke 04
1765469,69,Jan Rosenthal,Tranquillo Barnetta,Eintracht Frankfurt
1765469,69,Václav Kadlec,Alexander Meier,Eintracht Frankfurt
1765469,82,Bastian Oczipka,Constant Djakpa,Eintracht Frankfurt
1765438,79,Benedikt Saller,Elkin Soto,1. FSV Mainz 05
1765438,88,Malik Fathi,Christoph Moritz,1. FSV Mainz 05
1765438,88,Bo Svensson,Júnior Díaz,1. FSV Mainz 05
1765438,46,Theodor Gebre Selassie,Nils Petersen,Werder Bremen
1765438,67,Ludovic Obraniak,Aaron Hunt,Werder Bremen
1765438,78,Martin Kobylański,Philipp Bargfrede,Werder Bremen
1765442,73,Daniel Caligiuri,Maximilian Arnold,VfL Wolfsburg
1765442,84,Jan Polák,Luiz Gustavo,VfL Wolfsburg
1765442,86,Vieirinha,Ivan Perišić,VfL Wolfsburg
1765442,25,Campaña,Mike Frantz,1. FC Nürnberg
1765442,63,Róbert Mak,Adam Hloušek,1. FC Nürnberg
1765442,78,Tomáš Pekhart,Martin Angha,1. FC Nürnberg
1765457,83,Artjoms Rudņevs,Christian Pander,Hannover 96
1765457,90,Salif Sané,Leonardo Bittencourt,Hannover 96
1765457,16,Ivo Iličević,Heiko Westermann,Hamburger SV
1765457,46,Mattia Maggio,Rafael van der Vaart,Hamburger SV
1765457,88,Ola John,Tolgay Arslan,Hamburger SV
1765461,79,Sebastian Freis,Karim Guédé,SC Freiburg
1765461,80,Philipp Zulechner,Admir Mehmedi,SC Freiburg
1765461,90,Gelson Fernandes,Felix Klaus,SC Freiburg
1765461,26,Dennis Kruppke,Domi Kumbela,Eintracht Braunschweig
1765461,58,Orhan Ademi,Damir Vrančić,Eintracht Braunschweig
1765461,68,Karim Bellarabi,Benjamin Kessel,Eintracht Braunschweig
1765549,70,Granit Xhaka,Christoph Kramer,Bor. Mönchengladbach
1765549,70,Branimir Hrgota,Patrick Herrmann,Bor. Mönchengladbach
1765549,82,Amin Younes,Håvard Nordtveit,Bor. Mönchengladbach
1765549,63,Moritz Leitner,Daniel Didavi,VfB Stuttgart
1765549,71,Vedad Ibišević,Timo Werner,VfB Stuttgart
1765549,90,Cacau,Martin Harnik,VfB Stuttgart
1765547,46,Lukas Raeder,Manuel Neuer,Bayern München
1765547,60,Thomas Müller,Franck Ribéry,Bayern München
1765547,69,Toni Kroos,Arjen Robben,Bayern München
1765547,62,Robert Lewandowski,Jonas Hofmann,Borussia Dortmund
1765547,70,Manuel Friedrich,Mats Hummels,Borussia Dortmund
1765547,76,Miloš Jojić,Pierre-Emerick Aubameyang,Borussia Dortmund
1765475,71,Simon Rolfes,Gonzalo Castro,Bayer Leverkusen
1765475,89,Levin Öztunali,Julian Brandt,Bayer Leverkusen
1765475,46,Nico Schulz,Änis Ben-Hatira,Hertha BSC
1765475,57,Alexander Baumjohann,Levan Kobiashvili,Hertha BSC
1765475,71,Ronny,Per Skjelbred,Hertha BSC
1765453,68,Anthony Modeste,Sejad Salihović,1899 Hoffenheim
1765453,79,Niklas Süle,Sebastian Rudy,1899 Hoffenheim
1765453,87,Kai Herdling,Tarik Elyounoussi,1899 Hoffenheim
1765453,25,Kevin Vogt,Dominik Kohr,FC Augsburg
1765453,64,Raúl Bobadilla,Sascha Mölders,FC Augsburg
1765453,78,Raphael Holzhauser,André Hahn,FC Augsburg
1765408,32,Alexander Meier,Pirmin Schwegler,Eintracht Frankfurt
1765408,54,Václav Kadlec,Tranquillo Barnetta,Eintracht Frankfurt
1765408,46,Edgar Prib,Leonardo Bittencourt,Hannover 96
1765408,82,Artjoms Rudņevs,Didier Ya Konan,Hannover 96
1765408,88,Jan Schlaudraff,Szabolcs Huszti,Hannover 96
1765380,72,Marco Caligiuri,Jan Hochscheidt,Eintracht Braunschweig
1765380,73,Marc Pfitzner,Kevin Kratz,Eintracht Braunschweig
1765380,83,Orhan Ademi,Dennis Kruppke,Eintracht Braunschweig
1765380,73,Thomas Müller,Franck Ribéry,Bayern München
1765380,73,Mario Mandžukić,Arjen Robben,Bayern München
1765380,87,Mitchell Weiser,Philipp Lahm,Bayern München
1765398,59,Nicolas Höfler,Immanuel Höhn,SC Freiburg
1765398,87,Sebastian Kerk,Felix Klaus,SC Freiburg
1765398,90,Tim Schraml,Admir Mehmedi,SC Freiburg
1765398,75,Christoph Kramer,Patrick Herrmann,Bor. Mönchengladbach
1765398,84,Branimir Hrgota,Juan Arango,Bor. Mönchengladbach
1765417,64,Aleksandar Ignjovski,Clemens Fritz,Werder Bremen
1765417,87,Assani Lukimya,Eljero Elia,Werder Bremen
1765417,90,Nils Petersen,Aaron Hunt,Werder Bremen
1765417,46,Niklas Süle,Tobias Strobl,1899 Hoffenheim
1765417,61,Jiloan Hamad,Tarik Elyounoussi,1899 Hoffenheim
1765417,82,Anthony Modeste,Sebastian Rudy,1899 Hoffenheim
1765419,80,Kevin Großkreutz,Henrikh Mkhitaryan,Borussia Dortmund
1765419,81,Jonas Hofmann,Miloš Jojić,Borussia Dortmund
1765419,84,Pierre-Emerick Aubameyang,Marco Reus,Borussia Dortmund
1765419,46,Benedikt Saller,Christoph Moritz,1. FSV Mainz 05
1765419,46,Shawn Parker,Stefan Bell,1. FSV Mainz 05
1765419,75,Ja-cheol Koo,Yunus Mallı,1. FSV Mainz 05
1765423,57,André Hahn,Tobias Werner,FC Augsburg
1765423,72,Raúl Bobadilla,Sascha Mölders,FC Augsburg
1765423,78,Dong-won Ji,Halil Altintop,FC Augsburg
1765423,68,Nico Schulz,Sami Allagui,Hertha BSC
1765423,75,Peter Niemeyer,Marcel Ndjeng,Hertha BSC
1765423,90,Alexander Baumjohann,Per Skjelbred,Hertha BSC
1765414,56,Ola John,Tolgay Arslan,Hamburger SV
1765414,73,Kerem Demirbay,Tomás Rincón,Hamburger SV
1765414,86,Mattia Maggio,Ivo Iličević,Hamburger SV
1765414,76,Vieirinha,Maximilian Arnold,VfL Wolfsburg
1765414,83,Marcel Schäfer,Ivica Olić,VfL Wolfsburg
1765414,86,Slobodan Medojević,Jan Polák,VfL Wolfsburg
1765403,68,Antonio Čolak,Hiroshi Kiyotake,1. FC Nürnberg
1765403,70,Roberto Hilbert,Julian Brandt,Bayer Leverkusen
1765403,70,Simon Rolfes,Gonzalo Castro,Bayer Leverkusen
1765403,90,Eren Derdiyok,Stefan Kießling,Bayer Leverkusen
1765391,73,Konstantin Rausch,Carlos Gruezo,VfB Stuttgart
1765391,77,Alexandru Maxim,Daniel Didavi,VfB Stuttgart
1765391,89,Karim Haggui,Cacau,VfB Stuttgart
1765391,56,Ádám Szalai,Chinedu Obasi,FC Schalke 04
1765391,77,Leroy Sané,Max Meyer,FC Schalke 04
1765391,88,Felipe Santana,Sead Kolašinac,FC Schalke 04
1765509,40,Artjoms Rudņevs,Didier Ya Konan,Hannover 96
1765509,71,Valmir Sulejmani,Jan Schlaudraff,Hannover 96
1765509,90,Tim Dierßen,Szabolcs Huszti,Hannover 96
1765509,67,Timo Werner,Cacau,VfB Stuttgart
1765509,78,Vedad Ibišević,Martin Harnik,VfB Stuttgart
1765509,84,Alexandru Maxim,Daniel Didavi,VfB Stuttgart
1765516,46,Philipp Lahm,Mitchell Weiser,Bayern München
1765516,73,Arjen Robben,Dante,Bayern München
1765516,76,Diego Contento,David Alaba,Bayern München
1765516,55,Aleksandar Ignjovski,Cédric Makiadi,Werder Bremen
1765516,71,Eljero Elia,Franco Di Santo,Werder Bremen
1765516,83,Felix Kroos,Aaron Hunt,Werder Bremen
1765518,73,Ja-cheol Koo,Elkin Soto,1. FSV Mainz 05
1765518,86,Julian Baumgartlinger,Yunus Mallı,1. FSV Mainz 05
1765518,90,Todor Nedelev,Shinji Okazaki,1. FSV Mainz 05
1765518,46,Martin Angha,Timothy Chandler,1. FC Nürnberg
1765518,62,Adam Hloušek,Róbert Mak,1. FC Nürnberg
1765518,70,Antonio Čolak,Niklas Stark,1. FC Nürnberg
1765521,66,Vieirinha,Slobodan Medojević,VfL Wolfsburg
1765521,82,Daniel Caligiuri,Ivica Olić,VfL Wolfsburg
1765521,72,Marco Terrazzino,Sebastian Kerk,SC Freiburg
1765521,84,Sebastian Freis,Karim Guédé,SC Freiburg
1765521,88,Nicolas Höfler,Christian Günter,SC Freiburg
1765540,62,Adrián Ramos,Sandro Wagner,Hertha BSC
1765540,62,Ronny,Per Skjelbred,Hertha BSC
1765540,69,Peter Niemeyer,Tolga Ciğerci,Hertha BSC
1765540,46,Karim Bellarabi,Jan Hochscheidt,Eintracht Braunschweig
1765540,83,Benjamin Kessel,Omar Elabdellaoui,Eintracht Braunschweig
1765540,83,Marc Pfitzner,Ken Reichel,Eintracht Braunschweig
1765543,69,Joseph-Claude Gyau,Kai Herdling,1899 Hoffenheim
1765543,36,Stephan Schröck,Tranquillo Barnetta,Eintracht Frankfurt
1765543,70,Bastian Oczipka,Stefan Aigner,Eintracht Frankfurt
1765497,81,Simon Rolfes,Gonzalo Castro,Bayer Leverkusen
1765497,81,Levin Öztunali,Julian Brandt,Bayer Leverkusen
1765497,84,Eren Derdiyok,Stefan Kießling,Bayer Leverkusen
1765497,75,Pierre-Emerick Aubameyang,Henrikh Mkhitaryan,Borussia Dortmund
1765497,83,Jonas Hofmann,Miloš Jojić,Borussia Dortmund
1765497,90,Julian Schieber,Robert Lewandowski,Borussia Dortmund
1765526,46,Dominik Kohr,Kevin Vogt,FC Augsburg
1765526,72,Dong-won Ji,Sascha Mölders,FC Augsburg
1765526,84,Tobias Werner,Alexander Esswein,FC Augsburg
1765526,61,Jacques Zoua,Mattia Maggio,Hamburger SV
1765526,69,Petr Jiráček,Marcell Jansen,Hamburger SV
1765526,75,Kerem Demirbay,Milan Badelj,Hamburger SV
1765505,64,Chinedu Obasi,Max Meyer,FC Schalke 04
1765505,72,Klaas Jan Huntelaar,Tim Hoogland,FC Schalke 04
1765505,86,Felipe Santana,Kaan Ayhan,FC Schalke 04
1765505,79,Roel Brouwers,Raffael,Bor. Mönchengladbach
1765505,88,Lukas Rupp,Patrick Herrmann,Bor. Mönchengladbach
1765505,90,Branimir Hrgota,Max Kruse,Bor. Mönchengladbach
1765435,60,Ola John,Dennis Diekmeier,Hamburger SV
1765435,67,Kerem Demirbay,Rafael van der Vaart,Hamburger SV
1765435,76,Jonathan Tah,Heiko Westermann,Hamburger SV
1765435,68,Pierre-Emile Højbjerg,Toni Kroos,Bayern München
1765435,73,Claudio Pizarro,Arjen Robben,Bayern München
1765444,46,Sebastian Kerk,Jonathan Schmid,SC Freiburg
1765444,66,Marco Terrazzino,Karim Guédé,SC Freiburg
1765444,46,Marco Höger,Kaan Ayhan,FC Schalke 04
1765444,75,Jan Kirchhoff,Max Meyer,FC Schalke 04
1765444,88,Chinedu Obasi,Julian Draxler,FC Schalke 04
1765448,46,Jan Rosenthal,Marc Stendera,Eintracht Frankfurt
1765448,72,Pirmin Schwegler,Carlos Zambrano,Eintracht Frankfurt
1765448,82,Stefano Celozzi,Sebastian Jung,Eintracht Frankfurt
1765448,46,Simon Rolfes,Julian Brandt,Bayer Leverkusen
1765448,78,Sidney Sam,Heung-min Son,Bayer Leverkusen
1765448,90,Andrés Guardado,Gonzalo Castro,Bayer Leverkusen
1765451,56,Tobias Pachonik,Hiroshi Kiyotake,1. FC Nürnberg
1765451,67,Niklas Stark,Mike Frantz,1. FC Nürnberg
1765451,71,Antonio Čolak,Tomáš Pekhart,1. FC Nürnberg
1765451,78,Edgar Prib,Szabolcs Huszti,Hannover 96
1765451,86,Tim Dierßen,Leon Andreasen,Hannover 96
1765451,88,Valmir Sulejmani,Artjoms Rudņevs,Hannover 96
1765455,59,Alexandru Maxim,Daniel Didavi,VfB Stuttgart
1765455,75,Timo Werner,Cacau,VfB Stuttgart
1765455,82,Arthur Boka,Daniel Schwaab,VfB Stuttgart
1765455,70,Vieirinha,Ivan Perišić,VfL Wolfsburg
1765455,75,Daniel Caligiuri,Maximilian Arnold,VfL Wolfsburg
1765455,90,Slobodan Medojević,Kevin De Bruyne,VfL Wolfsburg
1765459,76,Pierre-Emerick Aubameyang,Marco Reus,Borussia Dortmund
1765459,81,Jonas Hofmann,Henrikh Mkhitaryan,Borussia Dortmund
1765459,90,Julian Schieber,Robert Lewandowski,Borussia Dortmund
1765459,54,Sejad Salihović,Tarik Elyounoussi,1899 Hoffenheim
1765459,61,Joseph-Claude Gyau,Eugen Polanski,1899 Hoffenheim
1765459,85,Bruno Nazário,Tobias Strobl,1899 Hoffenheim
1765463,82,Granit Xhaka,Christoph Kramer,Bor. Mönchengladbach
1765463,83,Roel Brouwers,Julian Korb,Bor. Mönchengladbach
1765463,90,Branimir Hrgota,Raffael,Bor. Mönchengladbach
1765463,71,Yunus Mallı,Christoph Moritz,1. FSV Mainz 05
1765463,82,Benedikt Saller,Niko Bungert,1. FSV Mainz 05
1765463,82,Julian Baumgartlinger,Johannes Geis,1. FSV Mainz 05
1765467,60,Orhan Ademi,Jan Hochscheidt,Eintracht Braunschweig
1765467,66,Marc Pfitzner,Kevin Kratz,Eintracht Braunschweig
1765467,88,Salim Khelifi,Karim Bellarabi,Eintracht Braunschweig
1765467,54,André Hahn,Tobias Werner,FC Augsburg
1765467,61,Dong-won Ji,Sascha Mölders,FC Augsburg
1765467,80,Raúl Bobadilla,Dominik Kohr,FC Augsburg
1765473,68,Cédric Makiadi,Zlatko Junuzović,Werder Bremen
1765473,74,Felix Kroos,Franco Di Santo,Werder Bremen
1765473,81,Nils Petersen,Eljero Elia,Werder Bremen
1765473,60,Sandro Wagner,Adrián Ramos,Hertha BSC
1765473,60,Hany Mukhtar,Ronny,Hertha BSC
1765473,73,Änis Ben-Hatira,Sami Allagui,Hertha BSC
1765484,34,Johannes van den Bergh,Per Skjelbred,Hertha BSC
1765484,58,Peter Niemeyer,Sebastian Langkamp,Hertha BSC
1765484,64,Adrián Ramos,Levan Kobiashvili,Hertha BSC
1765484,46,Oliver Kirch,Nuri Şahin,Borussia Dortmund
1765484,56,Sokratis Papastathopoulos,Mats Hummels,Borussia Dortmund
1765484,70,Pierre-Emerick Aubameyang,Marco Reus,Borussia Dortmund
1765489,69,Daniel Caligiuri,Vieirinha,VfL Wolfsburg
1765489,85,Jan Polák,Ivan Perišić,VfL Wolfsburg
1765489,90,Marcel Schäfer,Kevin De Bruyne,VfL Wolfsburg
1765489,46,Oscar Wendt,Domínguez,Bor. Mönchengladbach
1765489,69,Granit Xhaka,Håvard Nordtveit,Bor. Mönchengladbach
1765489,73,Branimir Hrgota,Juan Arango,Bor. Mönchengladbach
1765491,37,Pierre-Emile Højbjerg,Bastian Schweinsteiger,Bayern München
1765491,64,Claudio Pizarro,Mario Mandžukić,Bayern München
1765491,45,Daniel Didavi,Arthur Boka,VfB Stuttgart
1765491,65,Cacau,Vedad Ibišević,VfB Stuttgart
1765491,78,Timo Werner,Alexandru Maxim,VfB Stuttgart
1765494,45,Simon Rolfes,Lars Bender,Bayer Leverkusen
1765494,67,Sidney Sam,Julian Brandt,Bayer Leverkusen
1765494,90,Philipp Wollscheid,Eren Derdiyok,Bayer Leverkusen
1765494,62,Eljero Elia,Cédric Makiadi,Werder Bremen
1765494,80,Nils Petersen,Franco Di Santo,Werder Bremen
1765494,80,Felix Kroos,Philipp Bargfrede,Werder Bremen
1765500,72,Jan Kirchhoff,Ádám Szalai,FC Schalke 04
1765500,78,Chinedu Obasi,Max Meyer,FC Schalke 04
1765500,78,Benedikt Höwedes,Tim Hoogland,FC Schalke 04
1765500,20,Antonio Čolak,Markus Feulner,1. FC Nürnberg
1765500,62,Sinan Tekerci,Hanno Balitsch,1. FC Nürnberg
1765500,71,Róbert Mak,Adam Hloušek,1. FC Nürnberg
1765503,60,Artjoms Rudņevs,Didier Ya Konan,Hannover 96
1765503,78,Edgar Prib,Leonardo Bittencourt,Hannover 96
1765503,90,André Hoffmann,Szabolcs Huszti,Hannover 96
1765503,60,Immanuel Höhn,Pavel Krmaš,SC Freiburg
1765503,64,Philipp Zulechner,Sebastian Freis,SC Freiburg
1765503,74,Gelson Fernandes,Julian Schuster,SC Freiburg
1765507,83,Julian Baumgartlinger,Elkin Soto,1. FSV Mainz 05
1765507,83,Nicolai Müller,Ja-cheol Koo,1. FSV Mainz 05
1765507,90,Niko Bungert,Yunus Mallı,1. FSV Mainz 05
1765507,67,Ivo Iličević,Pierre-Michel Lasogga,Hamburger SV
1765507,74,Tolgay Arslan,Robert Tesche,Hamburger SV
1765507,83,Marcell Jansen,Rafael van der Vaart,Hamburger SV
1765511,75,Jeremy Toljan,Fabian Johnson,1899 Hoffenheim
1765511,78,Bruno Nazário,Sejad Salihović,1899 Hoffenheim
1765511,81,Jiloan Hamad,Kevin Volland,1899 Hoffenheim
1765511,53,Damir Vrančić,Torsten Oehrl,Eintracht Braunschweig
1765511,73,Deniz Doğan,Ermin Bičakčić,Eintracht Braunschweig
1765511,74,Jan Hochscheidt,Mirko Boland,Eintracht Braunschweig
1765514,57,Raúl Bobadilla,Sascha Mölders,FC Augsburg
1765514,66,Alexander Esswein,Tobias Werner,FC Augsburg
1765514,78,Dong-won Ji,Kevin Vogt,FC Augsburg
1765514,74,Alexander Meier,Martin Lanig,Eintracht Frankfurt
1765514,78,Stefano Celozzi,Stefan Aigner,Eintracht Frankfurt
