GameID,Minute,Scorer,Team
8305365,79,Renato Steffen,FC Basel
8305365,45,Jonathan Cafú,Ludogorez Rasgrad
8305366,1,Edinson Cavani,Paris Saint-Germain
8305366,78,Alexis Sánchez,Arsenal FC
8305360,7,Theo Walcott,Arsenal FC
8305360,26,Theo Walcott,Arsenal FC
8305371,16,Natanael Pimienta,Ludogorez Rasgrad
8305371,41,Blaise Matuidi,Paris Saint-Germain
8305371,55,Edinson Cavani,Paris Saint-Germain
8305371,60,Edinson Cavani,Paris Saint-Germain
8305362,13,Alexis Sánchez,Arsenal FC
8305362,42,Theo Walcott,Arsenal FC
8305362,47,Alex Oxlade-Chamberlain,Arsenal FC
8305362,56,Mesut Özil,Arsenal FC
8305362,83,Mesut Özil,Arsenal FC
8305362,87,Mesut Özil,Arsenal FC
8305367,40,Ángel Di María,Paris Saint-Germain
8305367,62,Lucas,Paris Saint-Germain
8305367,90,Edinson Cavani,Paris Saint-Germain
8305364,76,Luca Zuffi,FC Basel
8305364,43,Blaise Matuidi,Paris Saint-Germain
8305364,90,Thomas Meunier,Paris Saint-Germain
8305369,12,Jonathan Cafú,Ludogorez Rasgrad
8305369,15,Claudiu Keșerü,Ludogorez Rasgrad
8305369,20,Granit Xhaka,Arsenal FC
8305369,42,Olivier Giroud,Arsenal FC
8305369,88,Mesut Özil,Arsenal FC
8305361,45,Olivier Giroud,Arsenal FC
8305361,77,Alex Iwobi,Arsenal FC
8305361,18,Edinson Cavani,Paris Saint-Germain
8305361,60,Marco Verratti,Paris Saint-Germain
8305363,78,Seydou Doumbia,FC Basel
8305363,8,Lucas Pérez,Arsenal FC
8305363,16,Lucas Pérez,Arsenal FC
8305363,47,Lucas Pérez,Arsenal FC
8305363,53,Alex Iwobi,Arsenal FC
8305368,61,Edinson Cavani,Paris Saint-Germain
8305368,90,Ángel Di María,Paris Saint-Germain
8305368,15,Virgil Misidjan,Ludogorez Rasgrad
8305368,69,Wanderson,Ludogorez Rasgrad
8305377,26,Denys Garmash,Dynamo Kiew
8305377,36,Arkadiusz Milik,SSC Neapel
8305377,45,Arkadiusz Milik,SSC Neapel
8305378,12,Franco Cervi,SL Benfica
8305378,90,Anderson Talisca,Beşiktaş
8305372,29,Ricardo Quaresma,Beşiktaş
8305372,65,Viktor Tsygankov,Dynamo Kiew
8305383,20,Marek Hamšík,SSC Neapel
8305383,51,Dries Mertens,SSC Neapel
8305383,54,Arkadiusz Milik,SSC Neapel
8305383,58,Dries Mertens,SSC Neapel
8305383,71,Gonçalo Guedes,SL Benfica
8305383,86,Eduardo Salvio,SL Benfica
8305376,9,Eduardo Salvio,SL Benfica
8305376,55,Franco Cervi,SL Benfica
8305381,30,Dries Mertens,SSC Neapel
8305381,69,Manolo Gabbiadini,SSC Neapel
8305381,12,Adriano,Beşiktaş
8305381,38,Vincent Aboubakar,Beşiktaş
8305381,86,Vincent Aboubakar,Beşiktaş
8305374,79,Ricardo Quaresma,Beşiktaş
8305374,82,Marek Hamšík,SSC Neapel
8305379,45,Eduardo Salvio,SL Benfica
8305373,58,Cenk Tosun,Beşiktaş
8305373,83,Ricardo Quaresma,Beşiktaş
8305373,89,Vincent Aboubakar,Beşiktaş
8305373,10,Gonçalo Guedes,SL Benfica
8305373,25,Nélson Semedo,SL Benfica
8305373,31,Ljubomir Fejsa,SL Benfica
8305375,9,Artem Besedin,Dynamo Kiew
8305375,30,Andrey Yarmolenko,Dynamo Kiew
8305375,32,Vitaliy Buyalskiy,Dynamo Kiew
8305375,45,Derlis González,Dynamo Kiew
8305375,60,Sergiy Sydorchuk,Dynamo Kiew
8305375,77,Júnior Moraes,Dynamo Kiew
8305380,87,Raúl Jiménez,SL Benfica
8305380,60,José Callejón,SSC Neapel
8305380,79,Dries Mertens,SSC Neapel
8305391,3,Lionel Messi,FC Barcelona
8305391,27,Lionel Messi,FC Barcelona
8305391,50,Neymar,FC Barcelona
8305391,59,Iniesta,FC Barcelona
8305391,60,Lionel Messi,FC Barcelona
8305391,75,Luis Suárez,FC Barcelona
8305391,88,Luis Suárez,FC Barcelona
8305393,9,Kun Agüero,Manchester City
8305393,28,Kun Agüero,Manchester City
8305393,77,Kun Agüero,Manchester City
8305393,90,Kelechi Iheanacho,Manchester City
8305385,34,Thorgan Hazard,Bor. Mönchengladbach
8305385,65,Arda Turan,FC Barcelona
8305385,74,Piqué,FC Barcelona
8305389,3,Moussa Dembélé,Celtic Glasgow
8305389,47,Moussa Dembélé,Celtic Glasgow
8305389,12,Fernandinho,Manchester City
8305389,20,Raheem Sterling,Manchester City
8305389,28,Raheem Sterling,Manchester City
8305389,55,Nolito,Manchester City
8305387,57,Lars Stindl,Bor. Mönchengladbach
8305387,77,André Hahn,Bor. Mönchengladbach
8305392,17,Lionel Messi,FC Barcelona
8305392,61,Lionel Messi,FC Barcelona
8305392,69,Lionel Messi,FC Barcelona
8305392,89,Neymar,FC Barcelona
8305384,32,Lars Stindl,Bor. Mönchengladbach
8305384,76,Moussa Dembélé,Celtic Glasgow
8305395,39,İlkay Gündoğan,Manchester City
8305395,51,Kevin De Bruyne,Manchester City
8305395,74,İlkay Gündoğan,Manchester City
8305395,21,Lionel Messi,FC Barcelona
8305386,23,Raffael,Bor. Mönchengladbach
8305386,45,David Silva,Manchester City
8305388,24,Lionel Messi,FC Barcelona
8305388,55,Lionel Messi,FC Barcelona
8305390,16,Lionel Messi,FC Barcelona
8305390,50,Arda Turan,FC Barcelona
8305390,53,Arda Turan,FC Barcelona
8305390,67,Arda Turan,FC Barcelona
8305394,8,Kelechi Iheanacho,Manchester City
8305394,4,Patrick Roberts,Celtic Glasgow
8305400,28,Robert Lewandowski,Bayern München
8305400,45,Thomas Müller,Bayern München
8305400,53,Joshua Kimmich,Bayern München
8305400,60,Joshua Kimmich,Bayern München
8305400,90,Juan Bernat,Bayern München
8305405,43,Saúl,Atlético Madrid
8305396,35,Yannick Ferreira-Carrasco,Atlético Madrid
8305404,8,Dmitriy Poloz,FK Rostov
8305404,37,Dmitriy Poloz,FK Rostov
8305404,14,Davy Pröpper,PSV Eindhoven
8305404,45,Luuk de Jong,PSV Eindhoven
8305401,13,Thomas Müller,Bayern München
8305401,21,Joshua Kimmich,Bayern München
8305401,59,Robert Lewandowski,Bayern München
8305401,84,Arjen Robben,Bayern München
8305401,41,Luciano Narsingh,PSV Eindhoven
8305402,62,Yannick Ferreira-Carrasco,Atlético Madrid
8305397,28,Antoine Griezmann,Atlético Madrid
8305397,90,Antoine Griezmann,Atlético Madrid
8305397,30,Sardar Azmoun,FK Rostov
8305406,14,Santiago Arias,PSV Eindhoven
8305406,34,Robert Lewandowski,Bayern München
8305406,74,Robert Lewandowski,Bayern München
8305403,44,Sardar Azmoun,FK Rostov
8305403,50,Dmitriy Poloz,FK Rostov
8305403,67,Christian Noboa,FK Rostov
8305403,35,Douglas Costa,Bayern München
8305403,52,Juan Bernat,Bayern München
8305398,55,Kevin Gameiro,Atlético Madrid
8305398,66,Antoine Griezmann,Atlético Madrid
8305399,28,Robert Lewandowski,Bayern München
8305412,9,Admir Mehmedi,Bayer Leverkusen
8305412,15,Hakan Çalhanoğlu,Bayer Leverkusen
8305412,36,Alan Dzagoev,ZSKA Moskau
8305412,38,Roman Eremenko,ZSKA Moskau
8305417,45,Toby Alderweireld,Tottenham Hotspur
8305417,15,Bernardo Silva,AS Monaco
8305417,31,Thomas Lemar,AS Monaco
8305408,90,Kamil Glik,AS Monaco
8305408,74,Javier Hernández,Bayer Leverkusen
8305416,71,Heung-min Son,Tottenham Hotspur
8305414,34,Lacina Traoré,ZSKA Moskau
8305414,87,Bernardo Silva,AS Monaco
8305409,13,Valère Germain,AS Monaco
8305409,29,Radamel Falcao,AS Monaco
8305409,41,Radamel Falcao,AS Monaco
8305418,65,Kevin Kampl,Bayer Leverkusen
8305415,76,Bibras Natcho,ZSKA Moskau
8305415,16,Kevin Volland,Bayer Leverkusen
8305410,48,Djibril Sidibé,AS Monaco
8305410,53,Thomas Lemar,AS Monaco
8305410,52,Harry Kane,Tottenham Hotspur
8305411,30,Vladlen Yurchenko,Bayer Leverkusen
8305411,48,Julian Brandt,Bayer Leverkusen
8305411,82,Morgan De Sanctis,AS Monaco
8305419,38,Dele Alli,Tottenham Hotspur
8305419,45,Harry Kane,Tottenham Hotspur
8305419,33,Alan Dzagoev,ZSKA Moskau
8305419,77,Igor Akinfeev,ZSKA Moskau
8305423,7,Mario Götze,Borussia Dortmund
8305423,15,Sokratis Papastathopoulos,Borussia Dortmund
8305423,17,Bartra,Borussia Dortmund
8305423,51,Raphaël Guerreiro,Borussia Dortmund
8305423,76,Gonzalo Castro,Borussia Dortmund
8305423,87,Pierre-Emerick Aubameyang,Borussia Dortmund
8305428,89,Cristiano Ronaldo,Real Madrid
8305428,90,Morata,Real Madrid
8305428,48,Bruno César,Sporting CP
8305421,43,Pierre-Emerick Aubameyang,Borussia Dortmund
8305421,87,André Schürrle,Borussia Dortmund
8305421,17,Cristiano Ronaldo,Real Madrid
8305421,68,Raphaël Varane,Real Madrid
8305430,28,Bryan Ruiz,Sporting CP
8305430,37,Bas Dost,Sporting CP
8305427,16,Gareth Bale,Real Madrid
8305427,37,Marco Asensio,Real Madrid
8305427,68,Lucas Vázquez,Real Madrid
8305427,84,Morata,Real Madrid
8305427,20,Tomasz Jodłowiec,Legia Warschau
8305427,22,Miroslav Radović,Legia Warschau
8305429,67,Bruno César,Sporting CP
8305429,9,Pierre-Emerick Aubameyang,Borussia Dortmund
8305429,43,Julian Weigl,Borussia Dortmund
8305422,12,Adrián Ramos,Borussia Dortmund
8305424,40,Vadis Odjidja-Ofoe,Legia Warschau
8305424,58,Miroslav Radović,Legia Warschau
8305424,83,Thibault Moulin,Legia Warschau
8305424,1,Gareth Bale,Real Madrid
8305424,35,Karim Benzema,Real Madrid
8305424,85,Mateo Kovačić,Real Madrid
8305420,17,Shinji Kagawa,Borussia Dortmund
8305420,18,Shinji Kagawa,Borussia Dortmund
8305420,20,Nuri Şahin,Borussia Dortmund
8305420,29,Ousmane Dembélé,Borussia Dortmund
8305420,32,Marco Reus,Borussia Dortmund
8305420,52,Marco Reus,Borussia Dortmund
8305420,81,Felix Passlack,Borussia Dortmund
8305420,10,Aleksandar Prijović,Legia Warschau
8305420,24,Aleksandar Prijović,Legia Warschau
8305420,57,Michał Kucharczyk,Legia Warschau
8305420,83,Nemanja Nikolić,Legia Warschau
8305420,90,Jakub Rzeźniczak,Legia Warschau
8305431,80,Adrien Silva,Sporting CP
8305431,29,Raphaël Varane,Real Madrid
8305431,87,Karim Benzema,Real Madrid
8305425,30,Guilherme,Legia Warschau
8305426,28,Karim Benzema,Real Madrid
8305426,53,Karim Benzema,Real Madrid
8305426,60,Pierre-Emerick Aubameyang,Borussia Dortmund
8305426,88,Marco Reus,Borussia Dortmund
8305434,5,Marc Albrighton,Leicester City
8305434,29,Riyad Mahrez,Leicester City
8305434,61,Riyad Mahrez,Leicester City
8305439,13,Otávio,FC Porto
8305439,52,Andreas Cornelius,FC Kopenhagen
8305435,64,Thomas Delaney,FC Kopenhagen
8305435,69,Federico Santander,FC Kopenhagen
8305435,90,Mathias Jørgensen,FC Kopenhagen
8305435,53,Stefano Denswil,FC Brügge
8305443,25,Islam Slimani,Leicester City
8305433,12,Jelle Vossen,FC Brügge
8305433,68,Miguel Layún,FC Porto
8305433,90,André Silva,FC Porto
8305442,40,Riyad Mahrez,Leicester City
8305438,37,André Silva,FC Porto
8305441,5,Shinji Okazaki,Leicester City
8305441,30,Riyad Mahrez,Leicester City
8305441,52,José Izquierdo,FC Brügge
8305432,8,Brandon Mechele,FC Brügge
8305432,15,Mathias Jørgensen,FC Kopenhagen
8305440,6,André Silva,FC Porto
8305440,26,Jesús Corona,FC Porto
8305440,44,Yacine Brahimi,FC Porto
8305440,64,André Silva,FC Porto
8305440,77,Diogo Jota,FC Porto
8305450,13,Corentin Tolisso,Olympique Lyon
8305450,49,Jordan Ferri,Olympique Lyon
8305450,57,Maxwel Cornet,Olympique Lyon
8305444,24,Miralem Pjanić,Juventus Turin
8305444,31,Gonzalo Higuaín,Juventus Turin
8305444,57,Paulo Dybala,Juventus Turin
8305444,85,Dani Alves,Juventus Turin
8305455,53,Wissam Ben Yedder,Sevilla FC
8305446,37,Samir Nasri,Sevilla FC
8305451,76,Juan Cuadrado,Juventus Turin
8305448,13,Gonzalo Higuaín,Juventus Turin
8305448,84,Corentin Tolisso,Olympique Lyon
8305453,31,Luciano Vietto,Sevilla FC
8305453,66,Escudero,Sevilla FC
8305453,80,Steven NZonzi,Sevilla FC
8305453,87,Wissam Ben Yedder,Sevilla FC
8305445,72,Alexandre Lacazette,Olympique Lyon
8305454,9,Nicolás Pareja,Sevilla FC
8305454,45,Claudio Marchisio,Juventus Turin
8305454,84,Leonardo Bonucci,Juventus Turin
8305454,90,Mario Mandžukić,Juventus Turin
8305447,52,Gonzalo Higuaín,Juventus Turin
8305447,73,Daniele Rugani,Juventus Turin
8349665,48,Kostas Mitroglou,SL Benfica
8349673,18,Ángel Di María,Paris Saint-Germain
8349673,40,Julian Draxler,Paris Saint-Germain
8349673,55,Ángel Di María,Paris Saint-Germain
8349673,72,Edinson Cavani,Paris Saint-Germain
8349663,18,Karim Benzema,Real Madrid
8349663,49,Toni Kroos,Real Madrid
8349663,54,Casemiro,Real Madrid
8349663,8,Lorenzo Insigne,SSC Neapel
8349667,11,Arjen Robben,Bayern München
8349667,53,Robert Lewandowski,Bayern München
8349667,56,Thiago,Bayern München
8349667,63,Thiago,Bayern München
8349667,88,Thomas Müller,Bayern München
8349667,30,Alexis Sánchez,Arsenal FC
8349661,26,Raheem Sterling,Manchester City
8349661,58,Kun Agüero,Manchester City
8349661,71,Kun Agüero,Manchester City
8349661,77,John Stones,Manchester City
8349661,82,Leroy Sané,Manchester City
8349661,32,Radamel Falcao,AS Monaco
8349661,40,Kylian Mbappé,AS Monaco
8349661,61,Radamel Falcao,AS Monaco
8349671,48,Karim Bellarabi,Bayer Leverkusen
8349671,17,Saúl,Atlético Madrid
8349671,25,Antoine Griezmann,Atlético Madrid
8349671,59,Kevin Gameiro,Atlético Madrid
8349671,68,Stefan Savić,Atlético Madrid
8349671,86,Fernando Torres,Atlético Madrid
8349669,72,Marko Pjaca,Juventus Turin
8349669,74,Dani Alves,Juventus Turin
8349675,25,Pablo Sarabia,Sevilla FC
8349675,62,Joaquín Correa,Sevilla FC
8349675,73,Jamie Vardy,Leicester City
8349664,24,Dries Mertens,SSC Neapel
8349664,57,Dries Mertens,SSC Neapel
8349664,51,Sergio Ramos,Real Madrid
8349664,90,Morata,Real Madrid
8349668,20,Theo Walcott,Arsenal FC
8349668,55,Robert Lewandowski,Bayern München
8349668,68,Arjen Robben,Bayern München
8349668,78,Douglas Costa,Bayern München
8349668,80,Arturo Vidal,Bayern München
8349668,85,Arturo Vidal,Bayern München
8349666,4,Pierre-Emerick Aubameyang,Borussia Dortmund
8349666,59,Christian Pulisic,Borussia Dortmund
8349666,61,Pierre-Emerick Aubameyang,Borussia Dortmund
8349666,85,Pierre-Emerick Aubameyang,Borussia Dortmund
8349674,3,Luis Suárez,FC Barcelona
8349674,50,Lionel Messi,FC Barcelona
8349674,88,Neymar,FC Barcelona
8349674,90,Neymar,FC Barcelona
8349674,90,Sergi Roberto,FC Barcelona
8349674,40,Layvin Kurzawa,Paris Saint-Germain
8349674,62,Edinson Cavani,Paris Saint-Germain
8349670,42,Paulo Dybala,Juventus Turin
8349676,27,Wes Morgan,Leicester City
8349676,54,Marc Albrighton,Leicester City
8349662,8,Kylian Mbappé,AS Monaco
8349662,29,Fabinho,AS Monaco
8349662,77,Tiemoué Bakayoko,AS Monaco
8349662,71,Leroy Sané,Manchester City
8341286,7,Paulo Dybala,Juventus Turin
8341286,22,Paulo Dybala,Juventus Turin
8341286,55,Giorgio Chiellini,Juventus Turin
8304196,35,Sven Bender,Borussia Dortmund
8304196,57,Ousmane Dembélé,Borussia Dortmund
8304196,84,Shinji Kagawa,Borussia Dortmund
8304196,19,Kylian Mbappé,AS Monaco
8304196,79,Kylian Mbappé,AS Monaco
8304194,28,Antoine Griezmann,Atlético Madrid
8341285,25,Arturo Vidal,Bayern München
8341285,47,Cristiano Ronaldo,Real Madrid
8341285,77,Cristiano Ronaldo,Real Madrid
8304195,61,Jamie Vardy,Leicester City
8304195,26,Saúl,Atlético Madrid
8341287,76,Cristiano Ronaldo,Real Madrid
8341287,78,Sergio Ramos,Real Madrid
8341287,105,Cristiano Ronaldo,Real Madrid
8341287,110,Cristiano Ronaldo,Real Madrid
8341287,112,Marco Asensio,Real Madrid
8341287,53,Robert Lewandowski,Bayern München
8304197,3,Kylian Mbappé,AS Monaco
8304197,17,Radamel Falcao,AS Monaco
8304197,81,Valère Germain,AS Monaco
8304197,48,Marco Reus,Borussia Dortmund
8395812,10,Cristiano Ronaldo,Real Madrid
8395812,73,Cristiano Ronaldo,Real Madrid
8395812,86,Cristiano Ronaldo,Real Madrid
8395814,29,Gonzalo Higuaín,Juventus Turin
8395814,59,Gonzalo Higuaín,Juventus Turin
8395815,33,Mario Mandžukić,Juventus Turin
8395815,44,Dani Alves,Juventus Turin
8395815,69,Kylian Mbappé,AS Monaco
8395813,12,Saúl,Atlético Madrid
8395813,16,Antoine Griezmann,Atlético Madrid
8395813,42,Isco,Real Madrid
8304202,27,Mario Mandžukić,Juventus Turin
8304202,20,Cristiano Ronaldo,Real Madrid
8304202,61,Casemiro,Real Madrid
8304202,64,Cristiano Ronaldo,Real Madrid
8304202,90,Marco Asensio,Real Madrid
