GameID,Minute,Scorer,Team
8464180,35,Marouane Fellaini,Manchester United
8464180,53,Romelu Lukaku,Manchester United
8464180,84,Marcus Rashford,Manchester United
8464235,50,Haris Seferović,SL Benfica
8464235,63,Vitinho,ZSKA Moskau
8464235,71,Timur Zhamaletdinov,ZSKA Moskau
8464179,2,Michael Lang,FC Basel
8464179,20,Dimitri Oberlin,FC Basel
8464179,60,Ricky van Wolfswinkel,FC Basel
8464179,69,Dimitri Oberlin,FC Basel
8464179,76,Blas Riveros,FC Basel
8464232,90,Konstantin Kuchaev,ZSKA Moskau
8464232,4,Romelu Lukaku,Manchester United
8464232,19,Anthony Martial,Manchester United
8464232,27,Romelu Lukaku,Manchester United
8464232,57,Henrikh Mkhitaryan,Manchester United
8464162,64,Marcus Rashford,Manchester United
8464230,29,Taulant Xhaka,FC Basel
8464230,90,Dimitri Oberlin,FC Basel
8464163,78,Daley Blind,Manchester United
8464163,45,Mile Svilar,SL Benfica
8464231,32,Luca Zuffi,FC Basel
8464231,65,Alan Dzagoev,ZSKA Moskau
8464231,79,Pontus Wernbloom,ZSKA Moskau
8464234,13,Georgiy Shchennikov,ZSKA Moskau
8464234,56,Jardel,SL Benfica
8464181,89,Michael Lang,FC Basel
8464178,5,Mohamed Elyounoussi,FC Basel
8464178,65,Dimitri Oberlin,FC Basel
8464233,64,Romelu Lukaku,Manchester United
8464233,66,Marcus Rashford,Manchester United
8464233,45,Alan Dzagoev,ZSKA Moskau
8464174,12,Robert Lewandowski,Bayern München
8464174,65,Thiago,Bayern München
8464174,90,Joshua Kimmich,Bayern München
8464226,83,Mikael Lustig,Celtic Glasgow
8464226,19,Neymar,Paris Saint-Germain
8464226,34,Kylian Mbappé,Paris Saint-Germain
8464226,40,Edinson Cavani,Paris Saint-Germain
8464226,85,Edinson Cavani,Paris Saint-Germain
8464165,2,Dani Alves,Paris Saint-Germain
8464165,31,Edinson Cavani,Paris Saint-Germain
8464165,63,Neymar,Paris Saint-Germain
8464229,38,Leigh Griffiths,Celtic Glasgow
8464229,50,Patrick Roberts,Celtic Glasgow
8464229,90,Scott Sinclair,Celtic Glasgow
8464177,3,Kylian Mbappé,Paris Saint-Germain
8464177,44,Edinson Cavani,Paris Saint-Germain
8464177,66,Neymar,Paris Saint-Germain
8464177,88,Ángel Di María,Paris Saint-Germain
8464224,17,Thomas Müller,Bayern München
8464224,29,Joshua Kimmich,Bayern München
8464224,51,Mats Hummels,Bayern München
8464176,30,Marco Verratti,Paris Saint-Germain
8464176,45,Neymar,Paris Saint-Germain
8464176,52,Layvin Kurzawa,Paris Saint-Germain
8464176,72,Layvin Kurzawa,Paris Saint-Germain
8464176,78,Layvin Kurzawa,Paris Saint-Germain
8464225,74,Callum McGregor,Celtic Glasgow
8464225,22,Kingsley Coman,Bayern München
8464225,77,Javi Martínez,Bayern München
8464175,63,Sofiane Hanni,RSC Anderlecht
8464175,51,Robert Lewandowski,Bayern München
8464175,77,Corentin Tolisso,Bayern München
8464227,9,Neymar,Paris Saint-Germain
8464227,22,Neymar,Paris Saint-Germain
8464227,28,Edinson Cavani,Paris Saint-Germain
8464227,35,Kylian Mbappé,Paris Saint-Germain
8464227,75,Marco Verratti,Paris Saint-Germain
8464227,79,Edinson Cavani,Paris Saint-Germain
8464227,80,Dani Alves,Paris Saint-Germain
8464227,1,Moussa Dembélé,Celtic Glasgow
8464164,8,Robert Lewandowski,Bayern München
8464164,37,Corentin Tolisso,Bayern München
8464164,69,Corentin Tolisso,Bayern München
8464164,50,Kylian Mbappé,Paris Saint-Germain
8464228,62,Jozo Šimunović,Celtic Glasgow
8464216,5,Pedro,Chelsea FC
8464216,30,Davide Zappacosta,Chelsea FC
8464216,55,Azpilicueta,Chelsea FC
8464216,71,Tiemoué Bakayoko,Chelsea FC
8464216,76,Michy Batshuayi,Chelsea FC
8464216,82,Maksim Medvedev,Qarabağ FK
8464213,28,Pedro Henrique,Qarabağ FK
8464213,7,Kostas Manolas,AS Rom
8464213,15,Edin Džeko,AS Rom
8464161,40,Antoine Griezmann,Atlético Madrid
8464161,60,Morata,Chelsea FC
8464161,90,Michy Batshuayi,Chelsea FC
8464194,11,David Luiz,Chelsea FC
8464194,37,Eden Hazard,Chelsea FC
8464194,75,Eden Hazard,Chelsea FC
8464194,40,Aleksandar Kolarov,AS Rom
8464194,64,Edin Džeko,AS Rom
8464194,70,Edin Džeko,AS Rom
8464195,1,Stephan El Shaarawy,AS Rom
8464195,36,Stephan El Shaarawy,AS Rom
8464195,63,Diego Perotti,AS Rom
8464214,56,Thomas Partey,Atlético Madrid
8464214,40,Míchel,Qarabağ FK
8464217,21,Eden Hazard,Chelsea FC
8464217,36,Willian,Chelsea FC
8464217,73,Cesc Fàbregas,Chelsea FC
8464217,85,Willian,Chelsea FC
8464196,69,Antoine Griezmann,Atlético Madrid
8464196,86,Kevin Gameiro,Atlético Madrid
8464160,56,Saúl,Atlético Madrid
8464160,75,Stefan Savić,Atlético Madrid
8464212,53,Diego Perotti,AS Rom
8464173,45,Lionel Messi,FC Barcelona
8464173,56,Ivan Rakitić,FC Barcelona
8464173,69,Lionel Messi,FC Barcelona
8464203,89,Felipe Pardo,Olympiakos Piräus
8464203,90,Felipe Pardo,Olympiakos Piräus
8464203,2,Seydou Doumbia,Sporting CP
8464203,13,Gelson Martins,Sporting CP
8464203,43,Bruno Fernandes,Sporting CP
8464202,69,Gonzalo Higuaín,Juventus Turin
8464202,80,Mario Mandžukić,Juventus Turin
8464237,49,Sebastián Coates,Sporting CP
8464204,61,Lionel Messi,FC Barcelona
8464204,64,Lucas Digne,FC Barcelona
8464204,18,Dimitrios Nikolaou,Olympiakos Piräus
8464204,90,Dimitrios Nikolaou,Olympiakos Piräus
8464238,12,Alex Sandro,Juventus Turin
8464238,29,Miralem Pjanić,Juventus Turin
8464238,84,Mario Mandžukić,Juventus Turin
8464239,20,Bruno César,Sporting CP
8464239,79,Gonzalo Higuaín,Juventus Turin
8464241,40,Bas Dost,Sporting CP
8464241,43,Bruno César,Sporting CP
8464241,66,Bas Dost,Sporting CP
8464241,86,Vadis Odjidja-Ofoe,Olympiakos Piräus
8464236,59,Paco Alcácer,FC Barcelona
8464236,90,Jérémy Mathieu,Sporting CP
8464240,15,Juan Cuadrado,Juventus Turin
8464240,90,Federico Bernardeschi,Juventus Turin
8464189,21,Roberto Firmino,Liverpool FC
8464189,37,Mohamed Salah,Liverpool FC
8464189,5,Wissam Ben Yedder,Sevilla FC
8464189,72,Joaquín Correa,Sevilla FC
8464246,85,Damjan Bohar,NK Maribor
8464246,59,Aleksandr Samedov,Spartak Moskau
8464186,23,Fernando,Spartak Moskau
8464186,31,Coutinho,Liverpool FC
8464245,27,Wissam Ben Yedder,Sevilla FC
8464245,38,Wissam Ben Yedder,Sevilla FC
8464245,83,Wissam Ben Yedder,Sevilla FC
8464168,18,Quincy Promes,Spartak Moskau
8464168,58,Lorenzo Melgarejo,Spartak Moskau
8464168,67,Denis Glushakov,Spartak Moskau
8464168,74,Luiz Adriano,Spartak Moskau
8464168,90,Quincy Promes,Spartak Moskau
8464168,30,Simon Kjær,Sevilla FC
8464243,4,Roberto Firmino,Liverpool FC
8464243,13,Coutinho,Liverpool FC
8464243,19,Mohamed Salah,Liverpool FC
8464243,40,Mohamed Salah,Liverpool FC
8464243,54,Roberto Firmino,Liverpool FC
8464243,86,Alex Oxlade-Chamberlain,Liverpool FC
8464243,90,Trent Alexander-Arnold,Liverpool FC
8464169,30,Clément Lenglet,Sevilla FC
8464169,59,Éver Banega,Sevilla FC
8464169,78,Zé Luís,Spartak Moskau
8464242,49,Mohamed Salah,Liverpool FC
8464242,64,Emre Can,Liverpool FC
8464242,90,Daniel Sturridge,Liverpool FC
8464247,82,Zé Luís,Spartak Moskau
8464247,90,Jasmin Mešanović,NK Maribor
8464188,51,Wissam Ben Yedder,Sevilla FC
8464188,60,Wissam Ben Yedder,Sevilla FC
8464188,90,Guido Pizarro,Sevilla FC
8464188,2,Roberto Firmino,Liverpool FC
8464188,22,Sadio Mané,Liverpool FC
8464188,30,Roberto Firmino,Liverpool FC
8464187,4,Coutinho,Liverpool FC
8464187,15,Coutinho,Liverpool FC
8464187,19,Roberto Firmino,Liverpool FC
8464187,47,Sadio Mané,Liverpool FC
8464187,50,Coutinho,Liverpool FC
8464187,76,Sadio Mané,Liverpool FC
8464187,86,Mohamed Salah,Liverpool FC
8464244,10,Marcos Tavares,NK Maribor
8464244,75,Ganso,Sevilla FC
8464198,15,Taison,Schachtar Donezk
8464198,58,Facundo Ferreyra,Schachtar Donezk
8464198,72,Arkadiusz Milik,SSC Neapel
8464218,2,John Stones,Manchester City
8464218,10,Kun Agüero,Manchester City
8464218,25,Gabriel Jesus,Manchester City
8464218,63,John Stones,Manchester City
8464167,48,Kevin De Bruyne,Manchester City
8464167,90,Raheem Sterling,Manchester City
8464223,7,Lorenzo Insigne,SSC Neapel
8464223,49,Dries Mertens,SSC Neapel
8464223,70,José Callejón,SSC Neapel
8464223,90,Sofyan Amrabat,Feyenoord Rotterdam
8464200,9,Raheem Sterling,Manchester City
8464200,13,Gabriel Jesus,Manchester City
8464200,73,Amadou Diawara,SSC Neapel
8464220,8,Steven Berghuis,Feyenoord Rotterdam
8464220,24,Bernard,Schachtar Donezk
8464220,54,Bernard,Schachtar Donezk
8464201,21,Lorenzo Insigne,SSC Neapel
8464201,62,Jorginho,SSC Neapel
8464201,34,Nicolás Otamendi,Manchester City
8464201,48,John Stones,Manchester City
8464201,69,Kun Agüero,Manchester City
8464201,90,Raheem Sterling,Manchester City
8464221,14,Facundo Ferreyra,Schachtar Donezk
8464221,17,Marlos,Schachtar Donezk
8464221,68,Marlos,Schachtar Donezk
8464221,12,Nicolai Jørgensen,Feyenoord Rotterdam
8464199,56,Lorenzo Insigne,SSC Neapel
8464199,81,Piotr Zieliński,SSC Neapel
8464199,83,Dries Mertens,SSC Neapel
8464219,88,Raheem Sterling,Manchester City
8464166,26,Bernard,Schachtar Donezk
8464166,32,Ismaily,Schachtar Donezk
8464166,90,Kun Agüero,Manchester City
8464222,33,Nicolai Jørgensen,Feyenoord Rotterdam
8464222,90,Jerry St. Juste,Feyenoord Rotterdam
8464222,2,Piotr Zieliński,SSC Neapel
8464184,13,Anderson Talisca,Beşiktaş
8464184,21,Duško Tošić,Beşiktaş
8464184,28,Cenk Tosun,Beşiktaş
8464184,86,Ryan Babel,Beşiktaş
8464211,32,Emil Forsberg,RB Leipzig
8464211,34,Youri Tielemans,AS Monaco
8464158,31,Vincent Aboubakar,FC Porto
8464158,69,Vincent Aboubakar,FC Porto
8464158,89,Miguel Layún,FC Porto
8464208,11,Ryan Babel,Beşiktaş
8464208,43,Anderson Talisca,Beşiktaş
8464182,30,Radamel Falcao,AS Monaco
8464182,34,Cenk Tosun,Beşiktaş
8464182,54,Cenk Tosun,Beşiktaş
8464207,8,Willi Orban,RB Leipzig
8464207,38,Emil Forsberg,RB Leipzig
8464207,41,Jean-Kévin Augustin,RB Leipzig
8464207,18,Vincent Aboubakar,FC Porto
8464207,44,Marcano,FC Porto
8464183,54,Cenk Tosun,Beşiktaş
8464183,45,Rony Lopes,AS Monaco
8464206,13,Héctor Herrera,FC Porto
8464206,61,Danilo,FC Porto
8464206,90,Maxi Pereira,FC Porto
8464206,48,Timo Werner,RB Leipzig
8464185,41,Anderson Talisca,Beşiktaş
8464185,29,Felipe Monteiro,FC Porto
8464210,6,Jemerson,AS Monaco
8464210,43,Radamel Falcao,AS Monaco
8464210,9,Timo Werner,RB Leipzig
8464210,31,Timo Werner,RB Leipzig
8464210,45,Naby Keïta,RB Leipzig
8464159,9,Vincent Aboubakar,FC Porto
8464159,33,Vincent Aboubakar,FC Porto
8464159,45,Yacine Brahimi,FC Porto
8464159,65,Alex Telles,FC Porto
8464159,88,Francisco Soares,FC Porto
8464159,61,Kamil Glik,AS Monaco
8464159,78,Radamel Falcao,AS Monaco
8464209,87,Naby Keïta,RB Leipzig
8464209,10,Álvaro Negredo,Beşiktaş
8464209,90,Anderson Talisca,Beşiktaş
8464193,4,Heung-min Son,Tottenham Hotspur
8464193,15,Harry Kane,Tottenham Hotspur
8464193,60,Harry Kane,Tottenham Hotspur
8464193,11,Andrey Yarmolenko,Borussia Dortmund
8464251,12,Cristiano Ronaldo,Real Madrid
8464251,51,Cristiano Ronaldo,Real Madrid
8464251,61,Sergio Ramos,Real Madrid
8464171,54,Pierre-Emerick Aubameyang,Borussia Dortmund
8464171,18,Gareth Bale,Real Madrid
8464171,50,Cristiano Ronaldo,Real Madrid
8464171,79,Cristiano Ronaldo,Real Madrid
8464252,39,Harry Kane,Tottenham Hotspur
8464252,62,Harry Kane,Tottenham Hotspur
8464252,67,Harry Kane,Tottenham Hotspur
8464190,28,Raphaël Varane,Real Madrid
8464190,43,Cristiano Ronaldo,Real Madrid
8464249,62,Mickaël Poté,APOEL Nikosia
8464249,67,Sokratis Papastathopoulos,Borussia Dortmund
8464191,27,Dele Alli,Tottenham Hotspur
8464191,56,Dele Alli,Tottenham Hotspur
8464191,65,Christian Eriksen,Tottenham Hotspur
8464191,80,Cristiano Ronaldo,Real Madrid
8464248,29,Raphaël Guerreiro,Borussia Dortmund
8464248,51,Mickaël Poté,APOEL Nikosia
8464192,31,Pierre-Emerick Aubameyang,Borussia Dortmund
8464192,49,Harry Kane,Tottenham Hotspur
8464192,76,Heung-min Son,Tottenham Hotspur
8464250,23,Luka Modrić,Real Madrid
8464250,39,Karim Benzema,Real Madrid
8464250,41,Nacho,Real Madrid
8464250,45,Karim Benzema,Real Madrid
8464250,49,Cristiano Ronaldo,Real Madrid
8464250,54,Cristiano Ronaldo,Real Madrid
8464170,8,Borja Mayoral,Real Madrid
8464170,12,Cristiano Ronaldo,Real Madrid
8464170,81,Lucas Vázquez,Real Madrid
8464170,43,Pierre-Emerick Aubameyang,Borussia Dortmund
8464170,49,Pierre-Emerick Aubameyang,Borussia Dortmund
8464253,20,Llorente,Tottenham Hotspur
8464253,37,Heung-min Son,Tottenham Hotspur
8464253,80,Georges-Kévin NKoudou,Tottenham Hotspur
8558469,2,Gonzalo Higuaín,Juventus Turin
8558469,9,Gonzalo Higuaín,Juventus Turin
8558469,35,Harry Kane,Tottenham Hotspur
8558469,71,Christian Eriksen,Tottenham Hotspur
8558471,14,İlkay Gündoğan,Manchester City
8558471,18,Bernardo Silva,Manchester City
8558471,23,Kun Agüero,Manchester City
8558471,53,İlkay Gündoğan,Manchester City
8558473,25,Sadio Mané,Liverpool FC
8558473,29,Mohamed Salah,Liverpool FC
8558473,53,Sadio Mané,Liverpool FC
8558473,69,Roberto Firmino,Liverpool FC
8558473,85,Sadio Mané,Liverpool FC
8558477,45,Cristiano Ronaldo,Real Madrid
8558477,83,Cristiano Ronaldo,Real Madrid
8558477,86,Marcelo,Real Madrid
8558477,33,Adrien Rabiot,Paris Saint-Germain
8558481,62,Willian,Chelsea FC
8558481,75,Lionel Messi,FC Barcelona
8558483,43,Thomas Müller,Bayern München
8558483,53,Kingsley Coman,Bayern München
8558483,66,Thomas Müller,Bayern München
8558483,79,Robert Lewandowski,Bayern München
8558483,88,Robert Lewandowski,Bayern München
8558479,52,Facundo Ferreyra,Schachtar Donezk
8558479,71,Fred,Schachtar Donezk
8558479,41,Cengiz Ünder,AS Rom
8558478,71,Edinson Cavani,Paris Saint-Germain
8558478,51,Cristiano Ronaldo,Real Madrid
8558478,80,Casemiro,Real Madrid
8558470,39,Heung-min Son,Tottenham Hotspur
8558470,64,Gonzalo Higuaín,Juventus Turin
8558470,67,Paulo Dybala,Juventus Turin
8558472,8,Gabriel Jesus,Manchester City
8558472,17,Mohamed Elyounoussi,FC Basel
8558472,71,Michael Lang,FC Basel
8558476,84,Romelu Lukaku,Manchester United
8558476,74,Wissam Ben Yedder,Sevilla FC
8558476,78,Wissam Ben Yedder,Sevilla FC
8558480,52,Edin Džeko,AS Rom
8558484,46,Gökhan Gönül,Beşiktaş
8558484,59,Vágner Love,Beşiktaş
8558484,18,Thiago,Bayern München
8558484,84,Sandro Wagner,Bayern München
8558482,3,Lionel Messi,FC Barcelona
8558482,20,Ousmane Dembélé,FC Barcelona
8558482,63,Lionel Messi,FC Barcelona
8676890,31,Pablo Sarabia,Sevilla FC
8676890,37,Jesús Navas,Sevilla FC
8676890,68,Thiago,Bayern München
8676892,3,Cristiano Ronaldo,Real Madrid
8676892,64,Cristiano Ronaldo,Real Madrid
8676892,72,Marcelo,Real Madrid
8676888,59,Piqué,FC Barcelona
8676888,87,Luis Suárez,FC Barcelona
8676888,38,Daniele De Rossi,AS Rom
8676888,55,Kostas Manolas,AS Rom
8676888,80,Edin Džeko,AS Rom
8676894,12,Mohamed Salah,Liverpool FC
8676894,21,Alex Oxlade-Chamberlain,Liverpool FC
8676894,31,Sadio Mané,Liverpool FC
8676889,6,Edin Džeko,AS Rom
8676889,58,Daniele De Rossi,AS Rom
8676889,82,Kostas Manolas,AS Rom
8676895,2,Gabriel Jesus,Manchester City
8676895,56,Mohamed Salah,Liverpool FC
8676895,77,Roberto Firmino,Liverpool FC
8676893,90,Cristiano Ronaldo,Real Madrid
8676893,2,Mario Mandžukić,Juventus Turin
8676893,37,Mario Mandžukić,Juventus Turin
8676893,61,Blaise Matuidi,Juventus Turin
8535185,36,Mohamed Salah,Liverpool FC
8535185,45,Mohamed Salah,Liverpool FC
8535185,56,Sadio Mané,Liverpool FC
8535185,61,Roberto Firmino,Liverpool FC
8535185,69,Roberto Firmino,Liverpool FC
8535185,81,Edin Džeko,AS Rom
8535185,85,Diego Perotti,AS Rom
8402720,28,Joshua Kimmich,Bayern München
8402720,44,Marcelo,Real Madrid
8402720,57,Marco Asensio,Real Madrid
8402721,11,Karim Benzema,Real Madrid
8402721,46,Karim Benzema,Real Madrid
8402721,3,Joshua Kimmich,Bayern München
8402721,63,James Rodríguez,Bayern München
8535186,52,Edin Džeko,AS Rom
8535186,86,Radja Nainggolan,AS Rom
8535186,90,Radja Nainggolan,AS Rom
8535186,9,Sadio Mané,Liverpool FC
8535186,15,James Milner,Liverpool FC
8535186,25,Georginio Wijnaldum,Liverpool FC
8402722,51,Karim Benzema,Real Madrid
8402722,64,Gareth Bale,Real Madrid
8402722,83,Gareth Bale,Real Madrid
8402722,55,Sadio Mané,Liverpool FC
