GameID,Player1Home,Player2Home,Player3Home,Player4Home,Player5Home,Player6Home,Player7Home,Player8Home,Player9Home,Player10Home,Player11Home,Player1Away,Player2Away,Player3Away,Player4Away,Player5Away,Player6Away,Player7Away,Player8Away,Player9Away,Player10Away,Player11Away,Bench1Home,Bench2Home,Bench3Home,Bench4Home,Bench5Home,Bench6Home,Bench7Home,Bench8Home,Bench9Home,Bench10Home,Bench11Home,Bench12Home,Bench1Away,Bench2Away,Bench3Away,Bench4Away,Bench5Away,Bench6Away,Bench7Away,Bench8Away,Bench9Away,Bench10Away,Bench11Away,Bench12Away
8280043,Björn Bussmann,Colo,Noel Alonso,Pelayo Castañón,Súper,Iván Fernández,Jaime Álvarez,Richard,Roni,Ernesto,Quero,Aurreko,Andrés,Dani Gómez,Jorge,Ramiro,Armiche,Carlos Ramos,Cusidor,Jorge Fernández,Adrián Hernández,Diego Suárez,Alberto Saavedra,Annunziata,Chechu,Cristian,David González,Javi Sánchez,Óscar Pérez,None,None,None,None,None,Fito Miranda,Javi Duro,Montero,Pérez,Prosi,Sergio Esteban,Toni,None,None,None,None,None
8280056,Alexis Rodríguez,Lasierra,Molina,Serrano,Gorgas,Ginés,Ibra,Joaquín,Piñero,Víctor,Lobo,Iván Buigues,Dalmau,Fernando,Paco Peña,Pol Bueso,Checa,Javi Flores,José Gaspar,Juanma,Álvaro Salinas,David Mainz,Sopena,David Montañéz,Gonzalo Val,Jorge,Santi Rubio,None,None,None,None,None,None,None,Álex Pérez,Chema,Nieto,Emmanuel Omgba,Pedro Inglés,None,None,None,None,None,None,None
8280044,None,None,None,None,None,None,None,None,None,None,None,None,None,None,None,None,None,None,None,None,None,None,None,None,None,None,None,None,None,None,None,None,None,None,None,None,None,None,None,None,None,None,None,None,None,None
8280042,Rodri Iglesias,Jimmy,Mateo,Pablo Crespo,Soto,Borja Yebra,Gonzalo,Herbert,Pablo Pillado,Juampa Barros,Rivera,Royo,Álvaro Pérez,Ayala,Jonathan Martín,Adriá,Aitor Aspas,Carles,Jorge Juliá,Néstor Gordillo,Raúl,Antonio Pino,Jorge Cano,Marcos Álvarez,Pato Guillén,Pedro Beda,Romay,None,None,None,None,None,None,None,Ángel Sánchez,Carlos Morales,Michael Fernández,Jonxa,Manu Dimas,None,None,None,None,None,None,None
8280048,None,None,None,None,None,None,None,None,None,None,None,None,None,None,None,None,None,None,None,None,None,None,None,None,None,None,None,None,None,None,None,None,None,None,None,None,None,None,None,None,None,None,None,None,None,None
8280049,Jon Villanueva,Baqué,González,Iñaki Olaortua,Mikel Méndez,Morgado,Javi Moreno,Seguín,Dani Hernández,Muniozguren,Koldo Obieta,Kevin,Alex Jiménez,Álvaro Marín,Juanito,Zurdo,Alonso Cosío,Jesús García,Joseba Garmendia,Sergio Narváez,Álvaro,Diego Sánchez,Aitor Castro,Angoitia,Ibrahima Dieng,Eriz,Alec Fiddes,None,None,None,None,None,None,None,Álex Cortell,Jacinto,Javi López,Ramón,Salva,None,None,None,None,None,None,None
8280051,Marcos,Ángel Ortega,Marc Trilles,Óscar López,Isaac Puig,Quique Ferreres,Isaac Puig,Quique Ferreres,David Fas,Javi Rubio,Javi Serra,Meseguer,Javi Rubio,Javi Serra,Meseguer,Esteve,Esteve,Marcos Contreras,Dailos,Kiko,Fernando Liñán,Goku,Iñigo Sebastián,Juan Antonio,Manu Amores,Willy,Gabri Gómez,Agustín Ojeda,Adrián Lluna,Adrián Lois,Fran Gámez,Jorge Méndez,Adrián Lluna,Adrián Lois,Fran Gámez,Jorge Méndez,Biao Deng,None,None,None,Carlos Larrá,Carlos Pérez,Lolo,Maikel,Adrián Bojan,None
8280045,None,None,None,None,None,None,None,None,None,None,None,None,None,None,None,None,None,None,None,None,None,None,None,None,None,None,None,None,None,None,None,None,None,None,None,None,None,None,None,None,None,None,None,None,None,None
8280046,None,None,None,None,None,None,None,None,None,None,None,None,None,None,None,None,None,None,None,None,None,None,None,None,None,None,None,None,None,None,None,None,None,None,None,None,None,None,None,None,None,None,None,None,None,None
8280052,None,None,None,None,None,None,None,None,None,None,None,None,None,None,None,None,None,None,None,None,None,None,None,None,None,None,None,None,None,None,None,None,None,None,None,None,None,None,None,None,None,None,None,None,None,None
8280058,Irazusta,Arnáez,Óscar Pérez,Xabi Etxebarria,Xabi Galán,Álvaro Garrido,Deco,Alberto Oca,Cerrajería,Ander Vitoria,Yurrebaso,Barandiarán,Adrián Celador,Asier Iriondo,Ibai,Mikel Garmendia,Andoitz Galdós,Arman,Mikel Degre,Eneko Iriondo,Julen Huidobro,Julen Uriguen,Gaizka Campos,Ito,Juaristi,Primi,Candela,None,None,None,None,None,None,None,Ander Garmendia,Julen Iriarte,Gaizka Larrazabal,Azpillaga,Etxaniz,None,None,None,None,None,None,None
8280053,None,None,None,None,None,None,None,None,None,None,None,None,None,None,None,None,None,None,None,None,None,None,None,None,None,None,None,None,None,None,None,None,None,None,None,None,None,None,None,None,None,None,None,None,None,None
8280055,None,None,None,None,None,None,None,None,None,None,None,None,None,None,None,None,None,None,None,None,None,None,None,None,None,None,None,None,None,None,None,None,None,None,None,None,None,None,None,None,None,None,None,None,None,None
8280041,Sergio García,Nano,Maceira,Velayos,Víctor Vázquez,Álex Felip,Bicho,Brais,Sergio Martín,Joselu,Julio Delgado,Miguel,Pistu,Saúl,Esteban Griñón,Viti,Juan De La Nava,Juanan,Diego Ortiz,Álex Caramelo,Revi,Sopale,Bandera,Catalá,Cruz,Ian Mackay,Pablo Rey,None,None,None,None,None,None,None,Iñaki,Jarabo,Raly,Sergio Barbero,Tomás González,None,None,None,None,None,None,None
8280050,None,None,None,None,None,None,None,None,None,None,None,None,None,None,None,None,None,None,None,None,None,None,None,None,None,None,None,None,None,None,None,None,None,None,None,None,None,None,None,None,None,None,None,None,None,None
8280057,None,None,None,None,None,None,None,None,None,None,None,None,None,None,None,None,None,None,None,None,None,None,None,None,None,None,None,None,None,None,None,None,None,None,None,None,None,None,None,None,None,None,None,None,None,None
8280047,None,None,None,None,None,None,None,None,None,None,None,None,None,None,None,None,None,None,None,None,None,None,None,None,None,None,None,None,None,None,None,None,None,None,None,None,None,None,None,None,None,None,None,None,None,None
8280054,None,None,None,None,None,None,None,None,None,None,None,None,None,None,None,None,None,None,None,None,None,None,None,None,None,None,None,None,None,None,None,None,None,None,None,None,None,None,None,None,None,None,None,None,None,None
8280065,Roberto,Carlos Moreno,Aurtenetxe,Ruymán,Maikel Mesa,Álvaro Bustos,Néstor,Javi Hervás,Rúper,Sangalli,Abdón,Germán,José Ángel,Pelegrín,Urtzi Iriondo,Lolo,Luis Pérez,Pelayo,Álex,Hugo Fraile,Guillermo,Liberto Beltrán,Eguaras,Fofo,Guarrotxena,Gorka Kijera,Pedro Martín,Sergio Pérez,Provencio,None,None,None,None,None,Juan Carlos,Dorca,Josete,Nino,Noblejas,Pedro,Leomar Pinto,None,None,None,None,None
8280064,Roberto,Serge Leuko,Marcelo,Carlos Hernández,Dealbert,Jordi Calavera,Igor Martínez,Fernando Seoane,Campillo,Yelko,Iriome,Falcón,Germán,Samuel Camille,Alberto,Jorge,Raúl Cámara,Vitolo,Omar Perdomo,Aitor Sanz,Álex García,Amath Diedhiou,Zacharie Enguene,Sergio Gil,Joselu,José Juan,Manu,Pedraza,Brayan Perea,None,None,None,None,None,Marc Crosas,Galván,Cristo,Aarón,Giovanni Rodríguez,Carlos Ruiz,Suso Santana,None,None,None,None,None
8280061,Julián Cuesta,Isidoro,Álex Quintanilla,Josema,Iago Díaz,Corona,José Ángel,Iván Sánchez,Joaquín,Quique,Juanjo,Paulo Gazzaniga,Galán,Amaya,Dorado,Johan Mojica,Diego Aguirre,Akieme,Patrick Ebert,Santi Comesaña,Manucho,Pablo Clavería,Albert Batalla,Chuli,Javi Moreno,Morcillo,Puertas,Jesús Sillero,Antonio Navas,None,None,None,None,None,Fran Beltrán,Zé Castro,Embarba,Javi Guerra,Quini,Toño,Bruno Zuculini,None,None,None,None,None
8280066,Pagola,Ander Gayoso,Corral,Delgado,Lalaguna,Ardanaz,Chema Mato,Íñigo Ros,Ion Vélez,Javi Cabezas,Óscar Vega,Manu López,Alberto Fernández,Ezequiel,Jesús Muñoz,José Romero,Antonio Domínguez,Carlos García,Carri,José Antonio Parada,Sana NDiaye,Paolo Etamané,Aser Alves,Miguel Mendióroz,Nandi,Pablo,Pau Franch,None,None,None,None,None,None,None,Borja Jiménez,Marcelo,Mawi,Pedro López,Samuel Ayala,None,None,None,None,None,None,None
8280073,Héctor Pizana,Álvaro Arroyo,Ángel Moreno,Mickaël Gaffoor,Aketxe,Diego Manzano,Eloy Gila,Fran Carnicer,Marc Rovirola,Lado Mokhevishvili,Héctor Hernández,Vicent Company,Aguiar,Bergara,Eneko Zabaleta,Ian Uranga,Ibón Díez,Borja Díaz,Nacho Matador,Zumalakarregi,Pruden,Ubis,Aridane Santana,Dani Rodríguez,Galas,Josan,Tomeu Nadal,None,None,None,None,None,None,None,Aitor Ramos,Chopi,Héctor Escrich,Nano,Txemi Talledo,None,None,None,None,None,None,None
8327549,Björn Bussmann,Colo,Noel Alonso,Pelayo Castañón,Súper,Annunziata,David González,Iván Fernández,Óscar Pérez,Roni,Quero,Álvaro Campos,Óscar Rubio,Xavi Quintillà,Christian Alfonso,Cristian Gómez,Fran Moreno,Indiano,José Luis Valiente,Miki,Noel Carbonell,Guillem,Alberto Saavedra,Chechu,Cristian,Jaime Álvarez,Richard,None,None,None,None,None,None,None,Carlos Doncel,Cristian,Javi Casares,Mateo,Mia Guasch,None,None,None,None,None,None,None
8280070,Stole Dimitrievski,Iago Bouzón,Daisuke Suzuki,Lopo García,Wilfried Zahibo,José Carlos,Muñiz,Elvir Maloku,Cordero,Moha,Ferrán,Aitor Fernández,Ripa,Carlos,Orfila,Pedraza,Escassi,Ruiz de Galarreta,Pablo Valcarce,Eneko Capilla,Manu del Moral,Nacho,Daniel Ojeda,Juan Delgado,Gerard Valentín,José Perales,Mossa,Sergio Tejera,Xavi Molina,None,None,None,None,None,Javier Acuña,Julio Álvarez,Alexander Callens,Iñigo Pérez,Marc,Munir Mohamedi,Unai Medina,None,None,None,None,None
8327551,Marcos Contreras,Dailos,Javi Rosa,Kiko,Fernando Liñán,Goku,Iñigo Sebastián,Juan Antonio,Maikel,Gabri Gómez,Agustín Ojeda,Dorronsoro,Borja,Mikel,Sergio,Antonio López,Borja,Carlos Martínez,Gonzalo Poley,Haritz Albisua,Samu,Manuel Onwu,Carlos Larrá,Carlos Pérez,Lolo,Manu Amores,Isaac Moya,None,None,None,None,None,None,None,Chumbi,David Robador,Javi López,Pina,Urko Arroyo,None,None,None,None,None,None,None
8280063,Jesús Fernández,Servando,Oliván,Khalifa Sankaré,Juanjo,Garrido,Rubén Cruz,Nico,Rafidine Abdullah,Güiza,Aitor García,Raúl,Iván López,Toño García,Róber,Esteban Saveljić,Verza,Jefferson Lerma,Rubén García,Rafael,Víctor Casadesús,Paco Montañés,Abel,Aridane,Alberto,Álvaro García,Gorka Santamaria,Eddy Silvestre,Salvi,None,None,None,None,None,Campaña,Javi Espinosa,Koke,Pedro López,Roger,Morales,Sergio Postigo,None,None,None,None,None
8280071,Royo,Álvaro Pérez,Héctor,Aitor Aspas,Carles,Jonxa,Jorge Juliá,Luque,Néstor Gordillo,Raúl,Antonio Pino,Nabar De Haro,Aitor Morcillo,Gaizka Martínez,Jon García,Tarantino,Iñigo Barrenetxea,Magdaleno,Yanis Rahmani,Josu Santamaría,Leandro Martínez,Toril,Carlos Morales,Michael Fernández,Jonathan Martín,Manu Dimas,Pepe Carmona,None,None,None,None,None,None,None,Jon Etxaburu,Juan Martín,Magunazelaia,Mier,Rodri,None,None,None,None,None,None,None
8280069,Raúl,Julen Castañeda,Córcoles,Mikel Santamaría,Samuel Llorca,Álvaro Peña,Borja Granero,Héber,Óscar,Caye Quintana,Dani Aquino,Nico Ratti,Albarrán,Eloi Zamorano,Samuel,Albert Vivancos,Colorado,Sebastián Setti,Soufiane Jebari,Masó,Carlos Cano,Robert Simón,César Díaz,Crespo,Javi Cobo,Laro Setién,Gándara,None,None,None,None,None,None,None,Manel Martínez,Marc Martínez,Moragón,Pol Calvet,Rubén Martínez,None,None,None,None,None,None,None
8327550,Manolo,Adrián Jiménez,Echaide,Expósito,Toni Sánchez,Barranco,De Lerma,Pablo González,Samuel Villa,Jokín Esparza,Roberto,Bañuz,Mario Fuentes,Navarro,Tomás Ruso,Álvaro García,Devesa,Fran Miranda,Jony Ñíguez,Mario Arqués,Jorge Hernández,Mariano,Alcolea,Israel Castro,Žarko Grbović,Jordan,Owusu Kwabena,None,None,None,None,None,None,None,Ángel López,Barreda,David Torres,Gato,Marc Martínez,None,None,None,None,None,None,None
8327552,Irazusta,Arnáez,Juaristi,Óscar Pérez,Xabi Etxebarria,Álvaro Garrido,Cerrajería,Deco,Ander Vitoria,Ito,Yurrebaso,Jon Villanueva,Baqué,Eriz,González,Iñaki Olaortua,Adrien Goñi,Javi Moreno,Dani Hernández,Koldo Obieta,Muniozguren,Orbegozo,Candela,David Martín,Gaizka Campos,Alberto Oca,Primi,None,None,None,None,None,None,None,Aitor Castro,Angoitia,Ibrahima Dieng,Alec Fiddes,Mikel Méndez,None,None,None,None,None,None,None
8327553,Sergio García,Catalá,Cruz,Nano,Velayos,Álex Felip,Bandera,Brais,Sergio Martín,Joselu,Julio Delgado,Narvajas,Cubilla,Garbayo,Javi Álvarez,Mincharro,Isi,Mario Zardoya,Rubén,Alayeto,Álvaro Santafé,David González,Adrián Armental,Bicho,Carlos Berea,Pablo Rey,Víctor Vázquez,None,None,None,None,None,None,None,Adrián Miranda,Hualde,Kubala,Pablo Chivite,Rodrigo Sanz,None,None,None,None,None,None,None
8327554,Guillermo,César Morgado,Iván Garrido,Gianni Zuiverloon,Cristóbal,Toni Villa,Víctor,Yeray,Colinas,Jorge Ortí,Mohamed Toure,None,None,None,None,None,None,None,None,None,None,None,Álex Gallar,Jorge Cano,Leandro,Mario Ortiz,Jaime Moreno,None,None,None,None,None,None,None,None,None,None,None,None,None,None,None,None,None,None,None
8327555,Marcos,Lulu,Óscar Sierra,David García,Ñoño,Sergio Gómez,Kenechukwu Uchenwa,Xavi Puerto,Pep Caballé,Ahmed Belhadji,Enric Gallego,Carlos Saavedra,José Rodríguez,Sergio Rodríguez,Sergio Rodríguez,Curro,Abdoulaye Fall,Fran Pérez,Ismael,Juanjo Pereira,Pierre Malong,Willy,Caballé,Édgar González,Jaume Batista,Jesús Ruiz,Miquel Ripoll,None,None,None,None,None,None,None,Diego Díaz,Javi Perez,José Fuentes,José Manuel,Manu,None,None,None,None,None,None,None
8280072,Limones,Gonzalo Verdú,Jesús,Míchel,Óscar Ramírez,Chus Hevia,Cristo Martín,Quique Rivero,Sergio García,Sergio Jiménez,Arturo,Iván Buigues,Dalmau,Fernando,Paco Peña,Pol Bueso,Checa,Juanma,Nieto,Emmanuel Omgba,Álvaro Salinas,David Mainz,Ceballos,Fernando,Juanlu Hens,Marcos Morales,Óscar Rico,None,None,None,None,None,None,None,Chechu Flores,Chema,José Gaspar,Miñano,Pedro Inglés,None,None,None,None,None,None,None
8280059,Cabrero,Biel Company,Joan Oriol,Ansotegi,Julio Pleguezuelo,Pol Roigé,Óscar Díaz,Héctor Yuste,Damià,Diogo Salomão,Brandon,Codina,Srđan Babić,Campins,Melli,Rafa García,Albistegui,Migue García,Miramón,Querol,Ricardo Vaz,Máyor,Dalmau,Lago Junior,Alberto López,Thierry Moutinho,Raíllo,Juan Rodríguez,Santamaría,None,None,None,None,None,Atienza,Édgar Badía,Fran Carbià,López Garai,Raphael Guzzo,Edgar,Ángel Martínez,None,None,None,None,None
8280068,Álvaro Ratón,Fran,Macky Bagnack,Răzvan Popa,Lasure,Cezary Wilk,Javi Ros,Edu García,Álex Barrera,Pombo,Juan Muñoz,Pau Torres,Ángel,Markel Etxeberria,Álex Pérez,Sergio Marcos,Luismi,Guitián,Guzmán,Míchel,Renzo Zambrano,Raúl de Tomás,Buenacasa,Isaac,Irureta,Erik Morán,David Subias,Xumetra,Álex Zalaya,None,None,None,None,None,Óscar Arroyo,Luciano Balbi,Isaac Becerra,Joan Jordán,José Arnáiz,André Leão,Ibán Salvador,None,None,None,None,None
8280062,Queco Piña,Jair Amador,Jesús Valentín,Carlos Akapo,Rajko Brežančić,Íñigo López,Melero,Franck Bambock,Boris Cmiljanić,Álvaro Vadillo,Kilian,René,Pablo Marí,Saúl,Ramalho,Pedro Alcalá,Eloi Amagat,Alcaraz,Juan Cámara,Felipe Sanchón,Sebas,Francisco Sandaza,Camacho,Carlos David,David Ferreiro,Herrera,Nagore,Samu Sáiz,Urko Vera,None,None,None,None,None,Yassine Bounou,Cifuentes,Borja García,Cristian Herrera,Kiko Olivas,Samuele Longo,Pere Pons,None,None,None,None,None
8280067,Fernando,Tekio,Hugo Álvarez,Morillas,Albizua,Juande,Vicente,Tito,Jonathan Mejía,Collantes,Nono,Esteban,Diego Johannesson,Christian,Peña,Jonathan Vila,Edu Bedia,Gil,Michu,Linares,Jonathan Pereira,Martín Alaníz,Juanma,Escalona,Góngora,Isi Ros,Pere Milla,Pallarés,César Remón,None,None,None,None,None,David Fernández,Nespral,Alfonso Herrero,Susaeta,Toché,Lucas Torró,Fransisco Varela,None,None,None,None,None
8280060,Dani Jiménez,Razvan Ochiroşii,Nélson,Iván González,Diéguez,Toribio,Pablo Pérez,Tropi,Jacobo,Álvaro,Ivi,Alberto,Molinero,Cala,Nicolas Gorosito,Damián Suárez,Alejandro Faurlín,Portillo,Álvaro Jiménez,Foued Kadir,Kike Sola,Stefan Šćepović,Marko Dmitrović,Carlos Luque,Rafa Páez,Víctor Pérez,Álvaro Rey,David Rodríguez,Fede Vega,None,None,None,None,None,Paul Anton,Cata Díaz,Facundo Castillón,David Fuster,Guaita,Molina,Miguel Ángel,None,None,None,None,None
8334647,Germán,José Ángel,Edu Albácar,Urtzi Iriondo,Luis Pérez,Javier Matilla,Pelayo,Álex,Hugo Fraile,Guillermo,Liberto Beltrán,Marko Dmitrović,Fede Vega,Navarro,Rafa Páez,Razvan Ochiroşii,Víctor Pérez,Álvaro Rey,Manolín,Carlos Luque,Ivi,Luis,Dorca,Josete,Juan Carlos,Nino,Pablo Hervías,Leomar Pinto,Rober,None,None,None,None,None,Álvaro,Bellvís,Elgezábal,Iván González,Ricky Alonso,Samu,Tropi,None,None,None,None,None
8334648,Cabrero,Biel Company,Joan Oriol,Julio Pleguezuelo,Pol Roigé,Juan Domínguez,Thierry Moutinho,Héctor Yuste,Damià,Diogo Salomão,Dejan Lekić,Fernando,Góngora,Hugo Álvarez,Morillas,Vullnet Basha,César Remón,Sergio Mora,Ritchie Kitoko,Collantes,Juanma,Imaz,Ansotegi,Brandon,Emmanuel Culio,Dalmau,Alberto López,Jaume,Álex Vallejo,None,None,None,None,None,Facundo Guichón,Isi Ros,Pere Milla,Nono,Fran Pérez,Biel Ribas,Tekio,None,None,None,None,None
8334653,Pagola,Corral,Delgado,Lalaguna,Ardanaz,Íñigo Ros,Lázaro,Pablo,Ion Vélez,Javi Cabezas,Óscar Vega,Marcos Contreras,Javi Rosa,Kiko,Dailos,Juan Antonio,Willy,Iñigo Sebastián,Fernando Liñán,Lolo,Gabri Gómez,Agustín Ojeda,Chema Mato,Iñaki,Meseguer,Miguel Mendióroz,Esteban Escribano,None,None,None,None,None,None,None,Goku,Manu Amores,Carlos Larrá,Carlos Pérez,Maikel,None,None,None,None,None,None,None
8334649,Paulo Gazzaniga,Nacho,Quini,Zé Castro,Álex Moreno,Bruno Zuculini,Fran Beltrán,Miku,Alhassane Bangoura,Piti,Pablo Clavería,Stole Dimitrievski,Daisuke Suzuki,Mohammed Djetei,Otar Kakabadze,Xavi Molina,Lobato,Muñiz,Juan Delgado,Elvir Maloku,Ferrán,Stéphane Emaná,Galán,Akieme,Manucho,Joni Montiel,Toño,Trashorras,Kike Pérez,None,None,None,None,None,Mossa,José Carlos,Álex López,Levy Madinda,Moha,Sebastián Saja,Vadillo,None,None,None,None,None
8334652,Viamonte,Cubilla,Garbayo,Javi Álvarez,Mincharro,Alayeto,Álvaro Santafé,Isi,Kubala,Mario Zardoya,David González,Royo,Ángel Sánchez,Héctor,Jonathan Martín,Aitor Aspas,Carles,Jonxa,Luque,Raúl,Antonio Pino,Piojo,Hualde,Narvajas,Rodrigo Sanz,Rubén,Noel,None,None,None,None,None,None,None,Carlos Morales,Michael Fernández,Manu Dimas,Néstor Gordillo,Pepe Carmona,None,None,None,None,None,None,None
8334651,Raúl,Leonel Bontempo,Córcoles,Mikel Santamaría,Samuel Llorca,Álvaro Peña,Héber,Óscar,Sergio Ruiz,César Díaz,Dani Aquino,Jon Villanueva,Eriz,Garmendia,González,Mikel Méndez,Adrien Goñi,Alec Fiddes,Javi Moreno,Seguín,Muniozguren,Koldo Obieta,Alberto Gómez,Caye Quintana,Mohamed Coulibaly,Crespo,Gándara,None,None,None,None,None,None,None,Aitor Castro,Angoitia,Ibrahima Dieng,Oier Luengo,Orbegozo,None,None,None,None,None,None,None
8334655,Jorge,Ángel Bastos,Forniés,Iván Garrido,Gianni Zuiverloon,Toni Villa,Yeray,Mario Ortiz,Álex Gallar,Colinas,Benja,Héctor Pizana,Álvaro Arroyo,Carlos Delgado,Mickaël Gaffoor,Galas,Dani Rodríguez,Fran Carnicer,Josan,Rafa Gálvez,Aridane Santana,Héctor Hernández,Antonio Martínez,Cristóbal,Jorge Ortí,Leandro,Jaime Moreno,None,None,None,None,None,None,None,Adri,Aketxe,Eloy Gila,Eneko Eizmendi,Tomeu Nadal,None,None,None,None,None,None,None
8334656,Iván Buigues,Dalmau,Fernando,Paco Peña,Pol Bueso,Checa,Javi Flores,José Gaspar,Miñano,Nieto,David Mainz,Marcos,Borja López,Lucas,Lulu,Óscar Sierra,Abraham,Caballé,Pep Caballé,Sergio Gómez,Kenechukwu Uchenwa,Enric Gallego,Berrocal,Chechu Flores,Chema,Juanma,Emmanuel Omgba,None,None,None,None,None,None,None,Ahmed Belhadji,Édgar González,Jesús Ruiz,Miquel Ripoll,Pelegrin,None,None,None,None,None,None,None
8334650,Jesús Fernández,Servando,Luis Ruiz,Migue,Juanjo,José Mari,Mantecón,Nico,Abel,Güiza,Aitor García,Paweł Kieszek,Zakarya Bergdich,Juli,Edu Ramos,Pedro Ríos,Antoñito,Jonathan Bijimine,Borja Domínguez,Pablo Vázquez,Federico Piovaccari,Javi Galán,Rafidine Abdullah,Alberto,Gastón del Castillo,Álvaro García,Gorka Santamaria,Ortuño,Khalifa Sankaré,None,None,None,None,None,Alfaro,Carlos Caballero,Caro,Guillermo Donoso,Alberto Quiles,Rodri,Vito,None,None,None,None,None
8334654,Roy Orgaz,Adrián Jiménez,Dani Pérez,Echaide,Expósito,Israel Castro,De Lerma,Pablo González,Žarko Grbović,Lolo Plá,Roberto,Chechu,Alberto Saavedra,Cristian,Invernón,Noel Alonso,Annunziata,Beto,Jaime Álvarez,Javi Sánchez,Richard,Braulio,Jordan,Owusu Kwabena,Toni Sánchez,Alcolea,Javi Gómez,None,None,None,None,None,None,None,Colo,Roni,Iván Fernández,Björn Bussmann,Óscar Pérez,None,None,None,None,None,None,None
8334657,Pau Torres,Ángel,Markel Etxeberria,Álex Pérez,Sergio Marcos,Luismi,Guitián,Guzmán,Anuar,Mata,Ibán Salvador,Falcón,Germán,Samuel Camille,Alberto,Raúl Cámara,Omar Perdomo,Carlos Ruiz,Aitor Sanz,Álex García,Haythem Jouini,Cristo,Isaac Becerra,Fernando Calero,Raúl de Tomás,Dejan Drazič,Míchel,Joan Jordán,Renzo Zambrano,None,None,None,None,None,Bolaños,Marc Crosas,Galván,Anthony Lozano,Amath Diedhiou,Aarón,Iñaki,None,None,None,None,None
8339421,Jorge,Ángel Bastos,Forniés,Iván Garrido,Gianni Zuiverloon,Antonio Martínez,Toni Villa,Yeray,Mario Ortiz,Álex Gallar,Colinas,Kiko Casilla,Dani Carvajal,Pepe,Nacho,Danilo,Toni Kroos,James Rodríguez,Marco Asensio,Isco,Lucas Vázquez,Morata,Cristóbal,Jorge Ortí,Leandro,Mohamed Toure,Benja,None,None,None,None,None,None,None,Fábio Coentrão,Mateo Kovačić,Mariano,Rubén Yáñez,Raphaël Varane,None,None,None,None,None,None,None
8339445,Alberto Brignoli,Carl Medjani,Víctor Díaz,Pablo Insua,Sergi Segura,Darwin Machís,Gabriel,Rubén Pérez,Sastre,Omar,Guerrero,Jaume,Eliaquim Mangala,Gayà,Martín Montoya,Aymen Abdennour,Ezequiel Garay,Mario Suárez,Parejo,Medrán,Munir,Nani,Diego Barrios,Álvaro Molina,Alberto Martín,Luciano,Martín Mantovani,Toni,Unai López,None,None,None,None,None,Aderllan,Zakaria Bakkali,Fede Cartabia,Mathew Ryan,Santi Mina,João Cancelo,None,None,None,None,None,None
8339439,Dani Jiménez,Rafa Páez,Razvan Ochiroşii,Elgezábal,Nélson,Aguza,Samu,Álvaro Rey,Tropi,Álvaro,Óscar Plano,Roberto,Duarte,Víctor Álvarez,Óscar Duarte,Javi López,Sevilla,Hernán Pérez,Pape Diop,Marc Roca,Melendo,Felipe Caicedo,Oscar,Bellvís,Marko Dmitrović,Carlos Luque,Víctor Pérez,David Rodríguez,Serbourdin,None,None,None,None,None,Leo Baptistão,Aarón,David López,Diego López,Diego Reyes,Reyes,Víctor Sánchez,None,None,None,None,None
8339441,Mariño,Jean-Sylvain Babin,Jorge Meré,Canella,Lillo,Víctor,Nacho Cases,Carmona,Xavi Torres,Burgui,Viguera,Yoel,Gálvez,Capa,Mauro Dos Santos,Juncà,Gonzalo Escalante,Christian Rivera,Jota,Rubén Peña,Nano,Bebé,Akram Afif,Sergio Álvarez,Carlos Castro,Douglas,Isma López,Juan Rodríguez,Óscar Whalley,None,None,None,None,None,Arbilla,Dani García,Takashi Inui,Kike García,Florian Lejeune,Fran Rico,Riesgo,None,None,None,None,None
8339447,Dani Giménez,Cristiano Piccini,Riza Durmisi,Ryan Donk,Aïssa Mandi,José Carlos,Felipe Gutiérrez,Jonas Martin,Darko Brašanac,Antonio Sanabria,Álex Alegría,Rubén,Juanfran,Fernando Navarro,Raúl Albentosa,Sidnei,Álex,Mosquera,Luisinho,Marlos Moreno,Florin Andone,Carles Gil,Bruno,Fabián Ruiz,Joaquín,Manu Herrera,Matías Nahuel,Charly Musonda,Rafa Navarro,None,None,None,None,None,Arribas,Celso Borges,Emre Çolak,Fayçal Fajr,Guilherme,Joselu,Germán Lux,None,None,None,None,None
8339417,Manolo,Adrián Jiménez,Echaide,Expósito,Toni Sánchez,Israel Castro,De Lerma,Jordan,Pablo González,Owusu Kwabena,Roberto,Mariano Barbosa,José Ángel,Álvaro González,Antonio Rukavina,Daniele Bonera,Jonathan dos Santos,Trigueros,Rodri,Denis Cheryshev,Cédric Bakambu,Rafael Borré,Alcolea,Barranco,Javi Gómez,Jokín Esparza,Samuel Villa,None,None,None,None,None,None,None,Andrés Fernández,Mario,Mateo Musacchio,Samu Castillejo,Nicola Sansone,None,None,None,None,None,None,None
8339419,Marcos Contreras,Dailos,Javi Rosa,Kiko,Fernando Liñán,Juan Antonio,Manu Amores,Willy,Gabri Gómez,Lolo,Agustín Ojeda,Salvatore Sirigu,Timothée Kolodziejczak,Daniel Carriço,David Carmona,Diego González,Matías Kranevitter,Iborra,Joaquín Correa,Hiroshi Kiyotake,Ganso,Wissam Ben Yedder,Carlos Larrá,Goku,Maikel,Abel,Górriz,None,None,None,None,None,None,None,David Soria,Luciano Vietto,Borja Lasso,Cristian González,Matos,None,None,None,None,None,None,None
8339425,Royo,Álvaro Pérez,Ayala,Héctor,Aitor Aspas,Michael Fernández,Jorge Juliá,Luque,Pepe Carmona,Antonio Pino,Piojo,Jan Oblak,Stefan Savić,Šime Vrsaljko,Lucas Hernández,José Giménez,Saúl,Yannick Ferreira-Carrasco,Thomas Partey,Nicolás Gaitán,Caio Henrique,Ángel Correa,Ángel Sánchez,Jonathan Martín,Manu Dimas,Néstor Gordillo,Alejandro Gómez,None,None,None,None,None,None,None,André Moreira,Alberto Rodríguez,Juan Moreno,Roberto Olabe,Roberto Núñez,None,None,None,None,None,None,None
8339429,Biel Ribas,Tekio,Góngora,Hugo Álvarez,Vullnet Basha,Facundo Guichón,Juande,Tito,Natalio,Pere Milla,Isi Ros,Sergio Álvarez,David Costas,Sergi Gómez,Gustavo Cabral,Facundo Roncaglia,Marcelo Díaz,Pablo Hernández,Señé,Pape Diop,John Guidetti,Naranjo,Juanma,Escalona,Ritchie Kitoko,Morillas,Nono,Pallarés,Vicente,None,None,None,None,None,Rubén Blanco,Théo Bongonda,Jonny,Lemos,Giuseppe Rossi,Pione Sisto,Daniel Wass,None,None,None,None,None
8339431,Razak Brimah,Héctor Rodas,Cisma,Edu Ramos,Pedro Ríos,Antoñito,Carlos Caballero,Jonathan Bijimine,Borja Domínguez,Rodri,Javi Galán,Denis Boyko,Mikel Villanueva,Llorente,Roberto Rosales,Juankar,Juanpi Añor,Duda,Jony,Pablo Fornals,Javi Ontiveros,Michael Santos,Esteve Monterde,Juli,Luso,Federico Piovaccari,Moha,Pablo Vázquez,Vito,None,None,None,None,None,Aarón,Chory Castro,Youssef En-Nesyri,Bakary Koné,Federico Ricca,Miguel Torres,Kuki,None,None,None,None,None
8339443,Guillermo Ochoa,Gastón Silva,Lombán,Javi Márquez,Jon Toral,Franck Tabanou,Omer Atzili,Ezequiel Ponce,Isaac Cuenca,Bueno,Victorien Angban,Mario Fernández,David García,Fuentes,Iván Márquez,Aitor Buñuel,Fausto,Fran Mérida,De las Cuevas,Imanol García,Sergio León,Emmanuel Rivière,Mehdi Carcela-González,Juanan Entrena,Martin Hongla,Ivan Kelava,Artem Kravets,Andreas Pereira,Gabriel Silva,None,None,None,None,None,Javi Álamo,Cayetano Bonnín,Unai García,Olavide,Antonio Otegui,Juan Pérez,Jaime,None,None,None,None,None
8339423,Iván Buigues,Dalmau,Fernando,Paco Peña,Pedro Inglés,Rojas,José Gaspar,Juanma,Emmanuel Omgba,Álvaro Salinas,David Mainz,Jasper Cillessen,Lucas Digne,Aleix Vidal,Samuel Umtiti,Borja López,Denis Suárez,Arda Turan,Rafinha,Carles Aleñá,Paco Alcácer,Álex Carbonell,Berrocal,Chechu Flores,Edu Lledó,Miñano,Pol Bueso,None,None,None,None,None,None,None,André Gomes,Jordi Masip,Nili,Sergi Roberto,Marc Cardona,None,None,None,None,None,None,None
8339433,Pau Torres,Ángel,Igor Lichnovsky,Markel Etxeberria,Álex Pérez,Sergio Marcos,Luismi,Joan Jordán,Anuar,Juan Villar,Mata,Gerónimo Rulli,Carlos Martínez,Iñigo Martínez,Yuri,Raúl Navas,Illarra,Canales,Zurutuza,Juanmi,Carlos Vela,Willian José,Luciano Balbi,Guzmán,Dejan Drazič,Guitián,Dani Hernández,Míchel,Ibán Salvador,None,None,None,None,None,Jon Bautista,Concha,Granero,Toño,Joseba Zaldúa,Zubeldía,None,None,None,None,None,None
8339435,Queco Piña,Rajko Brežančić,Íñigo López,Nagore,Juan Aguilera,Franck Bambock,Alexander González,David López,Boris Cmiljanić,Urko Vera,Kilian,Raúl Lizoain,David Simón,Mauricio Lemos,Aythami Artiles,Hélder Lopes,Montoro,Nabil El Zhar,Hernán,Mateo García,Tyronne,Asdrúbal Padrón,Carlos Akapo,Jair Amador,Camacho,Herrera,Melero,Soriano,Álvaro Vadillo,None,None,None,None,None,Sergio Araujo,Bigas,Javi Castellano,David García,Momo,Tana,Javi Varas,None,None,None,None,None
8339437,Sebastián Saja,Iago Bouzón,Lopo García,Otar Kakabadze,Wilfried Zahibo,Levy Madinda,Juan Delgado,Elvir Maloku,Amadou Boiro,Ferrán,Stéphane Emaná,Adrià Ortolà,Aleksandar Pantić,Laguardia,Theo Hernández,Vigaray,Manu García,Nenad Krstičić,Aleksandar Katai,Christian Santos,Cristian Espinoza,Toquero,Cordero,Jean Luc Assoubre,Lobato,Manolo Reina,Rayco,Vadillo,Iván Vidal,None,None,None,None,None,Alexis,Manu Barreiro,Einar,Sergio Llamas,Pacheco,Rubén Sobrino,Manu García,None,None,None,None,None
8339427,Raúl,Córcoles,Gándara,Samuel Llorca,Mikel Santamaría,Javi Cobo,Alberto Gómez,Héber,Álvaro Peña,Dani Aquino,Mohamed Coulibaly,Iraizoz,Eneko Bóveda,Elustondo,Aymeric Laporte,Etxeita,Saborit,Eraso,Mikel Vesga,Susaeta,Raúl García,Aduriz,Julen Castañeda,Crespo,Israel Puerto,Caye Quintana,Jorge Somavilla,None,None,None,None,None,None,None,Kepa,Iturraspe,Sabin,Muniain,Yeray,None,None,None,None,None,None,None
8339422,Kiko Casilla,Dani Carvajal,Pepe,Nacho,Álvaro Tejero,James Rodríguez,Casemiro,Marco Asensio,Isco,Martin Ødegaard,Mariano,Leandro,Ángel Bastos,César Morgado,Iván Garrido,Cristóbal,Toni Villa,Víctor,Yeray,Álex Gallar,Jorge Ortí,Benja,Enzo Zidane,Mateo Kovačić,Lucas Vázquez,Rubén Yáñez,Raphaël Varane,None,None,None,None,None,None,None,Abdullah Abdulsalam,Antonio Martínez,Jorge,Jaime Moreno,Gianni Zuiverloon,None,None,None,None,None,None,None
8339418,Mariano Barbosa,Mario,José Ángel,Víctor Ruiz,Álvaro González,Alfred NDiaye,Jonathan dos Santos,Rodri,Roberto Soriano,Alexandre Pato,Rafael Borré,Manolo,Dani Pérez,Echaide,Expósito,Toni Sánchez,Barranco,Israel Castro,De Lerma,Samuel Villa,Žarko Grbović,Lolo Plá,Asenjo,Nicola Sansone,Leonardo Suárez,Trigueros,Pau Torres,None,None,None,None,None,None,None,Alcolea,Gonzalo Expósito,Javi Gómez,Pablo González,Bijia Shuang,None,None,None,None,None,None,None
8339434,Gerónimo Rulli,Mikel,Iñigo Martínez,Yuri,Joseba Zaldúa,Xabi Prieto,Rubén Pardo,Zurutuza,Juanmi,Willian José,Mikel Oyarzabal,Pau Torres,Ángel,Markel Etxeberria,Álex Pérez,Álex López,André Leão,Sergio Marcos,Rafa,Joan Jordán,Míchel,Raúl de Tomás,Canales,Concha,Aritz Elustondo,Gaztañaga,Héctor,Toño,Carlos Vela,None,None,None,None,None,Luciano Balbi,Isaac Becerra,Guitián,José Arnáiz,Igor Lichnovsky,Mata,Ibán Salvador,None,None,None,None,None
8339426,Moyá,Stefan Savić,Šime Vrsaljko,Lucas Hernández,Juanfran,José Giménez,Saúl,Thomas Partey,Nicolás Gaitán,Fernando Torres,Ángel Correa,Carlos Morales,Álvaro Pérez,Ángel Sánchez,Héctor,Jonathan Martín,Carles,Michael Fernández,Jorge Juliá,Pepe Carmona,Raúl,Manu Dimas,André Moreira,Alessio Cerci,Yannick Ferreira-Carrasco,Kevin Gameiro,Koke,None,None,None,None,None,None,None,Aitor Aspas,Antonio Pino,Ayala,Piojo,Royo,None,None,None,None,None,None,None
8339432,Denis Boyko,Mikel Villanueva,Llorente,Roberto Rosales,Miguel Torres,Juanpi Añor,Chory Castro,Pablo Fornals,Javi Ontiveros,Michael Santos,Sandro,Razak Brimah,Caro,Héctor Rodas,De los Reyes,Edu Ramos,Pedro Ríos,Guillermo Donoso,Carlos Caballero,Jonathan Bijimine,Esteve Monterde,Federico Piovaccari,Aarón,Duda,Youssef En-Nesyri,Jony,Bakary Koné,Luis,Federico Ricca,None,None,None,None,None,Alfaro,Zakarya Bergdich,Juli,Paweł Kieszek,Luso,Rodri,Moha,None,None,None,None,None
8339436,Raúl Lizoain,David Simón,David García,Aythami Artiles,Dani Castellano,Montoro,Hernán,Mateo García,Tyronne,Tana,Asdrúbal Padrón,Queco Piña,Jair Amador,Jesús Valentín,Carlos Akapo,Soriano,Camacho,Franck Bambock,Alexander González,David López,Boris Cmiljanić,Kilian,Javi Castellano,Nabil El Zhar,Mauricio Lemos,Marko Livaja,Hélder Lopes,Momo,Javi Varas,None,None,None,None,None,Rajko Brežančić,David Ferreiro,Herrera,Íñigo López,Melero,Samu Sáiz,Álvaro Vadillo,None,None,None,None,None
8339420,David Soria,Timothée Kolodziejczak,Adil Rami,Matías Kranevitter,Iborra,Joaquín Correa,Hiroshi Kiyotake,Pablo Sarabia,Ganso,Luciano Vietto,Wissam Ben Yedder,Marcos Contreras,Carlos Larrá,Javi Rosa,Kiko,Fernando Liñán,Juan Antonio,Maikel,Manu Amores,Gabri Gómez,Lolo,Agustín Ojeda,Borja Lasso,David Carmona,Diego González,Gabriel Mercado,Sergio Rico,None,None,None,None,None,None,None,Abel,Adrián Bojan,Dailos,Goku,Willy,None,None,None,None,None,None,None
8339442,Yoel,Gálvez,Capa,Mauro Dos Santos,Juncà,Gonzalo Escalante,Christian Rivera,Jota,Adrián,Kike García,Bebé,Mariño,Douglas,Jean-Sylvain Babin,Canella,Juan Rodríguez,Víctor,Nacho Cases,Carmona,Xavi Torres,Burgui,Viguera,Arbilla,Quique,Dani García,Florian Lejeune,Nano,Pedro León,Rubén Peña,None,None,None,None,None,Akram Afif,Sergio Álvarez,Moi Gómez,Isma López,Rubén,Óscar Whalley,Cristian,None,None,None,None,None
8339444,Mario Fernández,Unai García,Clerc,Iván Márquez,Aitor Buñuel,Goran Čaušić,Fran Mérida,De las Cuevas,Álex Berenguer,Sergio León,Oriol Riera,Oier,Lombán,Gabriel Silva,Rúben Vezo,Matthieu Saunier,Samper,Uche Agbo,Javi Márquez,Omer Atzili,Ezequiel Ponce,Bueno,Cayetano Bonnín,Fuentes,Antonio Otegui,Juan Pérez,Emmanuel Rivière,Jaime,Roberto Torres,None,None,None,None,None,Victorien Angban,Jérémie Boga,Mehdi Carcela-González,Ivan Kelava,Artem Kravets,Andreas Pereira,Franck Tabanou,None,None,None,None,None
8339446,Jaume,João Cancelo,Aderllan,Eliaquim Mangala,Martín Montoya,Mario Suárez,Enzo Pérez,Medrán,Munir,Rodrigo,Santi Mina,Iago Herrerín,Adrián Marín,Martín Mantovani,Carl Medjani,Víctor Díaz,Darwin Machís,Gabriel,Unai López,Rubén Pérez,David Timor,Luciano,Diego Alves,Zakaria Bakkali,Fede Cartabia,Gayà,Javi Jiménez,Rafa Mir,Carlos Soler,None,None,None,None,None,Sergio Arribas,Diego Barrios,Bustinza,Toni,Guerrero,Alberto Martín,Álvaro Molina,None,None,None,None,None
8339448,Rubén,Juanfran,Sidnei,Arribas,Mosquera,Luisinho,Fayçal Fajr,Guilherme,Joselu,Marlos Moreno,Ryan Babel,Dani Giménez,Bruno,Cristiano Piccini,Riza Durmisi,Ryan Donk,Germán Pezzella,Aïssa Mandi,Petros,Dani Ceballos,Antonio Sanabria,Álex Alegría,Raúl Albentosa,Álex,Celso Borges,Emre Çolak,Bruno Gama,Germán Lux,Borja Valle,None,None,None,None,None,Darko Brašanac,Rubén Castro,Álvaro Cejudo,Felipe Gutiérrez,Manu Herrera,Jonas Martin,Rafa Navarro,None,None,None,None,None
8339424,Jasper Cillessen,Javier Mascherano,Lucas Digne,Aleix Vidal,Samuel Umtiti,Ivan Rakitić,Denis Suárez,Arda Turan,Rafinha,André Gomes,Paco Alcácer,Iván Buigues,Dalmau,Fernando,Paco Peña,Pol Bueso,Rojas,Checa,José Gaspar,Miñano,Chechu Flores,Berrocal,Busquets,Iniesta,Jordi Alba,Jordi Masip,Sergi Roberto,None,None,None,None,None,None,None,Álvaro Salinas,David Mainz,Edu Lledó,Juanma,Nieto,None,None,None,None,None,None,None
8339430,Sergio Álvarez,Hugo Mallo,Jonny,Sergi Gómez,Gustavo Cabral,Marcelo Díaz,Nemanja Radoja,Pablo Hernández,Señé,Pione Sisto,Giuseppe Rossi,Biel Ribas,Tekio,Hugo Álvarez,Morillas,Albizua,Vullnet Basha,Juande,Vicente,Jonathan Mejía,Collantes,Natalio,Iago Aspas,Rubén Blanco,Théo Bongonda,Fontàs,John Guidetti,Facundo Roncaglia,Daniel Wass,None,None,None,None,None,Fernando,Góngora,Imaz,Nono,Pallarés,Fran Pérez,Tito,None,None,None,None,None
8339438,Adrià Ortolà,Aleksandar Pantić,Raúl García,Alexis,Vigaray,Daniel Torres,Nenad Krstičić,Aleksandar Katai,Rubén Sobrino,Christian Santos,Édgar,Manolo Reina,Iago Bouzón,Mohammed Djetei,Otar Kakabadze,Lobato,Muñiz,Jean Luc Assoubre,Cordero,Sergio Tejera,Álex López,Ferrán,Camarasa,Deyverson,Cristian Espinoza,Manu García,Theo Hernández,Laguardia,Pacheco,None,None,None,None,None,Mossa,Stole Dimitrievski,Stéphane Emaná,Levy Madinda,Xavi Molina,Daisuke Suzuki,Gerard Valentín,None,None,None,None,None
8339428,Iraizoz,Aymeric Laporte,San José,Lekue,Etxeita,Balenziaga,Mikel Rico,Raúl García,Muniain,Williams,Aduriz,Raúl,Julen Castañeda,Gándara,Mikel Santamaría,Samuel Llorca,Álvaro Peña,Héber,Sergio Ruiz,Caye Quintana,Mohamed Coulibaly,Dani Aquino,Eraso,Iturraspe,Kepa,Saborit,Susaeta,None,None,None,None,None,None,None,Alberto Gómez,Crespo,Javi Cobo,Jorge Somavilla,Sergio Camus,None,None,None,None,None,None,None
8339440,Roberto,Duarte,Óscar Duarte,Diego Reyes,Reyes,Jurado,David López,Javi Fuego,Gerard,Felipe Caicedo,Pablo Piatti,Dani Jiménez,Fede Vega,Bellvís,Elgezábal,Nélson,Toribio,Álvaro Rey,Tropi,Álvaro,Ivi,Óscar Plano,Aarón,Melendo,Navarro,Hernán Pérez,Andrés Prieto,Marc Roca,Álvaro,None,None,None,None,None,Aguza,Samu,Marko Dmitrović,Pablo Pérez,Víctor Pérez,David Rodríguez,Serbourdin,None,None,None,None,None
8352733,Jaume,João Cancelo,Siqueira,Javi Jiménez,Mario Suárez,Enzo Pérez,Parejo,Medrán,Munir,Rodrigo,Santi Mina,Sergio Álvarez,Hugo Mallo,Jonny,Gustavo Cabral,Facundo Roncaglia,Marcelo Díaz,Nemanja Radoja,Pablo Hernández,Daniel Wass,Théo Bongonda,Iago Aspas,Diego Alves,Zakaria Bakkali,Toni Lato,Rafa Mir,Martín Montoya,Carlos Soler,Sito,None,None,None,None,None,Rubén Blanco,Pape Diop,Fontàs,John Guidetti,Giuseppe Rossi,Señé,Pione Sisto,None,None,None,None,None
8352735,Mario Fernández,Cayetano Bonnín,Oier,Fuentes,Iván Márquez,Aitor Buñuel,Roberto Torres,Fausto,Imanol García,Sergio León,Oriol Riera,Yoel,Gálvez,Mauro Dos Santos,Arbilla,Antonio Luna,Gonzalo Escalante,Christian Rivera,Rubén Peña,Adrián,Nano,Bebé,Álex Berenguer,Goran Čaušić,Clerc,Unai García,Kenan Kodro,Aitor Lorea,Juan Pérez,None,None,None,None,None,Capa,Takashi Inui,Kike García,Florian Lejeune,Pedro León,Fran Rico,Riesgo,None,None,None,None,None
8352721,Raúl Lizoain,David Simón,David García,Aythami Artiles,Dani Castellano,Vicente Gómez,Nabil El Zhar,Hernán,Roque Mesa,Jonathan Viera,Asdrúbal Padrón,Moyá,Diego Godín,Filipe Luís,Stefan Savić,Šime Vrsaljko,Juanfran,Koke,Saúl,Gabi,Antoine Griezmann,Kevin Gameiro,Kevin-Prince Boateng,Mateo García,Hélder Lopes,Javi Castellano,Javi Varas,Mauricio Lemos,Momo,None,None,None,None,None,André Moreira,Ángel Correa,Fernando Torres,Nicolás Gaitán,José Giménez,Lucas Hernández,Juan Moreno,None,None,None,None,None
8352731,Rubén,Juanfran,Raúl Albentosa,Arribas,Mosquera,Emre Çolak,Luisinho,Celso Borges,Joselu,Marlos Moreno,Bruno Gama,Adrià Ortolà,Laguardia,Theo Hernández,Zouhair Feddal,Marcos Llorente,Camarasa,Kiko Femenía,Nenad Krstičić,Aleksandar Katai,Christian Santos,Édgar,Álex,Guilherme,Germán Lux,Fernando Navarro,Óscar Pinchi,Sidnei,Borja Valle,None,None,None,None,None,Alexis,Deyverson,Raúl García,Ibai,Pacheco,Toquero,Daniel Torres,None,None,None,None,None
8352723,Dani Jiménez,Fede Vega,Bellvís,Elgezábal,Nélson,Aguza,Pablo Pérez,Álvaro Rey,Tropi,David Rodríguez,Ivi,Paweł Kieszek,Caro,De los Reyes,Luso,Alfaro,Edu Ramos,Guillermo Donoso,Antoñito,Carlos Caballero,Federico Piovaccari,Javi Galán,Jacobo Alcalde,Samu,Marko Dmitrović,Víctor Pérez,Óscar Plano,Serbourdin,Toribio,None,None,None,None,None,Borja Domínguez,Esteve Monterde,Juli,Pedro Moreno,Pedro Ríos,Rodri,Pablo Vázquez,None,None,None,None,None
8352729,Gerónimo Rulli,Mikel,Iñigo Martínez,Yuri,Joseba Zaldúa,Illarra,Xabi Prieto,Zurutuza,Carlos Vela,Willian José,Mikel Oyarzabal,Asenjo,Mario,José Ángel,Mateo Musacchio,Álvaro González,Jonathan dos Santos,Trigueros,Rodri,Roberto Soriano,Alexandre Pato,Nicola Sansone,Aritz Elustondo,Granero,Héctor,Jon Bautista,Juanmi,Toño,Canales,None,None,None,None,None,Mariano Barbosa,Daniele Bonera,Rafael Borré,Jaume Costa,Alfred NDiaye,Leonardo Suárez,Samu Castillejo,None,None,None,None,None
8352727,Kiko Casilla,Dani Carvajal,Raphaël Varane,Nacho,Marcelo,Toni Kroos,James Rodríguez,Casemiro,Luka Modrić,Marco Asensio,Morata,Sergio Rico,Mariano,Escudero,Adil Rami,Gabriel Mercado,Iborra,Samir Nasri,Joaquín Correa,Steven NZonzi,Ganso,Vitolo,Karim Benzema,Danilo,Fábio Coentrão,Isco,Mariano,Keylor Navas,Martin Ødegaard,None,None,None,None,None,Wissam Ben Yedder,Hiroshi Kiyotake,Matías Kranevitter,Pablo Sarabia,Nicolás Pareja,Salvatore Sirigu,Luciano Vietto,None,None,None,None,None
8352725,Iraizoz,Eneko Bóveda,Aymeric Laporte,San José,Etxeita,Balenziaga,Saborit,Iturraspe,Raúl García,Williams,Aduriz,Marc-André ter Stegen,Piqué,Jordi Alba,Samuel Umtiti,Ivan Rakitić,Busquets,Iniesta,Sergi Roberto,Luis Suárez,Lionel Messi,Neymar,Beñat,Elustondo,Eraso,Kepa,Mikel Rico,Muniain,Susaeta,None,None,None,None,None,André Gomes,Lucas Digne,Jordi Masip,Javier Mascherano,Paco Alcácer,Rafinha,Arda Turan,None,None,None,None,None
8352722,Moyá,Diego Godín,Šime Vrsaljko,Lucas Hernández,Juanfran,José Giménez,Koke,Saúl,Nicolás Gaitán,Antoine Griezmann,Ángel Correa,Raúl Lizoain,David García,Míchel,Aythami Artiles,Hélder Lopes,Momo,Hernán,Javi Castellano,Mateo García,Tana,Marko Livaja,Bernabé,Fernando Torres,Filipe Luís,Gabi,Stefan Savić,Keidi Bare,Ferni,None,None,None,None,None,Bigas,Kevin-Prince Boateng,Nabil El Zhar,Javi Varas,Jonathan Viera,Mauricio Lemos,Montoro,None,None,None,None,None
8352724,Paweł Kieszek,Caro,Cisma,Luso,Juli,Pedro Ríos,Guillermo Donoso,Antoñito,Jonathan Bijimine,Esteve Monterde,Federico Piovaccari,Dani Jiménez,Rafa Páez,Bellvís,Elgezábal,Nélson,Toribio,Álvaro Rey,Tropi,David Rodríguez,Ivi,Óscar Plano,Alfaro,Carlos Caballero,Javi Galán,Saša Marković,Edu Ramos,Rodri,Vito,None,None,None,None,None,Marko Dmitrović,Foued Kadir,Carlos Luque,Pablo Pérez,Víctor Pérez,Álvaro,Fede Vega,None,None,None,None,None
8352730,Asenjo,Víctor Ruiz,Jaume Costa,Álvaro González,Antonio Rukavina,Rodri,Samu Castillejo,Roberto Soriano,Bruno Soriano,Nicola Sansone,Rafael Borré,Gerónimo Rulli,Iñigo Martínez,Aritz Elustondo,Yuri,Joseba Zaldúa,Illarra,Xabi Prieto,Canales,Zurutuza,Willian José,Mikel Oyarzabal,Mariano Barbosa,Daniele Bonera,Jonathan dos Santos,Mario,Alfred NDiaye,Alexandre Pato,Trigueros,None,None,None,None,None,Jon Bautista,Gaztañaga,Granero,Héctor,Juanmi,Rubén Pardo,Toño,None,None,None,None,None
8352732,Adrià Ortolà,Aleksandar Pantić,Alexis,Theo Hernández,Vigaray,Marcos Llorente,Daniel Torres,Nenad Krstičić,Aleksandar Katai,Christian Santos,Édgar,Rubén,Juanfran,Sidnei,Arribas,Mosquera,Emre Çolak,Luisinho,Celso Borges,Joselu,Marlos Moreno,Borja Valle,Camarasa,Deyverson,Kiko Femenía,Laguardia,Pacheco,Rubén Sobrino,Toquero,None,None,None,None,None,Florin Andone,Fernando Navarro,Guilherme,Laure,Germán Lux,Óscar Pinchi,Raúl Albentosa,None,None,None,None,None
8352726,Jasper Cillessen,Piqué,Jordi Alba,Samuel Umtiti,Busquets,Iniesta,Rafinha,Sergi Roberto,Luis Suárez,Lionel Messi,Neymar,Iraizoz,Eneko Bóveda,Aymeric Laporte,San José,Etxeita,Balenziaga,Saborit,Eraso,Beñat,Williams,Sabin,Denis Suárez,Lucas Digne,Javier Mascherano,Paco Alcácer,Ivan Rakitić,Marc-André ter Stegen,Arda Turan,None,None,None,None,None,Aduriz,Elustondo,Mikel Rico,Mikel Vesga,Muniain,Susaeta,Unai Simón,None,None,None,None,None
8352734,Sergio Álvarez,Lemos,Jonny,Sergi Gómez,Gustavo Cabral,Facundo Roncaglia,Nemanja Radoja,Pablo Hernández,Señé,Pione Sisto,Giuseppe Rossi,Jaume,João Cancelo,Eliaquim Mangala,Toni Lato,Javi Jiménez,Fede Cartabia,Medrán,Carlos Soler,Vinícius Araújo,Zakaria Bakkali,Rafa Mir,Iago Aspas,Rubén Blanco,Théo Bongonda,Marcelo Díaz,Pape Diop,Hugo Mallo,Daniel Wass,None,None,None,None,None,Aderllan,Munir,Gayà,Santi Mina,Martín Montoya,Parejo,Mathew Ryan,None,None,None,None,None
8352736,Riesgo,Gálvez,Capa,Mauro Dos Santos,Juncà,Gonzalo Escalante,Rubén Peña,Fran Rico,Imanol Sarriegi,Nano,Bebé,Nauzet,Cayetano Bonnín,David García,Fuentes,Aitor Buñuel,Fausto,Jaime,Olavide,Antonio Otegui,Kenan Kodro,Javi Álamo,Adrián,Dani García,Takashi Inui,Florian Lejeune,Julen López,Pedro León,Yoel,None,None,None,None,None,Goran Čaušić,Clerc,Mario Fernández,Imanol García,Oier,Oriol Riera,Emmanuel Rivière,None,None,None,None,None
8352728,David Soria,Clément Lenglet,Escudero,Adil Rami,Gabriel Mercado,Matías Kranevitter,Iborra,Joaquín Correa,Pablo Sarabia,Luciano Vietto,Wissam Ben Yedder,Kiko Casilla,Sergio Ramos,Nacho,Marcelo,Danilo,Toni Kroos,Casemiro,Marco Asensio,Lucas Vázquez,Mariano,Morata,Ganso,Stevan Jovetić,Hiroshi Kiyotake,Samir Nasri,Nicolás Pareja,Sergio Rico,Vitolo,None,None,None,None,None,Karim Benzema,Dani Carvajal,Fábio Coentrão,Mateo Kovačić,Keylor Navas,Raphaël Varane,None,None,None,None,None,None
8367665,Dani Jiménez,Bellvís,Elgezábal,Nélson,Lucien Owona,Toribio,Pablo Pérez,Carlos Luque,Tropi,David Rodríguez,Ivi,Adrià Ortolà,Aleksandar Pantić,Raúl García,Zouhair Feddal,Daniel Torres,Manu García,Kiko Femenía,Nenad Krstičić,Aleksandar Katai,Rubén Sobrino,Christian Santos,Álvaro,Álvaro Rey,Marko Dmitrović,Foued Kadir,Óscar Plano,Fede Vega,Víctor Pérez,None,None,None,None,None,Alexis,Camarasa,Deyverson,Édgar,Ibai,Pacheco,Vigaray,None,None,None,None,None
8367669,Kiko Casilla,Sergio Ramos,Raphaël Varane,Marcelo,Danilo,Toni Kroos,Casemiro,Luka Modrić,Marco Asensio,Cristiano Ronaldo,Lucas Vázquez,Sergio Álvarez,Hugo Mallo,Jonny,Gustavo Cabral,Facundo Roncaglia,Marcelo Díaz,Nemanja Radoja,Pablo Hernández,Daniel Wass,Théo Bongonda,Iago Aspas,Karim Benzema,Isco,Mateo Kovačić,Mariano,Morata,Nacho,Keylor Navas,None,None,None,None,None,Pape Diop,Fontàs,John Guidetti,Giuseppe Rossi,Rubén Blanco,Sergi Gómez,Pione Sisto,None,None,None,None,None
8367667,Moyá,Filipe Luís,Stefan Savić,Juanfran,José Giménez,Koke,Saúl,Yannick Ferreira-Carrasco,Nicolás Gaitán,Antoine Griezmann,Ángel Correa,Yoel,Gálvez,Capa,Florian Lejeune,Gonzalo Escalante,Christian Rivera,Takashi Inui,Rubén Peña,Fran Rico,Adrián,Bebé,André Moreira,Keidi Bare,Fernando Torres,Gabi,Kevin Gameiro,Diego Godín,Šime Vrsaljko,None,None,None,None,None,Antonio Luna,Areitio,Mauro Dos Santos,Imanol Sarriegi,Pedro León,Sergi Enrich,Josué Dorrio,None,None,None,None,None
8367663,Gerónimo Rulli,Iñigo Martínez,Aritz Elustondo,Yuri,Raúl Navas,Illarra,Xabi Prieto,Zurutuza,Carlos Vela,Willian José,Mikel Oyarzabal,Jasper Cillessen,Piqué,Lucas Digne,Samuel Umtiti,Ivan Rakitić,Busquets,Iniesta,Sergi Roberto,Luis Suárez,Lionel Messi,Neymar,Canales,Concha,Gaztañaga,Granero,Héctor,Juanmi,Toño,None,None,None,None,None,André Gomes,Denis Suárez,Jordi Alba,Jordi Masip,Javier Mascherano,Paco Alcácer,Arda Turan,None,None,None,None,None
8367666,Adrià Ortolà,Raúl García,Alexis,Vigaray,Zouhair Feddal,Daniel Torres,Nenad Krstičić,Aleksandar Katai,Rubén Sobrino,Christian Santos,Toquero,Dani Jiménez,Fede Vega,Elgezábal,Nélson,Lucien Owona,Víctor Pérez,Álvaro Rey,Tropi,Álvaro,Ivi,Óscar Plano,Deyverson,Ibai,Kiko Femenía,Laguardia,Manu García,Marcos Llorente,Pacheco,None,None,None,None,None,Marko Dmitrović,Foued Kadir,Carlos Luque,Pablo Pérez,Toribio,Álvaro,Jorge Orgaz,None,None,None,None,None
8367668,Yoel,Gálvez,Capa,Mauro Dos Santos,Christian Rivera,Rubén Peña,Fran Rico,Josué Dorrio,Imanol Sarriegi,Nano,Bebé,Moyá,Stefan Savić,Lucas Hernández,Juanfran,José Giménez,Saúl,Gabi,Nicolás Gaitán,Fernando Torres,Ángel Correa,Kevin Gameiro,Adrián,Areitio,Dani García,Takashi Inui,Florian Lejeune,Pedro León,Sergi Enrich,None,None,None,None,None,André Moreira,Yannick Ferreira-Carrasco,Filipe Luís,Diego Godín,Koke,Roberto Núñez,Šime Vrsaljko,None,None,None,None,None
8367670,Sergio Álvarez,Hugo Mallo,Jonny,Gustavo Cabral,Facundo Roncaglia,Marcelo Díaz,Nemanja Radoja,Daniel Wass,Théo Bongonda,John Guidetti,Iago Aspas,Kiko Casilla,Sergio Ramos,Nacho,Danilo,Toni Kroos,Casemiro,Mateo Kovačić,Marco Asensio,Isco,Cristiano Ronaldo,Karim Benzema,Pape Diop,Fontàs,Iván,Jozabed,Giuseppe Rossi,Sergi Gómez,Pione Sisto,None,None,None,None,None,Fábio Coentrão,Lucas Vázquez,Mariano,Morata,Keylor Navas,Enzo Zidane,Achraf Hakimi,None,None,None,None,None
8367664,Jasper Cillessen,Piqué,Javier Mascherano,Jordi Alba,Samuel Umtiti,Denis Suárez,Sergi Roberto,André Gomes,Luis Suárez,Lionel Messi,Neymar,Gerónimo Rulli,Iñigo Martínez,Aritz Elustondo,Yuri,Raúl Navas,Illarra,Xabi Prieto,Zurutuza,Carlos Vela,Willian José,Mikel Oyarzabal,Aleix Vidal,Lucas Digne,Jordi Masip,Jérémy Mathieu,Paco Alcácer,Ivan Rakitić,Arda Turan,None,None,None,None,None,Canales,Granero,Juanmi,Mikel,Odriozola,Kévin Rodrigues,Toño,None,None,None,None,None
8367219,Moyá,Diego Godín,Filipe Luís,Stefan Savić,Šime Vrsaljko,Juanfran,Koke,Saúl,Yannick Ferreira-Carrasco,Gabi,Antoine Griezmann,Jasper Cillessen,Piqué,Javier Mascherano,Jordi Alba,Samuel Umtiti,Ivan Rakitić,Sergi Roberto,André Gomes,Luis Suárez,Lionel Messi,Neymar,André Moreira,Keidi Bare,Ángel Correa,Fernando Torres,Nicolás Gaitán,Kevin Gameiro,Lucas Hernández,None,None,None,None,None,Aleix Vidal,Denis Suárez,Jordi Masip,Jérémy Mathieu,Paco Alcácer,Rafinha,Arda Turan,None,None,None,None,None
8367218,Sergio Álvarez,Hugo Mallo,Jonny,Gustavo Cabral,Facundo Roncaglia,Marcelo Díaz,Nemanja Radoja,Pablo Hernández,Daniel Wass,Théo Bongonda,Iago Aspas,Pacheco,Laguardia,Theo Hernández,Zouhair Feddal,Marcos Llorente,Camarasa,Manu García,Kiko Femenía,Ibai,Toquero,Deyverson,Fontàs,John Guidetti,Iván,Jozabed,Giuseppe Rossi,Sergi Gómez,Pione Sisto,None,None,None,None,None,Adrià Ortolà,Alexis,Édgar,Rubén Sobrino,Daniel Torres,Vigaray,Óscar Romero,None,None,None,None,None
8376172,Jasper Cillessen,Piqué,Jordi Alba,Samuel Umtiti,Ivan Rakitić,Denis Suárez,Arda Turan,Sergi Roberto,André Gomes,Luis Suárez,Lionel Messi,Moyá,Diego Godín,Filipe Luís,Stefan Savić,Juanfran,Koke,Saúl,Yannick Ferreira-Carrasco,Nicolás Gaitán,Antoine Griezmann,Fernando Torres,Aleix Vidal,Busquets,Lucas Digne,Iniesta,Jordi Masip,Javier Mascherano,Paco Alcácer,None,None,None,None,None,André Moreira,Ángel Correa,Kevin Gameiro,Lucas Hernández,Juan Moreno,Thomas Partey,Šime Vrsaljko,None,None,None,None,None
8376171,Pacheco,Laguardia,Theo Hernández,Zouhair Feddal,Marcos Llorente,Camarasa,Manu García,Kiko Femenía,Ibai,Toquero,Deyverson,Sergio Álvarez,Hugo Mallo,Jonny,Gustavo Cabral,Facundo Roncaglia,Marcelo Díaz,Nemanja Radoja,Pablo Hernández,Daniel Wass,Théo Bongonda,Iago Aspas,Adrià Ortolà,Alexis,Édgar,Óscar Romero,Christian Santos,Daniel Torres,Vigaray,None,None,None,None,None,Fontàs,John Guidetti,Iván,Jozabed,Giuseppe Rossi,Sergi Gómez,Pione Sisto,None,None,None,None,None
8378662,Jasper Cillessen,Piqué,Javier Mascherano,Jordi Alba,Samuel Umtiti,Ivan Rakitić,Busquets,Iniesta,Lionel Messi,Neymar,Paco Alcácer,Pacheco,Rodrigo Ely,Theo Hernández,Vigaray,Zouhair Feddal,Marcos Llorente,Manu García,Kiko Femenía,Ibai,Édgar,Deyverson,Aleix Vidal,André Gomes,Denis Suárez,Lucas Digne,Marlon,Marc-André ter Stegen,Arda Turan,None,None,None,None,None,Adrià Ortolà,Alexis,Camarasa,Óscar Romero,Rubén Sobrino,Toquero,Daniel Torres,None,None,None,None,None
