GameID,Minute,PlayerIn,PlayerOut,Team
1808021,61,Canalejo,Iván Martínez,CD Sariñena
1808021,78,Llopis,Nacho Gómez,CD Sariñena
1808021,100,Loeffler,Cristian Arcega,CD Sariñena
1808021,46,Roberto Peragón,Kevin,CD Puerta Bonita
1808021,64,Amaya,Rubén González,CD Puerta Bonita
1808021,83,Nacho Sierra,Joshua,CD Puerta Bonita
1808022,62,Raúl Salcedo,Kepa del Olmo,CD Laudio
1808022,69,Gorka Luariz,Mikel Degre,CD Laudio
1808022,80,Germán Beltrán,Del Álamo,CD Laudio
1808022,24,Azkoiti,Valín,Real Unión
1808022,58,Gabilondo,Balerdi,Real Unión
1808022,78,Eneko Romo,Saizar,Real Unión
1808025,46,Arnal,Uri Santos,UE Olot
1808025,65,David López,Eric Reverter,UE Olot
1808025,89,Abel Solé,Miki,UE Olot
1808025,74,Mathias Coureur,Cubillas,Huracán CF
1808025,80,Adriá,Pablo Vidal,Huracán CF
1808025,89,Javi Navarro,Luismi,Huracán CF
1808028,39,Etxaniz,Arriaga,Barakaldo CF
1808028,46,Garrido,César,Barakaldo CF
1808028,78,Aguiar,Goti,Barakaldo CF
1808028,61,Néstor,Orbegozo,SD Amorebieta
1808028,67,Arman,Teo,SD Amorebieta
1808028,82,Garmendia,Jon Aranda,SD Amorebieta
1808020,89,Arpón,Breixo,Haro Deportivo
1808020,97,Morales,Ander Franco,Haro Deportivo
1808020,119,Javi López,Morales,Haro Deportivo
1808020,58,Eneko,Annunziata,Real Oviedo
1808020,68,Alain,Erice,Real Oviedo
1808020,80,Héctor Simón,Señé,Real Oviedo
1808027,69,Invernón,Pablo Agudo,Caudal Deportivo
1808027,79,Rojas,Nacho Méndez,Caudal Deportivo
1808027,83,Richard,Marcos Landeira,Caudal Deportivo
1808027,63,Dani Rodríguez,Iago,Racing Ferrol
1808027,75,Manu Barreiro,Iosu Villar,Racing Ferrol
1808027,86,Rubén,Antonio,Racing Ferrol
1808029,56,Lago Junior,Rubio,Gimnàstic
1808029,69,David Sánchez,Tortosa,Gimnàstic
1808029,77,Marcos,Ferrán,Gimnàstic
1808029,55,Clausi,Carles Salvador,CD Alcoyano
1808029,58,Kevin Gissi,Adrián Gallardo,CD Alcoyano
1808029,58,Javi Rubio,Devesa,CD Alcoyano
1808034,59,Antoñito,Eric López,FC Cartagena
1808034,71,Fernando,Antonio Megías,FC Cartagena
1808034,85,De Lerma,Diego Segura,FC Cartagena
1808034,52,Javi López,Joan Grasa,CD Guadalajara
1808034,75,Quique,Jairo,CD Guadalajara
1808034,83,Tello,Zazo,CD Guadalajara
1808024,63,Rufino,Rubén,CD Toledo
1808024,66,Barranco,Sorribas,CD Toledo
1808024,85,Miguel Ramos,Mínguez,CD Toledo
1808024,58,Gerard Oliva,Tariq,SD Huesca
1808024,63,Camacho,Marc Martínez,SD Huesca
1808024,75,Fito Miranda,Borja Sánchez,SD Huesca
1808032,33,Humberto,Rubén Alonso,Écija Balompié
1808032,78,Núñez,Toni Vela,Écija Balompié
1808032,81,Plata,Javi López,Écija Balompié
1808032,69,Carlos Rodríguez,Carlos Martínez,Lorca FC
1808032,80,Fran Carnicer,Prior,Lorca FC
1808032,89,Ortuño,Nico Fernández,Lorca FC
1808033,63,Falu,Mavridis,CD El Palo
1808033,63,Julio,Ismael,CD El Palo
1808033,78,Adrián,Montero,CD El Palo
1808033,74,Melo,Jorge Yepes,Xerez CD
1808033,88,Juanma,Sousa,Xerez CD
1808033,106,Nico,Pedrito,Xerez CD
1808037,73,Iván Guerrero,Cristian,CD San Fernando
1808037,77,Jorge Herrero,Carlitos,CD San Fernando
1808037,87,Ernesto,Ocaña,CD San Fernando
1808037,61,Juampe,Copi,RB Linense
1808037,61,Sergio Ortiz,Salvi,RB Linense
1808037,70,Samuel,Alberto Merino,RB Linense
1809042,18,Jaume Delgado,Lázaro,CD Alavés
1809042,70,Manu García,Nano,CD Alavés
1809042,82,Toti,Laborda,CD Alavés
1809042,58,Abraham,Roger,Real Zaragoza
1809042,76,Tarsi,Walter Acevedo,Real Zaragoza
1809042,82,Porcar,Jorge Ortí,Real Zaragoza
1809043,46,Gerard,Antonio Martínez,RCD Mallorca
1809043,49,Bigas,Geromel,RCD Mallorca
1809043,70,Emilio NSue,Kevin,RCD Mallorca
1809043,46,Rubén Sanz,Martí Riverola,AD Alcorcón
1809043,62,Héctor Verdés,Quini,AD Alcorcón
1809043,68,Christian Alfonso,Dani Pacheco,AD Alcorcón
1809051,65,Felipe Sanchón,Pere Pons,Girona FC
1809051,76,Gerard Bordás,Juanlu Hens,Girona FC
1809051,88,Matamala,Adrià Carmona,Girona FC
1809051,63,Acorán,Cristian,SD Ponferradina
1809051,67,Jonathan,Rueda,SD Ponferradina
1809051,86,Diego Sánchez,Marquitos,SD Ponferradina
1815672,3,Tomeu Nadal,Manolo Reina,Gimnàstic
1815672,58,David Sánchez,Rubio,Gimnàstic
1815672,74,Xavi Molina,Aleix Coch,Gimnàstic
1815672,59,Israel,Diego Benito,Albacete
1815672,65,Rubén Cruz,Sergio Molina,Albacete
1815672,69,Calle,César Díaz,Albacete
1815676,64,Guzmán,Quim Araùjo,UE Sant Andreu
1815676,70,Ton Alcover,Guzmán,UE Sant Andreu
1815676,78,Melo,Xavi Jiménez,UE Sant Andreu
1815676,55,Eric Reverter,Èric Vilanova,UE Olot
1815676,70,Carlos Martínez,Arnal,UE Olot
1815676,79,Abel Solé,Jorge Rojas,UE Olot
1809044,59,Ciércoles,Fernando,CE Sabadell
1809044,59,Collantes,Sotan Tanabe,CE Sabadell
1809044,80,Edgar,Arteaga,CE Sabadell
1809044,46,Aythami,Ángel López,UD Las Palmas
1809044,69,Tato,Aranda,UD Las Palmas
1809044,76,Leo,Apoño,UD Las Palmas
1809041,28,Provencio,Carreño,CE LHospitalet
1809041,63,Ariday Cabrera,Pirulo,CE LHospitalet
1809041,73,Valentín,Mousa Bandeh,CE LHospitalet
1809041,51,Andreu,Borja Granero,Racing Santander
1809041,67,Mamadou Koné,Oriol,Racing Santander
1809041,73,John-Christophe Ayina,Juanpe,Racing Santander
1815677,67,Miramón,Barreda,Lleida Esportiu
1815677,75,Osado,Chupe,Lleida Esportiu
1815677,88,Amara Konaté,Mata,Lleida Esportiu
1815677,57,Domenech,Víctor Merchán,Caudal Deportivo
1815677,79,Javi Sánchez,Pablo Agudo,Caudal Deportivo
1815677,86,Míchel Secades,Nacho Matador,Caudal Deportivo
1809049,67,Morales,Capa,SD Eibar
1809049,76,Diego Jiménez,Eizmendi,SD Eibar
1809049,90,Arruabarrena,Urko Vera,SD Eibar
1809049,65,Aridane Santana,Aday,CD Tenerife
1809049,65,Íñigo Ros,Quique Rivero,CD Tenerife
1809049,75,Guillem,Chechu Flores,CD Tenerife
1815666,46,Alberto Medio,Juan Cueva,CD Tuilla
1815666,75,Pelayo Roces,Diego Arias,CD Tuilla
1815666,63,Abdón,Gabri,Burgos CF
1815666,63,Maureta,Wilfred Moke,Burgos CF
1815666,78,Josep Diez,Yurrebaso,Burgos CF
1815678,62,Jorge Alonso,Carlos Martínez,CD Leganés
1815678,74,Fer Ruiz,Alberto Martín,CD Leganés
1815678,79,Luis Ruiz,Velasco,CD Leganés
1815678,46,Ezequiel,Ismael,Lucena CF
1815678,56,Pepe Díaz,Carrillo,Lucena CF
1815678,65,Fran,Santacruz,Lucena CF
1815670,60,Óscar Liébana,Arpón,Haro Deportivo
1815670,89,Morales,Ander Franco,Haro Deportivo
1815670,90,Iván,Breixo,Haro Deportivo
1815670,59,Saihou Gassama,Carmelo,CD Sariñena
1815670,79,Loeffler,Teto,CD Sariñena
1815679,75,Jordi Marenyà,Christian,Olímpic Xàtiva
1815679,90,Pau Franch,Nando Ramón,Olímpic Xàtiva
1815679,58,Dañobeitia,Jorge García,Barakaldo CF
1815679,63,Orbegozo,Etxaniz,Barakaldo CF
1815679,75,Goti,Manu,Barakaldo CF
1815680,66,Fran Pineda,Juan Llaves,Xerez CD
1815680,96,Jorge Yepes,Sousa,Xerez CD
1815680,119,Víto,Juanse,Xerez CD
1815680,63,Borja Díaz,Guti,CF Fuenlabrada
1815680,75,Antonio López,Molino,CF Fuenlabrada
1815680,86,Fran Dorado,Biendi,CF Fuenlabrada
1815674,54,Camacho,Fito Miranda,SD Huesca
1815674,59,Francesco Scardina,Llamas,SD Huesca
1815674,73,Batres,Atienza,SD Huesca
1815674,59,Menudo,Riau,FC Cartagena
1815674,70,Mariano,Antoñito,FC Cartagena
1815674,82,Fernando,Fede,FC Cartagena
1809046,46,Ernesto,Pablo Álvarez,CD Lugo
1809046,63,Fernando Seoane,Juanjo,CD Lugo
1809046,78,Vincenzo Rennella,Álvaro Peña,CD Lugo
1809046,49,Iván Agustín,Muñiz,CD Mirandés
1809046,67,Goiria,Asier,CD Mirandés
1809046,87,Javi Flaño,Docal,CD Mirandés
1809047,63,Fran Machado,Jonathan Mejía,Real Jaén
1809047,88,Édgar,Víctor Curto,Real Jaén
1809047,58,Del Pino,Palanca,CD Numancia
1809047,64,Natalio,Vicente,CD Numancia
1809047,73,David Martín,Pedraza,CD Numancia
1809048,62,Felipe Gallegos,Antonio Domínguez,Recreativo Huelva
1809048,71,Hernán Menosse,Montoro,Recreativo Huelva
1809048,91,Álvaro Antón,Jorge Larena,Recreativo Huelva
1809048,51,Dejan Lekić,Formose Mendy,Sporting Gijón
1809048,57,Isma López,Guerrero,Sporting Gijón
1809048,77,Mandi,Julio,Sporting Gijón
1809050,56,Héctor Yuste,De Lucas,Hércules CF
1809050,56,Yukiya Sugita,Héctor Font,Hércules CF
1809050,67,Dioni,Azkorra,Hércules CF
1809050,54,Tete,Saúl,Real Murcia
1809050,67,Kike García,Wellington Silva,Real Murcia
1809050,76,Dominique Malonga,Albiol,Real Murcia
1815675,46,Álvaro Garrido,Juanfri,Écija Balompié
1815675,60,Toni Vela,Núñez,Écija Balompié
1815675,67,Javi López,Plata,Écija Balompié
1815675,41,Germán Beltrán,del Olmo,CD Laudio
1815675,57,Tyson,Lambarri,CD Laudio
1815675,87,Joseba Aguirre,Eraña,CD Laudio
1809045,53,López Silva,Joselu,Córdoba CF
1809045,53,Pedro,Germán Pacheco,Córdoba CF
1809045,72,Abel,Rafa Gálvez,Córdoba CF
1809045,27,Stefan Deak,Uxío,Deportivo La Coruña
1809045,64,Dani Iglesias,Cañi,Deportivo La Coruña
1809045,87,Quique Fornos,Bicho,Deportivo La Coruña
1815673,57,Berni,Sebastián Besnier,CD San Fernando
1815673,83,Ernesto,Cristian,CD San Fernando
1815673,108,Jorge Herrero,Ocaña,CD San Fernando
1815673,55,Barbosa,Víctor Bravo,CD Tudelano
1815673,63,Esparza,Aitor Pons,CD Tudelano
1815673,82,David González,Álex Sánchez,CD Tudelano
1818156,65,Esparza,Álex Sánchez,CD Tudelano
1818156,71,Barbosa,David Pérez,CD Tudelano
1818156,80,Aitor Pons,Azpilicueta,CD Tudelano
1818156,72,De Lerma,Antonio Megías,FC Cartagena
1818156,81,Menudo,Fede,FC Cartagena
1818156,89,Diego Segura,Fernando,FC Cartagena
1818163,46,Juanma,Óscar Quesada,Real Jaén
1818163,61,Mario Martos,Fran Machado,Real Jaén
1818163,80,Cobo,Israel Jerez,Real Jaén
1818163,75,Dani Iglesias,Paulo Teles,Deportivo La Coruña
1818163,75,Núñez,Uxío,Deportivo La Coruña
1818163,80,Cañi,Marchena,Deportivo La Coruña
1818161,68,Raúl Salcedo,del Olmo,CD Laudio
1818161,77,Jarein,Del Álamo,CD Laudio
1818161,105,Eraña,Germán Beltrán,CD Laudio
1818161,60,Pau Franch,Peris,Olímpic Xàtiva
1818161,69,Álex Vaquero,Rifaterra,Olímpic Xàtiva
1818161,115,Kike Alcázar,Christian,Olímpic Xàtiva
1818157,86,Unai,Arpón,Haro Deportivo
1818157,111,Javi López,Breixo,Haro Deportivo
1818157,63,Iván Turrillo,David Parada,Algeciras CF
1818157,80,Jesús Alfaro,Melchor,Algeciras CF
1818157,117,Mario Pérez,Carlos,Algeciras CF
1818158,52,Abdón,Yurrebaso,Burgos CF
1818158,74,Joaqui,Maureta,Burgos CF
1818158,79,Gabri,Héctor,Burgos CF
1818158,66,Xavi Molina,Rubio,Gimnàstic
1818158,78,Ferrán,Querol,Gimnàstic
1818158,80,David Sánchez,Beñat,Gimnàstic
1818160,62,Nico,Juanse,Xerez CD
1818160,68,Chirri,Melo,Xerez CD
1818160,80,Pedrito,Jairo Cordero,Xerez CD
1818160,55,Raúl Fuster,Aldalur,Lleida Esportiu
1818160,59,Monforte,Mario Fuentes,Lleida Esportiu
1818160,86,Pere Milla,Mata,Lleida Esportiu
1818159,49,De la Vega,Velasco,CD Leganés
1818159,55,Jorge Alonso,Carlos Martínez,CD Leganés
1818159,77,Fer Ruiz,Sergio Postigo,CD Leganés
1818159,46,Mamadou Koné,Andreu,Racing Santander
1818159,64,Saúl,Ander,Racing Santander
1818159,87,Borja Granero,Rubén Durán,Racing Santander
1818162,51,Jandro,Felipe Sanchón,Girona FC
1818162,75,Matamala,Chus Herrero,Girona FC
1818162,75,Migue,Pere Pons,Girona FC
1818162,51,Álex Ortiz,Lázaro,CD Alavés
1818162,80,Viguera,Mauro Quiroga,CD Alavés
1818162,86,Guzmán,Juanma,CD Alavés
1818164,66,Jorge Merino,Álvaro Antón,Recreativo Huelva
1818164,73,Jorge Araújo,Felipe Gallegos,Recreativo Huelva
1818164,88,Naranjo,Ezequiel,Recreativo Huelva
1818164,50,Manu,De Coz,CD Lugo
1818164,50,Laro Setién,Víctor Marco,CD Lugo
1818164,73,Dani Pedrosa,Keko,CD Lugo
1818166,46,Jota,Diego Jiménez,SD Eibar
1818166,57,Yuri,Gorka Kijera,SD Eibar
1818166,90,Eizmendi,Lillo,SD Eibar
1818166,46,Dani Ponce,Javito,AD Alcorcón
1818166,62,Iribas,Jony Ñíguez,AD Alcorcón
1818166,75,Christian Alfonso,Óscar Plano,AD Alcorcón
1818165,54,Javi Castellano,Hernán,UD Las Palmas
1818165,65,Apoño,Momo,UD Las Palmas
1818165,72,Artiles,Asdrúbal Padrón,UD Las Palmas
1818165,63,Gai Assulin,David Ferreiro,Hércules CF
1818165,70,Azkorra,Adrián Sardinero,Hércules CF
1831693,5,Perales,Chupe,Lleida Esportiu
1831693,70,Aldalur,Pere Milla,Lleida Esportiu
1831693,84,Osado,Dídac Devesa,Lleida Esportiu
1831693,65,Chuli,Juankar,Betis Sevilla
1831693,72,Sevilla,Verdú,Betis Sevilla
1831693,86,Xavi Torres,Nono,Betis Sevilla
1831675,57,Moi Gómez,Cani,Villarreal CF
1831675,66,Pablo Íñiguez,Dorado,Villarreal CF
1831675,73,Ikechukwu Uche,Giovani dos Santos,Villarreal CF
1831675,68,Edu Albácar,Alberto Botía,Elche CF
1831675,79,Mantecón,Richmond Boakye,Elche CF
1831675,83,Rubén Pérez,Carles Gil,Elche CF
1831671,61,David Parada,Álvaro Benítez,Algeciras CF
1831671,61,Javi Fernández,Mario Pérez,Algeciras CF
1831671,81,Antoñito,Ayala,Algeciras CF
1831671,68,Agirretxe,Antoine Griezmann,Real Sociedad San Sebastian
1831671,68,Carlos Vela,Sangalli,Real Sociedad San Sebastian
1831671,73,Mikel,De la Bella,Real Sociedad San Sebastian
1831679,56,Concha,Javi Barrio,Racing Santander
1831679,70,Mariano,Mamadou Koné,Racing Santander
1831679,79,Ander,John-Christophe Ayina,Racing Santander
1831679,54,Fernando Navarro,Raul Rusescu,Sevilla FC
1831679,63,Stéphane Mbia,Sebastián Cristóforo,Sevilla FC
1831679,80,Reyes,Bryan Rabello,Sevilla FC
1831663,68,Javi Guerra,Humberto Osorio,Real Valladolid
1831663,78,Daniel Larsson,Omar,Real Valladolid
1831663,83,Álvaro Rubio,Zakarya Bergdich,Real Valladolid
1831663,68,Joaquin Larrivey,Nery Castillo,Rayo Vallecano
1831663,74,Jonathan Viera,Alhassane Bangoura,Rayo Vallecano
1831663,78,Christian Cueva,Alberto Perea,Rayo Vallecano
1831667,57,Menudo,De Lerma,FC Cartagena
1831667,70,Dani Ruiz,Zurdo,FC Cartagena
1831667,84,Antonio Megías,Fernando,FC Cartagena
1831667,77,Jean Dongou,Alexis Sánchez,FC Barcelona
1831667,80,Martín Montoya,Jordi Alba,FC Barcelona
1831691,46,Xavi Jiménez,Josu,UE Sant Andreu
1831691,60,Ander Vitoria,Quim Araùjo,UE Sant Andreu
1831691,65,Ton Alcover,Guzmán,UE Sant Andreu
1831691,65,David Villa,Óliver Torres,Atlético Madrid
1831691,71,Diego Costa,Raúl García,Atlético Madrid
1831691,79,Josuha Guilavogui,Arda Turan,Atlético Madrid
1831669,66,Felipe Sanchón,Jofre,Girona FC
1831669,74,Gerard Bordás,Chando,Girona FC
1831669,87,Pere Pons,Richy,Girona FC
1831669,71,Diego Castro,Pablo Sarabia,Getafe CF
1831669,77,Colunga,Ciprian Marica,Getafe CF
1831669,81,Pedro León,Gavilán,Getafe CF
1831695,63,Jonathan Vila,David Costas,Celta Vigo
1831695,68,Levy Madinda,Rafinha,Celta Vigo
1831695,77,Bermejo,Fabián Orellana,Celta Vigo
1831695,65,Ibai,Susaeta,Athletic Bilbao
1831695,76,Aduriz,Ander Herrera,Athletic Bilbao
1831695,76,De Marcos,Toquero,Athletic Bilbao
1831665,77,Joselu,Arana,Recreativo Huelva
1831665,86,Jorge Merino,Jorge Larena,Recreativo Huelva
1831665,88,Naranjo,Felipe Gallegos,Recreativo Huelva
1831665,55,Pedro Ríos,Nabil El Zhar,Levante UD
1831665,66,Barral,Xumetra,Levante UD
1831665,87,Pape Diop,Sérgio da Silva Pinto,Levante UD
1831685,66,Pau Franch,Christian,Olímpic Xàtiva
1831685,76,Álex Vaquero,Rifaterra,Olímpic Xàtiva
1831685,80,Pifarré,Jordi Marenyà,Olímpic Xàtiva
1831685,46,Marcelo,Arbeloa,Real Madrid
1831685,55,Karim Benzema,Ángel Di María,Real Madrid
1831685,73,Luka Modrić,Isco,Real Madrid
1831681,46,Dani Pacheco,Jony Ñíguez,AD Alcorcón
1831681,68,Jean-Sylvain Babin,Héctor Verdés,AD Alcorcón
1831681,72,Javito,Sergio Prendes,AD Alcorcón
1831681,46,Recio,Manuel Iturra,Granada CF
1831681,71,Mickaël Pereira,Yacine Brahimi,Granada CF
1831681,78,Dimitri Foulquier,Piti,Granada CF
1831677,46,Leo,Hernán,UD Las Palmas
1831677,46,Nauzet Alemán,Tato,UD Las Palmas
1831677,67,Spas Delev,Aythami Artiles,UD Las Palmas
1831677,57,Young Gyu Kim,Aleix Vidal,UD Almería
1831677,62,Sebastián Dubarbier,Raúl García,UD Almería
1831677,80,Trujillo,Hélder Barbosa,UD Almería
1831689,60,Javi Martínez,Jean Luc Assoubre,Gimnàstic
1831689,72,Querol,Lago Junior,Gimnàstic
1831689,77,Xavi Molina,David Sánchez,Gimnàstic
1831689,66,Dorlan Pabón,Juan Bernat,Valencia CF
1831689,70,Éver Banega,Parejo,Valencia CF
1831689,77,Paco Alcácer,Sofiane Féghouli,Valencia CF
1831683,46,Dani Torres,Servando,Real Jaén
1831683,62,Édgar,Jonathan Mejía,Real Jaén
1831683,77,Santi Villa,Víctor Curto,Real Jaén
1831683,63,Gabriel Torje,Pizzi,Espanyol Barcelona
1831683,74,Raúl Rodríguez,Mattioni,Espanyol Barcelona
1831683,77,Álex,Manu Lanzarote,Espanyol Barcelona
1831687,74,Bobley Anderson,Pedro Morales,Málaga CF
1831687,74,Duda,Fernando Tissone,Málaga CF
1831687,66,Jordan Lotiés,José García,CA Osasuna
1831687,77,Oriol Riera,Manuel Onwu,CA Osasuna
1831687,90,Satrústegui,Emiliano Armenteros,CA Osasuna
1831666,55,Ángel,Barral,Levante UD
1831666,69,Rémi Gomis,Simão,Levante UD
1831666,75,Aloys Nong,Rubén García,Levante UD
1831666,51,Jesús Vázquez,Hernán Menosse,Recreativo Huelva
1831666,63,Arana,Joselu,Recreativo Huelva
1831666,77,Jorge Larena,Naranjo,Recreativo Huelva
1831670,62,Mosquera,Borja,Getafe CF
1831670,71,Pedro León,Gavilán,Getafe CF
1831670,26,David Timor,Carles Mas,Girona FC
1831670,64,Iván López,David García,Girona FC
1831670,74,Sebas,Jandro,Girona FC
1831676,57,Carles Gil,Javi Flores,Elche CF
1831676,73,Coro,Generelo,Elche CF
1831676,77,Richmond Boakye,Aarón,Elche CF
1831676,67,Jaume Costa,Moi Gómez,Villarreal CF
1831676,77,Giovani dos Santos,Jonathan Pereira,Villarreal CF
1831676,85,Trigueros,Javier Aquino,Villarreal CF
1831688,65,Roberto Torres,José García,CA Osasuna
1831688,76,Oriol Riera,Manuel Onwu,CA Osasuna
1831688,83,Jordan Lotiés,Álvaro Cejudo,CA Osasuna
1831688,64,Duda,Pedro Morales,Málaga CF
1831688,64,Roque Santa Cruz,Portillo,Málaga CF
1831688,73,Samuel,Juanmi,Málaga CF
1831668,76,Iniesta,Cesc Fàbregas,FC Barcelona
1831668,76,Alexis Sánchez,Pedro,FC Barcelona
1831668,80,Jordi Alba,Adriano,FC Barcelona
1831668,59,Fernando,Eric López,FC Cartagena
1831668,74,Antoñito,Menudo,FC Cartagena
1831668,86,Fede,Diego Segura,FC Cartagena
1831682,55,Piti,Diego Buonanotte,Granada CF
1831682,55,Riki,Mickaël Pereira,Granada CF
1831682,103,Hassan Yebda,Mohammed Fatau,Granada CF
1831682,66,Javito,Dani Pacheco,AD Alcorcón
1831682,72,Quini,Antonio Martínez,AD Alcorcón
1831682,99,Iribas,Jesús,AD Alcorcón
1831672,60,Antoine Griezmann,Chory Castro,Real Sociedad San Sebastian
1831672,65,Rubén Pardo,Javi Ros,Real Sociedad San Sebastian
1831672,72,Agirretxe,Xabi Prieto,Real Sociedad San Sebastian
1831672,61,Melchor,Javi Fernández,Algeciras CF
1831672,72,Iván Turrillo,Ryan Harper,Algeciras CF
1831672,80,Ayala,Carlitos,Algeciras CF
1831678,46,Ramon Azeez,Corona,UD Almería
1831678,58,Hicham,Óscar Díaz,UD Almería
1831678,76,Aleix Vidal,Cristóbal,UD Almería
1831678,46,Macauley Chrisantus,Aranda,UD Las Palmas
1831678,61,Artiles,Asdrúbal Padrón,UD Las Palmas
1831678,78,Thimothée Atouba,Galán,UD Las Palmas
1831692,37,Héctor Hernández,,Atlético Madrid
1831692,71,Gabi,Carlos Ramos,Atlético Madrid
1831692,53,Francis,Ander Vitoria,UE Sant Andreu
1831692,66,Xapi Arnau,Quim Araùjo,UE Sant Andreu
1831692,73,Peque,Guzmán,UE Sant Andreu
1831694,28,Dídac Vilà,Amaya,Betis Sevilla
1831694,61,Lorenzo Reyes,Juanfran,Betis Sevilla
1831694,71,Álvaro Vadillo,Verdú,Betis Sevilla
1831694,71,Miramón,Monforte,Lleida Esportiu
1831694,75,Imaz,Mario Fuentes,Lleida Esportiu
1831694,80,Dídac Devesa,Osado,Lleida Esportiu
1831680,57,Carlos Bacca,Raul Rusescu,Sevilla FC
1831680,57,Carlos Fernández,Piotr Trochowski,Sevilla FC
1831680,70,Nieto,Mariano,Racing Santander
1831680,75,Juanpe,Miguélez,Racing Santander
1831680,87,Iñaki,Rubén Durán,Racing Santander
1831686,58,Xabi Alonso,Illarra,Real Madrid
1831686,69,Karim Benzema,Isco,Real Madrid
1831686,76,Marcelo,Dani Carvajal,Real Madrid
1831686,63,Álex Vaquero,Jordi Marenyà,Olímpic Xàtiva
1831686,71,Jhon Mosquera,Pau Franch,Olímpic Xàtiva
1831686,84,Pablo Revert,Belda,Olímpic Xàtiva
1831664,43,Johan Mojica,Arbilla,Rayo Vallecano
1831664,58,Alhassane Bangoura,Iago Falqué,Rayo Vallecano
1831664,68,Bueno,Baena,Rayo Vallecano
1831664,58,Óscar,Patrick Ebert,Real Valladolid
1831664,58,Víctor Pérez,Daniel Larsson,Real Valladolid
1831664,63,Humberto Osorio,Manucho,Real Valladolid
1831684,53,Álex,Jhon Córdoba,Espanyol Barcelona
1831684,80,Víctor Álvarez,Simão,Espanyol Barcelona
1831684,87,Raúl Rodríguez,Héctor Moreno,Espanyol Barcelona
1831684,46,Damían Petkoff,Israel Jerez,Real Jaén
1831684,60,Raúl Gaitán,Ritchie Kitoko,Real Jaén
1831684,75,Cobo,Víctor Curto,Real Jaén
1831690,69,Canales,Éver Banega,Valencia CF
1831690,69,Pablo Piatti,Fede Cartabia,Valencia CF
1831690,77,Hélder Postiga,Juan Bernat,Valencia CF
1831690,52,Javi Martínez,Marcos,Gimnàstic
1831690,57,Rubio,David Sánchez,Gimnàstic
1831690,70,Xavi Molina,Juanjo,Gimnàstic
1831696,46,Ekiza,Gurpegi,Athletic Bilbao
1831696,62,Ander Herrera,Ibai,Athletic Bilbao
1831696,80,Erik Morán,Iturraspe,Athletic Bilbao
1831696,46,Fabián Orellana,Santi Mina,Celta Vigo
1831696,57,Jonny,Álex López,Celta Vigo
1831696,72,Javi Rey,Michael Krohn-Dehli,Celta Vigo
2186836,63,Sofiane Féghouli,Míchel,Valencia CF
2186836,74,Canales,Juan Bernat,Valencia CF
2186836,77,Pablo Piatti,Fede Cartabia,Valencia CF
2186836,60,Arda Turan,Josuha Guilavogui,Atlético Madrid
2186836,67,Cristian Rodríguez,Adrián,Atlético Madrid
2186836,80,Tiago,Koke,Atlético Madrid
2186823,60,Juli,Óscar Plano,AD Alcorcón
2186823,60,Dani Pacheco,Christian Alfonso,AD Alcorcón
2186823,81,Jony Ñíguez,Fernando Sales,AD Alcorcón
2186823,65,David López,Abraham,Espanyol Barcelona
2186823,75,Jhon Córdoba,Thievy Bifouma,Espanyol Barcelona
2186823,75,Álex,Pizzi,Espanyol Barcelona
2186840,65,Molina,Cedrick Mabwati,Betis Sevilla
2186840,73,Lorenzo Reyes,Chuli,Betis Sevilla
2186840,83,Ignacio Abeledo,Sevilla,Betis Sevilla
2186840,59,Muniain,Susaeta,Athletic Bilbao
2186840,59,Ander Herrera,Mikel Rico,Athletic Bilbao
2186840,79,De Marcos,Beñat,Athletic Bilbao
2186816,64,Lionel Messi,Iniesta,FC Barcelona
2186816,75,Cristian Tello,Alexis Sánchez,FC Barcelona
2186816,81,Alex Song,Cesc Fàbregas,FC Barcelona
2186816,65,Lafita,Gavilán,Getafe CF
2186816,70,Pedro León,Pablo Sarabia,Getafe CF
2186816,77,Colunga,Ciprian Marica,Getafe CF
2186839,54,Mamadou Koné,Ander,Racing Santander
2186839,65,Concha,,Racing Santander
2186839,78,Iñaki,John-Christophe Ayina,Racing Santander
2186839,60,Aleix Vidal,Hicham,UD Almería
2186839,74,Trujillo,Hans Martínez,UD Almería
2186839,82,Óscar Díaz,Suso,UD Almería
2186821,59,Xabi Prieto,Agirretxe,Real Sociedad San Sebastian
2186821,67,Carlos Vela,Chory Castro,Real Sociedad San Sebastian
2186821,74,Rubén Pardo,Elustondo,Real Sociedad San Sebastian
2186821,63,Moi Gómez,Javier Aquino,Villarreal CF
2186821,67,Trigueros,Jaume Costa,Villarreal CF
2186821,78,Jérémy Perbet,Giovani dos Santos,Villarreal CF
2186817,44,Alhassane Bangoura,Alberto Perea,Rayo Vallecano
2186817,63,Rubén Ramiro,Iago Falqué,Rayo Vallecano
2186817,69,Jonathan Viera,Bueno,Rayo Vallecano
2186817,65,Nagore,Jordi César,Levante UD
2186817,71,Aloys Nong,Ángel,Levante UD
2186817,80,Pape Diop,Nabil El Zhar,Levante UD
2186819,70,Isco,Jesé,Real Madrid
2186819,81,Morata,Karim Benzema,Real Madrid
2186819,88,Casemiro,Illarra,Real Madrid
2186819,58,Puñal,Francisco Silva,CA Osasuna
2186819,68,José García,De las Cuevas,CA Osasuna
2186819,79,Marc Bertrán,Álvaro Cejudo,CA Osasuna
2186838,64,Hélder Barbosa,Mané,UD Almería
2186838,66,Hicham,Óscar Díaz,UD Almería
2186838,76,Young Gyu Kim,Fran Vélez,UD Almería
2186838,46,Mamadou Koné,Saúl,Racing Santander
2186838,80,Juanpe,Miguélez,Racing Santander
2186838,90,Fede,Rubén Durán,Racing Santander
2186837,58,Koke,José Sosa,Atlético Madrid
2186837,81,Cristian Rodríguez,Arda Turan,Atlético Madrid
2186837,56,Paco Alcácer,Fede Cartabia,Valencia CF
2186837,67,Pablo Piatti,Sofiane Féghouli,Valencia CF
2186837,78,Dorlan Pabón,Hélder Postiga,Valencia CF
2186824,64,Pizzi,Simão,Espanyol Barcelona
2186824,84,Manu Lanzarote,Álex,Espanyol Barcelona
2186824,88,Héctor Moreno,Víctor Álvarez,Espanyol Barcelona
2186824,19,Dani Pacheco,Jesús,AD Alcorcón
2186824,63,Juli,Óscar Plano,AD Alcorcón
2186824,67,Javito,Fernando Sales,AD Alcorcón
2186841,66,Kike Sola,Aduriz,Athletic Bilbao
2186841,78,Beñat,Ander Herrera,Athletic Bilbao
2186841,88,Gurpegi,Mikel Rico,Athletic Bilbao
2186841,63,Rubén Castro,Sevilla,Betis Sevilla
2186841,72,Damien Perquis,Lorenzo Reyes,Betis Sevilla
2186841,76,Chuli,Leo Baptistão,Betis Sevilla
2186818,81,Juanfran,Nikos Karabelas,Levante UD
2186818,85,Xumetra,Pedro Ríos,Levante UD
2186818,89,Aloys Nong,Nabil El Zhar,Levante UD
2186818,46,Joaquin Larrivey,Nery Castillo,Rayo Vallecano
2186818,75,Bueno,Leonel Galeano,Rayo Vallecano
2186818,83,Rubén Ramiro,Iago Falqué,Rayo Vallecano
2186820,61,José García,Álvaro Cejudo,CA Osasuna
2186820,65,Satrústegui,Joan Oriol,CA Osasuna
2186820,81,Oriol Riera,De las Cuevas,CA Osasuna
2186820,62,Gareth Bale,Cristiano Ronaldo,Real Madrid
2186820,64,Casemiro,Xabi Alonso,Real Madrid
2186820,70,Morata,Jesé,Real Madrid
2186822,59,Mario,Hernán Pérez,Villarreal CF
2186822,59,Javier Aquino,Aleksandar Pantić,Villarreal CF
2186822,65,Ikechukwu Uche,Moi Gómez,Villarreal CF
2186822,61,Zurutuza,Javi Ros,Real Sociedad San Sebastian
2186822,68,Carlos Vela,Haris Seferović,Real Sociedad San Sebastian
2186822,79,Antoine Griezmann,Chory Castro,Real Sociedad San Sebastian
2185214,36,Lisandro López,Alexis,Getafe CF
2185214,61,Pedro León,Pablo Sarabia,Getafe CF
2185214,65,Diego Castro,Juan Rodríguez,Getafe CF
2185214,28,Alexis Sánchez,Neymar,FC Barcelona
2185214,70,Xavi,Cesc Fàbregas,FC Barcelona
2193498,46,Álex,Manu Lanzarote,Espanyol Barcelona
2193498,75,Jhon Córdoba,Gabriel Torje,Espanyol Barcelona
2193498,89,Christian Stuani,Pizzi,Espanyol Barcelona
2193498,73,Xabi Alonso,Ángel Di María,Real Madrid
2193498,77,Isco,Karim Benzema,Real Madrid
2193498,90,Jesé,Gareth Bale,Real Madrid
2193316,63,Zurutuza,Carlos Vela,Real Sociedad San Sebastian
2193316,71,Rubén Pardo,Javi Ros,Real Sociedad San Sebastian
2193316,76,Antoine Griezmann,Xabi Prieto,Real Sociedad San Sebastian
2193316,59,Mariano,Ander,Racing Santander
2193316,64,Borja Granero,Javi Soria,Racing Santander
2193316,70,Rubén Durán,Miguélez,Racing Santander
2193502,62,Pedro Ríos,Xumetra,Levante UD
2193502,71,Ángel,Barral,Levante UD
2193502,77,Aloys Nong,Nabil El Zhar,Levante UD
2193502,57,Javier Mascherano,Puyol,FC Barcelona
2193502,75,Alexis Sánchez,Pedro,FC Barcelona
2193318,46,Gabi,Josuha Guilavogui,Atlético Madrid
2193318,59,Arda Turan,Adrián,Atlético Madrid
2193318,78,David Villa,Cristian Rodríguez,Atlético Madrid
2193318,46,Susaeta,Ibai,Athletic Bilbao
2193318,61,Aduriz,Kike Sola,Athletic Bilbao
2193318,81,Beñat,Ander Herrera,Athletic Bilbao
2193499,73,Pepe,Fábio Coentrão,Real Madrid
2193499,81,Morata,Isco,Real Madrid
2193499,86,Casemiro,Ángel Di María,Real Madrid
2193499,46,Jhon Córdoba,Gabriel Torje,Espanyol Barcelona
2193499,66,Christian Stuani,Pizzi,Espanyol Barcelona
2193499,78,David López,Álex,Espanyol Barcelona
2193319,66,Ibai,Mikel Rico,Athletic Bilbao
2193319,73,Kike Sola,Susaeta,Athletic Bilbao
2193319,78,Beñat,Ander Herrera,Athletic Bilbao
2193319,14,Emiliano Insúa,Filipe Luís,Atlético Madrid
2193319,80,José Sosa,Adrián,Atlético Madrid
2193319,89,Toby Alderweireld,Diego Costa,Atlético Madrid
2193504,46,Pedro,Iniesta,FC Barcelona
2193504,70,Ibrahim Afellay,Cesc Fàbregas,FC Barcelona
2193504,78,Javier Mascherano,Alexis Sánchez,FC Barcelona
2193504,32,Aloys Nong,Sérgio da Silva Pinto,Levante UD
2193504,59,Pallardó,Ángel,Levante UD
2193504,72,Jordi César,Rubén García,Levante UD
2193594,74,Morata,Karim Benzema,Real Madrid
2193594,81,Illarra,Ángel Di María,Real Madrid
2193594,84,Isco,Jesé,Real Madrid
2193594,46,Cristian Rodríguez,Diego,Atlético Madrid
2193594,62,Adrián,Arda Turan,Atlético Madrid
2193594,71,José Sosa,Raúl García,Atlético Madrid
2193588,74,Iniesta,Alexis Sánchez,FC Barcelona
2193588,85,Cristian Tello,Cesc Fàbregas,FC Barcelona
2193588,19,Carlos Martínez,Mikel,Real Sociedad San Sebastian
2193588,73,Canales,Carlos Vela,Real Sociedad San Sebastian
2193588,83,Haris Seferović,Antoine Griezmann,Real Sociedad San Sebastian
2193595,46,Juanfran,Manquillo,Atlético Madrid
2193595,46,Adrián,Diego,Atlético Madrid
2193595,60,Gabi,Raúl García,Atlético Madrid
2193595,46,Nacho,Sergio Ramos,Real Madrid
2193595,67,Casemiro,Luka Modrić,Real Madrid
2193595,76,Jesé,Cristiano Ronaldo,Real Madrid
2193589,62,Chory Castro,Haris Seferović,Real Sociedad San Sebastian
2193589,67,Elustondo,Gaztañaga,Real Sociedad San Sebastian
2193589,81,Canales,Xabi Prieto,Real Sociedad San Sebastian
2193589,66,Alex Song,Xavi,FC Barcelona
2193589,77,Alexis Sánchez,Pedro,FC Barcelona
2193589,89,Bartra,Busquets,FC Barcelona
2193592,46,Adriano,Jordi Alba,FC Barcelona
2193592,61,Pedro,Cesc Fàbregas,FC Barcelona
2193592,86,Alexis Sánchez,Bartra,FC Barcelona
2193592,86,Illarra,Ángel Di María,Real Madrid
2193592,88,Casemiro,Isco,Real Madrid
2193592,89,Raphaël Varane,Karim Benzema,Real Madrid
