GameID,Minute,Player,Team,Card
8451517,31,Chacón,Club Deportivo Calahorra,yellow
8451517,38,Raúl Almagro,Club Deportivo Calahorra,yellow
8451517,61,Rodellar,Real Unión,yellow
8451518,90,Jon Ceberio,Peña Sport FC,yellow
8451518,37,Yanis Rahmani,CD Mirandés,yellow
8451518,62,Mario Hernández,CD Mirandés,yellow
8451520,52,Toni Lao,CF Badalona,yellow
8451520,64,Adrià Parera,CF Badalona,yellow
8451520,67,Javi Maldonado,CF Badalona,yellow
8451520,71,Albarrán,CF Badalona,yellow
8451520,77,Ciércoles,CF Badalona,yellow
8451520,112,Kevin Lacruz,CF Badalona,yellow
8451520,22,Peris,Elche CF,yellow
8451520,88,Calero,Elche CF,yellow
8451514,86,Quino,Gimnástica Segoviana,yellow
8451514,58,Adrián,Pontevedra CF,yellow
8451519,36,Luca Ferrone,SD Leioa,yellow
8451519,78,Alain,SD Leioa,yellow-red
8451519,79,Yosu Camporro,SD Leioa,yellow
8451519,86,Aitor Morcillo,SD Leioa,yellow
8451519,86,Goti,SD Leioa,yellow-red
8451519,87,Aitor Córdoba,SD Leioa,yellow
8451519,57,Gonzalo,Racing Santander,yellow
8451519,76,Matías Aquino,Racing Santander,yellow
8451519,86,Pau Miguélez,Racing Santander,yellow
8451516,36,Cote,Gimnástica Torrelavega,yellow
8451516,54,Nacho Rodríguez,Gimnástica Torrelavega,yellow
8451516,57,Fernando,Gimnástica Torrelavega,yellow
8451516,62,Cagigas,Gimnástica Torrelavega,yellow
8451516,77,Vitienes,Gimnástica Torrelavega,yellow
8451516,41,Beñat Alberdi,Cultural Durango,yellow
8451513,54,Álvaro Moreno,SD Ponferradina,yellow
8451513,60,Dinu Moldovan,SD Ponferradina,yellow
8451513,90,José Ríos,SD Ponferradina,yellow
8451513,42,Roger Bonet,Rápido de Bouzas,yellow
8451513,75,Pablo Trigueros,Rápido de Bouzas,yellow
8451513,85,Adrián Gómez,Rápido de Bouzas,yellow-red
8451515,62,Diego Gordo,UD Logroñés,yellow
8451515,27,Alexis Ramos,Real Avilés,yellow
8451515,32,Santos,Real Avilés,yellow
8451522,63,Pepín,Olímpic Xàtiva,yellow
8451522,93,Tobías Plá,Olímpic Xàtiva,yellow
8451524,64,Víctor Curto,Real Murcia,yellow
8451524,83,Orfila,Real Murcia,yellow
8451524,86,Armando,Real Murcia,yellow
8451524,5,Santi Polo,CP Cacereño,yellow
8451524,55,David López,CP Cacereño,yellow
8451524,71,Agostinho,CP Cacereño,yellow
8451524,82,Juanqui Núñez,CP Cacereño,yellow
8451528,69,Iván Agudo,Lleida Esportiu,yellow
8451528,48,Nando,UD Melilla,yellow
8451528,61,Richi,UD Melilla,yellow
8451528,79,Lolo Garrido,UD Melilla,yellow
8451512,8,Oliva,Rayo Majadahonda,yellow
8451512,70,Vicente Romero,Rayo Majadahonda,yellow
8451512,83,Carlitos,Rayo Majadahonda,yellow
8451512,23,Darío García,Unión Adarve,yellow
8451512,83,Gianni,Unión Adarve,yellow
8451512,89,Ángel Auñón,Unión Adarve,yellow
8451512,89,Jacobo Alcalde,Unión Adarve,yellow
8451525,55,Luis Alcalde,Antequera CF,yellow
8451525,66,Juanillo,Antequera CF,yellow
8451525,55,David Casillas,Arcos CF,yellow
8451525,58,Ale Cortijo,Arcos CF,yellow
8451526,88,Mawi,Lorca Deportiva,yellow
8451526,80,Kamal,CF Villanovense,yellow
8451526,90,Allyson,CF Villanovense,yellow
8451527,17,Echeday Mayor,UD San Fernando,yellow
8451527,21,Cristian Medina,UD San Fernando,yellow
8451527,69,Abraham,UD San Fernando,yellow
8451527,86,Fran Ramírez,UD San Fernando,yellow-red
8451527,92,Maikel,UD San Fernando,yellow-red
8451527,108,Pedro González Suárez,UD San Fernando,yellow
8451527,114,Aday,UD San Fernando,yellow
8451527,116,Antonio Díaz,UD San Fernando,yellow
8451527,21,Indiano,Marbella FC,yellow
8451527,39,Sergio Narváez,Marbella FC,yellow
8451527,86,Pavón,Marbella FC,yellow
8451527,89,Razvan Ochiroşii,Marbella FC,yellow
8451527,108,Corpas,Marbella FC,yellow
8451523,68,Jesús,FC Cartagena,yellow
8451523,87,Moussa Camara,FC Cartagena,yellow
8451523,88,Cordero,FC Cartagena,yellow
8451523,89,Sergio Jiménez,FC Cartagena,yellow
8451523,71,Chevi,UCAM Murcia CF,yellow
8451523,117,Isi Ros,UCAM Murcia CF,yellow-red
8451511,29,Miguel Villarejo,Talavera CF,yellow
8451511,61,Víctor Andrés,Talavera CF,yellow
8451511,77,De Lerma,CD Toledo,yellow
8451511,77,Jon Ander,CD Toledo,yellow
8451511,90,Esteve,CD Toledo,yellow
8451521,87,Kingsley Fobi,SD Formentera,yellow
8451521,113,Bruno,SD Formentera,yellow
8451521,118,Fernando Liñán,SD Formentera,yellow
8451521,93,Escuder,SD Tarazona,yellow
8451521,95,Jamelli,SD Tarazona,yellow
8451539,32,Muñiz,Gimnàstic,yellow
8451539,100,Gaztañaga,Gimnàstic,yellow
8451539,57,Dani Escriche,CD Lugo,yellow
8451539,120,Luis Díaz,CD Lugo,yellow
8451544,24,Barral,Cádiz CF,yellow
8451544,55,Rober,Cádiz CF,yellow
8451544,79,Ivan Kecojević,Cádiz CF,yellow
8451544,58,Tino Costa,UD Almería,yellow
8451529,36,Guzmán,UE Olot,yellow
8451529,47,Alfredo Gutiérrez,UE Olot,yellow
8451529,64,Albert Blázquez,UE Olot,yellow
8451529,68,David Bigas,UE Olot,yellow
8451529,80,Uri Santos,UE Olot,yellow
8451529,85,Masó,UE Olot,yellow
8451529,90,Xavi Ginard,UE Olot,yellow
8451529,98,Toril,UE Olot,yellow
8451529,113,Héctor Simón,UE Olot,yellow
8451529,7,Navarro,CD Alcoyano,yellow
8451529,22,David Torres,CD Alcoyano,yellow
8451529,22,Galas,CD Alcoyano,red
8451529,94,Emmanuel Omgba,CD Alcoyano,yellow
8451529,107,Pau Bosch,CD Alcoyano,yellow-red
8451529,109,Bañuz,CD Alcoyano,yellow
8451529,109,Mario Fuentes,CD Alcoyano,yellow
8451529,113,Barreda,CD Alcoyano,yellow
8451529,118,López Silva,CD Alcoyano,yellow-red
8451538,33,Juan Domínguez,CF Reus Deportiu,yellow
8451540,85,Pina,Lorca FC,yellow
8451540,34,Miguel Loureiro,Córdoba CF,yellow
8451540,35,Saša Marković,Córdoba CF,yellow
8451540,56,Aguza,Córdoba CF,yellow
8451540,67,Álex Vallejo,Córdoba CF,yellow
8451542,39,Nahuel Valentini,Real Oviedo,yellow
8451542,90,Juan Forlín,Real Oviedo,yellow
8468087,55,Corpas,Marbella FC,yellow
8468087,68,Chus Hevia,Marbella FC,yellow
8468087,72,Marcos Ruiz,Marbella FC,yellow
8468087,80,José Alonso,Marbella FC,yellow
8468087,63,Quino,Gimnástica Segoviana,yellow
8468087,75,Fernán,Gimnástica Segoviana,yellow
8468087,85,Kike Martín,Gimnástica Segoviana,yellow
8468087,86,Alberto Leira,Gimnástica Segoviana,yellow
8468087,90,Manu Olmedilla,Gimnástica Segoviana,yellow
8451532,48,Álvaro Portilla,CF Fuenlabrada,yellow
8451532,48,Dioni,CF Fuenlabrada,yellow
8451532,50,Juanma,CF Fuenlabrada,yellow
8451532,50,Javi Chino,Mérida AD,yellow
8451532,59,Julio De Dios,Mérida AD,yellow
8451532,81,Iván Pérez,Mérida AD,yellow-red
8451533,36,Andy,SD Ponferradina,yellow
8451533,64,Álvaro Moreno,SD Ponferradina,yellow
8451533,90,Yuri,SD Ponferradina,yellow
8451533,80,Migue Marín,Atlético Baleares,yellow
8451533,86,Kike López,Atlético Baleares,yellow
8451533,89,Malik Fathi,Atlético Baleares,yellow
8451533,90,Manu Farrando,Atlético Baleares,yellow
8468090,20,Cristian Fernández,Club Deportivo Calahorra,yellow
8468090,86,Barace,Club Deportivo Calahorra,yellow
8468090,88,Rodrigo Sanz,Club Deportivo Calahorra,yellow
8468090,82,Yosu Camporro,SD Leioa,yellow
8468090,104,Aitor Morcillo,SD Leioa,yellow
8468091,8,César Caneda,UD Logroñés,yellow
8468091,67,Jaime,UD Logroñés,yellow
8468091,82,Fermín Sobrón,UD Logroñés,yellow
8468091,101,Carles Salvador,UD Logroñés,yellow
8468091,36,Gianni,Unión Adarve,yellow
8468091,79,Ángel Auñón,Unión Adarve,yellow
8468091,82,Fran García,Unión Adarve,yellow
8468091,82,Héctor Gómez,Unión Adarve,yellow
8468091,117,Iván Mateo,Unión Adarve,yellow
8468091,120,Cristian Parra,Unión Adarve,yellow
8468092,22,Lolo Plá,Elche CF,yellow
8468092,36,Iván Sánchez,Elche CF,yellow
8468092,70,Calero,Elche CF,yellow
8468092,88,Diego Benito,Elche CF,yellow
8468092,97,Juanma Conesa,Elche CF,yellow
8468092,105,Román Golobart,Elche CF,yellow
8468092,82,Josu Egaña,Cultural Durango,yellow
8468092,87,Xabier Infante,Cultural Durango,yellow
8468093,4,Miguel Villarejo,Talavera CF,yellow
8468093,19,Gándara,Talavera CF,yellow
8468093,52,Paul Quaye,Talavera CF,yellow
8468093,90,Sergio,Talavera CF,yellow
8468093,70,Dani Torres,Antequera CF,yellow
8468093,90,Javier Del Moral,Antequera CF,red
8468093,90,Sergio Díaz,Antequera CF,yellow-red
8451534,76,Carlos,Hércules CF,yellow
8451534,80,Miñano,Hércules CF,yellow-red
8451534,104,Juanjo Nieto,Hércules CF,yellow
8451534,120,Iván Buigues,Hércules CF,yellow
8451534,120,Gerardo Navarrete,Hércules CF,yellow
8451534,18,Pedro Montero,Lorca Deportiva,yellow
8451534,86,Juan Arcas,Lorca Deportiva,yellow
8451534,96,Pape-Alioune Ndiaye,Lorca Deportiva,yellow-red
8451534,100,Lulu,Lorca Deportiva,yellow
8451534,106,Luismi,Lorca Deportiva,yellow
8451534,119,Mawi,Lorca Deportiva,yellow
8451541,52,Luso,SD Huesca,yellow
8451541,60,Carlos David,SD Huesca,yellow-red
8451541,38,Ángel,Real Valladolid,yellow
8451541,46,Sulayman Marreh,Real Valladolid,yellow
8451541,62,Toni Villa,Real Valladolid,yellow
8451541,83,Cotán,Real Valladolid,yellow
8451541,85,Kiko Olivas,Real Valladolid,yellow
8468094,37,Marcos Morales,FC Cartagena,yellow
8468094,38,Cordero,FC Cartagena,yellow
8468094,76,Adama Fofana,FC Cartagena,yellow
8468094,35,Antonio Romero,CD Mirandés,yellow
8468094,57,Mario Hernández,CD Mirandés,yellow
8468094,67,París Adot,CD Mirandés,yellow
8468094,77,Rúper,CD Mirandés,yellow
8451536,51,Eguaras,Real Zaragoza,yellow
8451536,46,Rey Manaj,Granada CF,yellow
8451536,74,Martin Hongla,Granada CF,yellow
8451536,85,Urtzi Iriondo,Granada CF,yellow
8451537,61,Amaya,Rayo Vallecano,yellow
8451537,66,Alejandro Domínguez,Rayo Vallecano,yellow
8451537,70,Galán,Rayo Vallecano,yellow
8451537,14,Lucas Aveldaño,CD Tenerife,yellow
8451537,39,Juan Carlos,CD Tenerife,yellow
8451543,60,Borja Lázaro,AD Alcorcón,red
8451535,44,Roberto Torres,CA Osasuna,yellow
8451535,61,Lillo,CA Osasuna,yellow
8451535,114,Fran Mérida,CA Osasuna,yellow
8451535,81,Dani Rodríguez,Albacete,yellow
8451535,106,Chus Herrero,Albacete,yellow
8470128,74,Xandão,Sporting Gijón,yellow
8470128,80,Álex López,Sporting Gijón,yellow
8470128,117,Jordi Calavera,Sporting Gijón,yellow
8470128,83,Markel Etxeberria,CD Numancia,yellow
8470128,93,Elgezábal,CD Numancia,yellow
8470128,113,Pablo Larrea,CD Numancia,yellow
8470122,47,Bonilla,SD Formentera,yellow
8470122,56,Fernando Liñán,SD Formentera,yellow
8470122,103,Samuel,SD Formentera,yellow
8470122,105,Gabri Gómez,SD Formentera,yellow
8470122,3,Iván Aguilar,UD Logroñés,yellow
8470122,35,Fermín Sobrón,UD Logroñés,yellow
8470127,24,Caro,Córdoba CF,yellow
8470127,73,Vitolo,CD Tenerife,yellow
8470127,76,Alberto,CD Tenerife,yellow
8470123,42,Borja Plaza,Gimnástica Segoviana,yellow
8470123,27,David Caiado,SD Ponferradina,yellow
8470123,74,Cidoncha,SD Ponferradina,yellow
8470132,76,Iribarren,Club Deportivo Calahorra,yellow
8470132,81,Mario León,Club Deportivo Calahorra,yellow
8470132,41,Hugo Fraile,CF Fuenlabrada,yellow
8470132,43,Armando,CF Fuenlabrada,yellow
8470132,84,Atienza,CF Fuenlabrada,yellow
8470126,41,Paul Quaye,Talavera CF,yellow
8470126,65,Miguel Villarejo,Talavera CF,yellow
8470126,41,Aketxe,FC Cartagena,yellow
8470126,89,Cordero,FC Cartagena,yellow
8470126,90,Moisés García,FC Cartagena,yellow
8470126,104,Chavero,FC Cartagena,yellow
8470126,110,Hugo Rodríguez,FC Cartagena,yellow
8470126,116,Marcos Morales,FC Cartagena,yellow
8470126,120,Cristo Martín,FC Cartagena,yellow
8470125,82,Juanjo Nieto,Hércules CF,yellow
8470125,31,Primi,Elche CF,yellow
8470125,65,Benja,Elche CF,yellow
8470125,88,Nino,Elche CF,yellow
8470125,90,José Juan,Elche CF,yellow
8470130,65,Rafidine Abdullah,Cádiz CF,yellow
8470130,70,Carrillo,Cádiz CF,yellow
8470130,78,Barral,Cádiz CF,yellow
8470130,12,David García,CA Osasuna,yellow
8470130,62,Aitor Buñuel,CA Osasuna,yellow
8470130,81,Joaquín Arzura,CA Osasuna,yellow
8470124,85,Pedro Martín,Real Murcia,yellow
8470124,90,Toril,UE Olot,yellow
8470131,27,Sulayman Marreh,Real Valladolid,yellow
8470131,44,Javi Moyano,Real Valladolid,yellow
8470131,60,Ángel,Real Valladolid,yellow
8470129,63,Giorgi Papunashvili,Real Zaragoza,yellow
8470129,86,Alain,Real Zaragoza,yellow
8470129,17,Josete,CD Lugo,yellow
8470129,41,Vasyl Kravets,CD Lugo,yellow
8475918,16,Luis Hernández,Málaga CF,yellow
8475918,24,Recio,Málaga CF,yellow
8475918,43,Alejandro Robles,Málaga CF,yellow
8475918,80,Javi Ontiveros,Málaga CF,yellow
8475916,89,Delmás,Real Zaragoza,yellow
8475916,40,Rúben Vezo,Valencia CF,yellow
8475916,65,Nacho,Valencia CF,yellow
8475926,63,Sergio Mora,Getafe CF,yellow
8475926,85,Mauro Arambarri,Getafe CF,yellow
8475926,89,Fayçal Fajr,Getafe CF,yellow
8475926,22,Pina,CD Alavés,yellow
8475926,24,Diéguez,CD Alavés,yellow
8475926,37,Rubén Sobrino,CD Alavés,yellow
8475926,61,Duarte,CD Alavés,yellow
8475926,89,Antonio Sivera,CD Alavés,yellow
8475926,90,Vigaray,CD Alavés,yellow
8475906,49,Nadjib Montes,Real Murcia,yellow
8475922,44,Barral,Cádiz CF,yellow
8475922,64,Moha,Cádiz CF,yellow
8475922,74,Garrido,Cádiz CF,yellow
8475922,49,Ryad Boudebouz,Betis Sevilla,yellow
8475910,50,Samuel,SD Formentera,yellow
8475910,75,Dailos,SD Formentera,yellow
8475910,81,Gabri Gómez,SD Formentera,yellow
8475910,89,Maikel,SD Formentera,yellow
8475910,55,Etxeita,Athletic Bilbao,yellow
8475914,45,Jorge García,SD Ponferradina,yellow
8475914,57,Yuri,SD Ponferradina,yellow
8475914,89,Álvaro Moreno,SD Ponferradina,yellow
8475914,90,Roberto Soriano,Villarreal CF,yellow
8475920,28,Diego Rico,CD Leganés,yellow
8475920,36,Erik Morán,CD Leganés,yellow
8475920,76,Ezequiel Muñoz,CD Leganés,yellow
8475920,78,Darko Brašanac,CD Leganés,yellow
8475904,54,Gonzalo Verdú,Elche CF,yellow
8475904,55,Diego Benito,Elche CF,yellow
8475904,66,Román Golobart,Elche CF,yellow
8475904,75,Saúl,Atlético Madrid,yellow
8475932,3,Paulo Oliveira,SD Eibar,yellow
8475932,15,Lombán,SD Eibar,yellow
8475932,24,Imanol Sarriegi,SD Eibar,yellow
8475912,37,Aitor Núnez,Lleida Esportiu,yellow
8475912,81,Bojan Radulovic,Lleida Esportiu,yellow
8475912,88,Pumar,Lleida Esportiu,yellow
8475912,89,Carlos Vela,Real Sociedad San Sebastian,yellow
8475928,9,Edu Expósito,Deportivo La Coruña,yellow
8475928,24,Juanfran,Deportivo La Coruña,yellow-red
8475928,39,Guilherme,Deportivo La Coruña,yellow
8475928,6,Jonathan Viera,UD Las Palmas,yellow
8475928,33,Tana,UD Las Palmas,yellow
8475928,49,David Simón,UD Las Palmas,yellow
8475930,7,Ramalho,Girona FC,yellow
8475930,78,Olarenwaju Kayode,Girona FC,yellow
8475930,1,Saša Lukić,Levante UD,yellow
8475930,31,Toño García,Levante UD,yellow
8475930,45,Morales,Levante UD,yellow
8475930,90,Ivi,Levante UD,yellow
8475908,62,Fran García,CF Fuenlabrada,yellow
8475908,79,Paco Candela,CF Fuenlabrada,yellow-red
8475908,85,Cata Díaz,CF Fuenlabrada,yellow
8475908,89,Vallejo,Real Madrid,red
8475924,89,Pape Diop,Espanyol Barcelona,yellow
8475919,23,Javi Ontiveros,Málaga CF,yellow
8475919,85,Jony,Málaga CF,yellow
8475921,56,Bustinza,CD Leganés,yellow
8475921,85,Gabriel,CD Leganés,yellow
8475921,87,Gumbau,CD Leganés,yellow
8475921,70,Fernando Calero,Real Valladolid,yellow
8475921,81,Ibán Salvador,Real Valladolid,yellow
8475909,59,Óscar,Real Madrid,yellow
8475909,58,Matheus Barrozo,CF Fuenlabrada,yellow
8475909,82,Cata Díaz,CF Fuenlabrada,yellow
8475931,51,Moctar El Hacen,Levante UD,yellow
8475931,60,Erick Cabaco,Levante UD,yellow
8475931,81,Jason,Levante UD,yellow
8475931,89,Toño García,Levante UD,yellow
8475931,44,Douglas Luiz,Girona FC,yellow
8475933,56,Joan Jordán,SD Eibar,yellow
8475933,71,Gálvez,SD Eibar,yellow
8475903,83,Marcos Morales,FC Cartagena,yellow
8475913,59,Toño,Real Sociedad San Sebastian,yellow
8475913,75,Zubeldía,Real Sociedad San Sebastian,yellow
8475913,78,Aitor Núnez,Lleida Esportiu,yellow
8475905,87,Yannick Ferreira-Carrasco,Atlético Madrid,yellow
8475905,22,Gonzalo Verdú,Elche CF,yellow
8475905,53,Edu Albácar,Elche CF,yellow
8475905,87,Lolo Plá,Elche CF,yellow
8475911,90,Kiko,SD Formentera,yellow
8475929,32,Vicente Gómez,UD Las Palmas,yellow
8475929,52,Samper,UD Las Palmas,yellow
8475929,61,Oussama Tannane,UD Las Palmas,yellow
8475929,73,Gerard Valentín,Deportivo La Coruña,yellow
8475929,86,Mosquera,Deportivo La Coruña,yellow
8475927,12,Daniel Torres,CD Alavés,yellow
8475927,47,Rodrigo Ely,CD Alavés,yellow
8475927,79,Bojan,CD Alavés,yellow
8475927,41,Nicolas Gorosito,Getafe CF,yellow
8475927,43,Portillo,Getafe CF,yellow
8475915,31,Roberto Soriano,Villarreal CF,yellow
8475925,35,Gerard,Espanyol Barcelona,yellow
8475925,40,Diego López,Espanyol Barcelona,yellow
8475925,80,Dídac Vilà,Espanyol Barcelona,yellow
8475925,34,Jorge,CD Tenerife,yellow
8475925,37,Raúl Cámara,CD Tenerife,yellow
8475925,41,Bryan Acosta,CD Tenerife,yellow
8475925,46,Alberto,CD Tenerife,yellow
8475917,61,Andreas Pereira,Valencia CF,yellow
8475923,44,Ryad Boudebouz,Betis Sevilla,yellow
8475923,70,Juan Narváez,Betis Sevilla,yellow
8475923,88,Camarasa,Betis Sevilla,yellow
8475923,28,Moha,Cádiz CF,yellow
8534769,80,Diego Rivas,Lleida Esportiu,yellow
8534769,90,Marc Trilles,Lleida Esportiu,yellow-red
8534775,2,Mikel Villanueva,Cádiz CF,yellow
8534775,30,Marcos López,Cádiz CF,yellow
8534775,47,Aitor García,Cádiz CF,yellow
8534775,2,Simon Kjær,Sevilla FC,yellow
8534775,40,Clément Lenglet,Sevilla FC,yellow
8534779,63,Gálvez,UD Las Palmas,yellow
8534779,79,Ximo Navarro,UD Las Palmas,yellow
8534779,90,Jonathan Calleri,UD Las Palmas,yellow
8534779,76,Simone Zaza,Valencia CF,yellow
8534773,26,Fontàs,Celta Vigo,yellow
8534773,64,André Gomes,FC Barcelona,yellow
8534777,32,Rubén Pérez,CD Leganés,yellow
8534777,90,Dimitrios Siovas,CD Leganés,yellow
8534777,67,Álvaro González,Villarreal CF,yellow
8534771,38,Pablo Larrea,CD Numancia,yellow
8534771,52,Higinio,CD Numancia,yellow
8534771,60,Pape Diamanka,CD Numancia,yellow-red
8534771,82,Unai Medina,CD Numancia,yellow
8534771,88,Carlos,CD Numancia,yellow
8534771,88,Marc,CD Numancia,yellow
8534771,59,Vallejo,Real Madrid,yellow
8534771,90,Mateo Kovačić,Real Madrid,yellow
8534781,54,Pablo Piatti,Espanyol Barcelona,yellow
8534781,85,Sergi Darder,Espanyol Barcelona,yellow
8534781,30,Erick Cabaco,Levante UD,yellow
8534781,54,Enis Bardhi,Levante UD,yellow
8534781,70,Jefferson Lerma,Levante UD,yellow
8534770,59,Moustapha Gning,Lleida Esportiu,yellow
8534770,88,Hui Cheng,Lleida Esportiu,yellow
8534780,81,Toni Lato,Valencia CF,yellow
8534780,89,David García,UD Las Palmas,yellow
8534778,35,Antonio Rukavina,Villarreal CF,yellow
8534778,63,Pablo Fornals,Villarreal CF,yellow
8534778,43,Dimitrios Siovas,CD Leganés,yellow
8534778,52,Gumbau,CD Leganés,yellow
8534778,63,Nereo Champagne,CD Leganés,yellow
8534778,89,Rubén Pérez,CD Leganés,yellow
8534772,83,Casemiro,Real Madrid,yellow
8534772,17,Grego,CD Numancia,yellow
8534772,90,Dani Calvo,CD Numancia,yellow-red
8534776,26,Oliván,Cádiz CF,yellow
8534776,74,Sergio González,Cádiz CF,yellow
8534782,42,Saša Lukić,Levante UD,yellow
8534782,61,Emmanuel Boateng,Levante UD,yellow
8534782,21,Mario,Espanyol Barcelona,yellow
8534785,69,Saúl,Atlético Madrid,yellow
8534785,58,Gabriel Mercado,Sevilla FC,yellow
8534786,53,Gonçalo Guedes,Valencia CF,yellow
8534786,86,Santi Mina,Valencia CF,yellow
8534786,90,Geoffrey Kondogbia,Valencia CF,yellow
8534786,41,Pina,CD Alavés,yellow
8534786,77,Diéguez,CD Alavés,yellow-red
8534784,43,Aarón,Espanyol Barcelona,yellow
8534784,61,Gerard,Espanyol Barcelona,yellow
8534784,86,Víctor Sánchez,Espanyol Barcelona,yellow
8534784,90,David López,Espanyol Barcelona,yellow
8534784,45,Carles Aleñá,FC Barcelona,yellow
8534784,55,Jordi Alba,FC Barcelona,yellow
8534784,82,Ivan Rakitić,FC Barcelona,yellow
8534784,84,Thomas Vermaelen,FC Barcelona,yellow
8534784,90,Luis Suárez,FC Barcelona,yellow
8534783,38,Nabil El Zhar,CD Leganés,yellow
8534783,62,Gumbau,CD Leganés,yellow
8534783,67,Naranjo,CD Leganés,yellow
8534789,27,Éver Banega,Sevilla FC,yellow
8534789,53,Franco Vázquez,Sevilla FC,yellow
8534789,63,Jesús Navas,Sevilla FC,yellow
8534789,89,Gabriel Mercado,Sevilla FC,yellow
8534789,18,José Giménez,Atlético Madrid,yellow
8534789,53,Gabi,Atlético Madrid,yellow
8534789,56,Ángel Correa,Atlético Madrid,yellow
8534789,83,Fernando Torres,Atlético Madrid,yellow
8534790,48,Daniel Torres,CD Alavés,yellow
8534790,66,Pedraza,CD Alavés,yellow
8534790,80,Munir,CD Alavés,yellow
8534790,96,Pina,CD Alavés,yellow
8534790,98,Duarte,CD Alavés,yellow
8534790,50,Nemanja Maksimović,Valencia CF,yellow
8534790,62,Rúben Vezo,Valencia CF,yellow
8534790,79,Geoffrey Kondogbia,Valencia CF,yellow
8534790,85,Parejo,Valencia CF,yellow
8534790,93,Gonçalo Guedes,Valencia CF,yellow
8534790,104,Santi Mina,Valencia CF,yellow
8534787,80,Sergio Ramos,Real Madrid,yellow
8534787,27,Tito,CD Leganés,yellow
8534787,75,Nereo Champagne,CD Leganés,yellow
8534788,7,Luis Suárez,FC Barcelona,yellow
8534788,27,Lionel Messi,FC Barcelona,yellow
8534788,38,Jordi Alba,FC Barcelona,yellow
8534788,82,Paulinho,FC Barcelona,yellow
8534788,19,Mario,Espanyol Barcelona,yellow
8534788,60,Granero,Espanyol Barcelona,yellow
8534788,72,Sergio García,Espanyol Barcelona,yellow
8534788,77,Naldo,Espanyol Barcelona,yellow
8534793,23,Darko Brašanac,CD Leganés,yellow
8534793,88,Omar,CD Leganés,yellow
8534793,47,Escudero,Sevilla FC,yellow
8534793,65,Franco Vázquez,Sevilla FC,yellow
8534793,73,Clément Lenglet,Sevilla FC,yellow
8534793,86,Pablo Sarabia,Sevilla FC,yellow
8534791,35,Sergi Roberto,FC Barcelona,yellow
8534791,40,Andreas Pereira,Valencia CF,yellow
8534791,51,Luciano Vietto,Valencia CF,yellow
8534791,53,Carlos Soler,Valencia CF,yellow
8534794,50,Nordin Amrabat,CD Leganés,yellow
8534792,35,Rodrigo,Valencia CF,yellow
8534792,76,Simone Zaza,Valencia CF,yellow
8534792,85,Carlos Soler,Valencia CF,yellow
8534792,90,Parejo,Valencia CF,yellow
8534795,34,Gabriel Mercado,Sevilla FC,yellow
8534795,37,Escudero,Sevilla FC,yellow
8534795,74,Franco Vázquez,Sevilla FC,yellow
8534795,67,Iniesta,FC Barcelona,yellow
8534795,74,Busquets,FC Barcelona,yellow
