GameID,Minute,Player,Team,Card
1690197,63,Aimar Moratalla,UE Llagostera,yellow
1690197,77,Sellarés,UE Llagostera,yellow
1690197,86,Albert Canal,UE Llagostera,yellow
1690197,3,Ricardo Costa,Valencia CF,yellow
1690197,64,Víctor Ruiz,Valencia CF,yellow
1690197,81,Barragán,Valencia CF,yellow
1690201,61,Beobide,CD Alavés,yellow
1690201,61,Guzmán,CD Alavés,yellow
1690201,84,Cesc Fàbregas,FC Barcelona,yellow
1690199,22,Mario Carrizosa,CP Cacereño,yellow
1690199,52,Checa,CP Cacereño,yellow
1690199,58,Vargas,CP Cacereño,red
1690199,64,Oguchi Onyewu,Málaga CF,yellow
1690199,84,Portillo,Málaga CF,yellow
1690199,87,Carlos Kameni,Málaga CF,yellow
1690199,88,Weligton,Málaga CF,yellow
1690205,22,Raúl Gaitán,Real Jaén,yellow
1690205,26,Dani Torres,Real Jaén,red
1690205,27,Toni García,Real Jaén,yellow
1690205,53,Gabi,Atlético Madrid,yellow
1690205,90,Cisma,Atlético Madrid,yellow
1690213,62,Jonathan Vila,Celta Vigo,red
1690213,79,Joan Tomás,Celta Vigo,yellow
1690223,33,Cristian Săpunaru,Real Zaragoza,yellow
1690223,58,Álvaro González,Real Zaragoza,yellow
1690223,39,Juanma Ortiz,Granada CF,yellow
1690223,69,Allan Nyom,Granada CF,yellow
1690223,89,Mainz,Granada CF,yellow
1690209,89,Nauzet Alemán,UD Las Palmas,yellow
1690209,5,Dani Giménez,Rayo Vallecano,red
1690209,42,Gálvez,Rayo Vallecano,yellow
1690195,11,Raphaël Varane,Real Madrid,yellow
1690195,42,Álex,Real Madrid,yellow
1690203,80,Abaroa,SD Eibar,yellow
1690203,83,Capa,SD Eibar,yellow
1690219,54,Lolo Plá,Real Valladolid,yellow
1690219,63,Juan Neira,Real Valladolid,yellow
1690219,65,Sereno,Real Valladolid,red
1690219,73,Baraja,Real Valladolid,yellow
1690219,43,Paulão,Betis Sevilla,yellow
1690207,70,Carlos David,UD Melilla,yellow-red
1690207,65,Massimo Volta,Levante UD,yellow
1690207,81,Nikos Karabelas,Levante UD,yellow
1690211,44,Ricardo,Sporting Gijón,yellow
1690211,89,Óscar Trejo,Sporting Gijón,yellow
1690211,87,Llorente,CA Osasuna,yellow
1690215,75,Ansotegi,Real Sociedad San Sebastian,yellow
1690215,78,Bergara,Real Sociedad San Sebastian,yellow
1690217,71,Mehdi Lacen,Getafe CF,yellow
1690225,58,Cicinho,Sevilla FC,yellow
1690225,39,Baena,Espanyol Barcelona,yellow
1690225,70,Simão,Espanyol Barcelona,yellow
1690225,81,Capdevila,Espanyol Barcelona,yellow
1690225,88,Juan Forlín,Espanyol Barcelona,yellow
1690225,90,Galán,Espanyol Barcelona,yellow-red
1690225,90,Víctor Sánchez,Espanyol Barcelona,yellow
1690221,5,Tiago Pinto,Deportivo La Coruña,yellow
1690221,44,Nélson Oliveira,Deportivo La Coruña,yellow
1690221,45,Geromel,RCD Mallorca,yellow
1690221,61,Arizmendi,RCD Mallorca,yellow
1690210,22,Sueliton,Rayo Vallecano,yellow
1690210,69,Rubén,Rayo Vallecano,red
1690210,84,Andrija Delibašić,Rayo Vallecano,yellow
1690210,19,Nauzet Alemán,UD Las Palmas,yellow
1690210,29,Momo,UD Las Palmas,yellow
1690210,41,Hernán,UD Las Palmas,yellow
1690210,89,Corrales,UD Las Palmas,yellow
1690212,70,Anthony Annan,CA Osasuna,yellow
1690212,78,Llorente,CA Osasuna,yellow
1690212,90,Roberto Torres,CA Osasuna,yellow
1690212,74,Álex Menéndez,Sporting Gijón,yellow
1690212,75,Óscar Trejo,Sporting Gijón,yellow
1690220,0,Molina,Betis Sevilla,yellow
1690220,28,Sastre,Real Valladolid,yellow
1690196,47,Ricardo Carvalho,Real Madrid,yellow
1690196,49,José Rodríguez,Real Madrid,yellow
1690196,52,Mesut Özil,Real Madrid,yellow
1690196,85,Ángel Di María,Real Madrid,yellow
1690196,42,Arkaitz,CD Alcoyano,yellow
1690196,72,Javi Selvas,CD Alcoyano,yellow-red
1690200,70,Palero,CP Cacereño,yellow
1690200,79,Checa,CP Cacereño,yellow
1690200,84,Toni Sánchez,CP Cacereño,yellow
1690200,88,Elías Pérez,CP Cacereño,yellow
1690198,66,Parejo,Valencia CF,yellow
1690198,40,Pitu,UE Llagostera,yellow
1690206,56,Emre Belözoğlu,Atlético Madrid,yellow
1690208,79,Roger,Levante UD,yellow
1690208,87,Míchel,Levante UD,yellow-red
1690208,44,Dorronsoro,UD Melilla,yellow
1690208,50,Fausto,UD Melilla,yellow
1690208,76,Sergio Sánchez,UD Melilla,yellow
1690208,85,Andrés Sánchez,UD Melilla,yellow-red
1690202,9,Jaume Delgado,CD Alavés,yellow
1690202,54,Manu García,CD Alavés,yellow
1690226,7,Mubarak Wakaso,Espanyol Barcelona,yellow
1690226,25,Javi López,Espanyol Barcelona,red
1690226,38,Alberto Botía,Sevilla FC,yellow
1690226,81,Cala,Sevilla FC,yellow
1690214,106,Toni,Celta Vigo,yellow
1690214,69,Casquero,UD Almería,yellow
1690214,77,Verza,UD Almería,yellow
1690214,83,Jonathan Zongo,UD Almería,yellow
1690214,116,Aarón,UD Almería,yellow-red
1690224,48,Gabriel Torje,Granada CF,yellow
1690224,79,Iriney,Granada CF,yellow
1690224,88,Dani Benítez,Granada CF,yellow
1690224,31,Romaric,Real Zaragoza,yellow
1690224,59,Hélder Postiga,Real Zaragoza,yellow-red
1690224,77,Álvaro González,Real Zaragoza,yellow
1690224,81,Cristian Săpunaru,Real Zaragoza,yellow
1690224,87,Aranda,Real Zaragoza,yellow
1690224,90,Leo Franco,Real Zaragoza,yellow
1690222,17,Arizmendi,RCD Mallorca,yellow
1690222,27,Giovani dos Santos,RCD Mallorca,yellow
1690222,82,Javi Márquez,RCD Mallorca,yellow
1690204,13,Muniain,Athletic Bilbao,yellow
1690204,63,San José,Athletic Bilbao,yellow
1690204,40,Dani García,SD Eibar,yellow
1690204,87,Eneko Bóveda,SD Eibar,yellow
1690204,90,Arruabarrena,SD Eibar,yellow
1698033,5,David Timor,CA Osasuna,yellow
1698033,26,Jonas,Valencia CF,yellow
1698033,89,Barragán,Valencia CF,yellow
1698038,33,Sebastián Dubarbier,Córdoba CF,yellow
1698038,63,Fede Vico,Córdoba CF,yellow
1698043,59,Kevin,RCD Mallorca,yellow
1698043,22,Manu del Moral,Sevilla FC,yellow
1698043,44,Federico Fazio,Sevilla FC,yellow
1698035,28,Juanfran,Atlético Madrid,yellow
1698035,29,Raúl García,Atlético Madrid,yellow
1698035,15,Diego Castro,Getafe CF,yellow
1698035,18,Alexis,Getafe CF,yellow
1698035,64,Valera,Getafe CF,yellow
1698035,72,Álvaro,Getafe CF,yellow
1698035,87,Miguel Torres,Getafe CF,yellow
1698035,90,Lafita,Getafe CF,yellow
1698041,29,Michael Krohn-Dehli,Celta Vigo,yellow
1698041,65,Bermejo,Celta Vigo,yellow
1698041,76,Augusto Fernández,Celta Vigo,yellow
1698041,90,De Lucas,Celta Vigo,yellow
1698041,19,Cristiano Ronaldo,Real Madrid,yellow
1698039,57,Nabil El Zhar,Levante UD,yellow
1698039,28,José Mari,Real Zaragoza,yellow
1698039,64,Movilla,Real Zaragoza,yellow
1698031,11,Jeison Murillo,UD Las Palmas,yellow
1698031,16,Corrales,UD Las Palmas,yellow
1698031,58,Nauzet Alemán,UD Las Palmas,yellow
1698031,8,Nosa Igiebor,Betis Sevilla,yellow
1698031,35,Mario,Betis Sevilla,yellow
1698031,57,Rubén Pérez,Betis Sevilla,yellow
1698045,26,Raúl Navas,SD Eibar,yellow
1698045,79,David Mainz,SD Eibar,yellow
1698045,14,Oguchi Onyewu,Málaga CF,yellow
1698045,34,Sebastián Fernández,Málaga CF,yellow
1698045,38,Duda,Málaga CF,yellow
1698045,74,Weligton,Málaga CF,yellow
1698045,90,Juanmi,Málaga CF,yellow
1698046,28,Manuel Iturra,Málaga CF,yellow
1698046,48,Diego Buonanotte,Málaga CF,yellow
1698046,72,Duda,Málaga CF,yellow
1698046,84,Sergio Sánchez,Málaga CF,yellow
1698046,62,Arruabarrena,SD Eibar,yellow
1698046,64,Dani García,SD Eibar,yellow
1698046,86,Guille Roldán,SD Eibar,red
1698034,30,Rubén,CA Osasuna,yellow
1698034,81,David Timor,CA Osasuna,yellow
1698040,24,Franco Zuculini,Real Zaragoza,yellow
1698040,42,Aranda,Real Zaragoza,yellow
1698040,24,Pedro Ríos,Levante UD,yellow
1698040,34,Pallardó,Levante UD,yellow
1698040,50,Massimo Volta,Levante UD,yellow
1698040,59,Héctor Rodas,Levante UD,red
1698042,42,Arbeloa,Real Madrid,yellow
1698042,72,Sergio Ramos,Real Madrid,yellow-red
1698042,38,Andrés Túñez,Celta Vigo,yellow
1698042,85,Augusto Fernández,Celta Vigo,yellow
1698036,33,Rafa,Getafe CF,red
1698036,36,Juan Rodríguez,Getafe CF,yellow
1698036,60,Emre Belözoğlu,Atlético Madrid,yellow
1698036,71,Cisma,Atlético Madrid,yellow
1698032,28,Paulão,Betis Sevilla,yellow
1698032,48,Rubén Castro,Betis Sevilla,yellow
1698032,30,Vitolo,UD Las Palmas,yellow
1698032,41,Vicente Gómez,UD Las Palmas,yellow
1698032,76,Stéphane Pignol,UD Las Palmas,yellow
1698032,87,Thievy Bifouma,UD Las Palmas,yellow
1698032,90,Corrales,UD Las Palmas,yellow-red
1698037,63,Javier Mascherano,FC Barcelona,yellow
1698037,68,Martín Montoya,FC Barcelona,yellow
1706655,70,Raúl Albiol,Real Madrid,yellow
1706655,75,Xabi Alonso,Real Madrid,yellow
1706655,90,Sami Khedira,Real Madrid,yellow
1706655,47,Tino Costa,Valencia CF,yellow
1706655,68,Víctor Ruiz,Valencia CF,yellow
1706655,74,Soldado,Valencia CF,yellow
1706653,26,Álvaro González,Real Zaragoza,yellow
1706653,84,Paredes,Real Zaragoza,yellow
1706653,40,Jesús Navas,Sevilla FC,yellow
1706653,73,Hedwiges Maduro,Sevilla FC,yellow
1706659,10,Alexis Sánchez,FC Barcelona,yellow
1706659,34,Lionel Messi,FC Barcelona,yellow
1706659,38,Eliseu,Málaga CF,yellow
1706659,75,Nacho Monreal,Málaga CF,red
1706659,82,Sergio Sánchez,Málaga CF,yellow
1706659,90,Sebastián Fernández,Málaga CF,yellow
1706657,8,Diego Costa,Atlético Madrid,yellow
1706657,43,Raúl García,Atlético Madrid,yellow
1706657,81,Arda Turan,Atlético Madrid,yellow
1706657,58,Paulão,Betis Sevilla,yellow
1706654,17,Emir Spahić,Sevilla FC,yellow
1706654,11,Lucas Wilchez,Real Zaragoza,yellow
1706654,26,Fernández,Real Zaragoza,red
1706654,65,Fran González,Real Zaragoza,yellow-red
1706654,69,Cristian Săpunaru,Real Zaragoza,yellow
1706656,40,Víctor Ruiz,Valencia CF,yellow
1706656,43,João Pereira,Valencia CF,yellow
1706656,45,Tino Costa,Valencia CF,yellow
1706656,80,Ricardo Costa,Valencia CF,yellow
1706656,90,Éver Banega,Valencia CF,yellow
1706656,51,Fábio Coentrão,Real Madrid,yellow-red
1706656,65,Cristiano Ronaldo,Real Madrid,yellow
1706656,68,Nacho,Real Madrid,yellow
1706656,88,Ángel Di María,Real Madrid,red
1706656,90,Luka Modrić,Real Madrid,yellow
1706658,21,Rubén Pérez,Betis Sevilla,yellow
1706658,26,Gabi,Atlético Madrid,yellow
1706658,37,Filipe Luís,Atlético Madrid,yellow
1706658,59,Adrián,Atlético Madrid,yellow
1706658,72,Miranda,Atlético Madrid,yellow
1706658,80,Raúl García,Atlético Madrid,yellow
1706660,14,Manuel Iturra,Málaga CF,yellow
1706660,26,Eliseu,Málaga CF,yellow
1706660,39,Weligton,Málaga CF,yellow
1706660,32,Busquets,FC Barcelona,yellow
1706660,39,Jordi Alba,FC Barcelona,yellow
1706660,45,Cesc Fàbregas,FC Barcelona,yellow
1706660,68,Javier Mascherano,FC Barcelona,yellow
1706660,82,Dani Alves,FC Barcelona,yellow
1711592,16,Ricardo Carvalho,Real Madrid,yellow
1711592,42,José Callejón,Real Madrid,yellow
1711592,90,Xabi Alonso,Real Madrid,yellow
1711592,1,Piqué,FC Barcelona,yellow
1711592,72,Dani Alves,FC Barcelona,yellow
1711592,82,Puyol,FC Barcelona,yellow
1711594,56,Diego Godín,Atlético Madrid,red
1711594,78,Mario Suárez,Atlético Madrid,yellow
1711594,34,Hedwiges Maduro,Sevilla FC,yellow
1711594,48,Emir Spahić,Sevilla FC,yellow-red
1711594,69,Gary Medel,Sevilla FC,yellow
1711594,70,Fernando Navarro,Sevilla FC,yellow
1711594,85,Fernando Navarro,Sevilla FC,red
1711593,12,Piqué,FC Barcelona,yellow
1711593,40,Puyol,FC Barcelona,yellow
1711593,37,Arbeloa,Real Madrid,yellow
1711595,43,Geoffrey Kondogbia,Sevilla FC,yellow
1711595,76,Gary Medel,Sevilla FC,yellow-red
1711595,78,Ivan Rakitić,Sevilla FC,yellow
1711595,90,Geoffrey Kondogbia,Sevilla FC,red
1711595,44,Raúl García,Atlético Madrid,yellow
1711595,48,Cata Díaz,Atlético Madrid,yellow
1721129,54,Fábio Coentrão,Real Madrid,yellow
1721129,65,Sami Khedira,Real Madrid,yellow
1721129,72,Mesut Özil,Real Madrid,yellow
1721129,74,Sergio Ramos,Real Madrid,yellow
1721129,90,Cristiano Ronaldo,Real Madrid,yellow
1721129,102,Michael Essien,Real Madrid,yellow
1721129,114,Cristiano Ronaldo,Real Madrid,red
1721129,119,Ángel Di María,Real Madrid,yellow
1721129,36,Arda Turan,Atlético Madrid,yellow
1721129,69,Diego Costa,Atlético Madrid,yellow
1721129,100,Mario Suárez,Atlético Madrid,yellow
1721129,105,Koke,Atlético Madrid,yellow
1721129,119,Miranda,Atlético Madrid,yellow
1721129,120,Gabi,Atlético Madrid,yellow-red
