GameID,Player1Home,Player2Home,Player3Home,Player4Home,Player5Home,Player6Home,Player7Home,Player8Home,Player9Home,Player10Home,Player11Home,Player1Away,Player2Away,Player3Away,Player4Away,Player5Away,Player6Away,Player7Away,Player8Away,Player9Away,Player10Away,Player11Away,Bench1Home,Bench2Home,Bench3Home,Bench4Home,Bench5Home,Bench6Home,Bench7Home,Bench8Home,Bench9Home,Bench10Home,Bench11Home,Bench12Home,Bench1Away,Bench2Away,Bench3Away,Bench4Away,Bench5Away,Bench6Away,Bench7Away,Bench8Away,Bench9Away,Bench10Away,Bench11Away,Bench12Away
2449452,Sebas,Borja Romero,Jesús,Pablo Gil,Paco Borrego,Borja,Dani Godoy,Héctor Taranilla,Iván Matas,Gonzalo,Pedro Conde,López,Carlos Garde,Ezcurra,Iván García,Monreal,Beñat,Miguel Maeztu,Samu Cardo,Cristian Gilés,Imanol Etxeberría,Isaac Manjón,Aitor García,César Morgado,Elton,Joaqui,Raúl Moreno,None,None,None,None,None,None,None,Álex,Álvaro Navarro,Barace,Cristian Lorente,Samuel Goñi,None,None,None,None,None,None,None
2449443,Ioné Puga,Fede Antico,Jaime Jorge,Moreno,Álvaro Casas,Chus Sosa,Iray Barreto,Juanda Marín,Omar,José Silvano,Yeray Pérez,Trenado Prieto,Lorente,Oliva,Rubén Valverde,Sergi,Jorge Pesca,Kike Vázquez,Toni Arranz,Fabry Castro,Álex,Borja Acha,Dylan Hernández,Darren Johnstone,Kylian,Rayco,Joan Salvá,None,None,None,None,None,None,None,Álvaro Portilla,Basilio,Jorge Félix,Rubén Blanco,Pedrajo,None,None,None,None,None,None,None
2449436,Itxaso,Jonathan,Lalaguna,Nandi,Óscar Valero,París Adot,Azpilicueta,Chema Mato,Eneko,Víctor Bravo,Arkaitz,Pato Guillén,Catú,Jimmy,Josu,Sergio Sánchez,Javi Moreno,Joaquín,Marcos Rodríguez,Óscar Fondevila,Gerard Oliva,Jordan Sánchez,Delgado,Fernando Rubio,Pagola,Yanis Rahmani,Samanes,None,None,None,None,None,None,None,Chiño Bertua,Javi,Jesús Varela,Marqueta,Mon Vives,None,None,None,None,None,None,None
2445073,Jesús Lastra,Adolfo Valiente,Borja Mori,Sergio Zapico,Sergio Rueda,David,Iván Suárez,Pablo Prendes,Aitor Hervás,Carly,Germán Fassani,Álex,Arturo Navarro,Mauri,Sergio Noche,Borja Plaza,Adri,Gonzalo,Manu Rodríguez,Zazu,Nico,Pau Franch,Abraham,Moisés López,Adrián Nito,Óscar,Vicente,None,None,None,None,None,None,None,Alberto Contreras,Fran Adeva,Fran Ochoa,Pablo Trigueros,Ruba,None,None,None,None,None,None,None
2449441,Javi Montoya,Álex García,Alfonso De la Cruz,Carlos Javier,Gil,Sergio Martínez,Adán Pérez,Carralero,Moustapha Gning,Nacho Lafita,Óscar Reche,Irazusta,Aimar,Aitor Morcillo,Azkoiti,Esnaola,Alaín Barrón,Eneko Romo,Martins,Mikel Alonso,Julen Iriarte,Mújika,Kevin Lacruz,Loscos,Maureta,Tierno,Txema Pan,None,None,None,None,None,None,None,Alex Iriondo,Domínguez,Jorge Galán,Ribera,Alejandro Santamaría,None,None,None,None,None,None,None
2449439,David Pérez,Pinilla,David Sánchez,Rocha,Efrén Ruiz,Esaúl,Nacho Lázaro,Pitu,Rubén De Val,Salazar,Javi Torres,Diego Calzado,Tameem Al Muhaza,Jordi César,Juan Bardal,Tejedor,Stephen Babalola,Eric López,Gonzalo,Iosu Villar,Pablo Coutado,Javier Orodea,Álex,Baka,Borja González,Rubén Pérez,Sergio González,None,None,None,None,None,None,None,Aitor Núnez,Aketxe,Cristóbal,Leandro,Santi Santos,None,None,None,None,None,None,None
2449437,David Moral,Pablo García,Santi Vélez,Toño,Bubú,Del Olmo,Manu,Óscar,David Camino,David Vinatea,Dani Álvarez,Dani Sotres,Alain,César Caneda,Fede,Chus Hevia,Dani Rodríguez,Docal,Kamal,Unai Hernández,Artiles,Dioni,Emilio Iglesias,Jesús,Sergio Del Río,Sergio Tobio,Asier Lazcano,None,None,None,None,None,None,None,Mohamed Coulibaly,Ismael,Óscar,Óscar Santiago,Sergio Camus,None,None,None,None,None,None,None
2449440,Ferrán Ferri,Dani Gómez,Robin Lafarge,Moyano,Rangel,Dani Ponce,Ali Diakité,Diego Manzano,Iván Rubio,Edipo,Miguélez,Bernabé,Óscar Prats,Víctor Martínez,Dani Navarro,Gustavo Berraco,Pedro Díaz,Rubén Rivera,Sergio Durán,Vicente Romero,Christian,Valdivia,Fernando Marqués,Guillem,Sumy Konaré,Kevin,David Buyo,None,None,None,None,None,None,None,David Agudo,Gilardoni,José,José Betancort,Sergio Rodríguez,None,None,None,None,None,None,None
2449444,Craviotto,Agustín,Alcañiz,Forniés,Agus Medina,David Batanero,Yeray,Bruno,Ernest Forgas,Marc Fernández,Osado,Álvaro Campos,Javi Selvas,Álvaro Gómez,Jesús,Luismi Ruíz,Marc Castells,Tornero,Meseguer,Lolo,Pruden,Saizar,Álex Cortell,Marc De Val,Pirulo,Sergi Tienda,Lucas Viale,None,None,None,None,None,None,None,Rubén Suárez,Carrillo,Escudero,Rubén Fonte,Alberto Catalán,None,None,None,None,None,None,None
2449438,Royo,Ángel Sánchez,Chema Antón,Jonathan Martín,Ramiro,Javi Rey,Luque,Milla,Néstor Gordillo,Nacho Rodríguez,Piojo,Sergio Lloves,Bruno Rivada,Pablo,Miguel Loureiro,Anxo,Jandrín,Pedro García,Tomás Abelleira,Tubo,Miki,Pablo Carnero,Aitor Aspas,Carlos Ramos,De la Nava,Diego Rivas,Joselito,None,None,None,None,None,None,None,Capi,Edu Sousa,Jacobo,Kevin,Queijeiro,None,None,None,None,None,None,None
2449445,Jerónimo Lario,Álex Alonso,Modesto,Mongil,Óscar López,Borja Sánchez,Carles Salvador,Jesús Alfaro,Julio De Dios,Álex Rubio,Rubén Ramos,Marcos Contreras,Micaló,Imanol,José Ayala,Chechu Meneses,Cristian Sánchez,De Prada,Maikel,Pablo,Pepe Bernal,Jordi Martí,Abraham,Fran Miranda,Javi Rubio,Marc Martínez,Yacine Qasmi,None,None,None,None,None,None,None,Carlos Larrá,Carlos Pérez,Cristian,Óscar,Isaac Moya,None,None,None,None,None,None,None
2449447,Édgar Badía,Ángel Martínez,Nadjack,Migue Marín,Olmo,Colorado,Jaume Delgado,Jordi Oribe,Edgar,Fernando,Ricardo Vaz,Iván Cristino,Sergi Fuertes,Iván De Nova,Josep Torres,Miki Massana,Genís,Gòdia,Iván Montané,Joel Coch,Víctor Bertomeu,Dani Argilaga,Fran Carbià,Moyano,Óscar Rico,Rafa García,Raúl Bernabéu,None,None,None,None,None,None,None,Gerard Roigé,Llopis,López,Socías,Virgili,None,None,None,None,None,None,None
2449442,Facundo Lupardo,Carlos García,Jacinto,José Rodríguez,Zurdo,Chato,Jesús García,Jordi Pablo,Ocaña,Javi Gómez,Quique,Sergio López,Etxaniz,Adrià Gallego,Larreategi,Moya,Xabi Galán,Gabri,Ioritz Bilbao,Valín,Dañobeitia,Zárate,Álvaro Garrido,Calle,Diego Rivas,Javi López,Pelegrina,None,None,None,None,None,None,None,Antón,Álvaro del Val Martín,Dwomoh,Germán Beltrán,Aitor Kortabitarte,None,None,None,None,None,None,None
2449446,Álex Cobo,Óscar Rubio,Raúl Fuster,Toño Vázquez,Albistegui,Marc Martínez,Mia Guasch,Noel Carbonell,Colinas,Manuel Onwu,Óscar Vega,Chema,Álex Muñoz,Atienza,Rafita,Rojas,Juanma,Miñano,Nieto,Yeray,Gato,Portillo,Carlos Doncel,Crespo,Diego Suárez,Ekhi,Rami,None,None,None,None,None,None,None,Adri Cuevas,Álex Gallar,Indiano,Iván Buigues,Connor Ruane,None,None,None,None,None,None,None
2449449,Lolo Soler,Joe,León,Manu Palancar,Olmo,Canario,Ismael Chico,Mauri,Salva Rivas,Zamorano,Espinar,Luis Ribeiro,Carlos Delgado,Mario Marín,Mica,Zamora,Álex Zambrano,Dani Molina,Jesús Vázquez,Núñez,Cristian,Miguelito,Buitrago,Carlos Guerra,Copi,Mateo,Ximo Forner,None,None,None,None,None,None,None,Álvaro Moreno,Antonio Domínguez,Kikas,Rubén Gálvez,Rubén Mesa,None,None,None,None,None,None,None
2449450,Fernando,Hostench,José Ruíz,Sobregrau,Tomás Ruso,Chavero,Fran Moreno,Sergi,Sergio García,Azkorra,Germán,Pol,Aridane,Josete,Juanjo,Tomás,Álvaro García,Garrido,Hugo Rodríguez,Mantecón,Wilson Cuero,Lolo Plá,Armando,Arturo Molina,Carlos Álvarez,Isi Palazón,Simón Ballester,None,None,None,None,None,None,None,Alberto,Alberto Quintana,Güiza,Salvi,Servando,None,None,None,None,None,None,None
2449451,Lopito,Álvaro Vega,Edu,Higinio,Corpas,Fran,Fran Carles,Joselu,Rodri,Juanfran,Rafa Payán,Javi Seral,Carlos,Luis Verdú,Manu Torres,Sergio Albiol,Borja Hernández,Carlos Terol,Víctor Fenoll,Paolo Etamané,José Vega,Perona,David Gámiz,Francis Ferrón,Javi Quesada,Jorge Sánchez,Vicente,None,None,None,None,None,None,None,Francesco Calcagno,Francisco López,Gonzalo Guardiola,Segura,Saša Varga,None,None,None,None,None,None,None
2449448,Álvaro,Mahanan,Pepe Romero,Richi,Chupe,David Sánchez,David Vázquez,Nando,Diego Cascón,Manolo,Nacho Aznar,Cristian Arco,Álvaro Benítez,Máiquez,Suso,Víctor González,Iván Turrillo,Javier Anaya,Melchor,Willy,Javi Medina,Joselu,Aloisio,Bolaños,Braim,Dani Barrio,Sufian,None,None,None,None,None,None,None,Adrián Gallardo,Herrero,Javi Chico,José Miguel,Santi,None,None,None,None,None,None,None
2482542,Ioné Puga,Fede Antico,Jaime Jorge,Moreno,Álvaro Casas,Chus Sosa,Juanda Marín,Omar,Rayco,José Silvano,Yeray Pérez,Pol,Aridane,Cristian Márquez,Servando,Tomás,Abel,Álvaro García,Mantecón,Salvi,Wilson Cuero,Lolo Plá,Dylan Hernández,Iray Barreto,Darren Johnstone,Kylian,Joan Salvá,None,None,None,None,None,None,None,Alberto,Alberto Quintana,Hugo Rodríguez,Josete,Kike,None,None,None,None,None,None,None
2482545,Loscos,Álex García,Carlos Javier,Maureta,Sergio Martínez,Carralero,Moustapha Gning,Nacho Lafita,Óscar Reche,Tierno,Gabarre,Itxaso,Jonathan,Lalaguna,Nandi,Óscar Valero,París Adot,Azpilicueta,Chema Mato,Fernando Rubio,Víctor Bravo,Arkaitz,Edu García,Gil,Javi Montoya,Kevin Lacruz,Draman Konaré,None,None,None,None,None,None,None,Eneko,Iván Martín,Pagola,Yanis Rahmani,Samanes,None,None,None,None,None,None,None
2482548,Vicent Company,Barreda,Javi Soria,Migue,Shaq Moore,Peris,Adriá,Javi Boix,Jorge Juliá,Ariday Cabrera,Cubillas,Facundo Lupardo,Carlos García,Jacinto,Pelegrina,Zurdo,Chato,Diego Rivas,Jesús García,Jordi Pablo,Javi Gómez,Quique,Álvaro García,Jandro,Paco,Vicente,Víctor Marco,None,None,None,None,None,None,None,Hernández,Javi López,José Rodríguez,Ocaña,Álvaro Garrido,None,None,None,None,None,None,None
2449461,Julián Cuesta,Cuéllar,Míchel,Marín,Adri Castellano,José Ángel,Iván Sánchez,Soriano,Lorenzo Reyes,José Pozo,Cristian Herrera,Pol,Armando,Isidoro,Caro,Álex Moreno,Pelayo,Cifuentes,Ilie,Nono,Álvaro,Nikolaos Vergos,Casto,Mohammed Fatau,Eldin Hadžić,Montoro,Morcillo,Puertas,Quique,None,None,None,None,None,Hugo Álvarez,Javi Espinosa,Javi Jiménez,Liberto Beltrán,Lolo,Samu,Sergio León,None,None,None,None,None
2482550,David Moral,Toño,Pablo García,Santi Vélez,Bubú,Del Olmo,Manu,Óscar,David Camino,Dani Álvarez,David Vinatea,Diego Calzado,Aitor Núnez,Juan Bardal,Santi Santos,Tejedor,Stephen Babalola,Eric López,Gonzalo,Nacho Matador,Pablo Coutado,Javier Orodea,Emilio Iglesias,Jesús,Sergio Del Río,Sergio Tobio,Diego Fernández,None,None,None,None,None,None,None,Tameem Al Muhaza,Cristóbal,Iosu Villar,Javi Navas,Omar Bouiahadj,None,None,None,None,None,None,None
2482551,Alejandro,Álex Quintanilla,Elgezábal,Pablo Revert,Pomares,Alonso Cosío,Cerrajería,Cusidor,Alain,David Martín,Yurrebaso,Marcos Contreras,Adrián Bojan,Carlos Larrá,Imanol,Micaló,Pepe Bernal,Maikel,Chechu Meneses,Pablo,Górriz,Jordi Martí,Aitor Ortega,Haritz Albisua,Iker Hernández,Izquier,Jaume,None,None,None,None,None,None,None,Cristian Sánchez,Óscar,Cristian,Carlos Pérez,De Prada,None,None,None,None,None,None,None
2445074,Queco Piña,Luis Ruiz,Albizua,Juanan,Paco Candela,Toni,Rubén Peña,Ruiz de Galarreta,Omar,Gabriel,Guillermo,Roberto,Cristian,Alberto,Aurtenetxe,Jorge,Tomás Martínez,Carlos Ruiz,Aitor Sanz,Abel,Anthony Lozano,Omar Perdomo,Alberto Martín,Borja Lázaro,Eizmendi,Martín Mantovani,Serantes,Soriano,Alexander Szymanowski,None,None,None,None,None,Germán,Dani Hernández,Nadjib Montes,Ricardo,Pedro Martín,Suso Santana,Jairo,None,None,None,None,None
2449454,Tomeu Nadal,Mossa,Manolo Martínez,Iago Bouzón,Jordi Calavera,Gal Arel,Palanca,Sergio Tejera,Xisco,Rayco,Naranjo,Germán,Carles Mas,Pedro Alcalá,Marcelo,Eloi Amagat,Albert Vivancos,Pol Llonch,Borja García,David Serrano,Sebas,Jairo,Achille Emaná,Marcos,Rocha,Varo,Mousa Bandeh,Ferrán,Xisco Campos,None,None,None,None,None,Alcaraz,Clerc,Felipe Sanchón,Isaac Becerra,Javi Álamo,Kiko Olivas,Juanpi Sepúlveda,None,None,None,None,None
2449455,Biel Ribas,Ripa,Regalón,Orfila,Alexander Callens,Pedraza,Iñigo Pérez,Vicente,Marc,Dani Aquino,Nacho,Pacheco,Laguardia,Aritz Borda,Einar,Dani Estrada,Manu García,Beobide,Dani Pacheco,David Torres,Manu Barreiro,Sergio Llamas,Álex Alegría,Julio Álvarez,Concha,Del Pino,Munir Mohamedi,Natalio,Diego Ciria,None,None,None,None,None,Carpio,Facundo Guichón,Kiko Femenía,Pau Torres,Raúl García,Sergio Mora,Toquero,None,None,None,None,None
2449456,René,Aimar Moratalla,Jorge,Fran Cruz,Enric Pi,Tito,Emilio Sánchez,Giva,Mosquito,Juanto,Imaz,Héctor Pizana,Agus,Fran García,Gonzalo,Adri,Diego Benito,Mario Ortiz,Santi Jara,Cidoncha,Miquel,Jason,Benja,Jordi López,Juanjo,Moragón,Pitu,Querol,Eloy Gila,None,None,None,None,None,Antoñito,Carrasco,César Díaz,Dorronsoro,Portu,Rubén Cruz,Cifuentes,None,None,None,None,None
2449457,Falcón,Deivid,Dalmau,Fran Serrano,Abel Moreno,Víctor Pérez,Rafa Gálvez,Fidel,Pedro Ríos,Carlos Caballero,Raúl de Tomás,José Juan,Israel Puerto,Carlos Hernández,Manu,Pau Cendrós,David Ferreiro,Fernando Seoane,Campillo,David López,Abel Molinero,Joselu,Arturo,Razak Brimah,Luso,Saša Marković,Nando García,Jean Pineda,Marius Stankevičius,None,None,None,None,None,Carlos Pita,Dani Pedrosa,De Coz,Igor Martínez,Javi Pita,Lemos,Caballé,None,None,None,None,None
2449458,Raúl,Mickaël Gaffoor,Gorka Kijera,Álex Ortiz,Eric García,Lázaro,Provencio,Eguaras,Néstor,Sangalli,Abdón,Mario Fernández,Javi Flaño,Cayetano Bonnín,David García,Unai García,Maikel Mesa,Adrián Cruz,José García,Olavide,Bogdan Milič,Kenan Kodro,Álex García,Fran Carnicer,Galán,Javi Cantero,Lago Junior,Sergio Pérez,Rúper,None,None,None,None,None,Álex Berenguer,Álex Sánchez,Antonio Otegui,Mikel Merino,Nauzet,Oier,Roberto Torres,None,None,None,None,None
2449460,Dani Jiménez,Fede Vega,Rafa Páez,Razvan Ochiroşii,Fernando,Antonio Martínez,Álvaro Rey,Fausto,Natxo Insa,Collantes,Nierga,Alberto,Diego Seoane,Jorge Casado,Pavón,Melero,Dmytro Khomchenovsky,Jonathan,Alan Baró,Berrocal,David Caiado,Pablo,Bellvís,Marko Dmitrović,Josan,Nélson,Rubén Sanz,Sergi Guardiola,Sergio,None,None,None,None,None,Adán,Álvaro Antón,Andy,Vullnet Basha,Samuel Camille,Dinu Moldovan,Yuri,None,None,None,None,None
2482546,Escalona,Ángel Robles,Dani Pérez,Iván Pérez,Pol Bueso,Manolo,Son,César Remón,Carlos Rodríguez,Higinio,Iván Aguilar,Cristian Arco,Álvaro Benítez,Samu,Suso,Víctor González,Cristo Díaz,Javi Chico,Mario Pérez,Willy,Joselu,Santi,Góngora,Luisma Tovar,Pallarés,Rubio,Isi Ros,None,None,None,None,None,None,None,Adrián Gallardo,Javi Medina,Javier Anaya,José Miguel,Melchor,None,None,None,None,None,None,None
2482547,Álex Cobo,Óscar Rubio,Raúl Fuster,Toño Vázquez,Albistegui,Marc Martínez,Mia Guasch,Noel Carbonell,Colinas,Manuel Onwu,Óscar Vega,Royo,Ángel Sánchez,Jonathan Martín,Ramiro,Javi Rey,Néstor Gordillo,Raúl,De la Nava,Joselito,Nacho Rodríguez,Piojo,Ekhi,Arnau,Crespo,Diego Suárez,Rami,None,None,None,None,None,None,None,Aitor Aspas,Carlos Ramos,Chema Antón,Diego Rivas,Luque,None,None,None,None,None,None,None
2482549,Álex,Arturo Navarro,Borja Plaza,Fernando Pajarero,Mauri,Adri,Fran Ochoa,Gonzalo,Javilillo,Zazu,Pau Franch,Édgar Badía,Albert Benito,Ángel Martínez,Nadjack,Moyano,Colorado,Rafa García,Ramón Folch,Fernando,Haro,Ricardo Vaz,Fran Adeva,Diego Gonzalo Sanz,Manu Rodríguez,Pablo Trigueros,Ruba,None,None,None,None,None,None,None,Aitor Embela,Edgar,Jaume Delgado,Olmo,Óscar Rico,None,None,None,None,None,None,None
2482543,Bernabé,Héctor,Óscar Prats,Sergio Rodríguez,Gilardoni,José,Pedro Díaz,Sergio Durán,Dani Navarro,Gustavo Berraco,Valdivia,Lolo Soler,Joe,León,Manu Palancar,Olmo,Canario,Ismael Chico,Mauri,Salva Rivas,Zamorano,Espinar,Christian,David Agudo,Gonzalo,José Betancort,Vicente Romero,None,None,None,None,None,None,None,Carlos Guerra,Copi,Javi Gallardo,Mateo,Ximo Forner,None,None,None,None,None,None,None
2482544,Fermín Sobrón,Edu Payá,Julio Rico,Reguilón,Santelices,Álvaro González,Birane Ba,Jacobo Trigo,Joel Valencia,Muneta,Carlos,Jorge Sánchez,Chico,Edu,Jonathan Rosales,Marcos Drommel,Fran,Javi Quesada,Rodri,Vicente,Juanfran,Kike Seno,Adrián,Iker Alegre,Jordan Gaspar,Miguel,Miguel Santos,None,None,None,None,None,None,None,Álvaro Vega,Corpas,David Gámiz,Francis Ferrón,Lopito,None,None,None,None,None,None,None
2482552,Ian Mackay,Iván Garrido,Maceira,Román Golobart,Víctor Vázquez,Borja Domínguez,Iván Forte,Joselu,Marcos Álvarez,Pablo Rey,Vela,Álvaro Campos,Álvaro Gómez,Carrillo,Escudero,Javi Selvas,Jesús,Juanra,Clausí,Marc Castells,Meseguer,Saizar,Caba,Catalá,Peláez,Juampa Barros,Jaume Vidal,None,None,None,None,None,None,None,Rubén Suárez,Pruden,Tornero,Guille Vázquez,Álvaro Unanua,None,None,None,None,None,None,None
2482553,Álvaro Peral,Cubi,Javi Sánchez,Pingu,Carlitos,Elías Pérez,Jairo,Pajuelo,Casi,Juanfran,Moraga,López,Chocarro,Ezcurra,Monreal,Samuel Goñi,Barace,Beñat,Samu Cardo,Cristian Gilés,Imanol Etxeberría,Jorge Rodríguez,Curro,José Fuentes,Juanjo,Trinidad,None,None,None,None,None,None,None,None,Álvaro Navarro,Cristian Lorente,Isaac Manjón,Miguel Maeztu,Toni Rodrigo,None,None,None,None,None,None,None
2449459,Rubén Miño,Dani Bautista,Diego Aguirre,Héctor Verdés,Borja Gómez,Nacho López,Jonathan Vila,Emmanuel Omgba,Pablo Hervías,Edu Bedia,Toché,Kepa,Javi Chica,Samuel Llorca,Juanpe,Alfaro,Álvaro Rubio,Guzmán,Pedro Tiba,Ángel,Rodri,Diego Rubio,Borja Valle,David Fernández,Diego Cervero,Erice,Esteban,Peña,Susaeta,None,None,None,None,None,André Leão,Javi Moyano,Juan Villar,Julio,Érick Moreno,Marcelo Silva,Toni Villa,None,None,None,None,None
2449462,Cabrero,Biel Company,David Costas,Truyols,Joan Sastre,Javi Ros,Thierry Moutinho,Abdoulwhaid Sissoko,Rolando Bianchi,Fofo,Cristian Carracedo,Leo Franco,Aythami,Morillas,Carlos David,Íñigo López,Íñigo Ros,Tyronne,Franck Bambock,José Gaspar,Carlos Calvo,Héctor Figueroa,Javier Acuña,Arana,Campabadal,Coro,Damià,Tobias Henneböle,Timon Wellenreuther,None,None,None,None,None,Christian,Fran Mérida,Jesús Valentín,Luis,Darwin Machís,Jonathan Moya,Óscar Whalley,None,None,None,None,None
2487636,Alejandro,Aguiar,Elgezábal,Pomares,Xabi Etxebarria,Alonso Cosío,Armiche,Cerrajería,Haritz Albisua,Alain,Yurrebaso,Vicent Company,Barreda,Espín,Migue,Peris,Gomis,San Julían,Vicente,Ariday Cabrera,Jandro,Tariq,Álex Quintanilla,Cusidor,David Martín,Iker Hernández,Jaume,None,None,None,None,None,None,None,Adriá,Deivid,Javi Soria,Jorge Juliá,Paco,None,None,None,None,None,None,None
2487638,Édgar Badía,Albert Benito,Ángel Martínez,Moyano,Olmo,Jaume Delgado,Óscar Rico,Rafa García,Vítor Silva,Fernando,Fran Carbià,Crespo,Ekhi,Pau Bosch,Raúl Fuster,Toño Vázquez,Albistegui,Marc Martínez,Mia Guasch,Colinas,Manuel Onwu,Óscar Vega,Colorado,Edgar,Ricardo Vaz,Aitor Embela,Nadjack,None,None,None,None,None,None,None,Álex Cobo,Carlos Doncel,Diego Suárez,Noel Carbonell,Rami,None,None,None,None,None,None,None
2487639,Pol,Aridane,Servando,Tomás,Abel,Alberto Quintana,Álvaro García,Hugo Rodríguez,Mantecón,Wilson Cuero,Lolo Plá,David Moral,Pablo García,Santi Vélez,Toño,Asier Lazcano,Bubú,Emilio Iglesias,Óscar,Dani Álvarez,David Camino,David Vinatea,Alberto,Fran Machado,Güiza,Salvi,Luis Pavez,None,None,None,None,None,None,None,Jesús,Manu,Sergio Del Río,Montiel,Álvaro Cano,None,None,None,None,None,None,None
2487641,Julián Cuesta,Míchel,Fran Vélez,Ximo Navarro,Marín,Iago Díaz,José Ángel,Soriano,Lorenzo Reyes,José Pozo,Cristian Herrera,Tomeu Nadal,Xisco Campos,Manolo Martínez,Mousa Bandeh,Jordi Calavera,Gal Arel,Xisco,Achille Emaná,Fali,Xisco Muñoz,Ferrán,Casto,Cuéllar,Hicham,Montoro,Morcillo,Puertas,Quique,None,None,None,None,None,Varo,Álex López,Jean Luc Assoubre,Naranjo,Xavi Molina,Vadillo,Víctor García,None,None,None,None,None
2487642,Queco Piña,Albizua,Soriano,Víctor Díaz,Pablo Insua,Toni,Rubén Peña,Ruiz de Galarreta,Omar,Gabriel,Guillermo,Pacheco,Carpio,Laguardia,Einar,Dani Estrada,Krisztián Vadócz,Facundo Guichón,Manu García,Dani Pacheco,David Torres,Manu Barreiro,Alberto Martín,Eizmendi,Alexander Szymanowski,Borja Lázaro,Bustinza,Martín Mantovani,Serantes,None,None,None,None,None,Kiko Femenía,Sergio Mora,Toquero,Juli,Pau Torres,Raúl García,Víctor López,None,None,None,None,None
2487644,Rubén Miño,Dani Bautista,Diego Aguirre,Héctor Verdés,Fernández,Borja Gómez,Héctor Font,Edu Bedia,Christian Rivera,Diego Cervero,Linares,Raúl,Mickaël Gaffoor,Javi Cantero,Álex Ortiz,Carlos Moreno,Corral,Lázaro,Fran Carnicer,Sangalli,Abdón,Álex García,Erice,Mamadou Koné,Pablo Hervías,David Fernández,Esteban,Nacho López,Susaeta,None,None,None,None,None,Lago Junior,Néstor,Rúper,Galán,Gorka Kijera,Ion Vélez,Sergio Pérez,None,None,None,None,None
2487634,Miguel,Borja,Jaime,Julio Rico,Adrián,Chevi,Jacobo Trigo,Muneta,Carlos,Pere Milla,Titi,Escalona,Dani Pérez,Iván Pérez,Pol Bueso,Fran Pérez,Abdoulaye Fall,Rubio,César Remón,Carlos Rodríguez,Higinio,Iván Aguilar,Álvaro González,Fermín Sobrón,Iker Alegre,Jordan Gaspar,Miguel Santos,None,None,None,None,None,None,None,Checa,Góngora,Luisma Tovar,Pallarés,Son,None,None,None,None,None,None,None
2487635,Lolo Soler,Carlos Guerra,Javi Gallardo,Joe,Manu Palancar,Olmo,Ismael Chico,Juampe,Mauri,Zamorano,Copi,Loscos,Alfonso De la Cruz,Gil,Maureta,Sergio Martínez,Carralero,Edu García,Moustapha Gning,Kevin Lacruz,Óscar Reche,Txema Pan,Canario,Salva Rivas,Ximo Forner,Roberto Chen,Mateo,None,None,None,None,None,None,None,Adán Pérez,Carlos Javier,Javi Montoya,Draman Konaré,Nacho Lafita,None,None,None,None,None,None,None
2487637,José Fuentes,Cubi,Súper,Tapia,Trinidad,Curro,Elías Pérez,Pajuelo,Casi,Moraga,Juanjo,Ian Mackay,Iván Garrido,Nano,Román Golobart,Víctor Vázquez,Borja Domínguez,Iván Forte,Peláez,Joselu,Marcos Álvarez,Pablo Rey,Álvaro Peral,Juanfran,Nando,Pingu,Antonio Gilgado,None,None,None,None,None,None,None,Caba,Juampa Barros,Maceira,Vela,Jaume Vidal,None,None,None,None,None,None,None
2487640,Dinu Moldovan,Jorge Casado,Pavón,Melero,Alan Baró,Andy,Álvaro Antón,Adán,Berrocal,David Caiado,Pablo,Roberto,De Coz,Israel Puerto,Carlos Hernández,David Ferreiro,Fernando Seoane,Caballé,David López,Igor Martínez,Abel Molinero,Joselu,Acorán,Samuel Camille,Diego Seoane,Jonathan,Dmytro Khomchenovsky,Yuri,Alberto,None,None,None,None,None,Pablo Caballero,Campillo,Carlos Pita,Jon García,Jonathan Pereira,José Juan,Lemos,None,None,None,None,None
2487643,Manu Herrera,Leandro Cabrera,Isaac,Abraham,Iñaki Olaortua,Cezary Wilk,Aria Jasuru Hasegawa,Freddy Hinestroza,Erik Morán,Ángel,Jorge Díaz,Nico Ratti,Aimar Moratalla,Chus Herrero,José Ríos,Jordi López,Enric Pi,Tito,Masó,Giva,Chumbi,Benja,Alcolea,Diego Rico,Dorca,Jorge Ortí,Ortuño,Sergio Gil,Vallejo,None,None,None,None,None,Emilio Sánchez,Escassi,Juanjo,Juanto,Moragón,Mosquito,Pitu,None,None,None,None,None
2493468,José Fuentes,Cubi,Javi Sánchez,Pingu,Tapia,Trinidad,Curro,Elías Pérez,Pajuelo,Casi,Moraga,Jordi Masip,Douglas,Bartra,Adriano,Thomas Vermaelen,Jérémy Mathieu,Samper,Gumbau,Wilfrid Kaptoum,Munir,Sandro,Álvaro Peral,Anxo,Jairo,Juanfran,Nando,None,None,None,None,None,None,None,Aitor,Jordi Alba,Ivan Rakitić,Marc-André ter Stegen,Dani Alves,None,None,None,None,None,None,None
2493472,Édgar Badía,Albert Benito,Dinis Almeida,Nadjack,Olmo,Colorado,Rafa García,Ramón Folch,Fernando,Fran Carbià,Haro,Moyá,Siqueira,Stefan Savić,Jesús Gámez,Lucas Hernández,Koke,Óliver Torres,Saúl,Thomas Partey,Ángel Correa,Luciano Vietto,Edgar,Moyano,Óscar Rico,Raúl Bernabéu,Ricardo Vaz,None,None,None,None,None,None,None,Borja González,José Giménez,Jan Oblak,Roberto Núñez,Samuel Villa,None,None,None,None,None,None,None
2493482,Queco Piña,Bustinza,Juanan,Soriano,Pablo Insua,Paco Candela,Miramón,Toni,Rubén Peña,Omar,Guillermo,Ivan Kelava,Mainz,Doria,Salva Ruiz,Neuton,Dimitri Foulquier,Fran Rico,Rubén Pérez,Nicolás López,Rubén Rochina,Adalberto Peñaranda,Albizua,Bicho,Borja Lázaro,Martín Mantovani,Sastre,Serantes,Alexander Szymanowski,None,None,None,None,None,Uche Agbo,Andrés Fernández,Youssef El-Arabi,Success Isaac,Piti,Rober Ibáñez,Clifford Aboagye,None,None,None,None,None
2493470,Jaume,Aguiar,Elgezábal,Izquier,Álex Quintanilla,Haritz Albisua,Cerrajería,Armiche,Alain,David Martín,Yurrebaso,Mathew Ryan,João Cancelo,Rúben Vezo,Aderllan,Lucas Orbán,Ibrahim Diallo,Parejo,Danilo,Zakaria Bakkali,Santi Mina,Rafa Mir,Alejandro,Alonso Cosío,Cusidor,Iker Hernández,Pomares,None,None,None,None,None,None,None,Aymen Abdennour,Paco Alcácer,Jaume,Gayà,Enzo Pérez,None,None,None,None,None,None,None
2493474,Miguel,Borja,Reguilón,Iker Alegre,Birane Ba,Jordan Gaspar,Álvaro González,Adrián,Miguel Santos,Jacobo Trigo,Pere Milla,David Soria,Timothée Kolodziejczak,Coke,Diego González,Michael Krohn-Dehli,Iborra,Reyes,Sebastián Cristóforo,Luismi,Curro,Ciro Immobile,Chevi,Muneta,Fermín Sobrón,Titi,Joel Valencia,None,None,None,None,None,None,None,Yevhen Konoplyanka,Llorente,Mariano,Steven NZonzi,Sergio Rico,None,None,None,None,None,None,None
2493480,Julián Cuesta,Cuéllar,Míchel,Sebastián Dubarbier,Marín,Mohammed Fatau,Soriano,José Pozo,Eldin Hadžić,Puertas,Cristian Herrera,Rubén Blanco,Jonny,Carles Planas,Gustavo Cabral,Pablo Hernández,Dejan Drazič,Levy Madinda,Daniel Wass,Señé,Borja Fernández,Iago Aspas,Adri Castellano,Chuli,Joaquín,Montoro,Iván Sánchez,Josema,Yeray,None,None,None,None,None,Diego Alende,Sergio Álvarez,Théo Bongonda,Pape Diop,John Guidetti,Hugo Mallo,Fabián Orellana,None,None,None,None,None
2493484,René,Jorge,Fran Cruz,José Ríos,Jordi López,Eloy Gila,Masó,Escassi,Juanjo,Juanto,Benja,Manu,Laure,Lopo García,Róber,Haris Medunjanin,Juan Domínguez,Luisinho,Fede Cartabia,Fayçal Fajr,Oriol Riera,Miguel Cardoso,Giva,Imaz,Enric Pi,Pitu,Querol,Nico Ratti,Tito,None,None,None,None,None,Arribas,Cani,Óscar Pinchi,Saúl,David Gómez,Manuel Pablo,Jonathan Rodríguez,None,None,None,None,None
2493490,Dani Giménez,Molinero,Jordi Figueras,Germán Pezzella,Juan Vargas,Xavi Torres,Portillo,Rafael van der Vaart,Petros,Ricky van Wolfswinkel,Álvaro Vadillo,Alberto,Álex Menéndez,Jorge Meré,Muñiz,Lora,Guitián,Mascarell,Carmona,Pablo Pérez,Rachid Aït-Atmane,Carlos Castro,Dani Ceballos,Fransisco Varela,Molina,Foued Kadir,Alfred NDiaye,Rubén Castro,Pedro López,None,None,None,None,None,Álex Barrera,Cuéllar,Guerrero,Hugo Fraile,Isma López,Luis Hernández,Antonio Sanabria,None,None,None,None,None
2493496,Yoel,Dorado,Quini,Zé Castro,Llorente,Trashorras,Patrick Ebert,Manucho,Chengdong Zhang,Alhassane Bangoura,Bebé,Balázs Megyeri,Alexis,Santiago Vergini,Vigaray,Noblejas,Abdoul Yoda,Pedro León,Bernard Mensah,Moi Gómez,Juan Rodríguez,Stefan Šćepović,Ousseynou Cissé,Embarba,Jozabed,Juan Carlos,Miku,Pablo Hernández,Tito,None,None,None,None,None,Cala,Guaita,Ian González,Lafita,Pablo Sarabia,Damián Suárez,Wanderson,None,None,None,None,None
2493466,Pol,Aridane,Cristian Márquez,Josete,Luis Pavez,Tomás,Garrido,Mantecón,Salvi,Wilson Cuero,Lolo Plá,Kiko Casilla,Pepe,Nacho,Arbeloa,James Rodríguez,Casemiro,Isco,Marcos Llorente,Lucas Vázquez,Jesé,Denis Cheryshev,Alberto,Alberto Quintana,Güiza,Kike,Servando,None,None,None,None,None,None,None,Borja Mayoral,Mateo Kovačić,Philipp Lienhart,Rubén Yáñez,Álvaro Tejero,None,None,None,None,None,None,None
2493476,Lolo Soler,León,Joe,Olmo,Manu Palancar,Canario,Chico Rubio,Zamorano,Ximo Forner,Espinar,José Ramón,Iago Herrerín,Eneko Bóveda,Elustondo,Aymeric Laporte,Eraso,Iturraspe,Mikel Rico,Lekue,Kike Sola,Viguera,Sabin,Copi,Carlos Guerra,Mateo,Mauri,Juampe,None,None,None,None,None,None,None,Aketxe,De Marcos,Iraizoz,San José,Williams,None,None,None,None,None,None,None
2493478,Óscar Whalley,Aythami,Carlos David,Christian,Íñigo López,Manolín,Fran Mérida,Camacho,Tyronne,Darwin Machís,Luis,Mariano Barbosa,Bojan Jokić,Mateo Musacchio,Eric Bailly,Miguelón,Jonathan dos Santos,Trigueros,Samu Castillejo,Samuel,Cédric Bakambu,Matías Nahuel,Franck Bambock,Héctor Figueroa,Morillas,Jonathan Moya,Samu Sáiz,Jesús Valentín,Zaparaín,None,None,None,None,None,Alphonse Aréola,Jaume Costa,Pablo Íñiguez,Adrián Marín,Soldado,Bruno Soriano,Denis Suárez,None,None,None,None,None
2493486,Raúl,Mickaël Gaffoor,Álex Ortiz,Carlos Moreno,Corral,Lázaro,Fran Carnicer,Provencio,Abdón,Ion Vélez,Álex García,Guillermo Ochoa,Raúl Albentosa,Arthur Boka,Egor Filipenko,Miguel Torres,Fábio Espinho,Fernando Tissone,Juanpi Añor,Ricardo Horta,Adnane Tighadouini,Roque Santa Cruz,Gorka Kijera,Javi Cantero,Lago Junior,Néstor,Rúper,Sangalli,Sergio Pérez,None,None,None,None,None,Marcos Angeleri,Duje Čop,Javi Ontiveros,Juankar,Hachim Mastour,Pablo Fornals,Aarón,None,None,None,None,None
2493488,Dinu Moldovan,Diego Seoane,Samuel Camille,Pavón,Ignasi Miquel,Vullnet Basha,Melero,Dmytro Khomchenovsky,William Jebor,David Caiado,Luka Đorđević,Irureta,Ramis,Capa,Antonio Luna,Ekiza,Gonzalo Escalante,Eddy Silvestre,Izet Hajrović,Keko,Simone Verdi,Arruabarrena,Acorán,Alberto,Álvaro Antón,Berrocal,Jonathan,Jorge Casado,Pablo,None,None,None,None,None,Adrián,Iñigo Barrenetxea,Lillo,Aleksandar Pantić,Riesgo,Jon Etxaburu,None,None,None,None,None,None
2493492,Mariño,Juanfran,Nikos Karabelas,Zouhair Feddal,Verza,Jefferson Lerma,Xumetra,José Mari,Víctor Casadesús,Nabil Ghilas,Traver,Francesco Bardi,Rober,Duarte,Michaël Ciani,Raíllo,Víctor Sánchez,Sevilla,Cañas,Gerard,Burgui,Paco Montañés,Jesús Fernández,Navarro,Pedro López,Roger,Rubén García,Simão,Pepelu,None,None,None,None,None,Joan Jordán,Pau López,Mamadou Sylla,Dalmau,Navarro,Rufo,Galas,None,None,None,None,None
2493494,Raúl Lizoain,Bigas,Javi Garrido,Dani Castellano,Nili,Hernán,Emmanuel Culio,Valerón,Nabil El Zhar,Willian José,Asdrúbal Padrón,Oier,Carlos Martínez,Ansotegi,Diego Reyes,De la Bella,Illarra,Bruma,Alain,Rubén Pardo,Chory Castro,Mikel Oyarzabal,Nauzet Alemán,Sergio Araujo,Vicente Gómez,Roque Mesa,Serbourdin,Javi Varas,Jonathan Viera,None,None,None,None,None,Canales,Granero,Jonathas,Iñigo Martínez,Gerónimo Rulli,Joseba Zaldúa,Héctor,None,None,None,None,None
2493469,Jordi Masip,Dani Alves,Javier Mascherano,Bartra,Adriano,Thomas Vermaelen,Jérémy Mathieu,Samper,Aitor,Munir,Sandro,José Fuentes,Cubi,Súper,Tapia,Trinidad,Elías Pérez,Jairo,Pajuelo,Anxo,Juanfran,Juanjo,Claudio Bravo,Gumbau,Iniesta,Neymar,Luis Suárez,None,None,None,None,None,None,None,Álvaro Peral,Casi,Curro,Moraga,Pingu,None,None,None,None,None,None,None
2493485,Manu,Manuel Pablo,Saúl,Lopo García,Róber,Mosquera,Haris Medunjanin,Juan Domínguez,Luis Alberto,Jonathan Rodríguez,Miguel Cardoso,Nico Ratti,Aimar Moratalla,Jorge,José Ríos,De los Reyes,Jordi López,Tito,Querol,Giva,Mosquito,Juanto,Fayçal Fajr,Fede Cartabia,Óscar Pinchi,Laure,Germán Lux,Lucas Pérez,Sidnei,None,None,None,None,None,Fran Cruz,Escassi,Imaz,Masó,Moragón,Enric Pi,Pitu,None,None,None,None,None
2493491,Alberto,Luis Hernández,Álex Menéndez,Bernardo Espinosa,Isma López,Álex Barrera,Nacho Cases,Guitián,Pablo Pérez,Rachid Aït-Atmane,Guerrero,Dani Giménez,Molinero,Jordi Figueras,Germán Pezzella,Fransisco Varela,Xavi Torres,Alfred NDiaye,Portillo,Rafael van der Vaart,Ricky van Wolfswinkel,Álvaro Vadillo,Carmona,Carlos Castro,Cuéllar,Alen Halilović,Lora,Mascarell,Dani NDi,None,None,None,None,None,Bruno,Rubén Castro,Dani Ceballos,Álvaro Cejudo,Pedro López,Molina,Fabián Ruiz,None,None,None,None,None
2493475,David Soria,Escudero,Coke,Diego González,Iborra,Reyes,Sebastián Cristóforo,Steven NZonzi,Luismi,Ciro Immobile,Gaël Kakuta,Fermín Sobrón,Borja,Reguilón,Iker Alegre,Álvaro Arnedo,Birane Ba,Adrián,Miguel Santos,Jacobo Trigo,Michel,Álvaro González,Cotán,Curro,Timothée Kolodziejczak,Llorente,Sergio Rico,None,None,None,None,None,None,None,Jordan Gaspar,Miguel,Muneta,Jaime,Titi,None,None,None,None,None,None,None
2493493,Pau López,Duarte,Enzo Roco,Javi López,Álvaro González,Víctor Sánchez,Pape Diop,Marco Asensio,Gerard,Burgui,Felipe Caicedo,Mariño,Iván López,Toño García,Navarro,Juanfran,Verza,Morales,Xumetra,José Mari,Roger,Víctor Casadesús,Arbilla,Francesco Bardi,Cañas,Raíllo,Sevilla,Mamadou Sylla,Víctor Álvarez,None,None,None,None,None,Zouhair Feddal,Nabil Ghilas,Jesús Fernández,Jefferson Lerma,Pepelu,Simão,Traver,None,None,None,None,None
2493467,None,None,None,None,None,None,None,None,None,None,None,None,None,None,None,None,None,None,None,None,None,None,None,None,None,None,None,None,None,None,None,None,None,None,None,None,None,None,None,None,None,None,None,None,None,None
2493477,Iago Herrerín,San José,De Marcos,Etxeita,Balenziaga,Eraso,Gurpegi,Raúl García,Williams,Aduriz,Sabin,Mateo,Carlos Guerra,Roberto Chen,Javi Gallardo,Joe,Manu Palancar,Ismael Chico,Juampe,Mauri,Zamorano,Copi,Beñat,Iraizoz,Kike Sola,Aymeric Laporte,Mikel Rico,None,None,None,None,None,None,None,Buitrago,Canario,José Ramón,Lolo Soler,Ximo Forner,None,None,None,None,None,None,None
2493489,Irureta,Aleksandar Pantić,Ramis,Lillo,Antonio Luna,Takashi Inui,Adrián,Iñigo Barrenetxea,Jon Etxaburu,Arruabarrena,Borja Bastón,Alberto,Diego Seoane,Samuel Camille,Ignasi Miquel,Melero,Dmytro Khomchenovsky,Jonathan,Alan Baró,Berrocal,Acorán,Luka Đorđević,Dani García,Mauro Dos Santos,Gonzalo Escalante,Keko,Riesgo,Sergi Enrich,Simone Verdi,None,None,None,None,None,Álvaro Antón,Vullnet Basha,David Caiado,William Jebor,Jorge Casado,Dinu Moldovan,Pablo,None,None,None,None,None
2493497,Balázs Megyeri,Santiago Vergini,Cala,Damián Suárez,Abdoul Yoda,Pedro León,Bernard Mensah,Víctor,Moi Gómez,Juan Rodríguez,Álvaro,Juan Carlos,Dorado,Quini,Llorente,Baena,Pablo Hernández,Jozabed,Miku,Embarba,Chengdong Zhang,Alhassane Bangoura,Alexis,Guaita,Mehdi Lacen,Lafita,Pablo Sarabia,Stefan Šćepović,Wanderson,None,None,None,None,None,Bebé,Manucho,Joni Montiel,Nacho,Tito,Trashorras,Yoel,None,None,None,None,None
2493471,Mathew Ryan,Rúben Vezo,Aderllan,Lucas Orbán,Barragán,Parejo,André Gomes,Wilfried Zahibo,Álvaro Negredo,Pablo Piatti,Santi Mina,Alejandro,Elgezábal,Xabi Etxebarria,Pomares,Pablo Revert,Alonso Cosío,Cusidor,Aitor Ortega,Armiche,Iker Hernández,Ito,Danilo,Rodrigo de Paul,Ibrahim Diallo,Jaume,Fran Villalba,None,None,None,None,None,None,None,Alain,Izquier,David Martín,Diego Naranjo,Álex Quintanilla,None,None,None,None,None,None,None
2493487,Guillermo Ochoa,Raúl Albentosa,Roberto Rosales,Arthur Boka,Egor Filipenko,Camacho,Recio,Javi Ontiveros,Ricardo Horta,Adnane Tighadouini,Roque Santa Cruz,Raúl,Javi Cantero,Álex Ortiz,Galán,Carlos Moreno,Corral,Lázaro,Provencio,Sangalli,Abdón,Ion Vélez,Aarón,Nordin Amrabat,Charles,Juankar,Juanpi Añor,Miguel Torres,Pablo Fornals,None,None,None,None,None,Álex García,Mickaël Gaffoor,Gorka Kijera,Lago Junior,Néstor,Rúper,Sergio Pérez,None,None,None,None,None
2493495,Oier,Carlos Martínez,Iñigo Martínez,Ansotegi,Yuri,Illarra,Xabi Prieto,Rubén Pardo,Canales,Jonathas,Mikel Oyarzabal,Raúl Lizoain,Aythami Artiles,Javi Garrido,Nili,Vicente Gómez,Nauzet Alemán,Hernán,Emmanuel Culio,Valerón,Nabil El Zhar,Willian José,Bergara,Chory Castro,Aritz Elustondo,Héctor,Alain,Gerónimo Rulli,Carlos Vela,None,None,None,None,None,Dani Castellano,David Simón,David García,Momo,Asdrúbal Padrón,Javi Varas,Jonathan Viera,None,None,None,None,None
2493473,Moyá,Siqueira,Stefan Savić,Jesús Gámez,Lucas Hernández,Koke,Óliver Torres,Saúl,Thomas Partey,Fernando Torres,Ángel Correa,Édgar Badía,Ángel Martínez,Nadjack,Moyano,Olmo,Colorado,Ramón Folch,Óscar Rico,Vítor Silva,Edgar,Ricardo Vaz,Yannick Ferreira-Carrasco,Gabi,José Giménez,Jan Oblak,Luciano Vietto,None,None,None,None,None,None,None,Raúl Bernabéu,Fran Carbià,Fernando,Rafa García,Haro,None,None,None,None,None,None,None
2493481,Rubén Blanco,Jonny,Gustavo Cabral,Diego Alende,Pablo Hernández,Dejan Drazič,Levy Madinda,Daniel Wass,Señé,Pape Diop,John Guidetti,Julián Cuesta,Fran Vélez,Míchel,Marín,Adri Castellano,Mohammed Fatau,José Ángel,Lorenzo Reyes,Eldin Hadžić,Puertas,Cristian Herrera,Sergio Álvarez,Iago Aspas,Théo Bongonda,Augusto Fernández,Hugo Mallo,Fabián Orellana,Carles Planas,None,None,None,None,None,Chuli,Joaquín,Montoro,Ximo Navarro,José Pozo,Jonathan Zongo,Yeray,None,None,None,None,None
2493479,Mariano Barbosa,Mateo Musacchio,Antonio Rukavina,Adrián Marín,Pablo Íñiguez,Trigueros,Samu Castillejo,Rodri,Samuel,Cédric Bakambu,Matías Nahuel,Óscar Whalley,Aythami,Morillas,Carlos David,Jesús Valentín,Íñigo López,Manolín,Íñigo Ros,Tyronne,Carlos Calvo,Jonathan Moya,Alphonse Aréola,Bruno Soriano,Jaume Costa,Soldado,Víctor Ruiz,Miguelón,Denis Suárez,None,None,None,None,None,Franck Bambock,David Mainz,Héctor Figueroa,José Gaspar,Óscar Ramírez,Samu Sáiz,Zaparaín,None,None,None,None,None
2493483,Ivan Kelava,Lombán,Mainz,Salva Ruiz,Miguel Lopes,Rober Ibáñez,Javi Márquez,Uche Agbo,Youssef El-Arabi,Nicolás López,Édgar,Queco Piña,Bustinza,Luis Ruiz,Juanan,Pablo Insua,Paco Candela,Toni,Rubén Peña,Omar,Gabriel,Guillermo,Andrés Fernández,Doria,Dimitri Foulquier,Fran Rico,Neuton,Adalberto Peñaranda,Rubén Rochina,None,None,None,None,None,Alberto Martín,Borja Lázaro,Martín Mantovani,Miramón,Serantes,Alexander Szymanowski,Víctor Díaz,None,None,None,None,None
2508201,Iago Herrerín,Aymeric Laporte,De Marcos,Etxeita,Beñat,Iturraspe,Susaeta,Raúl García,Lekue,Williams,Muniain,Mariano Barbosa,Víctor Ruiz,Antonio Rukavina,Eric Bailly,Adrián Marín,Pina,Samu Castillejo,Rodri,Samuel,Leo Baptistão,Matías Nahuel,Balenziaga,Eraso,Gurpegi,Iraizoz,Sabin,San José,Aduriz,None,None,None,None,None,Alphonse Aréola,Cédric Bakambu,Bruno Soriano,Denis Suárez,Mario,Mateo Musacchio,Pablo Íñiguez,None,None,None,None,None
2508193,Mathew Ryan,Rúben Vezo,Aderllan,Lucas Orbán,Barragán,Parejo,Enzo Pérez,Javi Fuego,Álvaro Negredo,Rodrigo,Santi Mina,Ivan Kelava,Cristiano Biraghi,Mainz,Jean-Sylvain Babin,Doria,Miguel Lopes,Rene Krhin,Uche Agbo,Success Isaac,Rubén Rochina,Adalberto Peñaranda,Rodrigo de Paul,Ibrahim Diallo,Jaume,Pablo Piatti,Fran Villalba,Wilfried Zahibo,Toni Lato,None,None,None,None,None,Édgar,Youssef El-Arabi,Andrés Fernández,Lombán,Javi Márquez,Neuton,Fran Rico,None,None,None,None,None
2508195,Raúl,Javi Cantero,Álex Ortiz,Galán,Carlos Moreno,Lázaro,Provencio,Sangalli,Abdón,Ion Vélez,Álex García,Manu,Manuel Pablo,Laure,Lopo García,Róber,Mosquera,Juan Domínguez,Luisinho,Jonás Gutiérrez,Oriol Riera,Jonathan Rodríguez,Fran Carnicer,Mickaël Gaffoor,Gorka Kijera,Lago Junior,Sergio Pérez,Rúper,Néstor,None,None,None,None,None,Álex,Miguel Cardoso,Fayçal Fajr,Luis Alberto,Germán Lux,Haris Medunjanin,Sidnei,None,None,None,None,None
2508199,Dani Giménez,Fransisco Varela,Jordi Figueras,Cristiano Piccini,Germán Pezzella,Didier Digard,Alfred NDiaye,Portillo,Petros,Ricky van Wolfswinkel,Molina,Sergio Rico,Benoît Trémoulinas,Adil Rami,Timothée Kolodziejczak,Coke,Grzegorz Krychowiak,Michael Krohn-Dehli,Sebastián Cristóforo,Éver Banega,Ciro Immobile,Vitolo,Adán,Álvaro Cejudo,Dani Ceballos,Fabián Ruiz,Joaquín,Rubén Castro,Rafael van der Vaart,None,None,None,None,None,Daniel Carriço,David Soria,Kevin Gameiro,Yevhen Konoplyanka,Llorente,Steven NZonzi,Reyes,None,None,None,None,None
2508191,Marc-André ter Stegen,Piqué,Dani Alves,Javier Mascherano,Jordi Alba,Busquets,Arda Turan,Iniesta,Luis Suárez,Lionel Messi,Neymar,Pau López,Víctor Álvarez,Enzo Roco,Javi López,Raíllo,Abraham,Pape Diop,Hernán Pérez,Marco Asensio,Gerard,Felipe Caicedo,Aleix Vidal,Bartra,Jordi Masip,Jérémy Mathieu,Munir,Ivan Rakitić,Thomas Vermaelen,None,None,None,None,None,Francesco Bardi,Burgui,Michaël Ciani,Duarte,Joan Jordán,Sevilla,Mamadou Sylla,None,None,None,None,None
2508205,Juan Carlos,Tito,Nacho,Dorado,Llorente,Pablo Hernández,Jozabed,Miku,Manucho,Chengdong Zhang,Bebé,Moyá,Siqueira,Stefan Savić,Jesús Gámez,José Giménez,Matías Kranevitter,Óliver Torres,Augusto Fernández,Yannick Ferreira-Carrasco,Thomas Partey,Fernando Torres,Zé Castro,Trashorras,Javi Guerra,Yoel,Embarba,Quini,Joni Montiel,None,None,None,None,None,Jan Oblak,Lucas Hernández,Gabi,Saúl,Ángel Correa,Jackson Martínez,Luciano Vietto,None,None,None,None,None
2508197,Pol,Aridane,Josete,Luis Pavez,Andrés Sánchez,Mantecón,Alberto Quintana,Salvi,David Sánchez,Lolo Plá,Fran Machado,Rubén Blanco,Jonny,Sergi Gómez,Carles Planas,Gustavo Cabral,Nemanja Radoja,Dejan Drazič,Levy Madinda,Borja Fernández,John Guidetti,Fabián Orellana,Abel,Alberto,Güiza,Álvaro García,Servando,None,None,None,None,None,None,None,Sergio Álvarez,Iago Aspas,Hugo Mallo,Señé,Daniel Wass,None,None,None,None,None,None,None
2508203,Irureta,Mauro Dos Santos,Lillo,Juncà,Ekiza,Eddy Silvestre,Izet Hajrović,Adrián,Simone Verdi,Borja Bastón,Saúl,Raúl Lizoain,David Simón,David García,Aythami Artiles,Javi Garrido,Momo,Mubarak Wakaso,Roque Mesa,Emmanuel Culio,Valerón,Asdrúbal Padrón,Sergi Enrich,Gonzalo Escalante,Takashi Inui,Keko,Antonio Luna,Aleksandar Pantić,Riesgo,None,None,None,None,None,Antolín Alcaráz,Sergio Araujo,Jeremy,Dani Castellano,Nabil El Zhar,Vicente Gómez,Javi Varas,None,None,None,None,None
2508196,Manu,Laure,Lopo García,Róber,Mosquera,Juan Domínguez,Luisinho,Fede Cartabia,Jonás Gutiérrez,Oriol Riera,Miguel Cardoso,Raúl,Javi Cantero,Álex Ortiz,Carlos Moreno,Lázaro,Provencio,Eguaras,Néstor,Sangalli,Abdón,Álex García,Arribas,Álex,Cani,Luis Alberto,Germán Lux,Manuel Pablo,Lucas Pérez,None,None,None,None,None,Mickaël Gaffoor,Galán,Gorka Kijera,Lago Junior,Sergio Pérez,Rúper,Ion Vélez,None,None,None,None,None
2508200,Sergio Rico,Adil Rami,Timothée Kolodziejczak,Escudero,Mariano,Iborra,Reyes,Steven NZonzi,Éver Banega,Yevhen Konoplyanka,Llorente,Adán,Bruno,Cristiano Piccini,Germán Pezzella,Joaquín,Dani Ceballos,Juan Vargas,Didier Digard,Portillo,Petros,Rubén Castro,Daniel Carriço,David Soria,Kevin Gameiro,Juan Muñoz,Gaël Kakuta,Michael Krohn-Dehli,Grzegorz Krychowiak,None,None,None,None,None,Álvaro Cejudo,De la Calzada,Fabián Ruiz,Jordi Figueras,Molina,Foued Kadir,Molinero,None,None,None,None,None
2508198,Rubén Blanco,Sergi Gómez,Carles Planas,Diego Alende,Nemanja Radoja,Dejan Drazič,Levy Madinda,Señé,Borja Fernández,Pape Diop,John Guidetti,Pol,Josete,Cristian Márquez,Andrés Sánchez,Servando,Álvaro García,Garrido,Mantecón,Alberto Quintana,Jandro,Román,Sergio Álvarez,Jonny,Pablo Hernández,Borja Iglesias,Fabián Orellana,None,None,None,None,None,None,None,Juanpe,Juanfran,Álex Lázaro,Luis Pavez,Manu Vallejo,None,None,None,None,None,None,None
2508202,Mariano Barbosa,Mateo Musacchio,Antonio Rukavina,Eric Bailly,Adrián Marín,Pina,Samu Castillejo,Rodri,Samuel,Leo Baptistão,Matías Nahuel,Iago Herrerín,Aymeric Laporte,De Marcos,Etxeita,Balenziaga,Eraso,Beñat,Iturraspe,Susaeta,Williams,Aduriz,Alphonse Aréola,Cédric Bakambu,Denis Suárez,Jonathan dos Santos,Pablo Íñiguez,Soldado,Trigueros,None,None,None,None,None,Eneko Bóveda,Iraizoz,Lekue,Mikel Rico,Muniain,San José,Viguera,None,None,None,None,None
2508192,Francesco Bardi,Rober,Duarte,Michaël Ciani,Álvaro González,Sevilla,Abraham,Joan Jordán,Marco Asensio,Burgui,Felipe Caicedo,Marc-André ter Stegen,Dani Alves,Javier Mascherano,Aleix Vidal,Thomas Vermaelen,Jérémy Mathieu,Ivan Rakitić,Arda Turan,Sergi Roberto,Lionel Messi,Munir,Gerard,Javi López,Paco Montañés,Pau López,Enzo Roco,Mamadou Sylla,Víctor Álvarez,None,None,None,None,None,Adriano,Bartra,Busquets,Iniesta,Jordi Masip,Neymar,Piqué,None,None,None,None,None
2508204,Raúl Lizoain,David Simón,David García,Javi Garrido,Dani Castellano,Vicente Gómez,Momo,Mubarak Wakaso,Emmanuel Culio,Valerón,Willian José,Irureta,Aleksandar Pantić,Mauro Dos Santos,Juncà,Ekiza,Eddy Silvestre,Keko,Adrián,Simone Verdi,Sergi Enrich,Saúl,Sergio Araujo,Aythami Artiles,Nabil El Zhar,Nili,Roque Mesa,Javi Varas,Jonathan Viera,None,None,None,None,None,Iñigo Barrenetxea,Borja Bastón,Capa,Takashi Inui,Antonio Luna,Riesgo,Thaylor,None,None,None,None,None
2508194,Ivan Kelava,Mainz,Jean-Sylvain Babin,Miguel Lopes,Neuton,Fran Rico,Uche Agbo,Youssef El-Arabi,Success Isaac,Édgar,Rubén Rochina,Mathew Ryan,João Cancelo,Rúben Vezo,Aderllan,Shkodran Mustafi,Lucas Orbán,Danilo,Wilfried Zahibo,Álvaro Negredo,Pablo Piatti,Fran Villalba,Thievy Bifouma,Stole Dimitrievski,Dimitri Foulquier,Rene Krhin,Lombán,Adalberto Peñaranda,Rubén Pérez,None,None,None,None,None,Paco Alcácer,Zakaria Bakkali,Rodrigo de Paul,Ibrahim Diallo,Jaume,Santi Mina,Parejo,None,None,None,None,None
2508206,Moyá,Diego Godín,Filipe Luís,Stefan Savić,Jesús Gámez,Koke,Matías Kranevitter,Yannick Ferreira-Carrasco,Thomas Partey,Jackson Martínez,Ángel Correa,Yoel,Nacho,Quini,Zé Castro,Llorente,Baena,Trashorras,Joni Montiel,Embarba,Alhassane Bangoura,Javi Guerra,Gabi,Antoine Griezmann,Lucas Hernández,Jan Oblak,Óliver Torres,Siqueira,Luciano Vietto,None,None,None,None,None,Bebé,Dorado,Jozabed,Juan Carlos,Manucho,Pablo Hernández,Tito,None,None,None,None,None
2522050,Rubén Blanco,Jonny,Sergi Gómez,Carles Planas,Gustavo Cabral,Nemanja Radoja,Pablo Hernández,Daniel Wass,Iago Aspas,John Guidetti,Fabián Orellana,Moyá,Diego Godín,Filipe Luís,Stefan Savić,Jesús Gámez,Koke,Augusto Fernández,Gabi,Yannick Ferreira-Carrasco,Antoine Griezmann,Jackson Martínez,Sergio Álvarez,Hugo Mallo,Théo Bongonda,Claudio Beauvue,Dejan Drazič,Borja Fernández,Señé,None,None,None,None,None,Jan Oblak,Juanfran,José Giménez,Thomas Partey,Óliver Torres,Ángel Correa,Luciano Vietto,None,None,None,None,None
2522046,Iago Herrerín,Aymeric Laporte,De Marcos,Etxeita,Eraso,Beñat,Iturraspe,Susaeta,Lekue,Williams,Aduriz,Marc-André ter Stegen,Piqué,Dani Alves,Javier Mascherano,Ivan Rakitić,Busquets,Arda Turan,Iniesta,Sergi Roberto,Neymar,Munir,Balenziaga,Gurpegi,Iraizoz,Mikel Rico,Muniain,Sabin,San José,None,None,None,None,None,Adriano,Aleix Vidal,Bartra,Douglas,Jordi Masip,Sandro,Thomas Vermaelen,None,None,None,None,None
2522044,Mathew Ryan,Shkodran Mustafi,Gayà,Barragán,Aymen Abdennour,Parejo,Danilo,Wilfried Zahibo,Paco Alcácer,Pablo Piatti,Rodrigo,Raúl Lizoain,David Simón,David García,Aythami Artiles,Nili,Vicente Gómez,Momo,Mubarak Wakaso,Emmanuel Culio,Valerón,Sergio Araujo,Álvaro Negredo,Rodrigo de Paul,Ibrahim Diallo,Fran Villalba,Jaume,João Cancelo,Rúben Vezo,None,None,None,None,None,Dani Castellano,Nabil El Zhar,Javi Garrido,Javi Varas,Nauzet Alemán,Roque Mesa,Willian José,None,None,None,None,None
2522048,David Soria,Timothée Kolodziejczak,Daniel Carriço,Escudero,Mariano,Michael Krohn-Dehli,Iborra,Reyes,Steven NZonzi,Yevhen Konoplyanka,Kevin Gameiro,Raúl,Mickaël Gaffoor,Gorka Kijera,Javi Cantero,Galán,Carlos Moreno,Fran Carnicer,Provencio,Rúper,Sangalli,Abdón,Éver Banega,Coke,Gaël Kakuta,Grzegorz Krychowiak,Llorente,Sergio Rico,Vitolo,None,None,None,None,None,Álex García,Álex Ortiz,Eguaras,Lago Junior,Lázaro,Néstor,Sergio Pérez,None,None,None,None,None
2522051,Moyá,Diego Godín,Filipe Luís,Juanfran,José Giménez,Koke,Gabi,Saúl,Yannick Ferreira-Carrasco,Antoine Griezmann,Luciano Vietto,Rubén Blanco,Hugo Mallo,Jonny,Sergi Gómez,Gustavo Cabral,Nemanja Radoja,Pablo Hernández,Daniel Wass,Iago Aspas,John Guidetti,Fabián Orellana,Ángel Correa,Augusto Fernández,Jesús Gámez,Jackson Martínez,Jan Oblak,Óliver Torres,Stefan Savić,None,None,None,None,None,Claudio Beauvue,Théo Bongonda,Borja Fernández,Carles Planas,David Goldar,Señé,Sergio Álvarez,None,None,None,None,None
2522047,Marc-André ter Stegen,Piqué,Dani Alves,Javier Mascherano,Thomas Vermaelen,Jérémy Mathieu,Ivan Rakitić,Sergi Roberto,Luis Suárez,Lionel Messi,Neymar,Iago Herrerín,Eneko Bóveda,Aymeric Laporte,San José,Balenziaga,Eraso,Susaeta,Mikel Rico,Lekue,Williams,Aduriz,Adriano,Aleix Vidal,Bartra,Busquets,Iniesta,Jordi Masip,Munir,None,None,None,None,None,Beñat,Elustondo,Etxeita,Gurpegi,Iraizoz,Muniain,Sabin,None,None,None,None,None
2522049,Raúl,Mickaël Gaffoor,Gorka Kijera,Javi Cantero,Galán,Carlos Moreno,Lázaro,Fran Carnicer,Alain,Abdón,Ion Vélez,David Soria,Adil Rami,Daniel Carriço,Escudero,Coke,Iborra,Sebastián Cristóforo,Steven NZonzi,Yevhen Konoplyanka,Juan Muñoz,Vitolo,Álex García,Álex Ortiz,Néstor,Provencio,Rúper,Sangalli,Sergio Pérez,None,None,None,None,None,Gaël Kakuta,Timothée Kolodziejczak,Grzegorz Krychowiak,Llorente,Mariano,Reyes,Sergio Rico,None,None,None,None,None
2522045,Raúl Lizoain,David García,Aythami Artiles,Javi Garrido,Nili,Momo,Roque Mesa,Emmanuel Culio,Tana,Willian José,Jonathan Viera,Mathew Ryan,Shkodran Mustafi,Gayà,Barragán,Aymen Abdennour,Parejo,Enzo Pérez,André Gomes,Álvaro Negredo,Pablo Piatti,Rodrigo,Javi Varas,Mubarak Wakaso,Bigas,Montoro,Valerón,Dani Castellano,Jefté,None,None,None,None,None,Wilfried Zahibo,Rúben Vezo,Lucas Orbán,Sofiane Féghouli,Danilo,Zakaria Bakkali,Jaume,None,None,None,None,None
2537555,Marc-André ter Stegen,Piqué,Jordi Alba,Aleix Vidal,Jérémy Mathieu,Busquets,Arda Turan,Iniesta,Luis Suárez,Lionel Messi,Neymar,Mathew Ryan,João Cancelo,Aderllan,Shkodran Mustafi,Siqueira,Gayà,Barragán,Parejo,Danilo,André Gomes,Rodrigo,Jordi Masip,Ivan Rakitić,Bartra,Munir,Sergi Roberto,Adriano,Thomas Vermaelen,None,None,None,None,None,Jaume,Rúben Vezo,Wilfried Zahibo,Álvaro Negredo,Sofiane Féghouli,Denis Cheryshev,Santi Mina,None,None,None,None,None
2537557,Sergio Rico,Benoît Trémoulinas,Adil Rami,Timothée Kolodziejczak,Coke,Michael Krohn-Dehli,Sebastián Cristóforo,Steven NZonzi,Éver Banega,Kevin Gameiro,Vitolo,Rubén Blanco,Hugo Mallo,Jonny,Sergi Gómez,Gustavo Cabral,Nemanja Radoja,Pablo Hernández,Daniel Wass,Iago Aspas,John Guidetti,Fabián Orellana,Daniel Carriço,David Soria,Escudero,Iborra,Yevhen Konoplyanka,Llorente,Reyes,None,None,None,None,None,Claudio Beauvue,Théo Bongonda,Carles Planas,David Goldar,Marcelo Díaz,Señé,Sergio Álvarez,None,None,None,None,None
2537556,Jaume,Rúben Vezo,Aderllan,Gayà,Ibrahim Diallo,Danilo,Wilfried Zahibo,Álvaro Negredo,Pablo Piatti,Santi Mina,Fran Villalba,Marc-André ter Stegen,Bartra,Adriano,Aleix Vidal,Thomas Vermaelen,Jérémy Mathieu,Ivan Rakitić,Sergi Roberto,Samper,Munir,Sandro,Aymen Abdennour,André Gomes,Zakaria Bakkali,Ibán Salvador,Tropi,Diego Caballo,Mathew Ryan,None,None,None,None,None,Carles Aleñá,Dani Romera,Douglas,Gumbau,Jordi Masip,Juan Cámara,Wilfrid Kaptoum,None,None,None,None,None
2537558,Rubén Blanco,Hugo Mallo,Sergi Gómez,Carles Planas,Marcelo Díaz,Pablo Hernández,Daniel Wass,Théo Bongonda,Iago Aspas,John Guidetti,Fabián Orellana,Sergio Rico,Adil Rami,Timothée Kolodziejczak,Daniel Carriço,Escudero,Coke,Michael Krohn-Dehli,Iborra,Éver Banega,Kevin Gameiro,Vitolo,Sergio Álvarez,Claudio Beauvue,Gustavo Cabral,Jonny,Dejan Drazič,Nemanja Radoja,Señé,None,None,None,None,None,Sebastián Cristóforo,Yevhen Konoplyanka,Mariano,Juan Muñoz,Steven NZonzi,Reyes,David Soria,None,None,None,None,None
2461043,Marc-André ter Stegen,Piqué,Dani Alves,Javier Mascherano,Jordi Alba,Ivan Rakitić,Busquets,Iniesta,Luis Suárez,Lionel Messi,Neymar,Sergio Rico,Adil Rami,Daniel Carriço,Escudero,Coke,Mariano,Grzegorz Krychowiak,Iborra,Éver Banega,Kevin Gameiro,Vitolo,Aleix Vidal,Claudio Bravo,Jérémy Mathieu,Munir,Rafinha,Sergi Roberto,Arda Turan,None,None,None,None,None,Sebastián Cristóforo,David Soria,Juan Muñoz,Yevhen Konoplyanka,Llorente,Nicolás Pareja,Reyes,None,None,None,None,None
