GameID,Minute,PlayerIn,PlayerOut,Team
2295609,46,Eduardo Vargas,Jean Beausejour,Chile
2295609,68,Matías Fernández,Jorge Valdivia,Chile
2295609,84,David Pizarro,Charles Aránguiz,Chile
2295609,68,Pedro Quiñónez,Osbaldo Lastra,Ecuador
2295609,79,Renato Ibarra,Fidel Martínez,Ecuador
2295610,61,Raúl Jiménez,Eduardo Herrera,Mexiko
2295610,64,Javier Aquino,Rafael Márquez,Mexiko
2295610,81,Luis Montes,Juan Carlos Medina,Mexiko
2295610,71,Pablo Escobar,Jhasmani Campos,Bolivien
2295610,84,Marvin Bejarano,Ricardo Pedriel,Bolivien
2295611,46,Juan Cazares,Pedro Quiñónez,Ecuador
2295611,46,Renato Ibarra,Fidel Martínez,Ecuador
2295611,87,Daniel Angulo,Juan Paredes,Ecuador
2295611,57,Cristhian Coimbra,Ricardo Pedriel,Bolivien
2295611,72,Marvin Bejarano,Damián Lizio,Bolivien
2295611,88,Damir Miranda,Marcelo Moreno,Bolivien
2295612,71,Eugenio Mena,Marcelo Díaz,Chile
2295612,85,Mauricio Pinilla,Eduardo Vargas,Chile
2295612,87,Jean Beausejour,Miiko Albornoz,Chile
2295612,64,Javier Aquino,Juan Carlos Medina,Mexiko
2295612,71,Carlos Salcedo,Adrián Aldrete,Mexiko
2295612,77,Mario Osuna,Jesús Corona,Mexiko
2295613,46,Javier Aquino,Efraín Velarde,Mexiko
2295613,53,Marco Fabián,Javier Güemez,Mexiko
2295613,62,Eduardo Herrera,Jesús Corona,Mexiko
2295613,78,Juan Cazares,Renato Ibarra,Ecuador
2295613,90,Fidel Martínez,Jefferson Montero,Ecuador
2295614,46,Matías Fernández,Arturo Vidal,Chile
2295614,46,Ángelo Henríquez,Alexis Sánchez,Chile
2295614,70,David Pizarro,Gonzalo Jara,Chile
2295614,46,Marvin Bejarano,Edemir Rodríguez,Bolivien
2295614,46,Damir Miranda,Walter Veizaga,Bolivien
2295614,61,Damián Lizio,Pablo Escobar,Bolivien
2295615,64,Giorgian de Arrascaeta,Cristian Rodríguez,Uruguay
2295615,73,Christian Stuani,Carlos Sánchez,Uruguay
2295615,86,Álvaro González,Nicolás Lodeiro,Uruguay
2295615,54,Lance Laing,Simon Dawkins,Jamaika
2295615,75,Deshorn Brown,Darren Mattocks,Jamaika
2295616,75,Carlos Tévez,Javier Pastore,Argentinien
2295616,76,Gonzalo Higuaín,Kun Agüero,Argentinien
2295616,80,Lucas Biglia,Éver Banega,Argentinien
2295616,46,Derlis González,Richard Ortiz,Paraguay
2295616,66,Edgar Benítez,Raúl Bobadilla,Paraguay
2295616,79,Lucas Barrios,Roque Santa Cruz,Paraguay
2295617,75,Nelson Valdez,Raúl Bobadilla,Paraguay
2295617,76,Iván Piris,Miguel Samudio,Paraguay
2295617,86,Osmar Molinas,Edgar Benítez,Paraguay
2295617,57,Lance Laing,Je-Vaughn Watson,Jamaika
2295617,62,Deshorn Brown,Giles Barnes,Jamaika
2295617,76,Darren Mattocks,Simon Dawkins,Jamaika
2295618,79,Éver Banega,Javier Pastore,Argentinien
2295618,82,Carlos Tévez,Kun Agüero,Argentinien
2295618,89,Roberto Pereyra,Ángel Di María,Argentinien
2295618,64,Carlos Sánchez,Cristian Rodríguez,Uruguay
2295618,69,Abel Hernández,Nicolás Lodeiro,Uruguay
2295619,46,Christian Stuani,Abel Hernández,Uruguay
2295619,67,Cristian Rodríguez,Carlos Sánchez,Uruguay
2295619,64,Richard Ortiz,Néstor Ortigoza,Paraguay
2295619,68,Derlis González,Raúl Bobadilla,Paraguay
2295619,72,Roque Santa Cruz,Lucas Barrios,Paraguay
2295620,59,Roberto Pereyra,Javier Pastore,Argentinien
2295620,72,Carlos Tévez,Gonzalo Higuaín,Argentinien
2295620,84,Érik Lamela,Ángel Di María,Argentinien
2295620,71,Jermaine Taylor,Michael Hector,Jamaika
2295620,71,Simon Dawkins,Lance Laing,Jamaika
2295620,78,Giles Barnes,Deshorn Brown,Jamaika
2295621,63,Edwin Cardona,Carlos Sánchez,Kolumbien
2295621,72,Teófilo Gutiérrez,Carlos Bacca,Kolumbien
2295621,82,Jackson Martínez,Pablo Armero,Kolumbien
2295621,75,Franklin Lucena,Luis Seijas,Venezuela
2295621,80,César González,Ronald Vargas,Venezuela
2295621,85,Gabriel Cichero,Juan Arango,Venezuela
2295622,66,Douglas Costa,Diego Tardelli,Brasilien
2295622,75,Roberto Firmino,Fred,Brasilien
2295622,87,Éverton Ribeiro,Willian,Brasilien
2295622,82,Yordy Reyna,Christian Cueva,Peru
2295622,83,André Carrillo,Jefferson Farfán,Peru
2295622,88,Yoshimar Yotún,Juan Vargas,Peru
2295623,46,Coutinho,Fred,Brasilien
2295623,69,Douglas Costa,Willian,Brasilien
2295623,76,Diego Tardelli,Elías,Brasilien
2295623,69,Víctor Ibarbo,Radamel Falcao,Kolumbien
2295623,76,Carlos Bacca,Teófilo Gutiérrez,Kolumbien
2295623,80,Alexander Mejia,Edwin Valencia,Kolumbien
2295624,46,Yordy Reyna,Carlos Lobatón,Peru
2295624,84,Paolo Hurtado,Christian Cueva,Peru
2295624,89,Yoshimar Yotún,Claudio Pizarro,Peru
2295624,73,Josef Martínez,Juan Arango,Venezuela
2295624,82,Miku,Luis Seijas,Venezuela
2295625,24,Alexander Mejia,Edwin Valencia,Kolumbien
2295625,57,Víctor Ibarbo,Pablo Armero,Kolumbien
2295625,66,Jackson Martínez,Radamel Falcao,Kolumbien
2295625,56,Jefferson Farfán,Claudio Pizarro,Peru
2295625,81,Paolo Hurtado,Joel Sánchez,Peru
2295625,90,Yoshimar Yotún,Christian Cueva,Peru
2295626,67,Diego Tardelli,Coutinho,Brasilien
2295626,67,David Luiz,Roberto Firmino,Brasilien
2295626,76,Marquinhos,Robinho,Brasilien
2295626,46,Josef Martínez,Luis Seijas,Venezuela
2295626,46,César González,Ronald Vargas,Venezuela
2295626,72,Miku,Alejandro Guerra,Venezuela
2294007,71,Mauricio Pinilla,Eduardo Vargas,Chile
2294007,71,Matías Fernández,Marcelo Díaz,Chile
2294007,85,David Pizarro,Jorge Valdivia,Chile
2294007,58,Abel Hernández,Diego Rolán,Uruguay
2294007,85,Jonathan Rodríguez,Carlos Sánchez,Uruguay
2294020,46,Pablo Escobar,Miguel Hurtado,Bolivien
2294020,46,Damián Lizio,Leonel Morales,Bolivien
2294020,68,Ricardo Pedriel,Alcides Peña,Bolivien
2294020,66,André Carrillo,Claudio Pizarro,Peru
2294020,77,Paolo Hurtado,Jefferson Farfán,Peru
2294020,82,Yordy Reyna,Christian Cueva,Peru
2294021,73,Carlos Tévez,Kun Agüero,Argentinien
2294021,77,Éver Banega,Javier Pastore,Argentinien
2294021,87,Ezequiel Lavezzi,Ángel Di María,Argentinien
2294021,24,Edwin Cardona,Teófilo Gutiérrez,Kolumbien
2294021,74,Radamel Falcao,Jackson Martínez,Kolumbien
2294021,85,Luis Muriel,Víctor Ibarbo,Kolumbien
2294022,60,Douglas Costa,Willian,Brasilien
2294022,69,Diego Tardelli,Roberto Firmino,Brasilien
2294022,87,Éverton Ribeiro,Robinho,Brasilien
2294022,74,Raúl Bobadilla,Nelson Valdez,Paraguay
2294022,77,Osvaldo Martínez,Eduardo Aranda,Paraguay
2294022,84,Óscar Romero,Edgar Benítez,Paraguay
2294005,46,Eugenio Mena,Miiko Albornoz,Chile
2294005,46,David Pizarro,Marcelo Díaz,Chile
2294005,86,Felipe Gutiérrez,Jorge Valdivia,Chile
2294005,27,Christian Ramos,Christian Cueva,Peru
2294005,73,Claudio Pizarro,André Carrillo,Peru
2294005,73,Yoshimar Yotún,Carlos Lobatón,Peru
2294006,73,Éver Banega,Javier Pastore,Argentinien
2294006,77,Fernando Gago,Javier Mascherano,Argentinien
2294006,81,Gonzalo Higuaín,Kun Agüero,Argentinien
2294006,26,Raúl Bobadilla,Derlis González,Paraguay
2294006,30,Lucas Barrios,Roque Santa Cruz,Paraguay
2294006,56,Óscar Romero,Nelson Valdez,Paraguay
2294004,58,Yoshimar Yotún,Carlos Lobatón,Peru
2294004,84,Joel Sánchez,Yordy Reyna,Peru
2294004,90,Paolo Hurtado,André Carrillo,Peru
2294004,57,Edgar Benítez,Osvaldo Martínez,Paraguay
2294004,59,Eduardo Aranda,Víctor Cáceres,Paraguay
2294004,64,Richard Ortiz,Néstor Ortigoza,Paraguay
2293971,75,Matías Fernández,Jorge Valdivia,Chile
2293971,95,Ángelo Henríquez,Eduardo Vargas,Chile
2293971,29,Ezequiel Lavezzi,Ángel Di María,Argentinien
2293971,74,Gonzalo Higuaín,Kun Agüero,Argentinien
2293971,81,Éver Banega,Javier Pastore,Argentinien
