GameID,Minute,Scorer,Team
8350603,18,Victor Melgar,Universitario de Sucre
8350603,28,Alexis Bravo,Universitario de Sucre
8350603,66,Aldo Velasco,Universitario de Sucre
8350603,6,Sergio Blanco,Montevideo Wanderers
8350603,78,Cristian Palacios,Montevideo Wanderers
8350608,45,Hugo Lusardi,Deportivo Capiatá
8350605,10,Michael Estrada,Independiente del Valle
8350604,8,Sergio Blanco,Montevideo Wanderers
8350604,21,Matías Santos,Montevideo Wanderers
8350604,54,Sergio Blanco,Montevideo Wanderers
8350604,75,Diego Barboza,Montevideo Wanderers
8350604,89,Cristian Palacios,Montevideo Wanderers
8350604,44,Alejandro Quintana,Universitario de Sucre
8350604,59,Aníbal Domeneghini,Universitario de Sucre
8350606,62,Michael Estrada,Independiente del Valle
8350606,90,Gabriel Cortez,Independiente del Valle
8350606,20,Sergio Moreno,Deportivo Municipal
8350606,76,Pier Larrauri,Deportivo Municipal
8350613,42,Richard Pellejero,CA Cerro
8350613,77,Ángelo Pizzorno,CA Cerro
8350613,36,Diego Churín,Unión Española
8350613,45,Carlos Salom,Unión Española
8350613,89,Sebastián Jaime,Unión Española
8350615,32,Robinson Aponzá,Atlético Junior
8350617,2,Fernando Zampedri,Atlético Tucumán
8350617,78,David Barbona,Atlético Tucumán
8350617,39,Félix Borja,El Nacional
8350617,84,Bryan de Jesús,El Nacional
8350609,54,Grafite,Atlético Paranaense
8350611,30,Aírton,Botafogo RJ
8350611,41,Esteban Pavez,Colo-Colo
8350611,51,Esteban Paredes,Colo-Colo
8350619,10,Alejandro Chumacero,The Strongest
8350619,61,Matías Alonso,The Strongest
8350621,37,Juan Pablo Segovia,Independiente del Valle
8350623,70,Roberto Gamarra,Deportivo Capiatá
8350623,15,Alexi Gómez,Universitario de Deportes
8350623,30,Hernán Rengifo,Universitario de Deportes
8350623,83,Diego Manicero,Universitario de Deportes
8350616,17,Roberto Ovelar,Atlético Junior
8350616,41,Jonatan Estrada,Atlético Junior
8350616,80,Michael Rangel,Atlético Junior
8350614,35,Jorge Ampuero,Unión Española
8350614,73,Sebastián Jaime,Unión Española
8350618,64,Fernando Zampedri,Atlético Tucumán
8350610,59,Jhon Duque,Millonarios
8350612,3,Emerson Silva,Botafogo RJ
8350612,81,Rodrigo Pimpão,Botafogo RJ
8350620,39,Matías Alonso,The Strongest
8350620,42,Alejandro Chumacero,The Strongest
8350620,60,Matías Alonso,The Strongest
8350620,81,Diego Bejarano,The Strongest
8350622,9,Julián Benítez,Club Olimpia
8350622,27,Brian Montenegro,Club Olimpia
8350622,82,Roque Santa Cruz,Club Olimpia
8350622,44,Gabriel Cortez,Independiente del Valle
8350624,14,Roberto Gamarra,Deportivo Capiatá
8350624,35,Roberto Gamarra,Deportivo Capiatá
8350624,67,Dionisio Pérez,Deportivo Capiatá
8379176,20,Felipe Gedoz,Atlético Paranaense
8379176,59,Felipe Gedoz,Atlético Paranaense
8379176,85,Pablo,Atlético Paranaense
8379176,44,Gustavo Noguera,Deportivo Capiatá
8379176,53,Néstor González,Deportivo Capiatá
8379176,89,Néstor González,Deportivo Capiatá
8379178,37,Rodrigo Pimpão,Botafogo RJ
8379180,72,Robinson Aponzá,Atlético Junior
8379182,90,Diego Churín,Unión Española
8379182,28,Alejandro Chumacero,The Strongest
8379177,12,Lucho González,Atlético Paranaense
8379179,80,Brian Montenegro,Club Olimpia
8379181,20,Rodrigo Aliendro,Atlético Tucumán
8379181,24,Cristian Menéndez,Atlético Tucumán
8379181,29,Fernando Zampedri,Atlético Tucumán
8379181,84,Sebastian Hernández,Atlético Junior
8379183,12,Walter Veizaga,The Strongest
8379183,24,Alejandro Chumacero,The Strongest
8379183,51,Pablo Escobar,The Strongest
8379183,73,Pablo Escobar,The Strongest
8379183,78,Pablo Escobar,The Strongest
8383010,34,Roger,Botafogo RJ
8383010,79,Rodrigo Pimpão,Botafogo RJ
8383010,62,Juan Otero,Estudiantes
8383011,25,Jonatan Álvez,Barcelona SC
8383011,45,Marcos Caicedo,Barcelona SC
8383011,14,Jhon Mosquera,Atlético Nacional
8383012,52,Jefferson Mena,Barcelona SC
8383012,90,Ariel Nahuelpán,Barcelona SC
8383013,39,Camilo,Botafogo RJ
8383013,90,Guilherme Augusto,Botafogo RJ
8383014,38,Javier Toledo,Estudiantes
8383015,32,Christian Alemán,Barcelona SC
8383015,89,Sassá,Botafogo RJ
8383016,36,Mateus Uribe,Atlético Nacional
8383016,45,Dayro Moreno,Atlético Nacional
8383016,47,Andrés Ibargüen,Atlético Nacional
8383016,67,Farid Díaz,Atlético Nacional
8383016,69,Macnelly Torres,Atlético Nacional
8383017,7,José Ayoví,Barcelona SC
8383017,24,Jonatan Álvez,Barcelona SC
8383018,29,Juan Cavallaro,Estudiantes
8383018,53,Facundo Sánchez,Estudiantes
8383018,80,Facundo Sánchez,Estudiantes
8383019,51,Rodrigo Pimpão,Botafogo RJ
8383020,19,Dayro Moreno,Atlético Nacional
8383020,3,José Ayoví,Barcelona SC
8383020,27,Xavier Arreaga,Barcelona SC
8383020,68,Darío Aimar,Barcelona SC
8383021,25,Augusto Solari,Estudiantes
8383022,55,Alejandro Chumacero,The Strongest
8383022,81,Alejandro Chumacero,The Strongest
8383023,13,Jorge Cazulo,Sporting Cristal
8383023,67,Thiago Maia,Santos FC
8383024,10,Johan Arango,Santa Fe
8383024,78,Jonatan Gómez,Santa Fe
8383024,90,Jonatan Gómez,Santa Fe
8383025,45,Ricardo Oliveira,Santos FC
8383025,84,Renato,Santos FC
8383028,19,Matías Alonso,The Strongest
8383028,31,Alejandro Chumacero,The Strongest
8383028,37,Matías Alonso,The Strongest
8383028,53,Diego Bejarano,The Strongest
8383028,62,Fernando Martelli,The Strongest
8383028,71,Walter Veizaga,The Strongest
8383029,4,Ricardo Oliveira,Santos FC
8383029,35,Vitor Bueno,Santos FC
8383029,78,Lucas Veríssimo,Santos FC
8383029,34,Johan Arango,Santa Fe
8383029,41,Baldomero Perlaza,Santa Fe
8383030,20,Johan Arango,Santa Fe
8383030,90,Anderson Plata,Santa Fe
8383031,40,Alejandro Chumacero,The Strongest
8383031,68,Vitor Bueno,Santos FC
8383032,19,David Braz,Santos FC
8383032,23,Ricardo Oliveira,Santos FC
8383032,67,Vitor Bueno,Santos FC
8383032,71,David Braz,Santos FC
8383033,27,Damir Ceter,Santa Fe
8383033,40,Javier López,Santa Fe
8383034,77,Luis García,FBC Melgar
8383035,89,Juan Quintero,Independiente Medellín
8383035,30,Lucas Alario,River Plate
8383035,34,Sebastián Driussi,River Plate
8383035,52,Lucas Martínez,River Plate
8383036,67,Ayrton Preciado,CS Emelec
8383037,18,Ignacio Fernández,River Plate
8383037,22,Sebastián Driussi,River Plate
8383037,27,Lucas Martínez,River Plate
8383037,67,Sebastián Driussi,River Plate
8383037,5,Emanuel Herrera,FBC Melgar
8383037,26,Emanuel Herrera,FBC Melgar
8383038,13,Valentín Viola,Independiente Medellín
8383038,64,Andres Mosquera,Independiente Medellín
8383039,70,Emanuel Herrera,FBC Melgar
8383039,73,Marlon Piedrahita,Independiente Medellín
8383039,75,Juan Quintero,Independiente Medellín
8383040,2,Ayrton Preciado,CS Emelec
8383040,42,Jorge Moreira,River Plate
8383040,81,Lucas Alario,River Plate
8383041,68,Rodrigo Mora,River Plate
8383041,60,Ayrton Preciado,CS Emelec
8383042,18,Valentín Viola,Independiente Medellín
8383042,4,Brayan Angulo,CS Emelec
8383042,27,Brayan Angulo,CS Emelec
8383043,24,Omar Fernández,FBC Melgar
8383043,62,Emanuel Herrera,FBC Melgar
8383043,12,Lucas Alario,River Plate
8383043,20,Camilo Mayada,River Plate
8383043,70,Ignacio Fernández,River Plate
8383044,83,Arturo Mina,River Plate
8383044,48,Jhon Hernandez,Independiente Medellín
8383044,55,Andres Mosquera,Independiente Medellín
8383045,28,Carlos Orejuela,CS Emelec
8383045,50,Pedro Quiñónez,CS Emelec
8383045,79,Brayan Angulo,CS Emelec
8383046,5,Lucho González,Atlético Paranaense
8383046,76,Nikão,Atlético Paranaense
8383046,86,David Llanos,Universidad Católica
8383046,89,Ricardo Noir,Universidad Católica
8383047,48,Diego,Flamengo RJ
8383047,62,Miguel Trauco,Flamengo RJ
8383047,70,Rômulo,Flamengo RJ
8383047,87,Gabriel,Flamengo RJ
8383048,4,Lucho González,Atlético Paranaense
8383049,75,Santiago Silva,Universidad Católica
8383050,50,Diego Buonanotte,Universidad Católica
8383050,20,Nicolás Blandi,San Lorenzo
8383051,7,Paolo Guerrero,Flamengo RJ
8383051,15,Diego,Flamengo RJ
8383051,59,Nikão,Atlético Paranaense
8383052,36,Nicolás Blandi,San Lorenzo
8383052,86,Cristian Barrios,San Lorenzo
8383052,78,Fernando Cordero,Universidad Católica
8383053,36,Thiago Heleno,Atlético Paranaense
8383053,88,Felipe Gedoz,Atlético Paranaense
8383053,90,Willian Arão,Flamengo RJ
8383054,14,Paulo Díaz,San Lorenzo
8383054,68,Nicolás Blandi,San Lorenzo
8383054,90,Rubén Botta,San Lorenzo
8383055,51,Rodinei,Flamengo RJ
8383055,73,Paolo Guerrero,Flamengo RJ
8383055,86,Miguel Trauco,Flamengo RJ
8383055,67,Santiago Silva,Universidad Católica
8383056,75,Marcos Angeleri,San Lorenzo
8383056,90,Fernando Belluschi,San Lorenzo
8383056,14,Rodinei,Flamengo RJ
8383057,36,Santiago Silva,Universidad Católica
8383057,85,Ricardo Noir,Universidad Católica
8383057,76,Eduardo,Atlético Paranaense
8383057,82,Douglas Coutinho,Atlético Paranaense
8383057,87,Carlos Alberto,Atlético Paranaense
8383058,6,Gabriel Ríos,Jorge Wilstermann
8383058,27,Thomaz,Jorge Wilstermann
8383058,32,Gabriel Ríos,Jorge Wilstermann
8383058,74,Edward Zenteno,Jorge Wilstermann
8383058,85,Rudy Cardozo,Jorge Wilstermann
8383058,88,Franco Olego,Jorge Wilstermann
8383058,49,Gastón Rodriguez,CA Peñarol
8383058,70,Gastón Rodriguez,CA Peñarol
8383059,25,Fernando Zampedri,Atlético Tucumán
8383059,40,Keno,SE Palmeiras
8383060,90,Yerry Mina,SE Palmeiras
8383061,67,Lucas Hernández,CA Peñarol
8383061,68,Mauricio Affonso,CA Peñarol
8383061,60,Cristian Menéndez,Atlético Tucumán
8383062,63,Gilbert Álvarez,Jorge Wilstermann
8383062,72,Luis Cabezas,Jorge Wilstermann
8383062,55,Jairo Palomino,Atlético Tucumán
8383063,47,Willian,SE Palmeiras
8383063,51,Dudu,SE Palmeiras
8383063,90,Fabiano,SE Palmeiras
8383063,32,Ramón Arias,CA Peñarol
8383063,76,Gastón Rodriguez,CA Peñarol
8383064,51,Ignacio Canuto,Atlético Tucumán
8383064,74,David Barbona,Atlético Tucumán
8383064,79,Luis Cabezas,Jorge Wilstermann
8383065,13,Mauricio Affonso,CA Peñarol
8383065,39,Junior Arias,CA Peñarol
8383065,49,Willian,SE Palmeiras
8383065,63,Yerry Mina,SE Palmeiras
8383065,73,Willian,SE Palmeiras
8383066,77,Fernando Zampedri,Atlético Tucumán
8383066,80,Leandro González,Atlético Tucumán
8383066,84,Gastón Rodriguez,CA Peñarol
8383067,36,Omar Morales,Jorge Wilstermann
8383067,41,Cristhian Machado,Jorge Wilstermann
8383067,69,Rudy Cardozo,Jorge Wilstermann
8383067,73,Luis Cabezas,Jorge Wilstermann
8383067,45,Alejandro Guerra,SE Palmeiras
8383068,37,Junior Arias,CA Peñarol
8383068,42,Iván Villalba,CA Peñarol
8383069,15,Yerry Mina,SE Palmeiras
8383069,69,Willian,SE Palmeiras
8383069,90,Zé Roberto,SE Palmeiras
8383069,56,Luis Rodríguez,Atlético Tucumán
8383070,2,Javier Correa,Godoy Cruz
8383070,51,Fred,Atlético Mineiro
8383071,40,José Castillo,Sport Boys Warnes
8383071,70,Alexis Messidoro,Sport Boys Warnes
8383071,81,Cristhian Coimbra,Sport Boys Warnes
8383071,29,Jesús Medina,Libertad
8383071,62,Santiago Salcedo,Libertad
8383071,74,Santiago Salcedo,Libertad
8383072,22,Ángel Lucena,Libertad
8383072,45,Ángel González,Godoy Cruz
8383072,90,Ángel González,Godoy Cruz
8383073,5,Robinho,Atlético Mineiro
8383073,72,Fred,Atlético Mineiro
8383073,75,Fred,Atlético Mineiro
8383073,89,Fred,Atlético Mineiro
8383073,90,Fred,Atlético Mineiro
8383073,11,Carlos Tenorio,Sport Boys Warnes
8383073,55,Alexis Messidoro,Sport Boys Warnes
8383074,27,Ángel Lucena,Libertad
8383075,56,Pol Fernández,Godoy Cruz
8383075,73,Javier Correa,Godoy Cruz
8383076,72,Robinho,Atlético Mineiro
8383076,89,Juan Cazares,Atlético Mineiro
8383077,69,Jherson Córdoba,Sport Boys Warnes
8383077,42,Ángel González,Godoy Cruz
8383077,66,Juan Garro,Godoy Cruz
8383077,86,Gastón Giménez,Godoy Cruz
8383078,42,José Castillo,Sport Boys Warnes
8383078,11,Juan Cazares,Atlético Mineiro
8383078,17,Rafael Moura,Atlético Mineiro
8383078,61,Elías,Atlético Mineiro
8383078,63,Rómulo Otero,Atlético Mineiro
8383078,89,Juan Cazares,Atlético Mineiro
8383079,40,Juan Garro,Godoy Cruz
8383079,24,Juan Danilo Santacruz,Libertad
8383080,18,Rosauro Rivero,Sport Boys Warnes
8383080,71,Juan Vogliotti,Sport Boys Warnes
8383081,4,Juan Cazares,Atlético Mineiro
8383081,29,Juan Cazares,Atlético Mineiro
8383081,45,Elías,Atlético Mineiro
8383081,49,Fred,Atlético Mineiro
8383081,73,Juan Garro,Godoy Cruz
8383082,78,Juan Arango,Zulia FC
8383082,33,Reinaldo,Chapecoense
8383082,69,Luiz Antônio,Chapecoense
8383083,26,Hugo Silveira,Nacional
8383084,31,Jefferson Savarino,Zulia FC
8383085,50,Rossi,Chapecoense
8383085,53,Nicolás Aguirre,Lanús
8383085,67,José Sand,Lanús
8383085,81,Lautaro Acosta,Lanús
8383086,5,Lautaro Acosta,Lanús
8383086,47,José Sand,Lanús
8383086,74,Germán Denis,Lanús
8383086,79,Alejandro Silva,Lanús
8383086,81,Nicolás Pasquini,Lanús
8383087,10,Reinaldo,Chapecoense
8383087,41,Hugo Silveira,Nacional
8383088,17,Kevin Ramírez,Nacional
8383088,50,Rodrigo Aguirre,Nacional
8383088,81,Tabaré Viudez,Nacional
8383089,34,Daniel Rivillo,Zulia FC
8383089,63,José Sand,Lanús
8383091,80,José Sand,Lanús
8383091,24,Wellington Paulista,Chapecoense
8383091,88,Luiz Otávio,Chapecoense
8383092,27,Alejandro Silva,Lanús
8383093,90,Arthur,Chapecoense
8383093,90,Andrei,Chapecoense
8383093,30,Juan Arango,Zulia FC
8383094,83,Hernán Novick,Guaraní
8383095,45,Leó Moura,Grêmio Porto Alegre
8383095,52,Luan,Grêmio Porto Alegre
8383096,16,Luan,Grêmio Porto Alegre
8383096,24,Luan,Grêmio Porto Alegre
8383096,29,Miller Bolaños,Grêmio Porto Alegre
8383096,61,Rafael Caroca,Iquique
8383096,68,Misael Dávila,Iquique
8383097,15,Epifanio García,Guaraní
8383097,59,Luis Cabral,Guaraní
8383097,90,Marcelo Palau,Guaraní
8383097,42,Juan Falcón,Zamora FC
8383098,80,Nelsón Pérez,Zamora FC
8383098,8,Diego Bielkiewicz,Iquique
8383098,20,Diego Bielkiewicz,Iquique
8383098,66,Felipe Reynero,Iquique
8383098,87,Manuel Villalobos,Iquique
8383099,71,Rodrigo López,Guaraní
8383099,79,Pedro Rocha,Grêmio Porto Alegre
8383100,14,Álvaro Ramos,Iquique
8383100,82,Rafael Caroca,Iquique
8383100,90,Rafael Caroca,Iquique
8383100,90,Diego Bielkiewicz,Iquique
8383100,50,Ricardo Clarke,Zamora FC
8383100,65,Erickson Gallardo,Zamora FC
8383100,85,Anthony Uribe,Zamora FC
8383101,8,Lucas Barrios,Grêmio Porto Alegre
8383101,28,Lucas Barrios,Grêmio Porto Alegre
8383101,34,Leó Moura,Grêmio Porto Alegre
8383101,45,Geromel,Grêmio Porto Alegre
8383101,79,Lucas Barrios,Grêmio Porto Alegre
8383102,24,Diego Bielkiewicz,Iquique
8383102,49,Diego Torres,Iquique
8383102,20,Lucas Barrios,Grêmio Porto Alegre
8383103,41,Eduardo Sosa,Zamora FC
8383103,15,Epifanio García,Guaraní
8383103,20,Marcelo Palau,Guaraní
8383103,52,Epifanio García,Guaraní
8383105,23,Luan,Grêmio Porto Alegre
8383105,26,Lucas Barrios,Grêmio Porto Alegre
8383105,29,Luan,Grêmio Porto Alegre
8383105,64,Pedro Rocha,Grêmio Porto Alegre
8405022,1,Ramiro,Grêmio Porto Alegre
8405012,37,Ignacio Scocco,River Plate
8405012,88,Marcelo Larrondo,River Plate
8405014,7,Nikão,Atlético Paranaense
8405014,72,Éderson,Atlético Paranaense
8405014,25,Kayke Rodrigues,Santos FC
8405014,56,Bruno Henrique,Santos FC
8405014,68,Kayke Rodrigues,Santos FC
8405024,90,Jonatan Álvez,Barcelona SC
8405026,41,Gilbert Álvarez,Jorge Wilstermann
8405020,90,Diego Bejarano,The Strongest
8405020,37,Nicolás Pasquini,Lanús
8405016,38,João Paulo,Botafogo RJ
8405018,25,Fernando Belluschi,San Lorenzo
8405021,85,José Sand,Lanús
8405013,52,Lucas Alario,River Plate
8405013,45,Marcelo Palau,Guaraní
8405023,29,Pedro Rocha,Grêmio Porto Alegre
8405023,59,Pedro Rocha,Grêmio Porto Alegre
8405023,14,Javier Correa,Godoy Cruz
8405025,51,Moisés Mineiro,SE Palmeiras
8405017,3,Bruno Silva,Botafogo RJ
8405017,6,Rodrigo Pimpão,Botafogo RJ
8405015,78,Bruno Henrique,Santos FC
8405019,48,Osbaldo Lastra,CS Emelec
8457741,34,Nicolás Blandi,San Lorenzo
8457741,51,Nicolás Blandi,San Lorenzo
8457737,79,Jonatan Álvez,Barcelona SC
8457737,46,Bruno Henrique,Santos FC
8457735,5,Edward Zenteno,Jorge Wilstermann
8457735,51,Gilbert Álvarez,Jorge Wilstermann
8457735,82,Cristhian Machado,Jorge Wilstermann
8457738,68,Jonatan Álvez,Barcelona SC
8457740,63,Lucas Barrios,Grêmio Porto Alegre
8457736,9,Ignacio Scocco,River Plate
8457736,14,Ignacio Scocco,River Plate
8457736,19,Ignacio Scocco,River Plate
8457736,36,Enzo Pérez,River Plate
8457736,46,Ignacio Scocco,River Plate
8457736,53,Ignacio Fernández,River Plate
8457736,58,Ignacio Scocco,River Plate
8457736,67,Enzo Pérez,River Plate
8457742,11,José Sand,Lanús
8457742,16,Nicolás Pasquini,Lanús
8473682,82,Ignacio Scocco,River Plate
8473684,8,Luan,Grêmio Porto Alegre
8473684,21,Edílson,Grêmio Porto Alegre
8473684,51,Luan,Grêmio Porto Alegre
8473683,45,José Sand,Lanús
8473683,46,José Sand,Lanús
8473683,62,Lautaro Acosta,Lanús
8473683,69,Alejandro Silva,Lanús
8473683,18,Ignacio Scocco,River Plate
8473683,23,Gonzalo Montiel,River Plate
8473685,33,Jonatan Álvez,Barcelona SC
8482425,83,Cícero,Grêmio Porto Alegre
8482426,72,José Sand,Lanús
8482426,27,Fernandinho Silva,Grêmio Porto Alegre
8482426,42,Luan,Grêmio Porto Alegre
