GameID,Minute,Player,Team,Card
1808021,50,Laguarta,CD Sariñena,yellow
1808021,89,Teto,CD Sariñena,yellow
1808021,115,Cristian Arcega,CD Sariñena,yellow
1808021,116,Félez,CD Sariñena,yellow
1808021,27,Joshua,CD Puerta Bonita,yellow
1808021,55,Rubén Ramos,CD Puerta Bonita,yellow
1808021,89,Altares,CD Puerta Bonita,yellow
1808022,7,Mikel Degre,CD Laudio,yellow
1808022,28,Del Álamo,CD Laudio,yellow
1808022,30,Balerdi,Real Unión,yellow
1808022,64,Yeray,Real Unión,yellow
1808022,79,Hugo Rodríguez,Real Unión,yellow
1808025,14,Jorge Rojas,UE Olot,yellow
1808025,52,Eric Reverter,UE Olot,yellow
1808025,32,Pablo Vidal,Huracán CF,yellow
1808025,73,Villar,Huracán CF,yellow
1808025,86,Fali,Huracán CF,yellow
1808025,90,Chavero,Huracán CF,yellow
1808028,44,César,Barakaldo CF,yellow
1808028,77,Garrido,Barakaldo CF,yellow-red
1808028,54,Endika,SD Amorebieta,yellow
1808028,67,Larreategi,SD Amorebieta,yellow
1808020,25,Breixo,Haro Deportivo,yellow
1808020,60,Txejo,Haro Deportivo,yellow
1808020,90,Dani Palacios,Haro Deportivo,red
1808020,98,Dani Suárez,Haro Deportivo,yellow
1808020,11,Señé,Real Oviedo,yellow
1808020,119,Álvaro,Real Oviedo,yellow
1808027,82,Pablo Gil,Caudal Deportivo,yellow
1808027,59,Dopico,Racing Ferrol,yellow
1808027,90,Dani Rodríguez,Racing Ferrol,red
1808029,55,Rubio,Gimnàstic,yellow
1808029,90,Querol,Gimnàstic,yellow
1808029,102,Aleix Coch,Gimnàstic,yellow
1808029,105,Lago Junior,Gimnàstic,red
1808029,35,Óscar López,CD Alcoyano,yellow
1808034,36,Menudo,FC Cartagena,yellow
1808034,64,Astraín,FC Cartagena,yellow
1808034,13,Joan Grasa,CD Guadalajara,yellow
1808034,83,Moyano,CD Guadalajara,yellow
1808024,12,Sorribas,CD Toledo,yellow
1808024,44,Tete,CD Toledo,yellow
1808024,88,Diego Aguirre,CD Toledo,yellow
1808024,90,San José,CD Toledo,yellow
1808024,23,Rubén Garcés,SD Huesca,yellow
1808024,52,Mauri,SD Huesca,yellow
1808024,53,Borja Sánchez,SD Huesca,yellow
1808024,62,Marcos López,SD Huesca,yellow
1808024,66,Camacho,SD Huesca,yellow
1808024,80,Piojo,SD Huesca,yellow
1808032,61,Úbeda,Écija Balompié,yellow
1808032,69,Javi Cabezas,Écija Balompié,yellow
1808032,69,Javi Pérez,Écija Balompié,red
1808032,78,Iván Moya,Écija Balompié,yellow-red
1808032,93,Humberto,Écija Balompié,yellow
1808032,101,Cervera,Écija Balompié,yellow
1808032,114,Sergio,Écija Balompié,yellow
1808032,72,Prior,Lorca FC,yellow
1808032,77,Nico Fernández,Lorca FC,yellow
1808032,86,Sergio Sánchez,Lorca FC,yellow
1808032,95,Josan,Lorca FC,yellow
1808032,105,Juanito,Lorca FC,yellow
1808032,116,Pallarés,Lorca FC,yellow
1808032,119,Morillas,Lorca FC,yellow
1808032,120,Pina,Lorca FC,yellow
1808033,7,Montero,CD El Palo,yellow
1808033,73,Francis Flores,CD El Palo,yellow
1808033,103,Falu,CD El Palo,yellow
1808033,111,Julio,CD El Palo,yellow
1808033,114,Adrián,CD El Palo,yellow
1808033,120,Nacho Aranda,CD El Palo,red
1808033,35,Pedrito,Xerez CD,yellow
1808033,38,Jorge Yepes,Xerez CD,yellow
1808033,52,Iván Aguilar,Xerez CD,yellow
1808033,84,Amado,Xerez CD,yellow-red
1808033,110,Curro,Xerez CD,yellow
1808037,9,Carlitos,CD San Fernando,yellow
1808037,44,Paco Borrego,CD San Fernando,yellow
1808037,79,Berni,CD San Fernando,yellow
1808037,26,Olmo,RB Linense,yellow
1808037,47,Hugo Díaz,RB Linense,yellow
1808037,57,Manu Palancar,RB Linense,yellow
1808037,86,Dani Gallardo,RB Linense,yellow-red
1808037,87,Juampe,RB Linense,yellow
1809042,73,Manu García,CD Alavés,yellow
1809042,85,Unai Medina,CD Alavés,yellow
1809042,74,Cidoncha,Real Zaragoza,yellow
1809042,90,Abraham,Real Zaragoza,red
1809043,52,Kevin,RCD Mallorca,yellow
1809043,56,Álex Geijo,RCD Mallorca,yellow
1809043,69,Bigas,RCD Mallorca,yellow
1809043,85,Agus,RCD Mallorca,yellow
1809043,80,Serrán,AD Alcorcón,yellow
1809051,64,David Timor,Girona FC,yellow
1809051,69,Adrià Carmona,Girona FC,yellow
1809051,88,Jofre,Girona FC,yellow
1809051,89,Matamala,Girona FC,yellow
1809051,54,Marquitos,SD Ponferradina,yellow
1809051,57,Robusté,SD Ponferradina,yellow
1815672,42,Beñat,Gimnàstic,yellow
1815672,90,Ramón Verdú,Gimnàstic,yellow
1815672,38,Diego Benito,Albacete,yellow
1815672,56,Rojas,Albacete,yellow
1815672,75,Alberto,Albacete,yellow
1815672,113,Miguel Núñez,Albacete,yellow-red
1815676,34,Mouriño,UE Sant Andreu,yellow
1815676,73,Azparren,UE Sant Andreu,yellow-red
1815676,88,José Morales,UE Sant Andreu,yellow
1815676,14,Roger Vidal,UE Olot,yellow
1815676,39,Miki,UE Olot,yellow
1815676,87,Serra,UE Olot,yellow
1809044,74,Longás,CE Sabadell,yellow
1809044,21,David García,UD Las Palmas,yellow
1809044,27,Aythami Artiles,UD Las Palmas,yellow
1809044,90,Asdrúbal Padrón,UD Las Palmas,yellow
1809041,8,Mousa Bandeh,CE LHospitalet,yellow
1809041,15,Pau Senent,CE LHospitalet,yellow
1809041,34,Jordi Quintillà,CE LHospitalet,yellow
1809041,90,Moyano,CE LHospitalet,yellow
1809041,119,Provencio,CE LHospitalet,yellow
1809041,120,Peque,CE LHospitalet,yellow
1809041,12,Borja Granero,Racing Santander,yellow
1809041,39,Francis,Racing Santander,yellow
1809041,70,Andreu,Racing Santander,yellow
1809041,87,Rubén Durán,Racing Santander,yellow
1809041,90,Ander,Racing Santander,yellow
1809041,116,Saúl,Racing Santander,yellow
1815677,13,Rojas,Caudal Deportivo,yellow
1815677,49,Nacho Matador,Caudal Deportivo,yellow
1815677,57,Jano,Caudal Deportivo,yellow
1815677,77,Pantiga,Caudal Deportivo,yellow
1815677,81,Javi Sánchez,Caudal Deportivo,yellow
1809049,59,Lillo,SD Eibar,yellow
1809049,57,Ricardo,CD Tenerife,yellow
1809049,75,Salva Ruiz,CD Tenerife,yellow
1815666,65,Vázquez,CD Tuilla,yellow
1815666,67,Miguel,CD Tuilla,yellow
1815666,69,Ginés Rodríguez,CD Tuilla,yellow
1815666,79,Alberto Secades,CD Tuilla,yellow
1815666,87,Pelayo Roces,CD Tuilla,yellow
1815666,42,Wilfred Moke,Burgos CF,yellow
1815666,71,Héctor,Burgos CF,yellow
1815678,18,Alberto Martín,CD Leganés,yellow
1815678,50,Eraso,CD Leganés,yellow
1815678,76,Jorge Alonso,CD Leganés,yellow
1815678,14,Santacruz,Lucena CF,yellow
1815678,62,Obregón,Lucena CF,yellow
1815678,84,Pepe Díaz,Lucena CF,yellow
1815670,17,Breixo,Haro Deportivo,yellow
1815670,50,Pirri,Haro Deportivo,yellow
1815670,79,Txejo,Haro Deportivo,yellow
1815670,71,Moustapha Gning,CD Sariñena,yellow
1815670,83,Gotor,CD Sariñena,yellow
1815679,60,Pablo Revert,Olímpic Xàtiva,yellow
1815679,63,Belda,Olímpic Xàtiva,yellow
1815679,87,Álex Vaquero,Olímpic Xàtiva,yellow
1815679,58,Eneko Rubio,Barakaldo CF,yellow
1815679,67,Ibón Díez,Barakaldo CF,yellow
1815679,79,Ariño,Barakaldo CF,yellow
1815679,90,Odei,Barakaldo CF,yellow-red
1815680,17,Sousa,Xerez CD,yellow
1815680,51,Iván Aguilar,Xerez CD,yellow
1815680,32,Molino,CF Fuenlabrada,yellow
1815680,81,Edu Payá,CF Fuenlabrada,yellow
1815674,6,Atienza,SD Huesca,yellow
1815674,48,Marcos López,SD Huesca,yellow
1815674,71,Aicart,SD Huesca,yellow
1815674,49,Tarantino,FC Cartagena,yellow
1809046,102,Rafa García,CD Lugo,yellow
1809046,35,César Caneda,CD Mirandés,yellow
1809046,48,Lucena,CD Mirandés,yellow
1809046,76,Goiria,CD Mirandés,yellow
1809047,8,Álex Cruz,Real Jaén,yellow
1809047,49,Juanma,Real Jaén,yellow
1809047,55,Santi Villa,Real Jaén,yellow
1809047,70,Ritchie Kitoko,Real Jaén,yellow
1809047,86,Hugo Álvarez,Real Jaén,yellow
1809047,46,Carlos Akapo,CD Numancia,yellow
1809047,72,Sergi Enrich,CD Numancia,yellow
1809047,76,Ripa,CD Numancia,yellow
1809048,49,Fernando Vega,Recreativo Huelva,yellow
1809048,90,Hernán Menosse,Recreativo Huelva,yellow
1809048,49,Santi Jara,Sporting Gijón,red
1809048,85,Sergio Álvarez,Sporting Gijón,yellow
1809048,90,Dejan Lekić,Sporting Gijón,yellow
1809050,16,Héctor Yuste,Hércules CF,yellow
1809050,35,Wellington Silva,Real Murcia,yellow
1809050,85,Eddy Silvestre,Real Murcia,yellow
1815675,15,Javi Cabezas,Écija Balompié,yellow
1815675,43,Plata,Écija Balompié,yellow
1815675,53,Cervera,Écija Balompié,yellow
1815675,63,Alejo,Écija Balompié,yellow
1815675,82,Álvaro Garrido,Écija Balompié,yellow
1815675,30,Lambarri,CD Laudio,yellow
1815675,46,Artabe,CD Laudio,yellow
1815675,70,Tyson,CD Laudio,yellow
1815675,79,Eraña,CD Laudio,yellow
1815675,83,Muniozguren,CD Laudio,yellow
1809045,82,López Silva,Córdoba CF,yellow
1809045,102,De los Reyes,Córdoba CF,yellow
1809045,67,Diego Seoane,Deportivo La Coruña,yellow
1809045,88,Cezary Wilk,Deportivo La Coruña,yellow
1809045,112,Stefan Deak,Deportivo La Coruña,yellow-red
1815673,39,Juanje,CD San Fernando,yellow
1815673,48,Pelegrina,CD San Fernando,yellow
1815673,69,David Valle,CD San Fernando,yellow
1815673,90,Germán,CD San Fernando,yellow
1815673,40,Lalaguna,CD Tudelano,yellow
1815673,63,Azpilicueta,CD Tudelano,yellow
1818156,69,Lalaguna,CD Tudelano,yellow
1818156,80,Víctor Bravo,CD Tudelano,yellow-red
1818156,34,Carlos David,FC Cartagena,yellow
1818156,38,Riau,FC Cartagena,yellow
1818156,78,De Lerma,FC Cartagena,yellow
1818156,81,Antoñito,FC Cartagena,yellow
1818156,84,Mariano,FC Cartagena,yellow
1818163,84,Diego Seoane,Deportivo La Coruña,yellow
1818161,39,Joseba Aguirre,CD Laudio,yellow
1818161,56,del Olmo,CD Laudio,yellow
1818161,75,Casado,CD Laudio,yellow
1818161,99,Larrainzar,CD Laudio,yellow
1818161,104,Larrucea,CD Laudio,yellow
1818161,27,Rifaterra,Olímpic Xàtiva,yellow
1818161,54,Pepín,Olímpic Xàtiva,yellow
1818161,72,Mendoza,Olímpic Xàtiva,yellow
1818161,111,Nando Ramón,Olímpic Xàtiva,yellow
1818161,111,Pau Franch,Olímpic Xàtiva,yellow
1818157,29,Dani Suárez,Haro Deportivo,yellow
1818157,115,Unai,Haro Deportivo,yellow
1818157,34,Carlitos,Algeciras CF,yellow
1818157,56,Antonio Merino,Algeciras CF,yellow
1818157,64,Carlos,Algeciras CF,yellow
1818157,104,Javi Chico,Algeciras CF,yellow
1818157,112,Borja Romero,Algeciras CF,yellow-red
1818158,59,Héctor,Burgos CF,yellow
1818158,53,Rubio,Gimnàstic,yellow
1818158,90,Ferrán,Gimnàstic,yellow
1818158,90,Manolo Reina,Gimnàstic,yellow
1818158,90,Lucas Viale,Gimnàstic,yellow
1818160,1,Iván Aguilar,Xerez CD,yellow
1818160,29,Curro,Xerez CD,yellow
1818160,51,Dani Albacete,Xerez CD,yellow
1818160,70,Jairo Cordero,Xerez CD,yellow
1818160,29,Aldalur,Lleida Esportiu,yellow
1818160,57,Biel Medina,Lleida Esportiu,yellow
1818159,34,Dani Gómez,CD Leganés,yellow
1818159,35,Velasco,CD Leganés,yellow
1818159,47,Mikel Santamaría,CD Leganés,red
1818159,120,Álvaro García,CD Leganés,yellow
1818159,120,Carlos Álvarez,CD Leganés,yellow
1818159,36,Agustín,Racing Santander,yellow
1818159,43,Andreu,Racing Santander,yellow
1818159,63,Iñaki,Racing Santander,yellow-red
1818159,84,Juanpe,Racing Santander,yellow
1818159,107,Orfila,Racing Santander,yellow
1818162,116,Matamala,Girona FC,yellow
1818162,66,Óscar Serrano,CD Alavés,yellow
1818164,40,Víctor Marco,CD Lugo,yellow
1818164,84,Tena,CD Lugo,yellow
1818166,28,Diego Rivas,SD Eibar,yellow
1818166,30,Añibarro,SD Eibar,yellow
1818166,94,Yuri,SD Eibar,yellow
1818166,113,Diego Rivas,SD Eibar,yellow
1818166,116,Dani García,SD Eibar,yellow
1818166,116,Raúl Navas,SD Eibar,yellow
1818166,116,Raúl Navas,SD Eibar,red
1818166,119,Arregi,SD Eibar,yellow
1818166,119,Diego Rivas,SD Eibar,red
1818166,31,Samuel Camille,AD Alcorcón,yellow
1818166,52,Dani Ponce,AD Alcorcón,yellow
1818166,52,Javito,AD Alcorcón,yellow
1818166,82,Nagore,AD Alcorcón,yellow
1818166,87,Quini,AD Alcorcón,yellow
1818166,117,Rubén Sanz,AD Alcorcón,yellow
1818166,119,Chema,AD Alcorcón,yellow
1818165,22,Hernán,UD Las Palmas,yellow
1818165,87,Apoño,UD Las Palmas,yellow
1818165,44,Javi Hervás,Hércules CF,yellow
1818165,77,Azkorra,Hércules CF,yellow
1818165,88,Gai Assulin,Hércules CF,yellow
1831693,4,Pau Torres,Lleida Esportiu,red
1831693,28,Dídac Devesa,Lleida Esportiu,yellow
1831693,44,Raúl Fuster,Lleida Esportiu,yellow
1831693,59,Molo,Lleida Esportiu,yellow
1831693,90,Aldalur,Lleida Esportiu,yellow
1831693,35,Nono,Betis Sevilla,yellow
1831693,51,Lorenzo Reyes,Betis Sevilla,yellow
1831675,27,Dorado,Villarreal CF,yellow
1831675,70,Jérémy Perbet,Villarreal CF,yellow
1831675,36,Alberto Botía,Elche CF,yellow
1831675,62,Richmond Boakye,Elche CF,yellow
1831671,52,Liassine Cadamuro,Real Sociedad San Sebastian,yellow
1831679,50,Javi Barrio,Racing Santander,yellow
1831679,68,Miguélez,Racing Santander,yellow
1831679,87,Saúl,Racing Santander,yellow
1831679,27,Iborra,Sevilla FC,yellow
1831679,49,Cala,Sevilla FC,yellow
1831679,51,Coke,Sevilla FC,yellow-red
1831679,51,Javi Varas,Sevilla FC,yellow
1831679,63,Sebastián Cristóforo,Sevilla FC,yellow
1831663,13,Antonio Rukavina,Real Valladolid,yellow
1831663,58,Zakarya Bergdich,Real Valladolid,yellow
1831663,81,Baraja,Real Valladolid,yellow
1831663,87,Javi Guerra,Real Valladolid,yellow
1831663,21,Gálvez,Rayo Vallecano,yellow
1831663,60,Arbilla,Rayo Vallecano,yellow
1831663,62,Alberto Perea,Rayo Vallecano,yellow
1831667,24,Astraín,FC Cartagena,yellow
1831667,41,Riau,FC Cartagena,yellow
1831691,89,Rubén,UE Sant Andreu,yellow
1831691,14,Koke,Atlético Madrid,yellow
1831669,21,Ramalho,Girona FC,yellow
1831669,46,Moisés Hurtado,Girona FC,yellow
1831669,58,David Timor,Girona FC,yellow
1831669,70,Richy,Girona FC,yellow
1831669,34,Mehdi Lacen,Getafe CF,yellow
1831669,87,Colunga,Getafe CF,yellow
1831669,89,Pedro León,Getafe CF,yellow
1831695,32,Rafinha,Celta Vigo,yellow
1831695,35,Michael Krohn-Dehli,Celta Vigo,yellow
1831695,51,Jonny,Celta Vigo,yellow
1831695,89,Álex López,Celta Vigo,yellow
1831695,31,Muniain,Athletic Bilbao,yellow
1831695,55,Iturraspe,Athletic Bilbao,yellow
1831695,65,Mikel Rico,Athletic Bilbao,yellow
1831665,82,Ezequiel,Recreativo Huelva,yellow
1831665,89,Jorge Merino,Recreativo Huelva,yellow
1831665,65,Simão,Levante UD,yellow
1831665,89,Aloys Nong,Levante UD,yellow
1831685,70,Kike Alcázar,Olímpic Xàtiva,yellow
1831685,86,Pifarré,Olímpic Xàtiva,yellow
1831685,65,Casemiro,Real Madrid,yellow
1831685,80,Luka Modrić,Real Madrid,yellow
1831681,16,Serrán,AD Alcorcón,yellow
1831681,29,Ángel Sánchez,AD Alcorcón,yellow
1831681,53,Sergio Mora,AD Alcorcón,yellow
1831681,57,Antonio Martínez,AD Alcorcón,yellow
1831681,11,Manuel Iturra,Granada CF,yellow
1831681,53,Recio,Granada CF,yellow
1831681,61,Mainz,Granada CF,yellow
1831677,74,Dani Castellano,UD Las Palmas,yellow
1831677,84,Nauzet Alemán,UD Las Palmas,red
1831677,39,Raúl García,UD Almería,yellow
1831677,58,Christian,UD Almería,yellow-red
1831677,58,Marcelo Silva,UD Almería,yellow
1831677,81,Óscar Díaz,UD Almería,yellow
1831677,84,Rafita,UD Almería,yellow
1831689,55,Juanjo,Gimnàstic,yellow
1831689,21,Barragán,Valencia CF,yellow
1831689,21,Parejo,Valencia CF,yellow
1831689,42,Canales,Valencia CF,yellow
1831689,63,Ricardo Costa,Valencia CF,yellow
1831689,86,Jonas,Valencia CF,yellow-red
1831683,40,Israel Jerez,Real Jaén,yellow
1831683,21,Christian Stuani,Espanyol Barcelona,yellow
1831687,20,Jesús Gámez,Málaga CF,yellow
1831687,80,Marcos Angeleri,Málaga CF,yellow
1831687,84,Camacho,Málaga CF,red
1831687,6,Manuel Onwu,CA Osasuna,yellow
1831687,39,Emiliano Armenteros,CA Osasuna,yellow
1831687,64,Raoul Loé,CA Osasuna,yellow-red
1831687,90,Riesgo,CA Osasuna,yellow
1831666,52,Rubén García,Levante UD,yellow
1831666,37,Hernán Menosse,Recreativo Huelva,yellow
1831666,53,Joselu,Recreativo Huelva,yellow
1831666,56,Zamora,Recreativo Huelva,yellow
1831666,65,Álvaro Vega,Recreativo Huelva,yellow-red
1831666,71,Arana,Recreativo Huelva,yellow
1831670,42,Borja,Getafe CF,yellow
1831670,68,Escudero,Getafe CF,yellow
1831670,4,Jorge,Girona FC,yellow
1831670,41,David Timor,Girona FC,yellow
1831670,70,Matamala,Girona FC,yellow
1831676,52,Javi Flores,Elche CF,yellow
1831676,67,Javi Márquez,Elche CF,yellow
1831676,69,Cristian Săpunaru,Elche CF,yellow
1831676,36,Aleksandar Pantić,Villarreal CF,yellow
1831676,65,Bruno Soriano,Villarreal CF,yellow
1831676,69,Jaume Costa,Villarreal CF,yellow
1831688,29,Jesús Gámez,Málaga CF,yellow
1831688,87,Sergi Darder,Málaga CF,yellow
1831688,88,Samuel,Málaga CF,yellow
1831668,59,Puyol,FC Barcelona,yellow
1831668,62,De Lerma,FC Cartagena,yellow
1831668,83,Carlos David,FC Cartagena,yellow
1831682,117,Hassan Yebda,Granada CF,yellow
1831682,68,Antonio Martínez,AD Alcorcón,yellow
1831682,72,Nagore,AD Alcorcón,yellow
1831682,88,Samuel Camille,AD Alcorcón,yellow
1831682,90,Quini,AD Alcorcón,yellow
1831672,30,Borja Romero,Algeciras CF,yellow
1831672,38,Álvaro Benítez,Algeciras CF,yellow
1831678,21,Asdrúbal Padrón,UD Las Palmas,yellow
1831692,28,José Morales,UE Sant Andreu,yellow
1831692,44,Azparren,UE Sant Andreu,yellow
1831692,45,Albarrán,UE Sant Andreu,yellow
1831694,66,Paulão,Betis Sevilla,yellow
1831694,80,Álvaro Vadillo,Betis Sevilla,yellow
1831694,81,Nacho,Betis Sevilla,yellow
1831694,89,Nono,Betis Sevilla,yellow
1831694,14,Mario Fuentes,Lleida Esportiu,yellow
1831694,80,Molo,Lleida Esportiu,yellow
1831694,87,Pau Bosch,Lleida Esportiu,yellow
1831680,62,Stéphane Mbia,Sevilla FC,red
1831680,72,Raul Rusescu,Sevilla FC,yellow
1831680,84,Cala,Sevilla FC,yellow
1831680,89,Diogo,Sevilla FC,yellow-red
1831680,74,Mamadou Koné,Racing Santander,yellow
1831680,89,Javi Barrio,Racing Santander,yellow
1831686,48,Casemiro,Real Madrid,yellow
1831686,66,Dani Carvajal,Real Madrid,yellow
1831686,81,Pepe,Real Madrid,yellow
1831686,89,Jesé,Real Madrid,yellow
1831686,27,Kike Alcázar,Olímpic Xàtiva,yellow
1831664,38,Saúl,Rayo Vallecano,yellow
1831664,44,Manucho,Real Valladolid,yellow
1831664,47,Javi Guerra,Real Valladolid,red
1831664,48,Gilberto García,Real Valladolid,yellow
1831664,49,Patrick Ebert,Real Valladolid,yellow
1831684,59,Juanma,Real Jaén,yellow
1831690,52,Pablo Marí,Gimnàstic,yellow
1831690,81,Rubio,Gimnàstic,yellow
1831690,87,Rocha,Gimnàstic,yellow
1831690,87,Xisco Campos,Gimnàstic,yellow
1831696,14,Iraola,Athletic Bilbao,yellow
1831696,50,Mikel Rico,Athletic Bilbao,yellow
1831696,72,Muniain,Athletic Bilbao,yellow
1831696,11,Gustavo Cabral,Celta Vigo,yellow
1831696,52,Hugo Mallo,Celta Vigo,yellow-red
1831696,73,Toni,Celta Vigo,yellow
2186836,61,Fede Cartabia,Valencia CF,yellow
2186836,69,Javi Fuego,Valencia CF,yellow
2186836,87,Parejo,Valencia CF,yellow
2186836,66,Juanfran,Atlético Madrid,yellow
2186836,79,Diego Costa,Atlético Madrid,yellow
2186823,55,Rubén Sanz,AD Alcorcón,yellow
2186823,75,Sergio Prendes,AD Alcorcón,yellow
2186823,79,Antonio Martínez,AD Alcorcón,yellow
2186823,70,Héctor Moreno,Espanyol Barcelona,yellow
2186823,75,Sidnei,Espanyol Barcelona,yellow
2186823,89,Víctor Sánchez,Espanyol Barcelona,yellow
2186840,80,San José,Athletic Bilbao,yellow
2186816,85,Martín Montoya,FC Barcelona,yellow
2186816,57,Gavilán,Getafe CF,yellow
2186816,62,Alexis,Getafe CF,yellow
2186816,62,Valera,Getafe CF,yellow
2186816,87,Juan Rodríguez,Getafe CF,yellow
2186839,76,Borja Granero,Racing Santander,yellow
2186839,81,Jonathan Zongo,UD Almería,red
2186821,41,Bojan Jokić,Villarreal CF,yellow
2186817,58,Gálvez,Rayo Vallecano,yellow
2186817,80,Johan Mojica,Rayo Vallecano,yellow
2186817,88,Leonel Galeano,Rayo Vallecano,yellow
2186817,22,Camarasa,Levante UD,yellow
2186817,43,Issam El Adoua,Levante UD,yellow
2186817,53,Héctor Rodas,Levante UD,yellow
2186819,17,Jesé,Real Madrid,yellow
2186819,17,Oier,CA Osasuna,yellow
2186819,83,Marc Bertrán,CA Osasuna,yellow
2186838,14,Fran Vélez,UD Almería,yellow
2186838,73,Hicham,UD Almería,yellow
2186838,28,Saúl,Racing Santander,yellow
2186838,67,Mariano,Racing Santander,yellow
2186837,32,Barragán,Valencia CF,yellow
2186837,39,Míchel,Valencia CF,yellow
2186837,89,Ricardo Costa,Valencia CF,yellow
2186837,90,Parejo,Valencia CF,yellow-red
2186824,12,Javi López,Espanyol Barcelona,yellow
2186824,37,Héctor Verdés,AD Alcorcón,yellow
2186824,74,Sergio Prendes,AD Alcorcón,yellow
2186824,89,Rubén Sanz,AD Alcorcón,yellow
2186841,45,Aduriz,Athletic Bilbao,yellow
2186841,45,Amaya,Betis Sevilla,yellow
2186841,90,Guillermo Sara,Betis Sevilla,yellow
2186818,14,Barral,Levante UD,yellow
2186818,83,Nagore,Levante UD,yellow
2186818,88,Nabil El Zhar,Levante UD,yellow
2186818,38,Leonel Galeano,Rayo Vallecano,yellow
2186818,55,Iago Falqué,Rayo Vallecano,yellow
2186818,59,Gálvez,Rayo Vallecano,yellow
2186820,8,Oriol Riera,CA Osasuna,yellow
2186820,10,Oier,CA Osasuna,yellow
2186820,21,Raoul Loé,CA Osasuna,yellow
2186820,85,Roberto Torres,CA Osasuna,yellow
2186820,34,Arbeloa,Real Madrid,yellow
2186820,85,Fábio Coentrão,Real Madrid,yellow-red
2186822,23,Bojan Jokić,Villarreal CF,yellow
2186822,76,Mario,Villarreal CF,yellow
2185214,16,Alexis,Getafe CF,yellow
2185214,20,Juan Rodríguez,Getafe CF,yellow
2185214,58,Lisandro López,Getafe CF,yellow
2193498,83,Víctor Sánchez,Espanyol Barcelona,yellow
2193498,90,Abraham,Espanyol Barcelona,yellow
2193498,72,Sergio Ramos,Real Madrid,yellow
2193502,12,Nagore,Levante UD,yellow
2193502,25,Bartra,FC Barcelona,yellow
2193502,72,Adriano,FC Barcelona,yellow
2193318,44,Diego Costa,Atlético Madrid,yellow
2193318,60,Cristian Rodríguez,Atlético Madrid,yellow
2193318,77,Arda Turan,Atlético Madrid,yellow
2193318,90,Gabi,Atlético Madrid,yellow
2193318,90,Diego Godín,Atlético Madrid,yellow
2193318,74,Aduriz,Athletic Bilbao,yellow
2193318,81,Balenziaga,Athletic Bilbao,yellow
2193318,90,Gurpegi,Athletic Bilbao,yellow
2193499,41,Nacho,Real Madrid,yellow
2193499,67,Cristiano Ronaldo,Real Madrid,yellow
2193499,86,Sergio Ramos,Real Madrid,yellow
2193499,77,Víctor Sánchez,Espanyol Barcelona,yellow-red
2193499,80,Jhon Córdoba,Espanyol Barcelona,yellow
2193499,88,Sidnei,Espanyol Barcelona,yellow
2193319,3,Aymeric Laporte,Athletic Bilbao,yellow
2193319,53,San José,Athletic Bilbao,yellow
2193319,79,Iraola,Athletic Bilbao,yellow
2193319,7,Raúl García,Atlético Madrid,yellow
2193319,32,Koke,Atlético Madrid,yellow
2193504,12,Sergi Roberto,FC Barcelona,yellow
2193504,40,Alex Song,FC Barcelona,yellow
2193504,26,Sérgio da Silva Pinto,Levante UD,yellow
2193504,41,Camarasa,Levante UD,yellow
2193504,54,Issam El Adoua,Levante UD,yellow
2193594,24,Pepe,Real Madrid,yellow
2193594,27,Diego,Atlético Madrid,yellow
2193594,61,Diego Costa,Atlético Madrid,yellow
2193594,78,Juanfran,Atlético Madrid,yellow
2193594,88,Miranda,Atlético Madrid,yellow
2193588,26,Busquets,FC Barcelona,yellow
2193588,36,Javier Mascherano,FC Barcelona,yellow
2193588,73,Lionel Messi,FC Barcelona,yellow
2193588,40,Carlos Vela,Real Sociedad San Sebastian,yellow
2193588,43,Iñigo Martínez,Real Sociedad San Sebastian,yellow
2193588,44,Iñigo Martínez,Real Sociedad San Sebastian,red
2193588,57,Elustondo,Real Sociedad San Sebastian,yellow
2193588,62,Gaztañaga,Real Sociedad San Sebastian,yellow
2193588,85,Zubikarai,Real Sociedad San Sebastian,yellow
2193588,89,Joseba Zaldúa,Real Sociedad San Sebastian,yellow
2193595,79,Miranda,Atlético Madrid,yellow
2193595,36,Illarra,Real Madrid,yellow
2193595,43,Arbeloa,Real Madrid,yellow
2193595,44,Cristiano Ronaldo,Real Madrid,yellow
2193589,31,Carlos Vela,Real Sociedad San Sebastian,yellow
2193589,52,Gaztañaga,Real Sociedad San Sebastian,yellow
2193589,56,Zurutuza,Real Sociedad San Sebastian,yellow
2193589,26,Busquets,FC Barcelona,yellow
2193589,88,Cesc Fàbregas,FC Barcelona,yellow
2193592,17,Neymar,FC Barcelona,yellow
2193592,54,Javier Mascherano,FC Barcelona,yellow
2193592,4,Isco,Real Madrid,yellow
2193592,17,Pepe,Real Madrid,yellow
2193592,87,Xabi Alonso,Real Madrid,yellow
