GameID,Minute,Scorer,Team
2449452,25,Imanol Etxeberría,Peña Sport FC
2449452,73,Imanol Etxeberría,Peña Sport FC
2449452,89,Isaac Manjón,Peña Sport FC
2449443,52,Yeray Pérez,CD Mensajero
2449443,86,Joan Salvá,CD Mensajero
2449436,32,Arkaitz,CD Tudelano
2449436,56,Arkaitz,CD Tudelano
2449436,67,Azpilicueta,CD Tudelano
2449436,23,Sergio Sánchez,SD Compostela
2449436,90,Sergio Sánchez,SD Compostela
2445073,18,Aitor Hervás,Condal Club
2445073,83,Pau Franch,Arandina CF
2445073,109,Fran Adeva,Arandina CF
2445073,113,Ruba,Arandina CF
2445073,116,Manu Rodríguez,Arandina CF
2449441,2,Carralero,CD Ebro
2449441,74,Alfonso De la Cruz,CD Ebro
2449441,77,Kevin Lacruz,CD Ebro
2449441,41,Mújika,Real Unión
2449439,29,Javi Torres,CD Varea
2449439,47,Pinilla,CD Varea
2449439,39,Tejedor,CD Leonesa
2449439,51,Stephen Babalola,CD Leonesa
2449439,71,Aketxe,CD Leonesa
2449437,38,David Camino,SD Laredo
2449437,13,César Caneda,Racing Santander
2449440,56,Christian,Talavera CF
2449440,90,Valdivia,Talavera CF
2449444,10,Marc Fernández,CE Sabadell
2449444,66,Lolo,CD Castellón
2449438,58,Milla,CD Guijuelo
2449445,32,Mongil,CD Alcoyano
2449445,70,Jordi Martí,SD Formentera
2449445,72,Maikel,SD Formentera
2449447,57,Ángel Martínez,CF Reus Deportiu
2449447,87,Jaume Delgado,CF Reus Deportiu
2449442,24,Javi Gómez,UD Socuéllamos
2449442,72,Carlos García,UD Socuéllamos
2449442,34,Xabi Galán,Club Portugalete
2449446,16,Colinas,Lleida Esportiu
2449446,26,Marc Martínez,Lleida Esportiu
2449446,80,Óscar Rubio,Lleida Esportiu
2449446,77,Connor Ruane,Hércules CF
2449449,85,Espinar,RB Linense
2449450,34,Hugo Rodríguez,Cádiz CF
2449451,25,Rafa Payán,Linares Deportivo
2449451,75,Rafa Payán,Linares Deportivo
2449451,32,Paolo Etamané,FC Jumilla
2449448,81,Javi Medina,Algeciras CF
2482542,103,Servando,Cádiz CF
2482545,119,Edu García,CD Ebro
2482548,47,Cubillas,Huracán CF
2482548,81,Ariday Cabrera,Huracán CF
2449461,24,Soriano,UD Almería
2449461,69,Cristian Herrera,UD Almería
2449461,93,Cristian Herrera,UD Almería
2449461,67,Nono,Elche CF
2449461,74,Sergio León,Elche CF
2449461,111,Liberto Beltrán,Elche CF
2482550,33,Santi Vélez,SD Laredo
2482550,88,Bubú,SD Laredo
2482550,90,Manu,SD Laredo
2482550,39,Nacho Matador,CD Leonesa
2482551,2,Álex Quintanilla,Barakaldo CF
2482551,9,Alain,Barakaldo CF
2482551,50,Alain,Barakaldo CF
2482551,5,Pepe Bernal,SD Formentera
2445074,62,Omar,CD Leganés
2445074,90,Alexander Szymanowski,CD Leganés
2449454,44,Palanca,Gimnàstic
2449454,89,Palanca,Gimnàstic
2449454,71,Jairo,Girona FC
2449454,90,Marcelo,Girona FC
2449455,84,Manu Barreiro,CD Alavés
2449456,23,Mosquito,UE Llagostera
2449456,104,Benja,UE Llagostera
2449456,64,César Díaz,Albacete
2449457,47,Joselu,CD Lugo
2449458,52,Néstor,CD Mirandés
2449458,16,Olavide,CA Osasuna
2449458,26,Maikel Mesa,CA Osasuna
2449460,24,Jorge Casado,SD Ponferradina
2482546,25,Higinio,UCAM Murcia CF
2482546,67,Pallarés,UCAM Murcia CF
2482546,30,Santi,Algeciras CF
2482547,49,Marc Martínez,Lleida Esportiu
2482547,87,Colinas,Lleida Esportiu
2482549,14,Pau Franch,Arandina CF
2482549,90,Fran Adeva,Arandina CF
2482549,25,Ricardo Vaz,CF Reus Deportiu
2482549,51,Ramón Folch,CF Reus Deportiu
2482549,65,Haro,CF Reus Deportiu
2482549,90,Fernando,CF Reus Deportiu
2482543,36,Zamorano,RB Linense
2482543,48,Mauri,RB Linense
2482544,19,Muneta,UD Logroñés
2482544,68,Birane Ba,UD Logroñés
2482544,77,Francis Ferrón,Linares Deportivo
2482552,72,Joselu,Racing Ferrol
2482553,16,Casi,CF Villanovense
2482553,48,Casi,CF Villanovense
2482553,69,Casi,CF Villanovense
2482553,62,Isaac Manjón,Peña Sport FC
2482553,87,Jorge Rodríguez,Peña Sport FC
2449459,52,Toché,Real Oviedo
2449459,54,Pablo Hervías,Real Oviedo
2449459,71,Alfaro,Real Valladolid
2449462,54,Tyronne,SD Huesca
2449462,74,Fran Mérida,SD Huesca
2487636,16,Alain,Barakaldo CF
2487638,6,Vítor Silva,CF Reus Deportiu
2487638,96,Edgar,CF Reus Deportiu
2487638,22,Pau Bosch,Lleida Esportiu
2487639,89,Salvi,Cádiz CF
2487641,13,Soriano,UD Almería
2487641,74,Quique,UD Almería
2487641,89,Álex López,Gimnàstic
2487642,5,Gabriel,CD Leganés
2487642,12,Ruiz de Galarreta,CD Leganés
2487642,62,Rubén Peña,CD Leganés
2487642,65,Laguardia,CD Alavés
2487644,72,Mamadou Koné,Real Oviedo
2487644,88,Héctor Verdés,Real Oviedo
2487644,3,Abdón,CD Mirandés
2487644,69,Abdón,CD Mirandés
2487644,104,Abdón,CD Mirandés
2487634,44,Carlos,UD Logroñés
2487634,111,Iker Alegre,UD Logroñés
2487634,66,Pallarés,UCAM Murcia CF
2487634,84,Góngora,UCAM Murcia CF
2487635,1,Mauri,RB Linense
2487635,42,Zamorano,RB Linense
2487637,25,Elías Pérez,CF Villanovense
2487637,89,Elías Pérez,CF Villanovense
2487637,14,Román Golobart,Racing Ferrol
2487640,105,Yuri,SD Ponferradina
2487643,43,Ángel,Real Zaragoza
2487643,13,Benja,UE Llagostera
2487643,90,José Ríos,UE Llagostera
2493472,31,Fran Carbià,CF Reus Deportiu
2493472,37,Luciano Vietto,Atlético Madrid
2493472,63,Saúl,Atlético Madrid
2493482,10,Guillermo,CD Leganés
2493482,38,Omar,CD Leganés
2493482,74,Fran Rico,Granada CF
2493470,16,Alain,Barakaldo CF
2493470,19,João Cancelo,Valencia CF
2493470,65,Gayà,Valencia CF
2493470,90,Parejo,Valencia CF
2493474,12,Coke,Sevilla FC
2493474,38,Michael Krohn-Dehli,Sevilla FC
2493474,57,Ciro Immobile,Sevilla FC
2493480,44,José Pozo,UD Almería
2493480,16,Iago Aspas,Celta Vigo
2493480,35,Iago Aspas,Celta Vigo
2493480,74,John Guidetti,Celta Vigo
2493484,22,Juanjo,UE Llagostera
2493484,61,Fede Cartabia,Deportivo La Coruña
2493484,74,Oriol Riera,Deportivo La Coruña
2493490,47,Álvaro Vadillo,Betis Sevilla
2493490,89,Juan Vargas,Betis Sevilla
2493496,5,Alhassane Bangoura,Rayo Vallecano
2493496,27,Patrick Ebert,Rayo Vallecano
2493466,88,Kike,Cádiz CF
2493466,3,Denis Cheryshev,Real Madrid
2493466,65,Isco,Real Madrid
2493466,74,Isco,Real Madrid
2493476,13,Kike Sola,Athletic Bilbao
2493476,19,Aymeric Laporte,Athletic Bilbao
2493478,3,Luis,SD Huesca
2493478,53,Fran Mérida,SD Huesca
2493478,75,Darwin Machís,SD Huesca
2493478,51,Matías Nahuel,Villarreal CF
2493478,58,Cédric Bakambu,Villarreal CF
2493486,33,Álex García,CD Mirandés
2493486,68,Lago Junior,CD Mirandés
2493486,51,Roque Santa Cruz,Málaga CF
2493488,11,Luka Đorđević,SD Ponferradina
2493488,26,William Jebor,SD Ponferradina
2493488,53,Dmytro Khomchenovsky,SD Ponferradina
2493492,83,Roger,Levante UD
2493492,68,Mamadou Sylla,Espanyol Barcelona
2493494,30,Asdrúbal Padrón,UD Las Palmas
2493494,50,Hernán,UD Las Palmas
2493494,11,Bruma,Real Sociedad San Sebastian
2493469,5,Dani Alves,FC Barcelona
2493469,21,Sandro,FC Barcelona
2493469,31,Sandro,FC Barcelona
2493469,51,Munir,FC Barcelona
2493469,69,Sandro,FC Barcelona
2493469,77,Munir,FC Barcelona
2493469,29,Juanfran,CF Villanovense
2493485,69,Juan Domínguez,Deportivo La Coruña
2493485,79,Jordi López,UE Llagostera
2493491,14,Bernardo Espinosa,Sporting Gijón
2493491,47,Alen Halilović,Sporting Gijón
2493491,72,Alen Halilović,Sporting Gijón
2493491,18,Ricky van Wolfswinkel,Betis Sevilla
2493491,83,Ricky van Wolfswinkel,Betis Sevilla
2493491,88,Álvaro Cejudo,Betis Sevilla
2493475,14,Ciro Immobile,Sevilla FC
2493475,40,Reyes,Sevilla FC
2493493,15,Burgui,Espanyol Barcelona
2493493,52,Felipe Caicedo,Espanyol Barcelona
2493493,8,Verza,Levante UD
2493477,8,De Marcos,Athletic Bilbao
2493477,49,Eraso,Athletic Bilbao
2493477,56,Etxeita,Athletic Bilbao
2493477,62,Kike Sola,Athletic Bilbao
2493477,66,Raúl García,Athletic Bilbao
2493477,88,Mikel Rico,Athletic Bilbao
2493489,45,Borja Bastón,SD Eibar
2493489,61,Sergi Enrich,SD Eibar
2493489,72,Simone Verdi,SD Eibar
2493489,84,Arruabarrena,SD Eibar
2493497,8,Pedro León,Getafe CF
2493497,23,Santiago Vergini,Getafe CF
2493497,31,Álvaro,Getafe CF
2493497,52,Alhassane Bangoura,Rayo Vallecano
2493471,8,Santi Mina,Valencia CF
2493471,31,Álvaro Negredo,Valencia CF
2493487,73,Lago Junior,CD Mirandés
2493495,46,Canales,Real Sociedad San Sebastian
2493495,36,Willian José,UD Las Palmas
2493473,53,Thomas Partey,Atlético Madrid
2493481,41,Daniel Wass,Celta Vigo
2493479,28,Trigueros,Villarreal CF
2493479,79,Soldado,Villarreal CF
2493483,68,Youssef El-Arabi,Granada CF
2508201,54,Williams,Athletic Bilbao
2508201,69,Aduriz,Athletic Bilbao
2508201,81,Aymeric Laporte,Athletic Bilbao
2508201,16,Leo Baptistão,Villarreal CF
2508201,38,Samuel,Villarreal CF
2508193,8,Álvaro Negredo,Valencia CF
2508193,35,Rodrigo,Valencia CF
2508193,63,Álvaro Negredo,Valencia CF
2508193,83,Álvaro Negredo,Valencia CF
2508195,25,Álex Ortiz,CD Mirandés
2508195,75,Lopo García,Deportivo La Coruña
2508199,14,Michael Krohn-Dehli,Sevilla FC
2508199,50,Grzegorz Krychowiak,Sevilla FC
2508191,13,Lionel Messi,FC Barcelona
2508191,44,Lionel Messi,FC Barcelona
2508191,49,Piqué,FC Barcelona
2508191,88,Neymar,FC Barcelona
2508191,9,Felipe Caicedo,Espanyol Barcelona
2508205,35,Nacho,Rayo Vallecano
2508205,67,Saúl,Atlético Madrid
2508197,25,John Guidetti,Celta Vigo
2508197,58,Jonny,Celta Vigo
2508197,79,John Guidetti,Celta Vigo
2508203,10,Izet Hajrović,SD Eibar
2508203,20,Saúl,SD Eibar
2508203,16,Aythami Artiles,UD Las Palmas
2508203,60,Mubarak Wakaso,UD Las Palmas
2508203,90,Momo,UD Las Palmas
2508196,41,Provencio,CD Mirandés
2508196,55,Abdón,CD Mirandés
2508196,71,Provencio,CD Mirandés
2508200,4,Reyes,Sevilla FC
2508200,35,Adil Rami,Sevilla FC
2508200,75,Kevin Gameiro,Sevilla FC
2508200,89,Gaël Kakuta,Sevilla FC
2508198,35,John Guidetti,Celta Vigo
2508198,77,Dejan Drazič,Celta Vigo
2508202,21,Williams,Athletic Bilbao
2508192,32,Munir,FC Barcelona
2508192,88,Munir,FC Barcelona
2508204,59,Momo,UD Las Palmas
2508204,83,David García,UD Las Palmas
2508204,43,Juncà,SD Eibar
2508204,52,Ekiza,SD Eibar
2508204,53,Sergi Enrich,SD Eibar
2508194,42,Wilfried Zahibo,Valencia CF
2508194,63,Paco Alcácer,Valencia CF
2508194,84,Pablo Piatti,Valencia CF
2508206,40,Ángel Correa,Atlético Madrid
2508206,80,Antoine Griezmann,Atlético Madrid
2508206,90,Antoine Griezmann,Atlético Madrid
2522046,89,Aduriz,Athletic Bilbao
2522046,18,Munir,FC Barcelona
2522046,24,Neymar,FC Barcelona
2522044,38,Wilfried Zahibo,Valencia CF
2522044,62,Paco Alcácer,Valencia CF
2522048,20,Steven NZonzi,Sevilla FC
2522048,90,Vitolo,Sevilla FC
2522051,29,Antoine Griezmann,Atlético Madrid
2522051,82,Ángel Correa,Atlético Madrid
2522051,22,Pablo Hernández,Celta Vigo
2522051,56,John Guidetti,Celta Vigo
2522051,64,Pablo Hernández,Celta Vigo
2522047,53,Luis Suárez,FC Barcelona
2522047,81,Piqué,FC Barcelona
2522047,90,Neymar,FC Barcelona
2522047,12,Williams,Athletic Bilbao
2522049,9,Iborra,Sevilla FC
2522049,71,Juan Muñoz,Sevilla FC
2522049,90,Coke,Sevilla FC
2522045,20,Rodrigo,Valencia CF
2537555,7,Luis Suárez,FC Barcelona
2537555,12,Luis Suárez,FC Barcelona
2537555,29,Lionel Messi,FC Barcelona
2537555,58,Lionel Messi,FC Barcelona
2537555,74,Lionel Messi,FC Barcelona
2537555,83,Luis Suárez,FC Barcelona
2537555,87,Luis Suárez,FC Barcelona
2537557,44,Adil Rami,Sevilla FC
2537557,59,Kevin Gameiro,Sevilla FC
2537557,62,Kevin Gameiro,Sevilla FC
2537557,87,Michael Krohn-Dehli,Sevilla FC
2537556,39,Álvaro Negredo,Valencia CF
2537556,84,Wilfrid Kaptoum,FC Barcelona
2537558,35,Iago Aspas,Celta Vigo
2537558,54,Iago Aspas,Celta Vigo
2537558,57,Éver Banega,Sevilla FC
2537558,87,Yevhen Konoplyanka,Sevilla FC
2461043,97,Jordi Alba,FC Barcelona
2461043,120,Neymar,FC Barcelona
