GameID,Player1Home,Player2Home,Player3Home,Player4Home,Player5Home,Player6Home,Player7Home,Player8Home,Player9Home,Player10Home,Player11Home,Player1Away,Player2Away,Player3Away,Player4Away,Player5Away,Player6Away,Player7Away,Player8Away,Player9Away,Player10Away,Player11Away,Bench1Home,Bench2Home,Bench3Home,Bench4Home,Bench5Home,Bench6Home,Bench7Home,Bench8Home,Bench9Home,Bench10Home,Bench11Home,Bench12Home,Bench1Away,Bench2Away,Bench3Away,Bench4Away,Bench5Away,Bench6Away,Bench7Away,Bench8Away,Bench9Away,Bench10Away,Bench11Away,Bench12Away
2508159,Brad Guzan,DeAndre Yedlin,John Anthony Brooks,Geoff Cameron,Fabian Johnson,Michael Bradley,Clint Dempsey,Alejandro Bedoya,Jermaine Jones,Bobby Wood,Gyasi Zardes,David Ospina,Cristián Zapata,Santiago Arias,Farid Díaz,Jeison Murillo,Edwin Cardona,James Rodríguez,Juan Cuadrado,Sebastián Pérez,Daniel Torres,Carlos Bacca,Kyle Beckerman,Matt Besler,Steve Birnbaum,Edgar Castillo,Ethan Horvath,Tim Howard,Perry Kitchen,Darlington Nagbe,Michael Orozco,Christian Pulisic,Chris Wondolowski,Graham Zusi,Felipe Aguilar,Cristian Bonilla,Guillermo Celis,Frank Fabra,Stefan Medina,Yerry Mina,Dayro Moreno,Marlos Moreno,Andrés Roa,Carlos Sánchez,Robinson Zapata,Roger Martínez
2508160,Patrick Pemberton,Johnny Acosta,Óscar Duarte,Cristian Gamboa,Kendall Waston,Celso Borges,Yeltsin Tejeda,Ronald Matarrita,Bryan Ruiz,Joel Campbell,Marco Ureña,Justo Villar,Gustavo Gómez,Bruno Valdez,Miguel Samudio,Paulo da Silva,Celso Ortíz,Óscar Romero,Robert Piris,Jorge Benítez,Derlis González,Dario Lezcano,Randall Azofeifa,Christian Bolaños,Francisco Calvo,Danny Carvajal,Esteban Granados,Leonel Moreira,Bryan Oviedo,Álvaro Saborio,José Salvatierra,Michael Umaña,Johan Venegas,Johnny Woodly,Miguel Almirón,Víctor Ayala,Fabián Balbuena,Diego Barreto,Edgar Benítez,Juan Iturbe,Iván Piris,Blas Riveros,Rodrigo Rojas,Antonio Sanabria,Antony Silva,Nelson Valdez
2508161,Brad Guzan,DeAndre Yedlin,John Anthony Brooks,Geoff Cameron,Fabian Johnson,Michael Bradley,Clint Dempsey,Alejandro Bedoya,Jermaine Jones,Bobby Wood,Gyasi Zardes,Patrick Pemberton,Johnny Acosta,Francisco Calvo,Óscar Duarte,Cristian Gamboa,Celso Borges,Christian Bolaños,Ronald Matarrita,Bryan Ruiz,Joel Campbell,Marco Ureña,Kyle Beckerman,Matt Besler,Steve Birnbaum,Edgar Castillo,Ethan Horvath,Tim Howard,Perry Kitchen,Darlington Nagbe,Michael Orozco,Christian Pulisic,Chris Wondolowski,Graham Zusi,Randall Azofeifa,Danny Carvajal,Esteban Granados,Leonel Moreira,Bryan Oviedo,Álvaro Saborio,José Salvatierra,Yeltsin Tejeda,Michael Umaña,Johan Venegas,Johnny Woodly,None
2508162,David Ospina,Cristián Zapata,Santiago Arias,Farid Díaz,Jeison Murillo,Edwin Cardona,James Rodríguez,Juan Cuadrado,Sebastián Pérez,Daniel Torres,Carlos Bacca,Justo Villar,Gustavo Gómez,Bruno Valdez,Miguel Samudio,Paulo da Silva,Celso Ortíz,Miguel Almirón,Óscar Romero,Robert Piris,Edgar Benítez,Dario Lezcano,Felipe Aguilar,Cristian Bonilla,Guillermo Celis,Frank Fabra,Roger Martínez,Stefan Medina,Yerry Mina,Dayro Moreno,Marlos Moreno,Andrés Roa,Carlos Sánchez,Robinson Zapata,Víctor Ayala,Fabián Balbuena,Diego Barreto,Jorge Benítez,Derlis González,Juan Iturbe,Iván Piris,Blas Riveros,Rodrigo Rojas,Antonio Sanabria,Antony Silva,Nelson Valdez
2508164,Brad Guzan,DeAndre Yedlin,John Anthony Brooks,Geoff Cameron,Fabian Johnson,Michael Bradley,Clint Dempsey,Alejandro Bedoya,Jermaine Jones,Bobby Wood,Gyasi Zardes,Justo Villar,Fabián Balbuena,Gustavo Gómez,Miguel Samudio,Paulo da Silva,Celso Ortíz,Miguel Almirón,Víctor Ayala,Antonio Sanabria,Derlis González,Dario Lezcano,Kyle Beckerman,Steve Birnbaum,Edgar Castillo,Ethan Horvath,Tim Howard,Perry Kitchen,Darlington Nagbe,Michael Orozco,Christian Pulisic,Chris Wondolowski,Graham Zusi,None,Diego Barreto,Edgar Benítez,Jorge Benítez,Juan Iturbe,Iván Piris,Robert Piris,Blas Riveros,Rodrigo Rojas,Óscar Romero,Antony Silva,Bruno Valdez,Nelson Valdez
2508163,Robinson Zapata,Stefan Medina,Felipe Aguilar,Yerry Mina,Frank Fabra,Guillermo Celis,Carlos Sánchez,Sebastián Pérez,Roger Martínez,Dayro Moreno,Marlos Moreno,Patrick Pemberton,Johnny Acosta,Francisco Calvo,José Salvatierra,Kendall Waston,Celso Borges,Christian Bolaños,Randall Azofeifa,Ronald Matarrita,Bryan Ruiz,Johan Venegas,Santiago Arias,Carlos Bacca,Cristian Bonilla,Juan Cuadrado,Farid Díaz,Jeison Murillo,David Ospina,Andrés Roa,James Rodríguez,Daniel Torres,Edwin Cardona,None,Joel Campbell,Danny Carvajal,Esteban Granados,Leonel Moreira,Bryan Oviedo,Yeltsin Tejeda,Michael Umaña,Johnny Woodly,None,None,None,None
2508166,Johny Placide,Mechack Jérôme,Kim Jaggy,Romain Genevois,Wilde Guerrier,Réginal Goreux,Kevin Lafrance,Jeff Louis,James Marcelin,Max Hilaire,Duckens Nazon,Pedro Gallese,Alberto Rodríguez,Renzo Revoredo,Christian Ramos,Miguel Trauco,Christian Cueva,Renato Tapia,Oscar Vilchez,Édison Flores,Alejandro Hohberg,Paolo Guerrero,Jean Alcénat,Alex Júnior,Jean Alexandre,Judelin Aveska,Kervens Belfort,Steward Ceus,Stéphane Lambese,Jean-Eudes Maurice,Pascal Millien,Sony Mustivar,Luis Odelus,Sony Nordé,Luis Abram,Armando Alfageme,Adán Balbín,Cristián Benavente,Luiz da Silva,Carlos Cáceda,Jair Céspedes,Aldo Corzo,Diego Penny,Andy Polo,Raúl Ruidíaz,Yoshimar Yotún
2508165,Alisson,Dani Alves,Gil,Filipe Luís,Marquinhos,Casemiro,Elías,Renato Augusto,Coutinho,Jonas,Willian,Esteban Dreer,Arturo Mina,Juan Paredes,Gabriel Achilier,Christian Noboa,Jefferson Montero,Walter Ayoví,Antonio Valencia,Carlos Gruezo,Miller Bolaños,Enner Valencia,Diego Alves,Douglas Santos,Fabinho,Gabriel Barbosa,Ganso,Hulk,Lucas,Lucas Lima,Marcelo Grohe,Miranda,Rodrigo Caio,Walace,Robert Arboleda,Michael Arroyo,Jaime Ayoví,Máximo Banguera,Juan Cazares,Alexander Domínguez,Frickson Erazo,Fernando Gaibor,Pedro Larrea,Fidel Martínez,Ángel Mena,Cristian Ramírez
2508168,Alisson,Dani Alves,Gil,Filipe Luís,Marquinhos,Casemiro,Elías,Renato Augusto,Coutinho,Jonas,Willian,Johny Placide,Jean Alcénat,Mechack Jérôme,Kim Jaggy,Romain Genevois,Réginal Goreux,Kevin Lafrance,Jeff Louis,James Marcelin,Jean Alexandre,Kervens Belfort,Diego Alves,Douglas Santos,Fabinho,Gabriel Barbosa,Ganso,Hulk,Lucas,Lucas Lima,Marcelo Grohe,Rodrigo Caio,Walace,None,Alex Júnior,Judelin Aveska,Steward Ceus,Wilde Guerrier,Max Hilaire,Stéphane Lambese,Jean-Eudes Maurice,Pascal Millien,Sony Mustivar,Duckens Nazon,Sony Nordé,Luis Odelus
2508167,Alexander Domínguez,Arturo Mina,Juan Paredes,Gabriel Achilier,Christian Noboa,Jefferson Montero,Walter Ayoví,Antonio Valencia,Carlos Gruezo,Miller Bolaños,Enner Valencia,Pedro Gallese,Alberto Rodríguez,Renzo Revoredo,Christian Ramos,Miguel Trauco,Christian Cueva,Renato Tapia,Oscar Vilchez,Édison Flores,Alejandro Hohberg,Paolo Guerrero,Robert Arboleda,Michael Arroyo,Jaime Ayoví,Máximo Banguera,Juan Cazares,Esteban Dreer,Frickson Erazo,Fernando Gaibor,Pedro Larrea,Fidel Martínez,Ángel Mena,Cristian Ramírez,Luis Abram,Armando Alfageme,Adán Balbín,Cristián Benavente,Luiz da Silva,Carlos Cáceda,Jair Céspedes,Aldo Corzo,Diego Penny,Andy Polo,Raúl Ruidíaz,Yoshimar Yotún
2508169,Alexander Domínguez,Arturo Mina,Frickson Erazo,Juan Paredes,Christian Noboa,Jefferson Montero,Walter Ayoví,Antonio Valencia,Carlos Gruezo,Enner Valencia,Jaime Ayoví,Johny Placide,Mechack Jérôme,Kim Jaggy,Romain Genevois,Stéphane Lambese,Kevin Lafrance,James Marcelin,Kervens Belfort,Sony Nordé,Duckens Nazon,Jean-Eudes Maurice,Robert Arboleda,Michael Arroyo,Máximo Banguera,Miller Bolaños,Juan Cazares,Esteban Dreer,Fernando Gaibor,Pedro Larrea,Fidel Martínez,Ángel Mena,Cristian Ramírez,None,Jean Alcénat,Alex Júnior,Jean Alexandre,Judelin Aveska,Steward Ceus,Réginal Goreux,Wilde Guerrier,Max Hilaire,Jeff Louis,Pascal Millien,Sony Mustivar,Luis Odelus
2508170,Alisson,Dani Alves,Miranda,Gil,Filipe Luís,Elías,Lucas Lima,Renato Augusto,Coutinho,Gabriel Barbosa,Willian,Pedro Gallese,Alberto Rodríguez,Aldo Corzo,Christian Ramos,Adán Balbín,Miguel Trauco,Christian Cueva,Oscar Vilchez,Édison Flores,Andy Polo,Paolo Guerrero,Diego Alves,Douglas Santos,Fabinho,Ganso,Hulk,Jonas,Lucas,Marcelo Grohe,Marquinhos,Rodrigo Caio,Walace,None,Luis Abram,Armando Alfageme,Cristián Benavente,Luiz da Silva,Carlos Cáceda,Jair Céspedes,Alejandro Hohberg,Diego Penny,Renzo Revoredo,Raúl Ruidíaz,Renato Tapia,Yoshimar Yotún
2508171,Andre Blake,Michael Hector,Je-Vaughn Watson,Adrian Mariappa,Kemar Lawrence,Jermaine Taylor,Giles Barnes,Joel McAnuff,Rodolph Austin,Clayton Donaldson,Garath McCleary,Dani Hernández,Wilker Ángel,Oswaldo Vizcarrondo,Roberto Rosales,Rolf Feltscher,Arquímedes Figuera,Tomás Rincón,Luis Seijas,Alejandro Guerra,Salomón Rondón,Josef Martínez,Michael Binns,Rosario Harriott,Duwayne Kerr,Chevone Marsh,Wes Morgan,Dever Orgill,Allan Ottey,Damano Solomon,Ryan Thompson,Andrew Vanzie,Lee Williamson,None,José Contreras,Yonathan Del Valle,Wuilker Faríñez,Alexander González,Yangel Herrera,Juanpi Añor,Rómulo Otero,Adalberto Peñaranda,Christian Santos,Carlos Suarez,José Velázquez,Mikel Villanueva
2508172,Alfredo Talavera,Néstor Araujo,Diego Reyes,Miguel Layún,Héctor Moreno,Rafael Márquez,Javier Aquino,Héctor Herrera,Andrés Guardado,Jesús Corona,Javier Hernández,Fernando Muslera,José Giménez,Diego Godín,Maxi Pereira,Carlos Sánchez,Álvaro Pereira,Nicolás Lodeiro,Matías Vecino,Egidio Arévalo,Edinson Cavani,Diego Rolán,Paul Aguilar,José Corona,Yasser Corona,Jesús Dueñas,Raúl Jiménez,Hirving Lozano,Jesús Molina,Guillermo Ochoa,Carlos Peña,Oribe Peralta,Jorge Torres Nilo,Jürgen Damm,Martín Campaña,Mathias Corujo,Jorge Fucile,Álvaro González,Abel Hernández,Gastón Ramírez,Gastón Silva,Martín Silva,Christian Stuani,Mauricio Victorino,Diego Laxalt,Luis Suárez
2508174,Fernando Muslera,José Giménez,Diego Godín,Maxi Pereira,Gastón Silva,Carlos Sánchez,Gastón Ramírez,Egidio Arévalo,Álvaro González,Christian Stuani,Edinson Cavani,Dani Hernández,Wilker Ángel,Oswaldo Vizcarrondo,Roberto Rosales,Rolf Feltscher,Arquímedes Figuera,Tomás Rincón,Alejandro Guerra,Salomón Rondón,Josef Martínez,Adalberto Peñaranda,Martín Campaña,Mathias Corujo,Jorge Fucile,Abel Hernández,Diego Laxalt,Nicolás Lodeiro,Álvaro Pereira,Diego Rolán,Martín Silva,Luis Suárez,Mauricio Victorino,None,José Contreras,Yonathan Del Valle,Wuilker Faríñez,Alexander González,Yangel Herrera,Juanpi Añor,Rómulo Otero,Luis Seijas,Carlos Suarez,José Velázquez,Mikel Villanueva,None
2508173,Guillermo Ochoa,Néstor Araujo,Yasser Corona,Miguel Layún,Héctor Moreno,Rafael Márquez,Héctor Herrera,Jesús Dueñas,Raúl Jiménez,Jesús Corona,Javier Hernández,Andre Blake,Michael Hector,Wes Morgan,Je-Vaughn Watson,Adrian Mariappa,Jermaine Taylor,Giles Barnes,Joel McAnuff,Lee Williamson,Clayton Donaldson,Garath McCleary,Paul Aguilar,Javier Aquino,José Corona,Hirving Lozano,Jesús Molina,Carlos Peña,Oribe Peralta,Cándido Ramírez,Diego Reyes,Alfredo Talavera,Jorge Torres Nilo,None,Michael Binns,Rosario Harriott,Duwayne Kerr,Kemar Lawrence,Chevone Marsh,Dever Orgill,Allan Ottey,Damano Solomon,Ryan Thompson,Andrew Vanzie,Joel Grant,None
2508175,José Corona,Diego Reyes,Jorge Torres Nilo,Héctor Moreno,Paul Aguilar,Jesús Molina,Javier Aquino,Héctor Herrera,Andrés Guardado,Hirving Lozano,Oribe Peralta,Dani Hernández,Wilker Ángel,Rolf Feltscher,Alexander González,José Velázquez,Tomás Rincón,Luis Seijas,Alejandro Guerra,Yonathan Del Valle,Adalberto Peñaranda,Christian Santos,Néstor Araujo,Jesús Corona,Yasser Corona,Jesús Dueñas,Javier Hernández,Raúl Jiménez,Miguel Layún,Rafael Márquez,Guillermo Ochoa,Carlos Peña,Cándido Ramírez,Alfredo Talavera,José Contreras,Wuilker Faríñez,Yangel Herrera,Juanpi Añor,Josef Martínez,Rómulo Otero,Salomón Rondón,Roberto Rosales,Carlos Suarez,Mikel Villanueva,Oswaldo Vizcarrondo,None
2508176,Fernando Muslera,José Giménez,Diego Godín,Maxi Pereira,Gastón Silva,Carlos Sánchez,Nicolás Lodeiro,Egidio Arévalo,Álvaro González,Abel Hernández,Edinson Cavani,Andre Blake,Michael Hector,Wes Morgan,Je-Vaughn Watson,Adrian Mariappa,Jermaine Taylor,Giles Barnes,Joel McAnuff,Lee Williamson,Clayton Donaldson,Garath McCleary,Martín Campaña,Mathias Corujo,Jorge Fucile,Diego Laxalt,Álvaro Pereira,Gastón Ramírez,Martín Silva,Christian Stuani,Matías Vecino,Mauricio Victorino,Diego Rolán,None,Rodolph Austin,Michael Binns,Joel Grant,Rosario Harriott,Kemar Lawrence,Chevone Marsh,Dever Orgill,Allan Ottey,Damano Solomon,Ryan Thompson,Andrew Vanzie,Duwayne Kerr
2508177,Jaime Penedo,Hárold Cummings,Roderick Miller,Adolfo Machado,Felipe Baloy,Gabriel Gómez,Armando Cooper,Alberto Quintero,Aníbal Godoy,Blas Pérez,Gabriel Torres,Carlos Lampe,Nelson Cabrera,Marvin Bejarano,Ronald Eguino,Edward Zenteno,Diego Bejarano,Martin Smedberg,Yasmani Duk,Fernando Saucedo,Juan Arce,Pedro Azogue,Abdiel Arroyo,Ricardo Buitrago,José Calderón,Miguel Camargo,Fidel Escobar,Martín Gómez,Amilcar Henríquez,Luis Henríquez,Roberto Nurse,Valentín Pimentel,Álex Rodríguez,Luis Tejada,Carmelo Algarañaz,Jhasmani Campos,Raúl Castro,Luis Gutiérrez,Cristhian Machado,Alejandro Meleán,Romel Quiñónez,Rodrigo Ramallo,Erwin Saavedra,Walter Veizaga,Guillermo Viscarra,None
2508178,Sergio Romero,Gabriel Mercado,Ramiro Funes Mori,Javier Mascherano,Marcos Rojo,Nicolás Otamendi,Ángel Di María,Augusto Fernández,Éver Banega,Nicolás Gaitán,Gonzalo Higuaín,Claudio Bravo,Eugenio Mena,Mauricio Isla,Jean Beausejour,Gary Medel,Gonzalo Jara,Arturo Vidal,Charles Aránguiz,Marcelo Díaz,Alexis Sánchez,Eduardo Vargas,Kun Agüero,Mariano Andújar,Lucas Biglia,Víctor Cuesta,Nahuel Guzmán,Matías Kranevitter,Érik Lamela,Ezequiel Lavezzi,Jonatan Maidana,Lionel Messi,Javier Pastore,Facundo Roncaglia,Nicolás Castillo,José Fuenzalida,Pablo Hernández,Johnny Herrera,Fabián Orellana,Mauricio Pinilla,Edson Puch,Erick Pulgar,Enzo Roco,Francisco Silva,Cristopher Toselli,Mark González
2508180,Claudio Bravo,Mauricio Isla,Jean Beausejour,Gary Medel,Gonzalo Jara,Arturo Vidal,Pablo Hernández,Charles Aránguiz,Alexis Sánchez,Mauricio Pinilla,Fabián Orellana,Carlos Lampe,Luis Gutiérrez,Alejandro Meleán,Marvin Bejarano,Ronald Eguino,Edward Zenteno,Erwin Saavedra,Martin Smedberg,Yasmani Duk,Raúl Castro,Juan Arce,Nicolás Castillo,Marcelo Díaz,José Fuenzalida,Mark González,Johnny Herrera,Edson Puch,Erick Pulgar,Enzo Roco,Francisco Silva,Cristopher Toselli,Eduardo Vargas,None,Carmelo Algarañaz,Gilbert Álvarez,Pedro Azogue,Diego Bejarano,Nelson Cabrera,Jhasmani Campos,Cristhian Machado,Romel Quiñónez,Rodrigo Ramallo,Walter Veizaga,Guillermo Viscarra,None
2508179,Sergio Romero,Gabriel Mercado,Ramiro Funes Mori,Javier Mascherano,Marcos Rojo,Nicolás Otamendi,Ángel Di María,Augusto Fernández,Éver Banega,Nicolás Gaitán,Gonzalo Higuaín,Jaime Penedo,Roderick Miller,Adolfo Machado,Luis Henríquez,Felipe Baloy,Gabriel Gómez,Armando Cooper,Alberto Quintero,Aníbal Godoy,Blas Pérez,Valentín Pimentel,Kun Agüero,Mariano Andújar,Lucas Biglia,Víctor Cuesta,Nahuel Guzmán,Matías Kranevitter,Érik Lamela,Ezequiel Lavezzi,Jonatan Maidana,Lionel Messi,Javier Pastore,Facundo Roncaglia,Abdiel Arroyo,Ricardo Buitrago,José Calderón,Miguel Camargo,Hárold Cummings,Fidel Escobar,Martín Gómez,Amilcar Henríquez,Roberto Nurse,Álex Rodríguez,Luis Tejada,Gabriel Torres
2508181,Claudio Bravo,Mauricio Isla,Jean Beausejour,Gary Medel,Gonzalo Jara,Arturo Vidal,José Fuenzalida,Charles Aránguiz,Marcelo Díaz,Alexis Sánchez,Eduardo Vargas,Jaime Penedo,Hárold Cummings,Roderick Miller,Adolfo Machado,Luis Henríquez,Miguel Camargo,Gabriel Gómez,Alberto Quintero,Amilcar Henríquez,Roberto Nurse,Luis Tejada,Nicolás Castillo,Mark González,Pablo Hernández,Johnny Herrera,Fabián Orellana,Mauricio Pinilla,Edson Puch,Erick Pulgar,Enzo Roco,Francisco Silva,Cristopher Toselli,None,Abdiel Arroyo,Ricardo Buitrago,José Calderón,Fidel Escobar,Martín Gómez,Álex Rodríguez,Gabriel Torres,None,None,None,None,None
2508182,Sergio Romero,Facundo Roncaglia,Ramiro Funes Mori,Víctor Cuesta,Nicolás Otamendi,Matías Kranevitter,Érik Lamela,Éver Banega,Gonzalo Higuaín,Kun Agüero,Ezequiel Lavezzi,Carlos Lampe,Luis Gutiérrez,Nelson Cabrera,Alejandro Meleán,Edward Zenteno,Erwin Saavedra,Martin Smedberg,Yasmani Duk,Jhasmani Campos,Juan Arce,Pedro Azogue,Mariano Andújar,Lucas Biglia,Augusto Fernández,Nicolás Gaitán,Nahuel Guzmán,Jonatan Maidana,Javier Mascherano,Gabriel Mercado,Lionel Messi,Javier Pastore,Marcos Rojo,None,Carmelo Algarañaz,Gilbert Álvarez,Diego Bejarano,Marvin Bejarano,Raúl Castro,Ronald Eguino,Cristhian Machado,Romel Quiñónez,Rodrigo Ramallo,Walter Veizaga,Guillermo Viscarra,None
2508183,Brad Guzan,Matt Besler,John Anthony Brooks,Geoff Cameron,Fabian Johnson,Michael Bradley,Clint Dempsey,Alejandro Bedoya,Jermaine Jones,Bobby Wood,Gyasi Zardes,Alexander Domínguez,Arturo Mina,Frickson Erazo,Juan Paredes,Christian Noboa,Jefferson Montero,Walter Ayoví,Michael Arroyo,Antonio Valencia,Carlos Gruezo,Enner Valencia,Kyle Beckerman,Steve Birnbaum,Edgar Castillo,Ethan Horvath,Tim Howard,Perry Kitchen,Darlington Nagbe,Michael Orozco,Christian Pulisic,Chris Wondolowski,Graham Zusi,None,Gabriel Achilier,Robert Arboleda,Jaime Ayoví,Máximo Banguera,Miller Bolaños,Juan Cazares,Esteban Dreer,Fernando Gaibor,Pedro Larrea,Fidel Martínez,Ángel Mena,Cristian Ramírez
2508184,Pedro Gallese,Alberto Rodríguez,Aldo Corzo,Christian Ramos,Miguel Trauco,Christian Cueva,Renato Tapia,Oscar Vilchez,Édison Flores,Andy Polo,Paolo Guerrero,David Ospina,Cristián Zapata,Santiago Arias,Farid Díaz,Jeison Murillo,Carlos Sánchez,Edwin Cardona,James Rodríguez,Juan Cuadrado,Daniel Torres,Carlos Bacca,Luis Abram,Armando Alfageme,Adán Balbín,Cristián Benavente,Luiz da Silva,Carlos Cáceda,Jair Céspedes,Alejandro Hohberg,Diego Penny,Renzo Revoredo,Raúl Ruidíaz,Yoshimar Yotún,Felipe Aguilar,Cristian Bonilla,Guillermo Celis,Frank Fabra,Roger Martínez,Stefan Medina,Yerry Mina,Dayro Moreno,Marlos Moreno,Sebastián Pérez,Andrés Roa,Robinson Zapata
2508185,Sergio Romero,Gabriel Mercado,Ramiro Funes Mori,Javier Mascherano,Marcos Rojo,Nicolás Otamendi,Augusto Fernández,Éver Banega,Nicolás Gaitán,Gonzalo Higuaín,Lionel Messi,Dani Hernández,Wilker Ángel,Oswaldo Vizcarrondo,Rolf Feltscher,Alexander González,Arquímedes Figuera,Tomás Rincón,Luis Seijas,Alejandro Guerra,Salomón Rondón,Josef Martínez,Kun Agüero,Mariano Andújar,Lucas Biglia,Víctor Cuesta,Ángel Di María,Nahuel Guzmán,Matías Kranevitter,Érik Lamela,Ezequiel Lavezzi,Jonatan Maidana,Javier Pastore,Facundo Roncaglia,José Contreras,Yonathan Del Valle,Wuilker Faríñez,Yangel Herrera,Juanpi Añor,Rómulo Otero,Roberto Rosales,Christian Santos,Carlos Suarez,José Velázquez,Mikel Villanueva,Rafael Dudamel
2508186,Guillermo Ochoa,Néstor Araujo,Miguel Layún,Héctor Moreno,Paul Aguilar,Héctor Herrera,Andrés Guardado,Jesús Dueñas,Hirving Lozano,Jesús Corona,Javier Hernández,Claudio Bravo,Jean Beausejour,Gary Medel,Gonzalo Jara,Arturo Vidal,José Fuenzalida,Charles Aránguiz,Marcelo Díaz,Alexis Sánchez,Eduardo Vargas,Edson Puch,Javier Aquino,José Corona,Yasser Corona,Raúl Jiménez,Rafael Márquez,Jesús Molina,Carlos Peña,Oribe Peralta,Cándido Ramírez,Diego Reyes,Alfredo Talavera,Jorge Torres Nilo,Nicolás Castillo,Mark González,Pablo Hernández,Johnny Herrera,Fabián Orellana,Mauricio Pinilla,Erick Pulgar,Enzo Roco,Francisco Silva,Cristopher Toselli,None,None
2508187,Brad Guzan,DeAndre Yedlin,John Anthony Brooks,Geoff Cameron,Fabian Johnson,Michael Bradley,Clint Dempsey,Kyle Beckerman,Graham Zusi,Gyasi Zardes,Chris Wondolowski,Sergio Romero,Gabriel Mercado,Ramiro Funes Mori,Javier Mascherano,Marcos Rojo,Nicolás Otamendi,Augusto Fernández,Éver Banega,Gonzalo Higuaín,Lionel Messi,Ezequiel Lavezzi,Matt Besler,Steve Birnbaum,Edgar Castillo,Ethan Horvath,Tim Howard,Perry Kitchen,Darlington Nagbe,Michael Orozco,Christian Pulisic,None,None,None,Kun Agüero,Mariano Andújar,Lucas Biglia,Víctor Cuesta,Ángel Di María,Matías Kranevitter,Érik Lamela,Jonatan Maidana,Javier Pastore,Facundo Roncaglia,Nahuel Guzmán,None
2508188,David Ospina,Cristián Zapata,Santiago Arias,Frank Fabra,Jeison Murillo,Carlos Sánchez,Edwin Cardona,James Rodríguez,Juan Cuadrado,Daniel Torres,Roger Martínez,Claudio Bravo,Mauricio Isla,Jean Beausejour,Gary Medel,Gonzalo Jara,Francisco Silva,Pablo Hernández,José Fuenzalida,Charles Aránguiz,Alexis Sánchez,Eduardo Vargas,Felipe Aguilar,Carlos Bacca,Cristian Bonilla,Guillermo Celis,Farid Díaz,Stefan Medina,Yerry Mina,Dayro Moreno,Marlos Moreno,Sebastián Pérez,Andrés Roa,Robinson Zapata,Nicolás Castillo,Marcelo Díaz,Mark González,Johnny Herrera,Eugenio Mena,Fabián Orellana,Mauricio Pinilla,Edson Puch,Erick Pulgar,Enzo Roco,Cristopher Toselli,None
2508189,Tim Howard,DeAndre Yedlin,Matt Besler,Michael Orozco,Geoff Cameron,Michael Bradley,Clint Dempsey,Alejandro Bedoya,Jermaine Jones,Bobby Wood,Gyasi Zardes,David Ospina,Cristián Zapata,Santiago Arias,Frank Fabra,Jeison Murillo,Guillermo Celis,Edwin Cardona,James Rodríguez,Juan Cuadrado,Daniel Torres,Carlos Bacca,Kyle Beckerman,Steve Birnbaum,John Anthony Brooks,Edgar Castillo,Brad Guzan,Ethan Horvath,Fabian Johnson,Perry Kitchen,Darlington Nagbe,Christian Pulisic,Chris Wondolowski,Graham Zusi,Felipe Aguilar,Cristian Bonilla,Roger Martínez,Stefan Medina,Yerry Mina,Dayro Moreno,Marlos Moreno,Sebastián Pérez,Andrés Roa,Robinson Zapata,None,None
2508190,Sergio Romero,Gabriel Mercado,Ramiro Funes Mori,Javier Mascherano,Marcos Rojo,Nicolás Otamendi,Lucas Biglia,Ángel Di María,Éver Banega,Gonzalo Higuaín,Lionel Messi,Claudio Bravo,Mauricio Isla,Jean Beausejour,Gary Medel,Gonzalo Jara,Arturo Vidal,José Fuenzalida,Charles Aránguiz,Marcelo Díaz,Alexis Sánchez,Eduardo Vargas,Kun Agüero,Mariano Andújar,Víctor Cuesta,Augusto Fernández,Nicolás Gaitán,Nahuel Guzmán,Matías Kranevitter,Érik Lamela,Jonatan Maidana,Javier Pastore,Facundo Roncaglia,None,Nicolás Castillo,Mark González,Pablo Hernández,Johnny Herrera,Fabián Orellana,Mauricio Pinilla,Edson Puch,Erick Pulgar,Enzo Roco,Francisco Silva,Cristopher Toselli,None
