GameID,Minute,Scorer,Team
1808021,104,Úbeda,CD Sariñena
1808030,34,Guzmán,UE Sant Andreu
1808030,83,Francis,UE Sant Andreu
1808030,2,Paolo Etamané,Peña Deportiva
1808022,109,Gorka Luariz,CD Laudio
1808022,119,Germán Beltrán,CD Laudio
1808022,66,Saizar,Real Unión
1808022,89,Aimar,Real Unión
1808023,29,Martín Mantovani,CD Leganés
1808023,44,Valleros,CD Leganés
1808023,78,Carlos Álvarez,CD Leganés
1808025,33,Xavi Ferrón,UE Olot
1808025,51,Xavi Ferrón,UE Olot
1808025,90,Arnal,UE Olot
1808025,15,Luismi,Huracán CF
1808025,55,Perona,Huracán CF
1808026,101,Miguel,CD Tuilla
1808028,12,Goti,Barakaldo CF
1808027,74,Marcos Landeira,Caudal Deportivo
1808029,91,Querol,Gimnàstic
1808029,104,Javi Rubio,CD Alcoyano
1808034,35,Menudo,FC Cartagena
1808034,38,Antonio Megías,FC Cartagena
1808034,2,Toledo,CD Guadalajara
1808035,26,Gabri,Burgos CF
1808035,92,Abdón,Burgos CF
1808035,116,Abdón,Burgos CF
1808035,90,Lusarreta,AD San Juan
1808024,10,Tariq,SD Huesca
1808031,46,José Ruiz,Extremadura UD
1808031,38,Sergio Molina,Albacete
1808031,79,Calle,Albacete
1808032,3,Javi López,Écija Balompié
1808032,73,Toni Vela,Écija Balompié
1808032,8,Carlos Martínez,Lorca FC
1808032,69,Carlos Martínez,Lorca FC
1808033,100,Juanillo,CD El Palo
1808033,105,Oli,CD El Palo
1808036,52,Pedro,Algeciras CF
1808036,69,Borja Romero,Algeciras CF
1808036,21,Félix Rial,Novelda CF
1808037,24,Ocaña,CD San Fernando
1809042,89,Viguera,CD Alavés
1809043,77,Gerard,RCD Mallorca
1809043,22,Dani Pacheco,AD Alcorcón
1809043,36,Antonio Martínez,AD Alcorcón
1809043,54,Óscar Plano,AD Alcorcón
1809043,66,Óscar Plano,AD Alcorcón
1809051,84,Juncà,Girona FC
1809051,85,Felipe Sanchón,Girona FC
1809051,44,Robusté,SD Ponferradina
1815672,64,Querol,Gimnàstic
1815672,75,Samu,Albacete
1815676,28,Xavi Jiménez,UE Sant Andreu
1815676,63,Francis,UE Sant Andreu
1809044,50,Gato,CE Sabadell
1809044,14,Masoud Shojaei,UD Las Palmas
1809044,83,Asdrúbal Padrón,UD Las Palmas
1809044,90,Tato,UD Las Palmas
1809041,10,Mousa Bandeh,CE LHospitalet
1809041,100,Haro,CE LHospitalet
1809041,16,Javi Soria,Racing Santander
1809041,65,Javi Soria,Racing Santander
1809041,75,Mamadou Koné,Racing Santander
1809041,106,Andreu,Racing Santander
1809041,119,Miguélez,Racing Santander
1815677,84,Imaz,Lleida Esportiu
1815677,90,Dídac Devesa,Lleida Esportiu
1809049,53,Urko Vera,SD Eibar
1815666,3,Gabri,Burgos CF
1815666,69,Héctor,Burgos CF
1815666,74,Abdón,Burgos CF
1815678,15,Carlos Martínez,CD Leganés
1815678,22,Carlos Martínez,CD Leganés
1815678,55,Velasco,CD Leganés
1815678,75,Velasco,CD Leganés
1815678,90,Sergio Postigo,CD Leganés
1815678,76,Ezequiel,Lucena CF
1815670,47,Breixo,Haro Deportivo
1815679,55,Christian,Olímpic Xàtiva
1815680,54,Iván Aguilar,Xerez CD
1815680,31,Molino,CF Fuenlabrada
1815674,62,Fede,FC Cartagena
1809046,22,Pablo Álvarez,CD Lugo
1809046,3,Muñiz,CD Mirandés
1809047,40,Jonathan Mejía,Real Jaén
1809048,17,Linares,Recreativo Huelva
1809048,69,Linares,Recreativo Huelva
1809048,115,Ezequiel,Recreativo Huelva
1809048,66,Dejan Lekić,Sporting Gijón
1809048,74,Iván Hernández,Sporting Gijón
1809050,1,De Lucas,Hércules CF
1809050,77,Álex Muñoz,Hércules CF
1815675,16,Larrucea,CD Laudio
1815675,78,Del Álamo,CD Laudio
1809045,23,Carlos Caballero,Córdoba CF
1809045,73,Abel,Córdoba CF
1809045,49,Diego Seoane,Deportivo La Coruña
1809045,58,Luis,Deportivo La Coruña
1815673,114,David Pérez,CD Tudelano
1818156,85,Jordi Martí,CD Tudelano
1818156,49,Antonio Megías,FC Cartagena
1818156,66,Fede,FC Cartagena
1818156,83,Fernando,FC Cartagena
1818156,88,Menudo,FC Cartagena
1818163,70,Servando,Real Jaén
1818163,77,Juanma,Real Jaén
1818161,54,Bergara,CD Laudio
1818161,111,Bergara,CD Laudio
1818161,72,Belda,Olímpic Xàtiva
1818161,113,Pau Franch,Olímpic Xàtiva
1818157,16,Breixo,Haro Deportivo
1818157,14,Ryan Harper,Algeciras CF
1818158,7,Marcos,Gimnàstic
1818160,89,Iván Aguilar,Xerez CD
1818160,3,Imaz,Lleida Esportiu
1818160,71,Imaz,Lleida Esportiu
1818160,84,Mata,Lleida Esportiu
1818159,17,Álvaro García,CD Leganés
1818159,48,Javi Soria,Racing Santander
1818164,79,Joselu,Recreativo Huelva
1818166,44,Urko Vera,SD Eibar
1818166,73,Capa,SD Eibar
1818166,98,Christian Alfonso,AD Alcorcón
1818165,10,Macauley Chrisantus,UD Las Palmas
1818165,17,Momo,UD Las Palmas
1818165,47,Tana,UD Las Palmas
1831693,56,Pere Milla,Lleida Esportiu
1831693,26,Verdú,Betis Sevilla
1831693,42,Molina,Betis Sevilla
1831675,22,Giovani dos Santos,Villarreal CF
1831675,89,Javier Aquino,Villarreal CF
1831675,61,Pelegrín,Elche CF
1831675,66,Richmond Boakye,Elche CF
1831671,63,Jesús Alfaro,Algeciras CF
1831671,58,Antoine Griezmann,Real Sociedad San Sebastian
1831679,4,Jairo,Sevilla FC
1831667,15,Fernando,FC Cartagena
1831667,36,Pedro,FC Barcelona
1831667,42,Cesc Fàbregas,FC Barcelona
1831667,75,Pedro,FC Barcelona
1831667,89,Jean Dongou,FC Barcelona
1831691,12,Raúl García,Atlético Madrid
1831691,20,Arda Turan,Atlético Madrid
1831691,55,Arda Turan,Atlético Madrid
1831691,84,David Villa,Atlético Madrid
1831669,15,David Timor,Girona FC
1831669,37,Ciprian Marica,Getafe CF
1831695,71,Santi Mina,Celta Vigo
1831665,89,Ruymán,Recreativo Huelva
1831681,30,Odion Ighalo,Granada CF
1831681,81,Odion Ighalo,Granada CF
1831677,73,Nauzet Alemán,UD Las Palmas
1831677,14,Óscar Díaz,UD Almería
1831677,20,Aleix Vidal,UD Almería
1831677,25,Óscar Díaz,UD Almería
1831683,70,Jozabed,Real Jaén
1831683,44,David López,Espanyol Barcelona
1831683,64,Sidnei,Espanyol Barcelona
1831683,87,Christian Stuani,Espanyol Barcelona
1831687,31,Sergio Sánchez,Málaga CF
1831687,38,Antunes,Málaga CF
1831687,47,Juanmi,Málaga CF
1831687,57,Roberto Torres,CA Osasuna
1831687,61,Manuel Onwu,CA Osasuna
1831687,78,Emiliano Armenteros,CA Osasuna
1831666,4,Simão,Levante UD
1831666,18,Rubén García,Levante UD
1831666,30,Andreas Ivanschitz,Levante UD
1831666,53,Camarasa,Levante UD
1831670,1,Pablo Sarabia,Getafe CF
1831670,4,Colunga,Getafe CF
1831670,34,Lafita,Getafe CF
1831670,72,Lisandro López,Getafe CF
1831670,58,Jandro,Girona FC
1831676,55,Jérémy Perbet,Villarreal CF
1831688,1,Weligton,Málaga CF
1831688,61,Eliseu,Málaga CF
1831668,30,Pedro,FC Barcelona
1831668,88,Neymar,FC Barcelona
1831668,67,Mariano,FC Cartagena
1831682,41,Héctor Verdés,AD Alcorcón
1831682,82,Nagore,AD Alcorcón
1831672,40,Javi Ros,Real Sociedad San Sebastian
1831672,66,Haris Seferović,Real Sociedad San Sebastian
1831672,70,Antoine Griezmann,Real Sociedad San Sebastian
1831672,75,Carlos Vela,Real Sociedad San Sebastian
1831692,77,Héctor Hernández,Atlético Madrid
1831692,90,Toby Alderweireld,Atlético Madrid
1831692,14,Carroza,UE Sant Andreu
1831694,5,Paulão,Betis Sevilla
1831694,10,Amaya,Betis Sevilla
1831694,38,Monforte,Lleida Esportiu
1831694,55,Mata,Lleida Esportiu
1831680,62,Miguélez,Racing Santander
1831680,89,Mamadou Koné,Racing Santander
1831686,15,Illarra,Real Madrid
1831686,27,Ángel Di María,Real Madrid
1831664,31,Adrián,Rayo Vallecano
1831664,86,Adrián,Rayo Vallecano
1831664,89,Bueno,Rayo Vallecano
1831664,27,Javi Guerra,Real Valladolid
1831684,12,Simão,Espanyol Barcelona
1831684,85,Sidnei,Espanyol Barcelona
1831690,36,Paco Alcácer,Valencia CF
1831696,20,Muniain,Athletic Bilbao
1831696,43,Susaeta,Athletic Bilbao
1831696,79,Muniain,Athletic Bilbao
1831696,85,Aduriz,Athletic Bilbao
2186836,90,Hélder Postiga,Valencia CF
2186836,71,Raúl García,Atlético Madrid
2186823,71,Dani Pacheco,AD Alcorcón
2186840,42,Rubén Castro,Betis Sevilla
2186816,8,Cesc Fàbregas,FC Barcelona
2186816,63,Cesc Fàbregas,FC Barcelona
2186816,89,Lionel Messi,FC Barcelona
2186816,90,Lionel Messi,FC Barcelona
2186839,66,Concha,Racing Santander
2186839,26,Corona,UD Almería
2186819,19,Karim Benzema,Real Madrid
2186819,60,Jesé,Real Madrid
2186838,61,Mariano,Racing Santander
2186838,79,Rubén Durán,Racing Santander
2186837,51,Diego Godín,Atlético Madrid
2186837,88,Raúl García,Atlético Madrid
2186824,10,Simão,Espanyol Barcelona
2186824,23,Sergio García,Espanyol Barcelona
2186824,84,Víctor Álvarez,Espanyol Barcelona
2186824,87,Pizzi,Espanyol Barcelona
2186824,4,Óscar Plano,AD Alcorcón
2186824,80,Javito,AD Alcorcón
2186841,23,Mikel Rico,Athletic Bilbao
2186841,67,Mikel Rico,Athletic Bilbao
2186818,42,Barral,Levante UD
2186820,22,Cristiano Ronaldo,Real Madrid
2186820,56,Ángel Di María,Real Madrid
2186822,32,Javi Ros,Real Sociedad San Sebastian
2185214,44,Lionel Messi,FC Barcelona
2185214,63,Lionel Messi,FC Barcelona
2193498,25,Karim Benzema,Real Madrid
2193316,3,Mikel,Real Sociedad San Sebastian
2193316,32,Mikel,Real Sociedad San Sebastian
2193316,62,Carlos Vela,Real Sociedad San Sebastian
2193316,82,Mamadou Koné,Racing Santander
2193502,30,Nabil El Zhar,Levante UD
2193502,53,Juanfran,Levante UD
2193502,60,Cristian Tello,FC Barcelona
2193502,81,Cristian Tello,FC Barcelona
2193502,87,Cristian Tello,FC Barcelona
2193318,41,Diego Godín,Atlético Madrid
2193499,7,Jesé,Real Madrid
2193319,42,Aduriz,Athletic Bilbao
2193319,55,Raúl García,Atlético Madrid
2193319,85,Diego Costa,Atlético Madrid
2193504,9,Sergi Roberto,FC Barcelona
2193504,28,Adriano,FC Barcelona
2193504,44,Puyol,FC Barcelona
2193504,50,Alexis Sánchez,FC Barcelona
2193504,51,Alexis Sánchez,FC Barcelona
2193504,68,Cesc Fàbregas,FC Barcelona
2193594,17,Pepe,Real Madrid
2193594,57,Jesé,Real Madrid
2193594,74,Ángel Di María,Real Madrid
2193588,44,Busquets,FC Barcelona
2193588,60,Zubikarai,Real Sociedad San Sebastian
2193595,7,Cristiano Ronaldo,Real Madrid
2193595,16,Cristiano Ronaldo,Real Madrid
2193589,87,Antoine Griezmann,Real Sociedad San Sebastian
2193589,27,Lionel Messi,FC Barcelona
2193592,68,Bartra,FC Barcelona
2193592,11,Ángel Di María,Real Madrid
2193592,85,Gareth Bale,Real Madrid
