GameID,Minute,PlayerIn,PlayerOut,Team
2251072,80,Antonio Floro Flores,Domenico Berardi,Sassuolo Calcio
2251072,80,Leonardo Pavoletti,Simone Zaza,Sassuolo Calcio
2251072,85,Raman Chibsah,Davide Biondini,Sassuolo Calcio
2251072,43,Federico Gerardi,Claudio Coralli,AS Cittadella
2251072,63,Mattia Minesso,Antonio Palma,AS Cittadella
2251072,80,Daniel Cappelletti,Simone Pecorini,AS Cittadella
2250144,64,Matti Lund Nielsen,Gianluca Caprari,Pescara Calcio
2250144,69,Ali Sowe,Flavio Lazzari,Pescara Calcio
2250144,90,Federico Melchiorri,Riccardo Maniero,Pescara Calcio
2250144,60,Sergio Pellissier,Alberto Paloschi,Chievo Verona
2250144,72,Dejan Lazarevič,Valter Birsa,Chievo Verona
2250144,90,Nicola Bellomo,Dario Dainelli,Chievo Verona
2251081,60,Richmond Boakye,Maximiliano Moralez,Atalanta
2251081,74,Leonardo Spinazzola,Marcelo Estigarribia,Atalanta
2251081,78,Rolando Bianchi,Germán Denis,Atalanta
2251081,46,Aiman Napoli,Filippo Costa,AC Pisa
2251081,46,Eros Pellegrini,Giuseppe Giovinco,AC Pisa
2251081,79,Rachid Arma,Massimo Paci,AC Pisa
2251074,34,Krisztián Tamás,Andrea Cristiano,AS Varese 1910
2251074,52,Andrea Barberis,Luca Tremolada,AS Varese 1910
2251074,90,Luigi Falcone,Arturo Lupoli,AS Varese 1910
2251074,54,Marco Sansovini,Gianluca Litteri,Virtus Entella
2251074,80,Cephas Malele,Stefano Moreo,Virtus Entella
2251084,67,Vittorio Parigini,Diego Falcinelli,AC Perugia Calcio
2251084,72,Marco Fossati,Nicolò Fazzi,AC Perugia Calcio
2251084,82,Darío Flores,Edoardo Goldaniga,AC Perugia Calcio
2251084,46,Patrick Ciurria,Pasquale Schiattarella,Spezia Calcio
2251084,71,Marko Bakić,Osariemen Ebagua,Spezia Calcio
2251084,79,Matteo Ardemagni,Antonini Čulina,Spezia Calcio
2251392,46,Andrea Belotti,Robin Quaison,US Palermo
2251392,67,Enzo Maresca,Luca Rigoni,US Palermo
2251392,83,Francesco Bolzoni,Milan Milanović,US Palermo
2251392,59,Amidu Salifu,Riccardo Nardini,Modena FC
2251392,67,Davide Luppi,Wilfred Osuji,Modena FC
2251392,74,Thiago Rangel Cionek,Davide Zoboli,Modena FC
2251082,82,Michele Camporese,Simone Salviato,FC Bari 1908
2251082,87,Marco Romizi,Adrian Stoian,FC Bari 1908
2251082,90,Diego Albadoro,Daniele Sciaudone,FC Bari 1908
2251082,46,Gianmario Comi,Mohamed Soumaré,US Avellino
2251082,68,Antonio Zito,Luca Bittante,US Avellino
2251082,79,Demiro Pozzebon,Andrea Arrighini,US Avellino
2251085,56,Caio Rangel,Diego Farias,Cagliari Calcio
2251085,80,Samuele Longo,Marco Sau,Cagliari Calcio
2251085,89,Godfred Donsah,Lorenzo Crisetig,Cagliari Calcio
2251085,37,Fabián Rinaudo,Sergio Almirón,Calcio Catania
2251085,51,Nicolás Spolli,Ciro Capuano,Calcio Catania
2251085,80,Adrián Calello,Alessandro Rosina,Calcio Catania
2251079,58,Leonardo Gatto,Manuel Turchi,Virtus Lanciano
2251079,68,Marco Pinato,Gaetano Vastola,Virtus Lanciano
2251079,80,Gaetano Monachello,Mame Thiam,Virtus Lanciano
2251079,46,Leandro Greco,Stefano Sturaro,FC Genua
2251079,56,Edenilson,Andrea Bertolacci,FC Genua
2251079,85,Armando Izzo,Aleandro Rosi,FC Genua
2251073,46,Antonio Candreva,Felipe Anderson,Lazio Rom
2251073,66,Lucas Biglia,Cristian Ledesma,Lazio Rom
2251073,70,Miroslav Klose,Filip Đorđević,Lazio Rom
2251073,50,Luca Cattaneo,Giacomo Cenetti,Bassano Virtus
2251073,56,Filippo Stevanin,Daniel Semenzato,Bassano Virtus
2251073,76,Luca Munarini,Tommy Maistrello,Bassano Virtus
2251076,78,Racine Coly,Isaac Ntow,Brescia Calcio
2251076,90,Leonardo Morosini,Daniele Corvia,Brescia Calcio
2251076,54,Doudou Mangni,Michele Paolucci,Latina Calcio
2251083,71,Nenê,Juan Gómez,Hellas Verona
2251083,71,Mattia Valoti,Boško Janković,Hellas Verona
2251083,79,Artur Ioniță,Luca Toni,Hellas Verona
2251083,71,Daniele Mascolo,Andrea Brighenti,US Cremonese
2251083,71,Robert Tripsa,Mattia Lombardo,US Cremonese
2251083,83,Rey Manaj,Mattia Marchi,US Cremonese
2251075,41,Gianluca Sansone,Manolo Gabbiadini,Sampdoria
2251075,68,Nenad Krstičić,Pedro Obiang,Sampdoria
2251075,76,Fabrizio Cacciatore,Bartosz Salamon,Sampdoria
2251075,46,Andrea Ardito,Alessandro Comentale,Calcio Como
2251075,57,Edoardo Defendi,Simone Ganz,Calcio Como
2251075,65,Giovanni Cristofari,Gabriele Rolando,Calcio Como
2251078,18,Zé Eduardo,Andrea Tabanelli,AC Cesena
2251078,52,Milan Đurić,Gregoire Defrel,AC Cesena
2251078,81,Giuseppe De Feudis,Manuel Coppola,AC Cesena
2251078,54,Francesco Alvino,Nicola Mancino,Casertana FC
2251078,59,Salvatore Caturano,Adama Diakite,Casertana FC
2251078,77,Evangelista Cunzi,Francesco Marano,Casertana FC
2251080,46,Mário Rui,Vincent Laurini,Empoli FC
2251080,62,Manuel Pucciarelli,Levan Mchedlidze,Empoli FC
2251080,76,Diego Laxalt,Simone Verdi,Empoli FC
2251080,46,Marco Pomante,Andrea Zaffagnini,LAquila Calcio
2251080,56,Giacomo Zappacosta,Salvatore Sandomenico,LAquila Calcio
2251080,72,Daniele Bernasconi,Raffaele Perna,LAquila Calcio
2251077,60,Giampiero Pinzi,Bruno Fernandes,Udinese Calcio
2251077,73,Panagiotis Kone,Allan,Udinese Calcio
2251077,80,Nicolás López,,Udinese Calcio
2251077,17,Alessandro Bastrini,Luigi Vitale,Ternana Calcio
2251077,46,Davide Gavazzi,Marco Piredda,Ternana Calcio
2251077,73,César Falletti,Fabio Ceravolo,Ternana Calcio
2273443,46,Edson Braafheid,Ederson,Lazio Rom
2273443,73,Álvaro González,Senad Lulić,Lazio Rom
2273443,76,Stefano Mauri,Filip Đorđević,Lazio Rom
2273443,46,Leonardo Capezzi,Emanuel Rivas,AS Varese 1910
2273443,59,Bruno Petković,Neto,AS Varese 1910
2273443,76,Dennis Scapinello,Andrea Barberis,AS Varese 1910
2273445,72,Ettore Gliozzi,Simone Zaza,Sassuolo Calcio
2273445,72,Sergio Floccari,Antonio Floro Flores,Sassuolo Calcio
2273445,78,Francesco Magnanelli,Davide Biondini,Sassuolo Calcio
2273445,64,Riccardo Maniero,Federico Melchiorri,Pescara Calcio
2273445,70,Matteo Politano,Fabrizio Grillo,Pescara Calcio
2273445,84,Christian Pasquato,Birkir Bjarnason,Pescara Calcio
2273442,75,Nicolás López,Javier Saviola,Hellas Verona
2273442,75,Lazaros Christodoulopoulos,Mattia Valoti,Hellas Verona
2273442,89,Mohamed Fares,Nenê,Hellas Verona
2273442,24,Vinícius Freitas,Alessandro Crescenzi,AC Perugia Calcio
2273442,56,Brayan Perea,Michael Rabušic,AC Perugia Calcio
2273442,67,Valerio Verre,Diego Falcinelli,AC Perugia Calcio
2273439,46,Alberto Grassi,Daniele Baselli,Atalanta
2273439,65,Marco DAlessandro,Leonardo Spinazzola,Atalanta
2273439,79,Boukary Dramé,Giuseppe Biava,Atalanta
2273439,46,Moussa Koné,Mariano Arini,US Avellino
2273439,56,Gianmario Comi,Luigi Castaldo,US Avellino
2273439,70,Jherson Vergara,Rodrigo Ely,US Avellino
2273441,58,Mirko Valdifiori,Daniele Croce,Empoli FC
2273441,64,Lorenzo Tonelli,Mário Rui,Empoli FC
2273441,75,Rodrigo Aguirre,Levan Mchedlidze,Empoli FC
2273441,54,Mauricio Pinilla,Ioannis Fetfatzidis,FC Genua
2273441,64,Alessandro Matri,Luca Antonini,FC Genua
2273441,80,Tomás Rincón,Leandro Greco,FC Genua
2273446,72,Cyril Théréau,Guilherme,Udinese Calcio
2273446,85,Lucas Evangelista,Giampiero Pinzi,Udinese Calcio
2273446,102,Panagiotis Kone,Bruno Fernandes,Udinese Calcio
2273446,46,Gregoire Defrel,Andrea Tabanelli,AC Cesena
2273446,47,Riccardo Cazzola,Luca Valzania,AC Cesena
2273446,69,Stefano Lucchini,Davide Succi,AC Cesena
2273440,36,Diego Farias,Caio Rangel,Cagliari Calcio
2273440,73,Lorenzo Crisetig,Daniele Dessena,Cagliari Calcio
2273440,81,Samuele Longo,Antonio Balzano,Cagliari Calcio
2273440,58,Alessandro Martinelli,Francesco Signori,Modena FC
2273440,69,Luca Nizzetto,Stefano Beltrame,Modena FC
2273440,77,Alessandro Gatto,Davide Luppi,Modena FC
2273444,46,Francesco Fedato,Gianluca Sansone,Sampdoria
2273444,65,Luka Đorđević,Manolo Gabbiadini,Sampdoria
2273444,87,Karlo Lulić,Pedro Obiang,Sampdoria
2273444,49,Leonardo Morosini,Alessio Sestu,Brescia Calcio
2273444,56,Marco Valotti,Antonio Caracciolo,Brescia Calcio
2273444,81,Andrea Razzitti,Rubén Olivera,Brescia Calcio
2313307,46,Daniele Bonera,Mattia De Sciglio,AC Mailand
2313307,83,Riccardo Montolivo,Alessio Cerci,AC Mailand
2313307,86,Simone Zaza,Leonardo Pavoletti,Sassuolo Calcio
2313307,87,Domenico Berardi,Raman Chibsah,Sassuolo Calcio
2313307,88,Antonio Floro Flores,Nicola Sansone,Sassuolo Calcio
2313308,13,Lucas Souza,Andi Lila,Parma Calcio 1913
2313308,69,Nicola Pozzi,Antonio Cassano,Parma Calcio 1913
2313308,78,Fabiano Santacroce,Felipe,Parma Calcio 1913
2313308,46,Godfred Donsah,Josef Hušbauer,Cagliari Calcio
2313308,56,Marco Sau,Alessandro Capello,Cagliari Calcio
2313308,79,Marco Capuano,Daniele Conti,Cagliari Calcio
2313309,46,Maxi López,Amauri,FC Turin
2313309,57,Luca Castellazzi,Cristian Molinaro,FC Turin
2313309,61,Alexander Farnerud,Pontus Jansson,FC Turin
2313309,68,Dušan Basta,Abdoulay Konko,Lazio Rom
2313309,73,Bruno Pereirinha,Danilo Cataldi,Lazio Rom
2313309,89,Mamadou Tounkara,Marco Parolo,Lazio Rom
2313305,39,Giorgio Chiellini,Angelo Ogbonna,Juventus Turin
2313305,65,Kingsley Coman,Sebastian Giovinco,Juventus Turin
2313305,82,Federico Mattiello,Stephan Lichtsteiner,Juventus Turin
2313305,65,Leandro Greco,Panagiotis Tachtsidis,Hellas Verona
2313305,69,Ivan Martić,Emil Hallfreðsson,Hellas Verona
2313305,84,Pierluigi Cappelluzzo,Nicolás López,Hellas Verona
2313306,24,José Holebas,Ashley Cole,AS Rom
2313306,67,Adem Ljajić,Francesco Totti,AS Rom
2313306,80,Leandro Paredes,Miralem Pjanić,AS Rom
2313306,52,Elseid Hysaj,Vincent Laurini,Empoli FC
2313306,56,Piotr Zieliński,Riccardo Saponara,Empoli FC
2313306,69,Simone Verdi,Massimo Maccarone,Empoli FC
2313304,66,Matías Fernández,Borja Valero,AC Florenz
2313304,71,Khouma Babacar,Mario Gomez,AC Florenz
2313304,76,Alessandro Diamanti,Juan Cuadrado,AC Florenz
2313304,46,Giuseppe Biava,Guglielmo Stendardo,Atalanta
2313304,61,Valerio Rosseti,Richmond Boakye,Atalanta
2313304,69,Marco DAlessandro,Leonardo Spinazzola,Atalanta
2251516,79,Federico Bonazzoli,Xherdan Shaqiri,Inter Mailand
2251516,89,George Pușcaș,Dodô,Inter Mailand
2251516,90,Joel Obi,Mauro Icardi,Inter Mailand
2251516,45,Matías Silvestre,Fabrizio Cacciatore,Sampdoria
2251516,46,Alfred Duncan,Roberto Soriano,Sampdoria
2251516,68,Lorenzo De Silvestri,Luca Rizzo,Sampdoria
2313310,72,Jonathan de Guzmán,Walter Gargano,SSC Neapel
2313310,84,José Callejón,Manolo Gabbiadini,SSC Neapel
2313310,111,Gonzalo Higuaín,Duván Zapata,SSC Neapel
2313310,73,Rodrigo Aguirre,Cyril Théréau,Udinese Calcio
2313310,73,Panagiotis Kone,Nabil Jaadi,Udinese Calcio
2313310,77,Guilherme,Melker Hallberg,Udinese Calcio
2251517,51,Keisuke Honda,Sulley Ali Muntari,AC Mailand
2251517,79,Marco van Ginkel,Andrea Poli,AC Mailand
2251517,80,Suso,Michelangelo Albertazzi,AC Mailand
2251517,46,Diego Novaretti,Danilo Cataldi,Lazio Rom
2251517,54,Dušan Basta,Mauricio,Lazio Rom
2251517,83,Bruno Pereirinha,Abdoulay Konko,Lazio Rom
2322676,35,Fabiano Santacroce,Pedro Mendes,Parma Calcio 1913
2322676,90,Varela,Andrea Rispoli,Parma Calcio 1913
2322676,71,Paul Pogba,Arturo Vidal,Juventus Turin
2322676,76,Morata,Kingsley Coman,Juventus Turin
2322676,90,Martín Cáceres,Simone Pepe,Juventus Turin
2322675,58,Miralem Pjanić,Leandro Paredes,AS Rom
2322675,73,Víctor Ibarbo,Francesco Totti,AS Rom
2322675,80,Daniele Verde,Maicon,AS Rom
2322675,69,Josip Iličič,Alessandro Diamanti,AC Florenz
2322675,79,Matías Fernández,Borja Valero,AC Florenz
2322675,90,Khouma Babacar,Mario Gomez,AC Florenz
2322674,72,Dries Mertens,José Callejón,SSC Neapel
2322674,76,Manolo Gabbiadini,Marek Hamšík,SSC Neapel
2322674,84,Faouzi Ghoulam,Jonathan de Guzmán,SSC Neapel
2322674,74,Fredy Guarín,Hernanes,Inter Mailand
2322674,86,Dodô,Davide Santon,Inter Mailand
2251518,72,Keita Baldé,Antonio Candreva,Lazio Rom
2251518,82,Brayan Perea,Miroslav Klose,Lazio Rom
2251518,73,José Callejón,Manolo Gabbiadini,SSC Neapel
2251518,77,Kalidou Koulibaly,Miguel Britos,SSC Neapel
2251518,81,Marek Hamšík,Jonathan de Guzmán,SSC Neapel
2251519,37,Carlos Tévez,Kingsley Coman,Juventus Turin
2251519,59,Morata,Llorente,Juventus Turin
2251519,73,Roberto Pereyra,Simone Pepe,Juventus Turin
2251519,63,Josip Iličič,Mario Gomez,AC Florenz
2251519,74,Alessandro Diamanti,Mohamed Salah,AC Florenz
2251519,78,Alberto Aquilani,Milan Badelj,AC Florenz
2337668,66,Alessandro Diamanti,Joaquín,AC Florenz
2337668,73,Khouma Babacar,Mario Gomez,AC Florenz
2337668,83,Nenad Tomović,Gonzalo Rodríguez,AC Florenz
2337668,74,Kingsley Coman,Alessandro Matri,Juventus Turin
2337668,83,Angelo Ogbonna,Roberto Pereyra,Juventus Turin
2337668,89,Llorente,Kingsley Coman,Juventus Turin
2337667,68,Jonathan de Guzmán,Dries Mertens,SSC Neapel
2337667,73,José Callejón,Manolo Gabbiadini,SSC Neapel
2337667,85,Lorenzo Insigne,Walter Gargano,SSC Neapel
2337667,55,Stefano Mauri,Danilo Cataldi,Lazio Rom
2337667,67,Senad Lulić,Antonio Candreva,Lazio Rom
2337667,84,Luis Cavanda,Edson Braafheid,Lazio Rom
2251395,77,Roberto Pereyra,Paul Pogba,Juventus Turin
2251395,84,Alessandro Matri,Llorente,Juventus Turin
2251395,115,Simone Padoin,Stephan Lichtsteiner,Juventus Turin
2251395,71,Mauricio,Stefan Radu,Lazio Rom
2251395,83,Filip Đorđević,Miroslav Klose,Lazio Rom
2251395,106,Keita Baldé,Stefan de Vrij,Lazio Rom
