GameID,League,Season,Date,HomeTeam,AwayTeam,Result
2250129,coppaitalia,2015,10.08.2014,Benevento Calcio,Correggese,2:0
2250130,coppaitalia,2015,10.08.2014,Calcio Como,Matelica,5:0
2250141,coppaitalia,2015,10.08.2014,FC Südtirol,Teramo Calcio,3:2
2250142,coppaitalia,2015,10.08.2014,SS Monza 1912,Olginatese,2:1
2250132,coppaitalia,2015,10.08.2014,Reggina 1914,Casertana FC,0:1
2250137,coppaitalia,2015,10.08.2014,Venezia FC,Taranto FC,5:1
2250138,coppaitalia,2015,10.08.2014,US Cremonese,Cosenza Calcio,3:2
2250125,coppaitalia,2015,10.08.2014,UC AlbinoLeffe,AC Renate,0:1
2250134,coppaitalia,2015,10.08.2014,LAquila Calcio,Altovicentino,2:1
2250139,coppaitalia,2015,10.08.2014,AC FeralpiSalò,Santarcangelo,1:0
2250127,coppaitalia,2015,10.08.2014,Vicenza Calcio,Bassano Virtus,1:2
2250131,coppaitalia,2015,10.08.2014,US Catanzaro,Akragas,2:0
2250133,coppaitalia,2015,10.08.2014,US Alessandria 1912,US Salernitana 1919,1:0
2250135,coppaitalia,2015,10.08.2014,AC Pisa,RapalloBogliasco,4:0
2250136,coppaitalia,2015,10.08.2014,Savona FBC,Terracina,6:0
2250126,coppaitalia,2015,10.08.2014,US Pontedera,ACR Messina,3:1
2250128,coppaitalia,2015,10.08.2014,SS Juve Stabia,AC Prato,1:0
2250140,coppaitalia,2015,10.08.2014,US Lecce,Foligno Calcio,5:0
2250565,coppaitalia,2015,16.08.2014,AS Cittadella,US Pontedera,2:1
2250568,coppaitalia,2015,16.08.2014,Virtus Entella,Benevento Calcio,5:4
2250763,coppaitalia,2015,16.08.2014,Spezia Calcio,US Lecce,1:0
2250765,coppaitalia,2015,16.08.2014,Modena FC,SS Monza 1912,3:2
2250566,coppaitalia,2015,17.08.2014,AS Livorno,Bassano Virtus,2:4
2250760,coppaitalia,2015,17.08.2014,US Avellino,Venezia FC,2:0
2250143,coppaitalia,2015,17.08.2014,Pescara Calcio,AC Renate,4:3
2250567,coppaitalia,2015,17.08.2014,AS Varese 1910,SS Juve Stabia,3:2
2250572,coppaitalia,2015,17.08.2014,Ternana Calcio,US Catanzaro,2:1
2250574,coppaitalia,2015,17.08.2014,Virtus Lanciano,US Alessandria 1912,1:0
2250576,coppaitalia,2015,17.08.2014,AC Pisa,Carpi FC,2:1
2250764,coppaitalia,2015,17.08.2014,Calcio Catania,FC Südtirol,1:0
2250569,coppaitalia,2015,17.08.2014,Frosinone Calcio,Calcio Como,1:3
2250570,coppaitalia,2015,17.08.2014,Brescia Calcio,Pro Vercelli,2:1
2250571,coppaitalia,2015,17.08.2014,Latina Calcio,Novara Calcio,4:3
2250573,coppaitalia,2015,17.08.2014,FC Crotone,Casertana FC,3:4
2250761,coppaitalia,2015,17.08.2014,Trapani Calcio,US Cremonese,1:2
2250762,coppaitalia,2015,17.08.2014,AC Perugia Calcio,AC FeralpiSalò,2:0
2250575,coppaitalia,2015,17.08.2014,Bologna FC,LAquila Calcio,1:2
2250577,coppaitalia,2015,17.08.2014,FC Bari 1908,Savona FBC,2:1
2251072,coppaitalia,2015,21.08.2014,Sassuolo Calcio,AS Cittadella,4:1
2250144,coppaitalia,2015,22.08.2014,Pescara Calcio,Chievo Verona,1:0
2251081,coppaitalia,2015,23.08.2014,Atalanta,AC Pisa,2:0
2251074,coppaitalia,2015,23.08.2014,AS Varese 1910,Virtus Entella,1:0
2251084,coppaitalia,2015,23.08.2014,AC Perugia Calcio,Spezia Calcio,2:1
2251392,coppaitalia,2015,23.08.2014,US Palermo,Modena FC,0:3
2251082,coppaitalia,2015,23.08.2014,FC Bari 1908,US Avellino,1:2
2251085,coppaitalia,2015,23.08.2014,Cagliari Calcio,Calcio Catania,2:0
2251079,coppaitalia,2015,24.08.2014,Virtus Lanciano,FC Genua,0:1
2251073,coppaitalia,2015,24.08.2014,Lazio Rom,Bassano Virtus,7:0
2251076,coppaitalia,2015,24.08.2014,Brescia Calcio,Latina Calcio,1:0
2251083,coppaitalia,2015,24.08.2014,Hellas Verona,US Cremonese,3:0
2251075,coppaitalia,2015,24.08.2014,Sampdoria,Calcio Como,4:1
2251078,coppaitalia,2015,24.08.2014,AC Cesena,Casertana FC,1:0
2251080,coppaitalia,2015,24.08.2014,Empoli FC,LAquila Calcio,3:0
2251077,coppaitalia,2015,24.08.2014,Udinese Calcio,Ternana Calcio,5:1
2273443,coppaitalia,2015,02.12.2014,Lazio Rom,AS Varese 1910,3:0
2273445,coppaitalia,2015,02.12.2014,Sassuolo Calcio,Pescara Calcio,1:0
2273442,coppaitalia,2015,02.12.2014,Hellas Verona,AC Perugia Calcio,1:0
2273439,coppaitalia,2015,03.12.2014,Atalanta,US Avellino,2:0
2273441,coppaitalia,2015,03.12.2014,Empoli FC,FC Genua,2:0
2273446,coppaitalia,2015,03.12.2014,Udinese Calcio,AC Cesena,4:2
2273440,coppaitalia,2015,04.12.2014,Cagliari Calcio,Modena FC,4:4
2273444,coppaitalia,2015,04.12.2014,Sampdoria,Brescia Calcio,2:0
2313307,coppaitalia,2015,13.01.2015,AC Mailand,Sassuolo Calcio,2:1
2313308,coppaitalia,2015,14.01.2015,Parma Calcio 1913,Cagliari Calcio,2:1
2313309,coppaitalia,2015,14.01.2015,FC Turin,Lazio Rom,1:3
2313305,coppaitalia,2015,15.01.2015,Juventus Turin,Hellas Verona,6:1
2313306,coppaitalia,2015,20.01.2015,AS Rom,Empoli FC,2:1
2313304,coppaitalia,2015,21.01.2015,AC Florenz,Atalanta,3:1
2251516,coppaitalia,2015,21.01.2015,Inter Mailand,Sampdoria,2:0
2313310,coppaitalia,2015,22.01.2015,SSC Neapel,Udinese Calcio,5:4
2251517,coppaitalia,2015,27.01.2015,AC Mailand,Lazio Rom,0:1
2322676,coppaitalia,2015,28.01.2015,Parma Calcio 1913,Juventus Turin,0:1
2322675,coppaitalia,2015,03.02.2015,AS Rom,AC Florenz,0:2
2322674,coppaitalia,2015,04.02.2015,SSC Neapel,Inter Mailand,1:0
2251518,coppaitalia,2015,04.03.2015,Lazio Rom,SSC Neapel,1:1
2251519,coppaitalia,2015,05.03.2015,Juventus Turin,AC Florenz,1:2
2337668,coppaitalia,2015,07.04.2015,AC Florenz,Juventus Turin,0:3
2337667,coppaitalia,2015,08.04.2015,SSC Neapel,Lazio Rom,0:1
2251395,coppaitalia,2015,20.05.2015,Juventus Turin,Lazio Rom,2:1
