GameID,Minute,PlayerIn,PlayerOut,Team
8279792,68,Daniele Vantaggiato,Lorenzo Di Curzio,AS Livorno
8279792,79,Gabriele Morelli,Fabrizio Grillo,AS Livorno
8279792,88,Alberto Testa,Filippo Gemmi,AS Livorno
8279792,13,Federico Amenta,Matteo Liviero,SS Juve Stabia
8279792,78,Francesco Ripa,Stefano Del Sante,SS Juve Stabia
8279792,84,Marco Rosafio,Urban Žibert,SS Juve Stabia
8279793,68,Federico Gal,Mattia Sanavia,A.S.D. Campodarsego
8279793,77,Igor Radrezza,Andrei Tanasa,A.S.D. Campodarsego
8279793,81,Davide DAppolonia,Fabio Lauria,A.S.D. Campodarsego
8279793,91,Pasquale Di Sabatino,Matteo Colombi,SS Maceratese
8279791,64,Abdou Doumbia,Antonio Vutov,US Lecce
8279791,71,Luca Fiordilino,Franco Lepore,US Lecce
8279791,86,Mattia Persano,Salvatore Caturano,US Lecce
8279791,46,Luka Belogravic,Giorgio Merlano,Altovicentino
8279791,73,Gabriele Andreetto,Sebastiano Aperi,Altovicentino
8279791,78,Lorenzo Melchiori,Alberto Rubbo,Altovicentino
8279786,53,Kelvin Matute,Ivan Rajčić,Casertana FC
8279786,60,Ante Kušeta,Leonardo Taurino,Casertana FC
8279786,74,Francesco Giorno,Salvatore DAlterio,Casertana FC
8279786,60,Francesco Gelli,Alessandro Masia,Tuttocuoio
8279786,83,Olger Merkaj,Irakli Shekiladze,Tuttocuoio
8279786,91,Leonardo Cappellini,Timothy Nocchi,Tuttocuoio
8279782,62,Matteo Fissore,Simone Gozzi,US Alessandria 1912
8279782,68,Adriano Mezavilla,Pablo González,US Alessandria 1912
8279782,73,Manuel Fischnaller,Simone Iocolano,US Alessandria 1912
8279782,64,Mirco Petrella,Davide Petermann,Teramo Calcio
8279782,85,Matteo Cericola,Mattia Altobelli,Teramo Calcio
8279787,78,Michele Mandelli,Stefano Antezza,Calcio Como
8279787,79,Matteo Cortesi,Matteo Chinellato,Calcio Como
8279787,82,Alessio Cristiani,Davide Di Quinzio,Calcio Como
8279787,58,Valerio Giordani,Marco Ferrante,AD Valdinievole Montecatini
8279787,78,Andrea Barbaro,Giacomo Marmugi,AD Valdinievole Montecatini
8279787,82,Jonathan del Sorbo,Riccardo Citti,AD Valdinievole Montecatini
8279785,57,Gennaro Tutino,Roberto Floriano,Carrarese Calcio
8279785,70,Yuri Amico,Simone Del Nero,Carrarese Calcio
8279785,79,Giacomo Benedini,Marco Cristini,Carrarese Calcio
8279785,67,Enrico Bearzotti,Eugenio DUrsi,US Arezzo
8279785,79,Sergio Sabatino,Kevin Yamga,US Arezzo
8279785,82,Alessandro Polidori,Davide Moscardelli,US Arezzo
8279795,64,Riccardo Ravasi,Adama Diakite,Modena FC
8279795,72,Alimeyaw Salifù,Wilfred Osuji,Modena FC
8279795,85,Mehdi Serroukh,Nicolás Schiavi,Modena FC
8279795,46,Lorenzo Granatiero,Rocco Marziale,FC Francavilla
8279795,60,Alex Matinata,Luca Fanelli,FC Francavilla
8279795,79,Mattia de Marco,Cristiano Ancora,FC Francavilla
8279796,66,Matteo Mandorlini,Nicola Petrilli,Calcio Padova
8279796,76,Alberto Tentardini,Alessandro Favalli,Calcio Padova
8279796,104,Marco Ilari,Carlo De Risio,Calcio Padova
8279796,60,Jeda,Giacomo Canalini,Seregno
8279796,69,Salvatore Lillo,Giacomo Innocenti,Seregno
8279796,99,Andrea Moretto,Riccardo Capogna,Seregno
8279798,70,Medin Murati,Nicola Luche,AC FeralpiSalò
8279798,84,Giuseppe Boldini,Andrea Settembrini,AC FeralpiSalò
8279798,88,Guido Turano,Nicholas Allievi,AC FeralpiSalò
8279798,56,Maxime Giron,Simone Calvano,AC Reggiana
8279798,84,Erik Panizzi,Jacopo Manconi,AC Reggiana
8279798,87,Marco Guidone,Angelo Nolè,AC Reggiana
8279783,56,Lorenzo Regis,Lorenzo Bambozzi,Ancona 1905
8279783,74,Luca Gelonese,Daniele Casiraghi,Ancona 1905
8279783,81,Alessandro Di Dio,Manuel Daffara,Ancona 1905
8279783,66,Gabriel Brugger,Daniele Sarzi Puttini,FC Südtirol
8279783,66,Hannes Fink,Daniele Torregrossa,FC Südtirol
8279784,49,Gianluca Laurenti,Giacomo Cenetti,Bassano Virtus
8279784,62,Roberto Candido,Mattia Minesso,Bassano Virtus
8279784,86,Michael Fabbro,Tommy Maistrello,Bassano Virtus
8279784,33,Riccardo Berardino,Emilio Volpicelli,Fidelis Andria
8279784,50,Ernesto Starita,Nicola Mancino,Fidelis Andria
8279788,57,Alain Baclet,Samuel Appiah,Cosenza Calcio
8279788,87,Andrea Bilotta,Roberto Ranieri,Cosenza Calcio
8279788,46,Crescenzo Liccardo,Giuseppe Ausiello,A.S.D. Frattese
8279788,71,Luca Ficarrotta,Arcangelo Ragosta,A.S.D. Frattese
8279788,79,Elio Angelillo,Raffaele Vacca,A.S.D. Frattese
8279789,62,Fabio Scarsella,Michele Cavion,US Cremonese
8279789,75,Pasquale Maiorino,Luca Belingheri,US Cremonese
8279789,75,Giampietro Perrulli,Simone Pesce,US Cremonese
8279789,46,Filippo Forò,Andrea Omiccioli,Fermana FC
8279789,75,Francesco Russo,Moustapha Sene,Fermana FC
8279789,78,Luca Cremona,Hernan Molinari,Fermana FC
8279790,69,Alessio Viola,Martí Riverola,Foggia Calcio
8279790,79,Pietro Arcidiacono,Tony Letizia,Foggia Calcio
8279790,87,Marcello Quinto,Ângelo,Foggia Calcio
8279790,46,Claudio Zappa,Alessandro Videtta,US Pontedera
8279790,72,Giacomo Calò,Davide Cais,US Pontedera
8279790,87,Paul Udoh,Giacomo Risaliti,US Pontedera
8279794,63,Romeo Papini,Francesco De Rose,Matera Calcio
8279794,69,Antonio Meola,Ciro De Franco,Matera Calcio
8279794,49,Michele Patrini,Alessandro Odone,SC Caronnese
8279794,74,Matteo Arcuri,Stefano Grassi,SC Caronnese
8279794,90,Martino Cominetti,Andrea Giudici,SC Caronnese
8279797,53,Alessandro Zavan,Andrea Ingegneri,Pordenone Calcio
8279797,65,Sergiu Suciu,Luca Cattaneo,Pordenone Calcio
8279797,83,Paulo,Stefano Pietribiasi,Pordenone Calcio
8279797,53,Giovanni Lombardi,Gianluca Clemente,US Grosseto FC
8279797,62,Davide Scarpi,Gianluca Draghetti,US Grosseto FC
8279797,73,Michele Lanzillotta,Ani Varfaj,US Grosseto FC
8279799,61,Ivan Rondanini,Paolo Grillo,Robur Siena
8279799,70,Michael Ventre,Marco Firenze,Robur Siena
8279799,81,Dario DAmbrosio,Roberto Masullo,Robur Siena
8279799,70,Gianluca Musacci,Fabrizio Bramati,ACR Messina
8279799,76,Jacopo Ferri,Nicola Ciccone,ACR Messina
8279799,87,Simone Ricozzi,Demiro Pozzebon,ACR Messina
8287581,62,Simone Ganz,Luca Siligardi,Hellas Verona
8287581,71,Franco Zuculini,Marco Fossati,Hellas Verona
8287581,90,Mohamed Fares,Davide Luppi,Hellas Verona
8287581,61,Alberto Gerbo,Martí Riverola,Foggia Calcio
8287581,69,Alessio Viola,Tony Letizia,Foggia Calcio
8287581,81,Pietro Arcidiacono,Davide Agazzi,Foggia Calcio
8287584,68,Fabrizio Poli,Antonio Di Gaudio,Carpi FC
8287584,72,Michael De Marchi,Gianmario Comi,Carpi FC
8287584,76,Maodo Mbaye,Lorenzo Pasciuti,Carpi FC
8287584,67,Federico Palmieri,Matteo Colombi,SS Maceratese
8287584,72,Cristian Ventola,Nicola Malaccari,SS Maceratese
8287584,90,Andrea Bondioli,Filippo Gattari,SS Maceratese
8287571,64,Nenê,David Okereke,Spezia Calcio
8287571,77,Iacopo Galli,Antonio Piccolo,Spezia Calcio
8287571,87,Giuseppe Mastinu,Pietro Iemmello,Spezia Calcio
8287571,71,Riccardo Ravasi,Tiziano Tulissi,Modena FC
8287571,85,Alimeyaw Salifù,Adama Diakite,Modena FC
8287571,88,Matteo Rubin,Agustín Olivera,Modena FC
8287585,75,Davide Bianchi,Francesco Signori,Vicenza Calcio
8287585,82,Iacopo Cernigoi,Matteo Di Piazza,Vicenza Calcio
8287585,84,Fabricio Fontanini,Raffaele Pucino,Vicenza Calcio
8287585,62,Kelvin Matute,Simone De Marco,Casertana FC
8287585,65,Leonardo Taurino,Francesco De Filippo,Casertana FC
8287585,76,Ante Kušeta,Salvatore DAlterio,Casertana FC
8287589,70,Gianmarco Zigoni,Alberto Cerri,SPAL 2013 Ferrara
8287589,77,Mirco Spighi,Simone Pontisso,SPAL 2013 Ferrara
8287589,85,Luigi Grassi,Mirco Antenucci,SPAL 2013 Ferrara
8287589,61,Lorenzo Paramatti,Francesco Mileto,ACR Messina
8287589,66,Matteo Brunori Sandri,Luca Baldassin,ACR Messina
8287589,72,Jacopo Ferri,Nicola Ciccone,ACR Messina
8287578,60,Andrea Paolucci,Filippo Lora,AS Cittadella
8287578,71,Luca Strizzolo,Andrea Arrighini,AS Cittadella
8287578,79,Luca Valzania,Lucas Chiaretti,AS Cittadella
8287578,55,Filippo Porcari,Michele Cavion,US Cremonese
8287578,75,Giacomo Gambaretti,Simone Salviato,US Cremonese
8287578,81,Giampietro Perrulli,Fabio Scarsella,US Cremonese
8287588,31,Benjamin Mokulu,Guido DAttilio,US Avellino
8287588,56,Alessandro Sbaffo,Soufiane Bidaoui,US Avellino
8287588,59,Angelo DAngelo,Lorenzo Tassi,US Avellino
8287588,66,Michael Fabbro,Julien Rantier,Bassano Virtus
8287588,71,Alberto Barison,Carlo Crialese,Bassano Virtus
8287588,84,Gianluca Laurenti,Mattia Minesso,Bassano Virtus
8287572,68,Aniello Cutolo,Luca Tremolada,Virtus Entella
8287572,77,Francesco Belli,Simone Palermo,Virtus Entella
8287572,86,Stefano Moreo,Gaetano Masucci,Virtus Entella
8287572,63,Tiberio Velocci,Dávid Forgács,Ancona 1905
8287572,80,Luca Gelonese,Lorenzo Bambozzi,Ancona 1905
8287573,46,Gennaro Armeno,Marco Calderoni,Novara Calcio
8287573,46,Daniele Buzzegoli,Nicolas Viola,Novara Calcio
8287573,85,Antonio Lukanović,Krisztián Adorján,Novara Calcio
8287573,70,Mamadou Kanoute,Francesco Lisi,SS Juve Stabia
8287573,73,Stefano Salvi,Nicolas Izzillo,SS Juve Stabia
8287573,84,Salvatore Sandomenico,Stefano Del Sante,SS Juve Stabia
8287575,60,Andrea La Mantia,Francesco Ardizzone,Pro Vercelli
8287575,90,Loris Bacchetti,Claudio Morra,Pro Vercelli
8287575,87,Héctor Otín,Mattia Bonetto,AC Reggiana
8287576,65,Gaston Camara,Andrej Modić,Brescia Calcio
8287576,71,Andrea Vassallo,Leonardo Morosini,Brescia Calcio
8287576,79,Fabio Bertoli,Simone Rosso,Brescia Calcio
8287576,51,Santiago Colombatto,Giulio Sanseverino,AC Pisa
8287576,71,Arturo Lupoli,Diego Peralta,AC Pisa
8287577,68,Fabio Mazzeo,George Pușcaș,Benevento Calcio
8287577,87,Filippo Falco,Amato Ciciretti,Benevento Calcio
8287577,106,Raman Chibsah,Lorenzo Del Pinto,Benevento Calcio
8287577,70,Lorenzo Laverone,Raffaele Schiavi,US Salernitana 1919
8287577,76,Valerio Mantovani,Alessandro Tuia,US Salernitana 1919
8287577,108,Antonio Grillo,Massimiliano Busellato,US Salernitana 1919
8287579,76,Robert Gucher,Paolo Sammarco,Frosinone Calcio
8287579,86,Matteo Belvisi,Nicolò Brighenti,Frosinone Calcio
8287579,86,Marco Preti,Daniel Ciofani,Frosinone Calcio
8287579,58,Matteo Cortesi,Giuseppe Le Noci,Calcio Como
8287579,67,Alessio Cristiani,Giovanni Fietta,Calcio Como
8287579,83,Stefano Antezza,Davide Di Quinzio,Calcio Como
8287580,58,Davide Raffaello,Pepín,Trapani Calcio
8287580,72,Adriano Montalto,Caio De Cenco,Trapani Calcio
8287580,84,Tiago Casasola,Antonino Barillà,Trapani Calcio
8287580,46,Jeda,Giacomo Canalini,Seregno
8287580,58,Salvatore Lillo,Giulio Valente,Seregno
8287580,75,Andrea Moretto,Fabio Cusaro,Seregno
8287583,67,Lorenzo Del Prete,Raffaele Imparato,AC Perugia Calcio
8287583,71,Joss Didiba,Stefano Guberti,AC Perugia Calcio
8287583,77,Salvatore Monaco,Nicola Belmonte,AC Perugia Calcio
8287583,46,Adriano Mezavilla,Riccardo Cazzola,US Alessandria 1912
8287583,46,Gianluca Nicco,Manuel Marras,US Alessandria 1912
8287583,75,Manuel Fischnaller,Pablo González,US Alessandria 1912
8287587,50,Simone Russini,Marko Dugandžić,Ternana Calcio
8287587,65,Enrico Zampa,Simone Tascone,Ternana Calcio
8287587,71,Simone Palombi,Ignazio Battista,Ternana Calcio
8287587,56,Paulo,Stefano Pietribiasi,Pordenone Calcio
8287587,69,Jérémie Broh,Sergiu Suciu,Pordenone Calcio
8287587,85,Luca Cattaneo,Emanuele Berrettoni,Pordenone Calcio
8287570,65,Gaetano Castrovilli,Riccardo Maniero,FC Bari 1908
8287570,74,Francesco Fedato,Marino Defendi,FC Bari 1908
8287570,88,Tomislav Gomelt,Francesco Valiani,FC Bari 1908
8287570,46,Giuseppe Statella,Samuel Appiah,Cosenza Calcio
8287570,59,Domenico Mungo,Giovanni Cavallaro,Cosenza Calcio
8287570,65,Alain Baclet,Giuseppe Gambino,Cosenza Calcio
8287574,61,Gabriele Rolando,MacDonald Mariga,Latina Calcio
8287574,70,Pasquale Schiattarella,Michele Rocca,Latina Calcio
8287574,75,Federico Moretti,Alessandro De Vitis,Latina Calcio
8287574,46,Marco Armellino,Francesco De Rose,Matera Calcio
8287574,80,Antonio Meola,Matteo Piccinni,Matera Calcio
8287574,87,Francisco Sartore,Nicola Strambelli,Matera Calcio
8287586,80,Mirco Severini,Milan Đurić,AC Cesena
8287586,83,Michele Rigione,Luca Garritano,AC Cesena
8287586,66,Horacio Erpen,Edoardo Masciangelo,US Arezzo
8287586,78,Eugenio DUrsi,Mattia Corradi,US Arezzo
8287586,78,Enrico Bearzotti,Kevin Yamga,US Arezzo
8287582,65,Nabil Jaadi,Leonardo Perez,Ascoli Picchio FC
8287582,69,Melker Hallberg,Gianluca Carpani,Ascoli Picchio FC
8287582,78,Flavio Lazzari,Luigi Giorgi,Ascoli Picchio FC
8287582,65,Giuseppe Maimone,Marco Mancosu,US Lecce
8287582,69,Antonio Vutov,Mario Pacilli,US Lecce
8287582,87,Luca Fiordilino,Salvatore Caturano,US Lecce
8293579,63,Darko Lazović,Riccardo Fiamozzi,FC Genua
8293579,67,Lucas Ocampos,Serge Gakpé,FC Genua
8293579,85,Olivier Ntcham,Goran Pandev,FC Genua
8293579,54,Mario Pacilli,Abdou Doumbia,US Lecce
8293579,54,Giuseppe Torromino,Antonio Vutov,US Lecce
8293579,76,Giuseppe Maimone,Andrea Arrigoni Marocco,US Lecce
8293332,62,Thiago Rangel Cionek,Michel Morganella,US Palermo
8293332,74,Achraf Lazaar,Accursio Bentivegna,US Palermo
8293332,100,Simone Lo Faso,Norbert Balogh,US Palermo
8293332,73,Kingsley Boateng,Gaetano Monachello,FC Bari 1908
8293332,76,Francesco Fedato,Stefano Sabelli,FC Bari 1908
8293332,91,Marino Defendi,Riccardo Maniero,FC Bari 1908
8293827,63,Federico Di Francesco,Ladislav Krejčí,Bologna FC
8293827,76,Godfred Donsah,Erick Pulgar,Bologna FC
8293827,84,Franco Brienza,Mattia Destro,Bologna FC
8293827,46,Antonino Barillà,Mihai Bălașa,Trapani Calcio
8293827,67,Davis Curiale,Caio De Cenco,Trapani Calcio
8293827,80,Maurizio Ciaramitaro,Pepín,Trapani Calcio
8293333,61,Emil Hallfreðsson,Seko Fofana,Udinese Calcio
8293333,61,Adalberto Peñaranda,Matos,Udinese Calcio
8293333,74,Jakub Jankto,Pablo Armero,Udinese Calcio
8293333,57,Antonio Piccolo,Giuseppe Mastinu,Spezia Calcio
8293333,66,Pietro Ceccaroni,David Okereke,Spezia Calcio
8293333,82,Luca Vignali,Daniele Sciaudone,Spezia Calcio
8293336,74,Gennaro Armeno,Marco Calderoni,Novara Calcio
8293336,81,Krisztián Adorján,Gianluca Sansone,Novara Calcio
8293336,86,Daniele Buzzegoli,Nicolas Viola,Novara Calcio
8293336,52,Paolo Regoli,Daniele Corvia,Latina Calcio
8293336,60,Roberto Criscuolo,Michele Rocca,Latina Calcio
8293336,85,Gabriele Rolando,Matteo Bruscagin,Latina Calcio
8293578,66,Norbert Gyömbér,Andrea Coda,Pescara Calcio
8293578,83,Alexandru Mitriţă,Valerio Verre,Pescara Calcio
8293578,88,Ferdinando Del Sole,Ledian Memushaj,Pescara Calcio
8293578,54,Robert Gucher,Mirko Gori,Frosinone Calcio
8293578,68,Vyacheslav Churko,Luca Paganini,Frosinone Calcio
8293578,78,Danilo Soddimo,Alessandro Frara,Frosinone Calcio
8293581,66,Jean Armel Drolè,Alexis Zapata,AC Perugia Calcio
8293581,73,Rolando Bianchi,Raffaele Imparato,AC Perugia Calcio
8293581,83,Gianluca Di Chiara,Stefano Guberti,AC Perugia Calcio
8293581,46,Alfredo Bifulco,Matteo Fedele,Carpi FC
8293581,63,Gianmario Comi,Michael De Marchi,Carpi FC
8293581,81,Maodo Mbaye,Alessio Sabbione,Carpi FC
8293585,60,Daniele Baselli,Joel Obi,FC Turin
8293585,75,Lucas Boyé,Josef Martínez,FC Turin
8293585,87,Mattia Aramu,Adem Ljajić,FC Turin
8293585,63,Osariemen Ebagua,Andrea La Mantia,Pro Vercelli
8293585,69,Armando Vajushi,Claudio Morra,Pro Vercelli
8293585,85,Andrea Palazzi,Luca Castiglia,Pro Vercelli
8293335,80,Sergio Pellissier,Riccardo Meggiorini,Chievo Verona
8293335,86,Nicholas Frey,Lucas Castro,Chievo Verona
8293335,86,Vittorio Parigini,Roberto Inglese,Chievo Verona
8293335,59,Davide Diaw,Luca Tremolada,Virtus Entella
8293335,68,Aniello Cutolo,Stefano Moreo,Virtus Entella
8293335,74,Costa Ferreira,Simone Palermo,Virtus Entella
8293577,66,Andrea Petagna,Alberto Paloschi,Atalanta
8293577,77,Emmanuel Latte Lath,Papu Gómez,Atalanta
8293577,82,Andrea Conti,Boukary Dramé,Atalanta
8293577,54,Michele Cavion,Luca Belingheri,US Cremonese
8293577,54,Stefano Scappini,Pasquale Maiorino,US Cremonese
8293577,76,Gregorio Luperini,Simone Pesce,US Cremonese
8293580,62,Daniele Croce,Marcel Büchel,Empoli FC
8293580,72,Alberto Gilardino,Massimo Maccarone,Empoli FC
8293580,76,Assane Dioussé,Raffaele Maiello,Empoli FC
8293580,46,Fabinho,Davide Bianchi,Vicenza Calcio
8293580,65,Iacopo Cernigoi,Matteo Di Piazza,Vicenza Calcio
8293580,79,Nicola Bellomo,Francesco Signori,Vicenza Calcio
8293582,32,Michele Rigione,Romano Perticone,AC Cesena
8293582,63,Milan Đurić,Alejandro Rodríguez,AC Cesena
8293582,79,Luca Garritano,Camillo Ciano,AC Cesena
8293582,46,Marko Dugandžić,Simone Palombi,Ternana Calcio
8293582,46,Simone Tascone,Antonio Palumbo,Ternana Calcio
8293582,74,Enrico Zampa,César Falletti,Ternana Calcio
8293826,67,Valerio Mantovani,Alessandro Tuia,US Salernitana 1919
8293826,73,Massimiliano Busellato,Davide Moro,US Salernitana 1919
8293826,60,Arturo Lupoli,Santiago Colombatto,AC Pisa
8293826,80,Antonio Montella,Ignacio Lores,AC Pisa
8293826,110,Petar Golubović,Stefano Avogadri,AC Pisa
8293334,64,Franco Zuculini,Leandro Greco,Hellas Verona
8293334,71,Simone Ganz,Davide Luppi,Hellas Verona
8293334,90,Paweł Wszołek,Mattia Valoti,Hellas Verona
8293334,46,Marcus Rohdén,Adrian Stoian,FC Crotone
8293334,46,Simeon Nwankwo,Leonardo Capezzi,FC Crotone
8293334,87,Andrea Nalini,Nunzio Di Roberto,FC Crotone
8293583,60,Patrik Schick,Ricardo Álvarez,Sampdoria
8293583,67,Ante Budimir,Luis Muriel,Sampdoria
8293583,74,Luca Cigarini,Lucas Torreira,Sampdoria
8293583,61,Michael Fabbro,Tommy Maistrello,Bassano Virtus
8293583,70,Gianluca Laurenti,Julien Rantier,Bassano Virtus
8293583,76,Alberto Barison,Mattia Minesso,Bassano Virtus
8293584,70,Nicolò Barella,Davide Di Gennaro,Cagliari Calcio
8293584,78,Bartosz Salamon,Bruno Alves,Cagliari Calcio
8293584,84,Alessandro Deiola,Mauricio Isla,Cagliari Calcio
8293584,66,Paolo Ghiglione,Manuel Lazzari,SPAL 2013 Ferrara
8293584,78,Mirco Spighi,Michele Castagnetti,SPAL 2013 Ferrara
8293584,87,Andrea Beghetto,Luca Mora,SPAL 2013 Ferrara
8299000,68,Rade Krunić,Guido Marilungo,Empoli FC
8299000,74,Marcel Büchel,Raffaele Maiello,Empoli FC
8299000,82,Assane Dioussé,José Mauri,Empoli FC
8299000,66,Giuseppe Panico,Nunzio Di Roberto,AC Cesena
8299000,83,Karim Laribi,Andrea Schiavone,AC Cesena
8299000,90,Lorenzo Pompei,Michele Rigione,AC Cesena
8298995,68,Lamin Jallow,Vittorio Parigini,Chievo Verona
8298995,84,Fabio Depaoli,Filippo Costa,Chievo Verona
8298995,86,Sofian Kiyine,Jonathan de Guzmán,Chievo Verona
8298995,54,Gennaro Scognamiglio,Philippe Koch,Novara Calcio
8298995,62,Federico Casarini,Ransford Selasi,Novara Calcio
8298995,70,Antonio Lukanović,Francesco Di Mariano,Novara Calcio
8298996,15,Samuel Gustafson,Joel Obi,FC Turin
8298996,62,Adem Ljajić,Saša Lukić,FC Turin
8298996,73,Andrea Belotti,Josef Martínez,FC Turin
8298996,50,Andrea Lisuzzo,Stefano Avogadri,AC Pisa
8298996,59,Diego Peralta,Samuele Birindelli,AC Pisa
8298996,67,Alessandro Longhi,Massimiliano Gatto,AC Pisa
8298994,65,Alessandro Diamanti,Simone Lo Faso,US Palermo
8298994,75,Haitam Aleesami,Ouasim Bouy,US Palermo
8298994,90,Norbert Balogh,Giuseppe Pezzella,US Palermo
8298994,71,Alessandro Piu,Jaime Báez,Spezia Calcio
8298994,76,David Okereke,Juri Cisotti,Spezia Calcio
8298994,103,Daniele Sciaudone,Giuseppe Mastinu,Spezia Calcio
8298997,46,Emmanuel Latte Lath,Christian Capone,Atalanta
8298997,61,Andrea Masiello,Remo Freuler,Atalanta
8298997,73,Giulio Migliaccio,Alberto Grassi,Atalanta
8298997,24,Rey Manaj,Alexandru Mitriţă,Pescara Calcio
8298997,46,Francesco Zampano,Valerio Verre,Pescara Calcio
8298997,59,Ledian Memushaj,Robert Murić,Pescara Calcio
8299001,58,Bruno Fernandes,Ricardo Álvarez,Sampdoria
8299001,73,Dennis Praet,Filip Đuričić,Sampdoria
8299001,79,Luka Krajnc,Vasco Regini,Sampdoria
8299001,50,Vasco Oliveira,Andrea Mastino,Cagliari Calcio
8299001,77,Roberto Biancu,Illia Briukhov,Cagliari Calcio
8299001,79,Federico Serra,Davide Di Gennaro,Cagliari Calcio
8298999,46,Nikola Ninković,Lucas Ocampos,FC Genua
8298999,74,Darko Lazović,Davide Biraschi,FC Genua
8298999,102,Olivier Ntcham,Goran Pandev,FC Genua
8298999,60,Gennaro Acampora,Jacopo Dezi,AC Perugia Calcio
8298999,60,Francesco Di Nolfo,Stefano Guberti,AC Perugia Calcio
8298999,104,Samuel Di Carmine,Cristian Buonaiuto,AC Perugia Calcio
8298998,67,Blerim Džemaili,Godfred Donsah,Bologna FC
8298998,78,Orji Okwonkwo,Federico Di Francesco,Bologna FC
8298998,87,Saphir Taïder,Erick Pulgar,Bologna FC
8298998,61,Juan Gómez,Daniel Bessa,Hellas Verona
8298998,67,Davide Luppi,Mattia Valoti,Hellas Verona
8298998,77,Antonio Caracciolo,Mattia Zaccagni,Hellas Verona
8348283,61,José Callejón,Lorenzo Insigne,SSC Neapel
8348283,78,Elseid Hysaj,Ivan Strinić,SSC Neapel
8348283,81,Leonardo Pavoletti,Manolo Gabbiadini,SSC Neapel
8348283,66,Pablo Granoche,Pietro Ceccaroni,Spezia Calcio
8348283,66,Nico Pulzetti,Antonio Piccolo,Spezia Calcio
8348283,73,Giuseppe Mastinu,Jaime Báez,Spezia Calcio
8348284,78,Sebastián Cristóforo,Milan Badelj,AC Florenz
8348284,78,Josip Iličič,Maximiliano Olivera,AC Florenz
8348284,90,Borja Valero,Federico Chiesa,AC Florenz
8348284,46,Alessandro Gamberini,Antonio Floro Flores,Chievo Verona
8348284,78,Riccardo Meggiorini,Roberto Inglese,Chievo Verona
8348284,83,Valter Birsa,Lucas Castro,Chievo Verona
8348286,46,Stefano Sturaro,Claudio Marchisio,Juventus Turin
8348286,62,Marko Pjaca,Paulo Dybala,Juventus Turin
8348286,82,Leonardo Bonucci,Miralem Pjanić,Juventus Turin
8348286,46,Abdoulay Konko,Jasmin Kurtić,Atalanta
8348286,60,Emmanuel Latte Lath,Alberto Grassi,Atalanta
8348286,82,Papu Gómez,Marco DAlessandro,Atalanta
8348285,79,Davide Calabria,Ignazio Abate,AC Mailand
8348285,79,Mario Pašalić,Juraj Kucka,AC Mailand
8348285,88,Manuel Locatelli,José Sosa,AC Mailand
8348285,64,Lucas Boyé,Juan Iturbe,FC Turin
8348285,71,Maxi López,Daniele Baselli,FC Turin
8348285,81,Joel Obi,Mirko Valdifiori,FC Turin
8348287,72,Antonio Candreva,Gabriel Barbosa,Inter Mailand
8348287,72,Mauro Icardi,Rodrigo Palacio,Inter Mailand
8348287,94,Marcelo Brozović,Éder,Inter Mailand
8348287,61,Anthony Mounier,Luca Rizzo,Bologna FC
8348287,72,Ádám Nagy,Blerim Džemaili,Bologna FC
8348287,79,Orji Okwonkwo,Mattia Destro,Bologna FC
8348289,68,Gregoire Defrel,Pietro Iemmello,Sassuolo Calcio
8348289,76,Federico Ricci,Matteo Politano,Sassuolo Calcio
8348289,84,Luca Mazzitelli,Lorenzo Pellegrini,Sassuolo Calcio
8348289,58,Andrea Cocco,Alejandro Rodríguez,AC Cesena
8348289,59,Luca Garritano,Mattia Vitale,AC Cesena
8348289,73,Andrea Schiavone,Antonio Cinelli,AC Cesena
8348288,56,Ciro Immobile,Filip Đorđević,Lazio Rom
8348288,59,Sergej Milinković-Savić,Cristiano Lombardi,Lazio Rom
8348288,79,Alessandro Murgia,Marco Parolo,Lazio Rom
8348288,67,Nikola Ninković,Lucas Ocampos,FC Genua
8348288,73,Santiago Gentiletti,Lucas Orbán,FC Genua
8348288,85,Olivier Ntcham,Luca Rigoni,FC Genua
8348290,62,Francesco Totti,Edin Džeko,AS Rom
8348290,67,Diego Perotti,Stephan El Shaarawy,AS Rom
8348290,78,Emerson,Mário Rui,AS Rom
8348290,62,Patrik Schick,Ante Budimir,Sampdoria
8348290,68,Dennis Praet,Karol Linetty,Sampdoria
8348290,78,Daniel Pavlović,Dodô,Sampdoria
8349993,61,Christian Maggio,Ivan Strinić,SSC Neapel
8349993,64,Dries Mertens,Leonardo Pavoletti,SSC Neapel
8349993,82,Allan,Marek Hamšík,SSC Neapel
8349993,75,Josip Iličič,Sebastián Cristóforo,AC Florenz
8349993,75,Borja Valero,Federico Bernardeschi,AC Florenz
8349993,84,Khouma Babacar,Milan Badelj,AC Florenz
8349994,67,Alex Sandro,Paulo Dybala,Juventus Turin
8349994,64,Mario Pašalić,Ignazio Abate,AC Mailand
8349994,80,Gerard Deulofeu,Carlos Bacca,AC Mailand
8349994,90,Keisuke Honda,Andrea Bertolacci,AC Mailand
8349995,46,Mauro Icardi,Rodrigo Palacio,Inter Mailand
8349995,46,João Mário,Éver Banega,Inter Mailand
8349995,58,Gary Medel,Cristian Ansaldi,Inter Mailand
8349995,74,Sergej Milinković-Savić,Felipe Anderson,Lazio Rom
8349995,75,Jordan Lukaku,Senad Lulić,Lazio Rom
8349995,78,Wallace,Alessandro Murgia,Lazio Rom
8349996,21,Edin Džeko,Diego Perotti,AS Rom
8349996,46,Radja Nainggolan,Juan Jesus,AS Rom
8349996,82,Emerson,Stephan El Shaarawy,AS Rom
8349996,57,Luca Garritano,Karim Laribi,AC Cesena
8349996,73,Andrea Cocco,Camillo Ciano,AC Cesena
8349996,85,Giuseppe Panico,Alejandro Rodríguez,AC Cesena
8377653,46,Juan Cuadrado,Stephan Lichtsteiner,Juventus Turin
8377653,73,Alex Sandro,Kwadwo Asamoah,Juventus Turin
8377653,84,Marko Pjaca,Paulo Dybala,Juventus Turin
8377653,57,Piotr Zieliński,Marek Hamšík,SSC Neapel
8377653,61,Dries Mertens,Arkadiusz Milik,SSC Neapel
8377653,83,Leonardo Pavoletti,Marko Rog,SSC Neapel
8377655,67,Keita Baldé,Felipe Anderson,Lazio Rom
8377655,80,Luca Crecco,Jordan Lukaku,Lazio Rom
8377655,90,Alessandro Murgia,Sergej Milinković-Savić,Lazio Rom
8377655,63,Diego Perotti,Leandro Paredes,AS Rom
8377655,69,Stephan El Shaarawy,Mohamed Salah,AS Rom
8377655,86,Francesco Totti,Bruno Peres,AS Rom
8377656,46,Bruno Peres,Juan Jesus,AS Rom
8377656,71,Diego Perotti,Stephan El Shaarawy,AS Rom
8377656,81,Francesco Totti,Leandro Paredes,AS Rom
8377656,46,Wesley Hoedt,Stefan de Vrij,Lazio Rom
8377656,58,Keita Baldé,Felipe Anderson,Lazio Rom
8377656,71,Alessandro Murgia,Lucas Biglia,Lazio Rom
8377654,61,Dries Mertens,Arkadiusz Milik,SSC Neapel
8377654,75,Leonardo Pavoletti,Marek Hamšík,SSC Neapel
8377654,82,Allan,Piotr Zieliński,SSC Neapel
8377654,70,Miralem Pjanić,Tomás Rincón,Juventus Turin
8377654,76,Andrea Barzagli,Paulo Dybala,Juventus Turin
8377654,86,Mario Lemina,Stefano Sturaro,Juventus Turin
8392798,78,Mario Lemina,Paulo Dybala,Juventus Turin
8392798,21,Stefan Radu,Marco Parolo,Lazio Rom
8392798,53,Felipe Anderson,Bastos,Lazio Rom
8392798,69,Luis Alberto,Stefan de Vrij,Lazio Rom
