GameID,Minute,Scorer,Team
8439925,10,Davis Mensah,Unione Triestina
8439927,8,Lorenzo Simonetti,AC Renate
8439927,58,Gabriel Lunetta,AC Renate
8439927,90,Guido Gomez,AC Renate
8439927,85,Nicola Mancino,US Siracusa
8439915,46,Marco Sfanò,ASD Trastevere
8439915,71,Patrizio Cotani,ASD Trastevere
8439915,5,Alessandro Cesarini,AC Reggiana
8439920,10,Mbala Nzola,Virtus Francavilla
8439920,52,Giuseppe Abruzzese,Virtus Francavilla
8439920,67,Alessio Viola,Virtus Francavilla
8439920,73,Gustavo Ferretti,Imolese Calcio
8439923,35,Stefano Giacomelli,Vicenza Calcio
8439923,43,Stefano Giacomelli,Vicenza Calcio
8439923,72,Alessandro Malomo,Vicenza Calcio
8439923,88,Pietro De Giorgio,Vicenza Calcio
8439923,22,Gianluca Barba,Pro Piacenza
8439911,65,Jacopo Scaccabarozzi,Piacenza Calcio
8439910,96,Giovanni Tomi,Sambenedettese
8439910,99,Alessio Di Massimo,Sambenedettese
8439912,13,Jacopo Murano,Trapani Calcio
8439912,15,Luigi Canotto,Trapani Calcio
8439912,44,Luigi Canotto,Trapani Calcio
8439912,60,Jacopo Murano,Trapani Calcio
8439912,72,Giuseppe Fornito,Trapani Calcio
8439912,84,Daniele Ferretti,Trapani Calcio
8439914,105,Manuel Pascali,Cosenza Calcio
8439914,87,Matteo Fissore,US Alessandria 1912
8439914,90,Riccardo Cazzola,US Alessandria 1912
8439914,109,Vedran Celjak,US Alessandria 1912
8439914,116,Tiago Casasola,US Alessandria 1912
8439916,33,Umberto Eusepi,AC Pisa
8439916,60,Umberto Eusepi,AC Pisa
8439916,90,Umberto Eusepi,AC Pisa
8439916,11,Nicoló Palazzolo,AS Varese 1910
8439917,51,Paolo Valagussa,AS Gubbio
8439919,19,Gastón Corado,Matera Calcio
8439919,62,Giuseppe Giovinco,Matera Calcio
8439921,25,Salvatore Caturano,US Lecce
8439921,81,Franco Lepore,US Lecce
8439921,82,Giuseppe Torromino,US Lecce
8439922,20,Matteo Buratto,Pordenone Calcio
8439922,90,Salvatore Burrai,Pordenone Calcio
8439924,3,Davide Marcandella,Calcio Padova
8439924,109,Davide Marcandella,Calcio Padova
8439924,34,Gustavo Actis Goretta,Rende
8439926,79,Fabio Perna,Giana Erminio
8439926,36,Mario Ravasio,UC AlbinoLeffe
8439926,53,Marco Nichetti,UC AlbinoLeffe
8439926,89,Francesco Agnello,UC AlbinoLeffe
8439918,12,Filippo Berardi,SS Juve Stabia
8439918,45,Gabriel Strefezza,SS Juve Stabia
8439918,66,Valerio Nava,SS Juve Stabia
8439918,40,Mattia Minesso,Bassano Virtus
8450489,41,Pietro Ceccaroni,Spezia Calcio
8450489,48,Luca Vignali,Spezia Calcio
8450489,82,Daniele Sciaudone,Spezia Calcio
8450494,27,Andrea Favilli,Ascoli Picchio FC
8450494,38,Andrea Favilli,Ascoli Picchio FC
8450494,75,Gianmarco De Feo,Ascoli Picchio FC
8450494,32,Daniele Paponi,SS Juve Stabia
8450494,78,Daniele Paponi,SS Juve Stabia
8450499,61,Marco Firenze,Pro Vercelli
8450499,36,Matteo Di Piazza,US Lecce
8450499,46,Matteo Di Piazza,US Lecce
8450506,55,Alessandro Piu,Empoli FC
8450506,47,Gabriel Lunetta,AC Renate
8450506,119,Antonio Palma,AC Renate
8450506,120,Aiman Napoli,AC Renate
8450485,90,Federico Macheda,Novara Calcio
8450485,41,Alex Pederzoli,Piacenza Calcio
8450485,71,Tommaso Morosini,Piacenza Calcio
8450500,60,Stefano Moreo,Venezia FC
8450500,13,Riccardo Martignago,Pordenone Calcio
8450500,77,Salvatore Burrai,Pordenone Calcio
8450505,31,Andrea Schenetti,AS Cittadella
8450505,77,Andrea Arrighini,AS Cittadella
8450505,66,Mario Ravasio,UC AlbinoLeffe
8450487,6,Jerry Mbakogu,Carpi FC
8450487,16,Luca Verna,Carpi FC
8450487,24,Lamin Jawo,Carpi FC
8450487,49,Jerry Mbakogu,Carpi FC
8450488,18,Riccardo Bocalon,US Salernitana 1919
8450488,83,Mattia Sprocati,US Salernitana 1919
8450488,35,Michele Marconi,US Alessandria 1912
8450490,45,Simone Pesce,US Cremonese
8450492,31,Daniel Ciofani,Frosinone Calcio
8450496,11,Angelo DAngelo,US Avellino
8450498,13,Aleksandar Trajkovski,US Palermo
8450498,45,Aleksandar Trajkovski,US Palermo
8450498,66,Haitam Aleesami,US Palermo
8450498,72,Aleksandar Trajkovski,US Palermo
8450498,80,Antonino La Gumina,US Palermo
8450502,52,Pietro De Giorgio,Vicenza Calcio
8450502,42,Fabio Mazzeo,Foggia Calcio
8450502,69,Fabio Mazzeo,Foggia Calcio
8450502,71,Manuel Milinković,Foggia Calcio
8450503,15,Racine Coly,Brescia Calcio
8450504,27,Stefano Pettinari,Pescara Calcio
8450504,39,Gastón Brugman,Pescara Calcio
8450504,90,Simone Ganz,Pescara Calcio
8450504,94,Mamadou Coulibaly,Pescara Calcio
8450504,116,Ferdinando Del Sole,Pescara Calcio
8450504,4,Giuseppe Aquaro,Unione Triestina
8450504,45,Rachid Arma,Unione Triestina
8450504,75,Rachid Arma,Unione Triestina
8450484,16,Karim Laribi,AC Cesena
8450484,55,Lamin Jallow,AC Cesena
8450484,90,Nicola Valente,Sambenedettese
8450486,86,Jacopo Murano,Trapani Calcio
8450493,54,Matteo Brighi,AC Perugia Calcio
8450493,65,Cristian Buonaiuto,AC Perugia Calcio
8450493,68,Umberto Cazzola,AS Gubbio
8450491,36,Cristian Galano,FC Bari 1908
8450491,90,Cristian Galano,FC Bari 1908
8450491,2,Emanuele Calaiò,Parma Calcio 1913
8455700,13,Andrea Belotti,FC Turin
8455700,35,Álex Berenguer,FC Turin
8455700,40,Andrea Belotti,FC Turin
8455700,43,Joel Obi,FC Turin
8455700,68,Iago Falqué,FC Turin
8455700,88,Lorenzo De Silvestri,FC Turin
8455700,18,Pasquale Fazio,Trapani Calcio
8455700,27,Pasquale Fazio,Trapani Calcio
8455712,20,Cristhian Kouamé,AS Cittadella
8455712,41,Simone Pasa,AS Cittadella
8455712,45,Gianluca Litteri,AS Cittadella
8455703,34,Dimitri Bisoli,Brescia Calcio
8455703,30,Christian Capone,Pescara Calcio
8455703,57,Ferdinando Del Sole,Pescara Calcio
8455703,81,Ferdinando Del Sole,Pescara Calcio
8455705,43,Alberto Cerri,AC Perugia Calcio
8455705,70,Alberto Cerri,AC Perugia Calcio
8455705,75,Alberto Cerri,AC Perugia Calcio
8455705,88,Simone Emmanuello,AC Perugia Calcio
8455709,72,Giancarlo Malcore,Carpi FC
8455709,79,Fabio Concas,Carpi FC
8455709,102,Mbala Nzola,Carpi FC
8455709,2,Joseph Minala,US Salernitana 1919
8455709,32,Antonio Zito,US Salernitana 1919
8455709,91,Riccardo Bocalon,US Salernitana 1919
8455711,79,Simone Raffini,Pordenone Calcio
8455711,83,Salvatore Burrai,Pordenone Calcio
8455711,89,Giulio Parodi,Pordenone Calcio
8455711,7,Matteo Di Piazza,US Lecce
8455711,48,Matteo Di Piazza,US Lecce
8455713,28,Francesco Vicari,SPAL 2013 Ferrara
8455699,18,Andrea Barberis,FC Crotone
8455699,83,Federico Ceccherini,FC Crotone
8455699,62,Francesco Bini,Piacenza Calcio
8455702,8,Simone Missiroli,Sassuolo Calcio
8455702,28,Domenico Berardi,Sassuolo Calcio
8455704,30,Cyril Théréau,Udinese Calcio
8455704,63,Kevin Lasagna,Udinese Calcio
8455704,72,Jakub Jankto,Udinese Calcio
8455704,38,Mirko Gori,Frosinone Calcio
8455704,78,Roberto Crivello,Frosinone Calcio
8455706,25,Valter Birsa,Chievo Verona
8455706,90,Fabrizio Cacciatore,Chievo Verona
8455706,67,Andrea Favilli,Ascoli Picchio FC
8455710,21,Edgar Barreto,Sampdoria
8455710,76,Gianluca Caprari,Sampdoria
8455710,80,Dawid Kownacki,Sampdoria
8455701,29,Aniello Salzano,FC Bari 1908
8455701,41,Nenê,FC Bari 1908
8455701,8,Andrea Brighenti,US Cremonese
8455708,45,João Pedro,Cagliari Calcio
8455708,66,Antonino La Gumina,US Palermo
8455698,51,Giovanni Simeone,FC Genua
8455698,95,Diego Laxalt,FC Genua
8455698,36,Karim Laribi,AC Cesena
8455707,34,Daniele Verde,Hellas Verona
8455707,38,Daniele Verde,Hellas Verona
8455707,87,Bruno Zuculini,Hellas Verona
8455707,49,Luigi Castaldo,US Avellino
8458356,18,Daniele Dessena,Cagliari Calcio
8458356,7,Miguel Ángel,Pordenone Calcio
8458356,62,Alessandro Bassoli,Pordenone Calcio
8458361,13,Pa Konate,SPAL 2013 Ferrara
8458361,87,Andrea Schenetti,AS Cittadella
8458359,2,Dawid Kownacki,Sampdoria
8458359,9,Gastón Ramírez,Sampdoria
8458359,31,Gianluca Caprari,Sampdoria
8458359,74,Dawid Kownacki,Sampdoria
8458359,53,Ahmad Benali,Pescara Calcio
8458360,34,Diego Falcinelli,Sassuolo Calcio
8458360,90,Matteo Politano,Sassuolo Calcio
8458360,64,Nenê,FC Bari 1908
8458357,8,Sergio Pellissier,Chievo Verona
8458357,34,Mohamed Fares,Hellas Verona
8458362,18,Iago Falqué,FC Turin
8458362,32,Andrea Belotti,FC Turin
8458363,17,Danilo,Udinese Calcio
8458363,34,Maxi López,Udinese Calcio
8458363,40,Kevin Lasagna,Udinese Calcio
8458363,49,Maxi López,Udinese Calcio
8458363,63,Maxi López,Udinese Calcio
8458363,70,Maxi López,Udinese Calcio
8458363,82,Svante Ingelsson,Udinese Calcio
8458363,86,Jakub Jankto,Udinese Calcio
8458363,45,Alberto Cerri,AC Perugia Calcio
8458363,55,Raffaele Bianco,AC Perugia Calcio
8458363,61,Mattia Mustacchio,AC Perugia Calcio
8458358,54,Francesco Migliore,FC Genua
8497938,2,Khouma Babacar,AC Florenz
8497938,59,Jordan Veretout,AC Florenz
8497938,90,Jordan Veretout,AC Florenz
8497938,39,Edgar Barreto,Sampdoria
8497938,77,Gastón Ramírez,Sampdoria
8497939,23,Suso,AC Mailand
8497939,30,Alessio Romagnoli,AC Mailand
8497939,55,Patrick Cutrone,AC Mailand
8497940,11,Ciro Immobile,Lazio Rom
8497940,24,Felipe Anderson,Lazio Rom
8497940,87,Ciro Immobile,Lazio Rom
8497940,36,Agostino Camigliano,AS Cittadella
8497940,41,Paolo Bartolomei,AS Cittadella
8497941,71,Lorenzo Insigne,SSC Neapel
8497942,16,Andreas Cornelius,Atalanta
8497942,33,Rafael Tolói,Atalanta
8497942,74,Rafael Tolói,Atalanta
8497944,85,Patrik Schick,AS Rom
8497944,39,Lorenzo De Silvestri,FC Turin
8497944,72,Simone Edera,FC Turin
8497943,42,Paulo Dybala,Juventus Turin
8497943,76,Gonzalo Higuaín,Juventus Turin
8559324,6,Senad Lulić,Lazio Rom
8559325,104,Patrick Cutrone,AC Mailand
8559327,84,Dries Mertens,SSC Neapel
8559327,50,Timothy Castagne,Atalanta
8559327,81,Papu Gómez,Atalanta
8559326,15,Douglas Costa,Juventus Turin
8559326,67,Mario Mandžukić,Juventus Turin
8610621,3,Gonzalo Higuaín,Juventus Turin
8610622,75,Miralem Pjanić,Juventus Turin
8562036,56,Medhi Benatia,Juventus Turin
8562036,61,Douglas Costa,Juventus Turin
8562036,64,Medhi Benatia,Juventus Turin
8562036,76,Nikola Kalinić,AC Mailand
