GameID,League,Season,Date,HomeTeam,AwayTeam,Result
2400676,DFBPokal,2016,07.08.2015,TuS Erndtebrück,SV Darmstadt 98,0:5
2400694,DFBPokal,2016,07.08.2015,BFC Dynamo,FSV Frankfurt,0:2
2400699,DFBPokal,2016,07.08.2015,SV 07 Elversberg,FC Augsburg,1:3
2400679,DFBPokal,2016,08.08.2015,Viktoria Köln,1. FC Union Berlin,2:1
2400681,DFBPokal,2016,08.08.2015,SV Meppen,1. FC Köln,0:4
2400684,DFBPokal,2016,08.08.2015,Hallescher FC,Eintracht Braunschweig,0:1
2400686,DFBPokal,2016,08.08.2015,Stuttgarter Kickers,VfL Wolfsburg,1:4
2400689,DFBPokal,2016,08.08.2015,Sportfreunde Lotte,Bayer Leverkusen,0:3
2400690,DFBPokal,2016,08.08.2015,MSV Duisburg,FC Schalke 04,0:5
2400692,DFBPokal,2016,08.08.2015,Würzburger Kickers,Werder Bremen,0:2
2400693,DFBPokal,2016,08.08.2015,Erzgebirge Aue,SpVgg Greuther Fürth,1:0
2400706,DFBPokal,2016,08.08.2015,Bremer SV,Eintracht Frankfurt,0:3
2400705,DFBPokal,2016,08.08.2015,TSV 1860 München,1899 Hoffenheim,2:0
2400696,DFBPokal,2016,08.08.2015,SSV Reutlingen,Karlsruher SC,3:1
2400704,DFBPokal,2016,08.08.2015,Holstein Kiel,VfB Stuttgart,1:2
2400677,DFBPokal,2016,09.08.2015,FC Carl Zeiss Jena,Hamburger SV,3:2
2400682,DFBPokal,2016,09.08.2015,Bahlinger SC,SV Sandhausen,3:5
2400687,DFBPokal,2016,09.08.2015,HSV Barmbek-Uhlenhorst,SC Freiburg,0:5
2400695,DFBPokal,2016,09.08.2015,FSV Salmrohr,VfL Bochum,0:5
2400698,DFBPokal,2016,09.08.2015,Chemnitzer FC,Borussia Dortmund,0:2
2400680,DFBPokal,2016,09.08.2015,VfB Lübeck,SC Paderborn 07,1:2
2400691,DFBPokal,2016,09.08.2015,Rot-Weiss Essen,Fortuna Düsseldorf,1:3
2400697,DFBPokal,2016,09.08.2015,FK Pirmasens,1. FC Heidenheim 1846,1:4
2400700,DFBPokal,2016,09.08.2015,FC Nöttingen,Bayern München,1:3
2400701,DFBPokal,2016,09.08.2015,SpVgg Unterhaching,FC Ingolstadt 04,2:1
2400688,DFBPokal,2016,09.08.2015,Hansa Rostock,1. FC Kaiserslautern,4:5
2400703,DFBPokal,2016,09.08.2015,Hessen Kassel,Hannover 96,0:2
2400685,DFBPokal,2016,09.08.2015,Energie Cottbus,1. FSV Mainz 05,0:3
2400683,DFBPokal,2016,10.08.2015,VfL Osnabrück,RB Leipzig,0:2
2400678,DFBPokal,2016,10.08.2015,Arminia Bielefeld,Hertha BSC,0:2
2400707,DFBPokal,2016,10.08.2015,VfR Aalen,1. FC Nürnberg,1:2
2400702,DFBPokal,2016,10.08.2015,FC St. Pauli,Bor. Mönchengladbach,1:4
2463888,DFBPokal,2016,27.10.2015,Erzgebirge Aue,Eintracht Frankfurt,1:0
2463895,DFBPokal,2016,27.10.2015,FSV Frankfurt,Hertha BSC,1:2
2463896,DFBPokal,2016,27.10.2015,1. FSV Mainz 05,TSV 1860 München,1:2
2463897,DFBPokal,2016,27.10.2015,1. FC Nürnberg,Fortuna Düsseldorf,5:1
2463889,DFBPokal,2016,27.10.2015,SpVgg Unterhaching,RB Leipzig,3:0
2463898,DFBPokal,2016,27.10.2015,SV Darmstadt 98,Hannover 96,2:1
2463900,DFBPokal,2016,27.10.2015,VfL Bochum,1. FC Kaiserslautern,1:0
2463902,DFBPokal,2016,27.10.2015,VfL Wolfsburg,Bayern München,1:3
2410485,DFBPokal,2016,28.10.2015,Viktoria Köln,Bayer Leverkusen,0:6
2463893,DFBPokal,2016,28.10.2015,SV Sandhausen,1. FC Heidenheim 1846,3:4
2463894,DFBPokal,2016,28.10.2015,Borussia Dortmund,SC Paderborn 07,7:1
2463899,DFBPokal,2016,28.10.2015,SC Freiburg,FC Augsburg,0:3
2463890,DFBPokal,2016,28.10.2015,FC Carl Zeiss Jena,VfB Stuttgart,0:2
2463891,DFBPokal,2016,28.10.2015,SSV Reutlingen,Eintracht Braunschweig,0:4
2463892,DFBPokal,2016,28.10.2015,FC Schalke 04,Bor. Mönchengladbach,0:2
2463901,DFBPokal,2016,28.10.2015,Werder Bremen,1. FC Köln,1:0
2410478,DFBPokal,2016,15.12.2015,SpVgg Unterhaching,Bayer Leverkusen,1:3
2410486,DFBPokal,2016,15.12.2015,Bor. Mönchengladbach,Werder Bremen,3:4
2410479,DFBPokal,2016,15.12.2015,Erzgebirge Aue,1. FC Heidenheim 1846,0:2
2410481,DFBPokal,2016,15.12.2015,Bayern München,SV Darmstadt 98,1:0
2410483,DFBPokal,2016,16.12.2015,1. FC Nürnberg,Hertha BSC,0:2
2410484,DFBPokal,2016,16.12.2015,VfB Stuttgart,Eintracht Braunschweig,3:2
2410480,DFBPokal,2016,16.12.2015,FC Augsburg,Borussia Dortmund,0:2
2410482,DFBPokal,2016,16.12.2015,TSV 1860 München,VfL Bochum,0:2
2410477,DFBPokal,2016,09.02.2016,Bayer Leverkusen,Werder Bremen,1:3
2410474,DFBPokal,2016,09.02.2016,VfB Stuttgart,Borussia Dortmund,1:3
2410475,DFBPokal,2016,10.02.2016,1. FC Heidenheim 1846,Hertha BSC,2:3
2410476,DFBPokal,2016,10.02.2016,VfL Bochum,Bayern München,0:3
2410473,DFBPokal,2016,19.04.2016,Bayern München,Werder Bremen,2:0
2410472,DFBPokal,2016,20.04.2016,Hertha BSC,Borussia Dortmund,0:3
2410471,DFBPokal,2016,21.05.2016,Bayern München,Borussia Dortmund,4:3
