GameID,League,Season,Date,HomeTeam,AwayTeam,Result
1005624,DFBPokal,2013,17.08.2012,SG Sonnenhof Großaspach,FSV Frankfurt,1:2
1005994,DFBPokal,2013,17.08.2012,VfB Lübeck,Eintracht Braunschweig,0:3
1005998,DFBPokal,2013,17.08.2012,SV Wilhelmshaven,FC Augsburg,0:2
1005802,DFBPokal,2013,18.08.2012,Hallescher FC,MSV Duisburg,0:1
1005805,DFBPokal,2013,18.08.2012,FC Oberneuland,Borussia Dortmund,0:3
1005807,DFBPokal,2013,18.08.2012,Victoria Hamburg,SC Freiburg,1:2
1005808,DFBPokal,2013,18.08.2012,SpVgg Unterhaching,1. FC Köln,1:2
1005809,DFBPokal,2013,18.08.2012,SV Falkensee-Finkenkrug,VfB Stuttgart,0:5
1005989,DFBPokal,2013,18.08.2012,Offenburger FV,FC St. Pauli,0:3
1006178,DFBPokal,2013,18.08.2012,Alemannia Aachen,Bor. Mönchengladbach,0:2
1006180,DFBPokal,2013,18.08.2012,FC Carl Zeiss Jena,Bayer Leverkusen,0:4
1006186,DFBPokal,2013,18.08.2012,Berliner AK 07,1899 Hoffenheim,4:0
1005806,DFBPokal,2013,18.08.2012,1. FC Heidenheim 1846,VfL Bochum,0:2
1005999,DFBPokal,2013,18.08.2012,FC Schönberg 95,VfL Wolfsburg,0:5
1006183,DFBPokal,2013,18.08.2012,Kickers Offenbach,SpVgg Greuther Fürth,2:0
1005803,DFBPokal,2013,19.08.2012,FC Nöttingen,Hannover 96,1:6
1005804,DFBPokal,2013,19.08.2012,Wormatia Worms,Hertha BSC,2:1
1005810,DFBPokal,2013,19.08.2012,Karlsruher SC,Hamburger SV,4:2
1005993,DFBPokal,2013,19.08.2012,FC Hennef 05,TSV 1860 München,0:6
1005996,DFBPokal,2013,19.08.2012,TSV Havelse,1. FC Nürnberg,3:2
1005811,DFBPokal,2013,19.08.2012,VfR Aalen,FC Ingolstadt 04,3:0
1005990,DFBPokal,2013,19.08.2012,Arminia Bielefeld,SC Paderborn 07,3:1
1005992,DFBPokal,2013,19.08.2012,1. FC Saarbrücken,FC Schalke 04,0:5
1006182,DFBPokal,2013,19.08.2012,Erzgebirge Aue,Eintracht Frankfurt,3:0
1006184,DFBPokal,2013,19.08.2012,Preußen Münster,Werder Bremen,4:2
1005991,DFBPokal,2013,19.08.2012,Hansa Rostock,1. FC Kaiserslautern,1:3
1006181,DFBPokal,2013,19.08.2012,Wacker Burghausen,Fortuna Düsseldorf,0:1
1006185,DFBPokal,2013,19.08.2012,SV Roßbach,1. FSV Mainz 05,0:4
1005995,DFBPokal,2013,20.08.2012,SV Sandhausen,Energie Cottbus,3:0
1005997,DFBPokal,2013,20.08.2012,Rot-Weiss Essen,1. FC Union Berlin,0:1
1006179,DFBPokal,2013,20.08.2012,Chemnitzer FC,Dynamo Dresden,0:3
1006000,DFBPokal,2013,20.08.2012,Jahn Regensburg,Bayern München,0:4
1544327,DFBPokal,2013,30.10.2012,Berliner AK 07,TSV 1860 München,0:3
1544334,DFBPokal,2013,30.10.2012,Wormatia Worms,1. FC Köln,3:4
1544335,DFBPokal,2013,30.10.2012,Preußen Münster,FC Augsburg,0:1
1544336,DFBPokal,2013,30.10.2012,Eintracht Braunschweig,SC Freiburg,0:2
1544325,DFBPokal,2013,30.10.2012,TSV Havelse,VfL Bochum,1:3
1544338,DFBPokal,2013,30.10.2012,FC Schalke 04,SV Sandhausen,3:0
1544339,DFBPokal,2013,30.10.2012,VfR Aalen,Borussia Dortmund,1:4
1544346,DFBPokal,2013,30.10.2012,1. FSV Mainz 05,Erzgebirge Aue,2:0
1537443,DFBPokal,2013,31.10.2012,Karlsruher SC,MSV Duisburg,1:0
1544326,DFBPokal,2013,31.10.2012,Arminia Bielefeld,Bayer Leverkusen,2:3
1544333,DFBPokal,2013,31.10.2012,Kickers Offenbach,1. FC Union Berlin,2:0
1544349,DFBPokal,2013,31.10.2012,VfB Stuttgart,FC St. Pauli,3:0
1544337,DFBPokal,2013,31.10.2012,Hannover 96,Dynamo Dresden,4:3
1544345,DFBPokal,2013,31.10.2012,Bayern München,1. FC Kaiserslautern,4:0
1544347,DFBPokal,2013,31.10.2012,Fortuna Düsseldorf,Bor. Mönchengladbach,1:0
1544348,DFBPokal,2013,31.10.2012,VfL Wolfsburg,FSV Frankfurt,2:0
1661209,DFBPokal,2013,18.12.2012,Karlsruher SC,SC Freiburg,0:1
1661211,DFBPokal,2013,18.12.2012,FC Schalke 04,1. FSV Mainz 05,1:2
1661206,DFBPokal,2013,18.12.2012,Kickers Offenbach,Fortuna Düsseldorf,2:0
1661212,DFBPokal,2013,18.12.2012,FC Augsburg,Bayern München,0:2
1661207,DFBPokal,2013,19.12.2012,VfL Wolfsburg,Bayer Leverkusen,2:1
1661208,DFBPokal,2013,19.12.2012,VfL Bochum,TSV 1860 München,3:0
1661210,DFBPokal,2013,19.12.2012,Borussia Dortmund,Hannover 96,5:1
1661213,DFBPokal,2013,19.12.2012,VfB Stuttgart,1. FC Köln,2:1
1661218,DFBPokal,2013,26.02.2013,1. FSV Mainz 05,SC Freiburg,2:3
1661215,DFBPokal,2013,26.02.2013,Kickers Offenbach,VfL Wolfsburg,1:2
1661217,DFBPokal,2013,27.02.2013,VfB Stuttgart,VfL Bochum,2:0
1661216,DFBPokal,2013,27.02.2013,Bayern München,Borussia Dortmund,1:0
1661219,DFBPokal,2013,16.04.2013,Bayern München,VfL Wolfsburg,6:1
1661220,DFBPokal,2013,17.04.2013,VfB Stuttgart,SC Freiburg,2:1
1661221,DFBPokal,2013,01.06.2013,Bayern München,VfB Stuttgart,3:2
