GameID,Minute,PlayerIn,PlayerOut,Team
2216844,68,Ronny Garbuschewski,Marc Lais,Chemnitzer FC
2216844,76,Marcel Hofrath,Reagy Ofosu,Chemnitzer FC
2216844,83,Markus Ziereis,Dan-Patrick Poggenberg,Chemnitzer FC
2216844,60,Yunus Mallı,Filip Đuričić,1. FSV Mainz 05
2216844,68,Niko Bungert,Benedikt Saller,1. FSV Mainz 05
2216844,74,Johannes Geis,Niki Zimling,1. FSV Mainz 05
2216851,46,Patrick Walther,Niklas Schneider,SV Alemannia Waldalgesheim
2216851,58,Sascha Kraft,Lars Weingärtner,SV Alemannia Waldalgesheim
2216851,83,Jonas Erbach,Alind Mulaj,SV Alemannia Waldalgesheim
2216851,62,Heung-min Son,Julian Brandt,Bayer Leverkusen
2216851,62,Josip Drmić,Stefan Kießling,Bayer Leverkusen
2216851,71,Sebastian Boenisch,Wendell,Bayer Leverkusen
2216855,52,Nico Klotz,Michael Gardawski,MSV Duisburg
2216855,66,Fabian Schnellhardt,Kingsley Onuegbu,MSV Duisburg
2216855,74,Sascha Dum,Zlatko Janjić,MSV Duisburg
2216855,46,Dave Bulthuis,Cristian Ramírez,1. FC Nürnberg
2216855,61,Timo Gebhart,Willi Evseev,1. FC Nürnberg
2216855,61,Jakub Sylvestr,Niclas Füllkrug,1. FC Nürnberg
2216843,41,Angelo Vaccaro,Kai Hesse,FC 08 Homburg
2216843,69,Giancarlo Pinna,Sebastian Wolf,FC 08 Homburg
2216843,80,Matteo Timpone,Marc Gallego,FC 08 Homburg
2216843,72,Patrick Herrmann,Ibrahima Traoré,Bor. Mönchengladbach
2216843,78,Thorgan Hazard,Branimir Hrgota,Bor. Mönchengladbach
2216845,32,Bene Brecht,Marek Novak,Optik Rathenow
2216845,46,Eliseu Baldé,Martin Skřehot,Optik Rathenow
2216845,72,Joshua Breto,Murat Turhan,Optik Rathenow
2216845,60,Lennart Thy,Christopher Nöthe,FC St. Pauli
2216845,78,Tom Trybull,Christopher Buchtmann,FC St. Pauli
2216845,82,John Verhoek,Ante Budimir,FC St. Pauli
2216849,61,Sebastian Kurkiewicz,Dave Otto,Bremer SV
2216849,62,Ahmet Gül,Christian Schwarz,Bremer SV
2216849,74,Simon Cakir,Iman Bi-Ria,Bremer SV
2216849,46,Seung-woo Ryu,Salim Khelifi,Eintracht Braunschweig
2216849,68,Marc Pfitzner,Mirko Boland,Eintracht Braunschweig
2216849,81,Orhan Ademi,Håvard Nielsen,Eintracht Braunschweig
2216854,68,Marco Terrazzino,Stanislav Šesták,VfL Bochum
2216854,80,Adnan Zahirović,Michael Gregoritsch,VfL Bochum
2216854,86,Henrik Gulden,Yusuke Tasaka,VfL Bochum
2216854,62,Alexandru Maxim,Filip Kostić,VfB Stuttgart
2216854,67,Moritz Leitner,Oriol Romeu,VfB Stuttgart
2216854,76,Timo Werner,Martin Harnik,VfB Stuttgart
2216856,61,Timo Röttger,Lukas Nottbeck,Viktoria Köln
2216856,85,Jannik Löhden,Andreas Schäfer,Viktoria Köln
2216856,85,Jérôme Assauer,Silvio Pagano,Viktoria Köln
2216856,78,Änis Ben-Hatira,Julian Schieber,Hertha BSC
2216856,80,Alexander Baumjohann,Ronny,Hertha BSC
2216856,86,Jens Hegeler,Hajime Hosogai,Hertha BSC
2216857,67,Marco Calamita,Elia Soriano,Stuttgarter Kickers
2216857,80,Lhadji Badiane,Gerrit Müller,Stuttgarter Kickers
2216857,57,Sebastian Kehl,Marco Reus,Borussia Dortmund
2216857,83,Kevin Großkreutz,Henrikh Mkhitaryan,Borussia Dortmund
2216857,90,Sven Bender,Oliver Kirch,Borussia Dortmund
2216869,61,Michael Glaser,Mario Göttlicher,FC Astoria Walldorf
2216869,77,Marcel Hofbauer,Benjamin Hofmann,FC Astoria Walldorf
2216869,82,Leutrim Neziraj,Andreas Schön,FC Astoria Walldorf
2216869,77,Miiko Albornoz,Edgar Prib,Hannover 96
2216869,86,Ceyhun Gülselam,Lars Stindl,Hannover 96
2216869,90,Jan Schlaudraff,Leonardo Bittencourt,Hannover 96
2216872,61,Rick Kaupert,Stefan Riedel,FT Braunschweig
2216872,68,Adrian Morton,Julian Eggers,FT Braunschweig
2216872,84,Jan-Philipp Walther,Aaron Samawatie,FT Braunschweig
2216872,62,Simon Zoller,Anthony Ujah,1. FC Köln
2216872,69,Yannick Gerhardt,Adam Matuszczyk,1. FC Köln
2216872,69,Kevin Vogt,Matthias Lehmann,1. FC Köln
2216874,61,Ridje Sprich,Josef Tohmaz,SV Waldkirch
2216874,65,Timmy Pfeiffer,Raphael Klein,SV Waldkirch
2216874,76,Benjamin Pfahler,Normen Armbruster,SV Waldkirch
2216874,46,Stephan Schröck,Tom Weilandt,SpVgg Greuther Fürth
2216874,61,Orkan Çınar,Niko Gießelmann,SpVgg Greuther Fürth
2216874,76,Zhi Gin Lam,Marco Stiepermann,SpVgg Greuther Fürth
2216862,62,Luca Schnellbacher,Soufian Benyamina,SV Wehen Wiesbaden
2216862,109,Daniel Wein,Alf Mintzel,SV Wehen Wiesbaden
2216862,119,Marius Kleinsorge,Tobias Jänicke,SV Wehen Wiesbaden
2216862,64,Stefan Mugoša,Kevin Stöger,1. FC Kaiserslautern
2216862,85,Jean Zimmer,Michael Schulze,1. FC Kaiserslautern
2216862,102,André Fomitschow,Alexander Ring,1. FC Kaiserslautern
2216859,75,Nicolai Jelitto,Thomas Kruschke,FC Viktoria 1889 Berlin
2216859,86,Fabian Fritsche,Robert Schröder,FC Viktoria 1889 Berlin
2216859,70,Alexander Meier,Nelson Valdez,Eintracht Frankfurt
2216859,90,Johannes Flum,Takashi Inui,Eintracht Frankfurt
2216861,60,Mathias Hartwig,Abdullah Keseroğlu,Sportfreunde Siegen
2216861,70,Mirson Volina,Konstantin Möllering,Sportfreunde Siegen
2216861,99,Sven König,Ali Ibrahimaj,Sportfreunde Siegen
2216861,12,Marcel Kaffenberger,Björn Schlicke,FSV Frankfurt
2216861,66,Mario Engels,Odise Roshi,FSV Frankfurt
2216861,66,André Schembri,Zafer Yelen,FSV Frankfurt
2216847,72,Aaron Goldmann,Viktor Pekrul,Schwarz-Weiß Rehden
2216847,81,Mattia Trianni,Alessandro Ficara,Schwarz-Weiß Rehden
2216847,89,Jeff-Denis Fehr,Christian Pauli,Schwarz-Weiß Rehden
2216847,67,Dominick Drexler,Michael Klauß,VfR Aalen
2216847,67,Maximilian Oesterhelweg,Andreas Ludwig,VfR Aalen
2216847,113,Fabian Weiß,Nejmeddin Daghfous,VfR Aalen
2216850,62,Patrick Breitkreuz,Jarosław Lindner,Holstein Kiel
2216850,77,Fiete Sykora,Manuel Schäffler,Holstein Kiel
2216850,84,Maik Kegel,Tim Danneberg,Holstein Kiel
2216850,46,Daylon Claasen,Moritz Volz,TSV 1860 München
2216850,85,Yannick Stark,Bobby Wood,TSV 1860 München
2216850,90,Kai Bülow,Marin Tomasov,TSV 1860 München
2216858,85,Ardian Morina,Sebastian Schaller,FV Illertissen
2216858,101,Maximilian Löw,Lukas Kling,FV Illertissen
2216858,112,Stephan Böck,Tobias Heikenwälder,FV Illertissen
2216858,46,Davie Selke,Fin Bartels,Werder Bremen
2216858,61,Marnon Busch,Cédric Makiadi,Werder Bremen
2216858,99,Felix Kroos,Gálvez,Werder Bremen
2216865,66,Thomas Ströhl,Yves Brinkmann,FC Carl Zeiss Jena
2216865,66,Jakub Więzik,Vitalij Lux,FC Carl Zeiss Jena
2216865,70,Filip Lukšík,Romario Kortzorg,Erzgebirge Aue
2216865,72,Oliver Schröder,Michael Fink,Erzgebirge Aue
2216865,86,Frank Löning,Arvydas Novikovas,Erzgebirge Aue
2216866,46,Alexander Graf,Visar Galica,Uhlenhorster SC Paloma
2216866,60,Femi Smith,Denny Schiemann,Uhlenhorster SC Paloma
2216866,60,Rihards Depers,Tore Gersch,Uhlenhorster SC Paloma
2216866,39,Sebastian Rudy,Pirmin Schwegler,1899 Hoffenheim
2216866,63,Anthony Modeste,Sven Schipplock,1899 Hoffenheim
2216866,69,Steven Zuber,Kevin Volland,1899 Hoffenheim
2216846,61,Denis Pozder,Robin Garnier,Eintracht Trier
2216846,72,Boris Becker,Erich Sautner,Eintracht Trier
2216846,78,Uğur Dündar,Ajdin Zerić,Eintracht Trier
2216846,43,Karim Guédé,Admir Mehmedi,SC Freiburg
2216846,74,Sebastian Kerk,Maximilian Philipp,SC Freiburg
2216846,81,Sebastian Freis,Felix Klaus,SC Freiburg
2216848,65,Benjamin Siegert,Philipp Hoffmann,Preußen Münster
2216848,74,Abdenour Amachaibou,Marcel Reichwein,Preußen Münster
2216848,56,Claudio Pizarro,Xherdan Shaqiri,Bayern München
2216848,79,Gianluca Gaudino,Philipp Lahm,Bayern München
2216848,79,Sebastian Rode,Holger Badstuber,Bayern München
2216864,91,Dennis Schmitt,Dominik Nothnagel,Würzburger Kickers
2216864,113,Manuel Duhnke,Liridon Vocaj,Würzburger Kickers
2216864,120,Nico Gutjahr,Christian Demirtas,Würzburger Kickers
2216864,60,Charlison Benschop,Joel Pohjanpalo,Fortuna Düsseldorf
2216864,91,Andreas Lambertz,Christian Gartner,Fortuna Düsseldorf
2216864,115,Mathis Bolly,Julian Schauerte,Fortuna Düsseldorf
2216867,68,Clemens Hantke,Denny Meincke,1. FC Neubrandenburg 04
2216867,78,Eric Mpoy,Dominik Czech,1. FC Neubrandenburg 04
2216867,83,Oliver Krüger,Christoph Fischer,1. FC Neubrandenburg 04
2216867,46,Enrico Valentini,Hiroki Yamada,Karlsruher SC
2216867,71,Dimitrij Nazarov,Manuel Torres,Karlsruher SC
2216867,79,Dennis Kempe,Philipp Max,Karlsruher SC
2216868,55,Daniel Brinkmann,Peer Kluge,Arminia Bielefeld
2216868,63,Bashkim Renneke,Dennis Mast,Arminia Bielefeld
2216868,90,Pascal Testroet,Christian Müller,Arminia Bielefeld
2216868,61,Alexander Mühling,Stefan Kulovits,SV Sandhausen
2216868,72,Leart Paqarada,Marco Thiede,SV Sandhausen
2216868,72,Lukas Kübler,Marc Pfertzel,SV Sandhausen
2216853,63,Lars Fuchs,Matthias Steinborn,1. FC Magdeburg
2216853,73,Nicolas Hebisch,Christian Beck,1. FC Magdeburg
2216853,82,Nils Butzen,René Lange,1. FC Magdeburg
2216853,59,Nikola Đurđić,Dominik Kohr,FC Augsburg
2216853,68,Shawn Parker,Erik Thommy,FC Augsburg
2216853,84,Caiuby,Marcel de Jong,FC Augsburg
2216860,80,Matthias Morys,Daniel Frahn,RB Leipzig
2216860,101,Clemens Fandrich,Rani Khedira,RB Leipzig
2216860,112,Tobias Willers,Dominik Kaiser,RB Leipzig
2216860,80,Lukas Rupp,Marvin Bakalorz,SC Paderborn 07
2216860,85,Idir Ouali,Süleyman Koç,SC Paderborn 07
2216860,110,Mahir Sağlık,Florian Hartherz,SC Paderborn 07
2216863,85,Aaron Berzel,Sandro Sirigu,SV Darmstadt 98
2216863,99,Milan Ivana,Marco Sailer,SV Darmstadt 98
2216863,113,Maurice Exslager,Tobias Kempe,SV Darmstadt 98
2216863,75,Daniel Caligiuri,Junior Malanda,VfL Wolfsburg
2216863,91,Bas Dost,Aaron Hunt,VfL Wolfsburg
2216863,103,Slobodan Medojević,Maximilian Arnold,VfL Wolfsburg
2216870,70,Smail Morabit,Florian Niederlechner,1. FC Heidenheim 1846
2216870,86,Tim Göhlert,Philipp Riese,1. FC Heidenheim 1846
2216870,90,Dennis Malura,Marc Schnatterer,1. FC Heidenheim 1846
2216870,57,Bajram Nebihi,Steven Skrzybski,1. FC Union Berlin
2216870,67,Martin Dausch,Barış Özbek,1. FC Union Berlin
2216871,76,Markus Müller,Benjamin Pintol,Kickers Offenbach
2216871,81,Jan Biggel,Matthias Schwarz,Kickers Offenbach
2216871,91,Fabian Bäcker,Denis Mangafic,Kickers Offenbach
2216871,67,Robert Bauer,Danilo Soares,FC Ingolstadt 04
2216871,91,Steffen Jainta,Konstantin Engel,FC Ingolstadt 04
2216871,97,Lukas Hinterseer,Karl-Heinz Lappe,FC Ingolstadt 04
2216873,64,Marco Holz,Robert Berger,Energie Cottbus
2216873,67,Tim Kleindienst,Zbyněk Pospěch,Energie Cottbus
2216873,77,Fabian Pawela,Nikolas Ledgerwood,Energie Cottbus
2216873,46,Pierre-Michel Lasogga,Petr Jiráček,Hamburger SV
2216873,61,Tolgay Arslan,Milan Badelj,Hamburger SV
2216873,115,Jacques Zoua,Ivo Iličević,Hamburger SV
2216852,79,Alban Sabah,Sylvano Comvalius,Dynamo Dresden
2216852,87,Dominic Baumann,Luca Dürholtz,Dynamo Dresden
2216852,90,Sinan Tekerci,Justin Eilers,Dynamo Dresden
2216852,52,Julian Draxler,Max Meyer,FC Schalke 04
2216852,61,Christian Clemens,Sidney Sam,FC Schalke 04
2216852,76,Tranquillo Barnetta,Kevin-Prince Boateng,FC Schalke 04
2272863,62,Sebastian Glasner,Tim Danneberg,Chemnitzer FC
2272863,77,Stefano Cincotta,Reagy Ofosu,Chemnitzer FC
2272863,86,Florian Hansch,Philip Türpitz,Chemnitzer FC
2272863,71,Davie Selke,Izet Hajrović,Werder Bremen
2272863,81,Ludovic Obraniak,Levent Ayçiçek,Werder Bremen
2272863,86,Nils Petersen,Franco Di Santo,Werder Bremen
2272865,78,David Ulm,Felix Burmeister,Arminia Bielefeld
2272865,99,Daniel Brinkmann,Peer Kluge,Arminia Bielefeld
2272865,118,Marc Lorenz,Christoph Hemlein,Arminia Bielefeld
2272865,62,Ronny,Valentin Stocker,Hertha BSC
2272865,91,Julian Schieber,Salomon Kalou,Hertha BSC
2272865,108,Sandro Wagner,Roy Beerens,Hertha BSC
2272874,76,Dennis Chessa,Michael Klauß,VfR Aalen
2272874,83,Fabian Weiß,Dominick Drexler,VfR Aalen
2272874,88,Maximilian Welzmüller,Jurgen Gjasula,VfR Aalen
2272874,57,Edgar Prib,Leonardo Bittencourt,Hannover 96
2272874,57,Artur Sobiech,Jan Schlaudraff,Hannover 96
2272874,80,Sebastian Ernst,Jimmy Briand,Hannover 96
2272866,75,Fabian Bäcker,Martin Röser,Kickers Offenbach
2272866,81,Markus Müller,Matthias Schwarz,Kickers Offenbach
2272866,88,Maik Vetter,Benjamin Pintol,Kickers Offenbach
2272866,63,Selçuk Alibaz,Manuel Torres,Karlsruher SC
2272866,63,Jonas Meffert,Silvano Varnhagen,Karlsruher SC
2272866,73,Dimitrij Nazarov,Dominic Peitz,Karlsruher SC
2272868,102,Alban Sabah,Luca Dürholtz,Dynamo Dresden
2272868,108,Marvin Stefaniak,Sinan Tekerci,Dynamo Dresden
2272868,118,Tobias Müller,Mathias Fetsch,Dynamo Dresden
2272868,60,Michael Gregoritsch,Yusuke Tasaka,VfL Bochum
2272868,69,Marco Terrazzino,Stanislav Šesták,VfL Bochum
2272868,99,Mikael Forssell,Tobias Weis,VfL Bochum
2272869,74,Dennis Grote,Fabian Schnellhardt,MSV Duisburg
2272869,84,Kingsley Onuegbu,Kevin Scheidhauer,MSV Duisburg
2272869,88,Nico Klotz,Michael Gardawski,MSV Duisburg
2272869,57,Marcel Risse,Kazuki Nagasawa,1. FC Köln
2272869,57,Sławomir Peszko,Daniel Halfar,1. FC Köln
2272869,95,Adam Matuszczyk,Anthony Ujah,1. FC Köln
2272875,67,André Fomitschow,Amin Younes,1. FC Kaiserslautern
2272875,81,Marcel Gaus,Jean Zimmer,1. FC Kaiserslautern
2272875,86,Sebastian Jacob,Kevin Stöger,1. FC Kaiserslautern
2272875,46,Robert Žulj,Kacper Przybyłko,SpVgg Greuther Fürth
2272875,55,Johannes Wurtz,Marco Stiepermann,SpVgg Greuther Fürth
2272875,65,Orkan Çınar,Niko Gießelmann,SpVgg Greuther Fürth
2272878,46,Jan-Philipp Kalla,Andrej Startsev,FC St. Pauli
2272878,55,Sebastian Maier,John Verhoek,FC St. Pauli
2272878,72,Lennart Thy,Florian Kringe,FC St. Pauli
2272878,65,Sven Bender,Marco Reus,Borussia Dortmund
2272878,78,Miloš Jojić,Henrikh Mkhitaryan,Borussia Dortmund
2272878,88,Adrián Ramos,Shinji Kagawa,Borussia Dortmund
2272862,60,Nicolas Hebisch,Christoph Siefkes,1. FC Magdeburg
2272862,61,Lars Fuchs,Christian Beck,1. FC Magdeburg
2272862,61,Matthias Steinborn,Marcel Schlosser,1. FC Magdeburg
2272862,46,Robbie Kruse,Hakan Çalhanoğlu,Bayer Leverkusen
2272862,75,Levin Öztunali,Lars Bender,Bayer Leverkusen
2272862,104,Julian Brandt,Josip Drmić,Bayer Leverkusen
2272870,79,Steven Lewerenz,Niklas Weißenberger,Würzburger Kickers
2272870,80,Adam Jabiri,Amir Shapourzadeh,Würzburger Kickers
2272870,70,Mushaga Bakenga,Gianluca Korte,Eintracht Braunschweig
2272870,90,Hendrick Zuck,Dennis Kruppke,Eintracht Braunschweig
2272870,90,Matthias Henn,Håvard Nielsen,Eintracht Braunschweig
2272871,67,Marius Wolf,Daylon Claasen,TSV 1860 München
2272871,90,Marin Tomasov,Valdet Rama,TSV 1860 München
2272871,65,Jonathan Schmid,Felix Klaus,SC Freiburg
2272871,87,Dani Schahin,Sebastian Kerk,SC Freiburg
2272871,90,Karim Guédé,Sebastian Freis,SC Freiburg
2272877,46,Federico Palacios-Martínez,Stefan Hierländer,RB Leipzig
2272877,61,Terrence Boyd,Daniel Frahn,RB Leipzig
2272877,77,Clemens Fandrich,Diego Demme,RB Leipzig
2272877,6,Mike Könnecke,Henri Anier,Erzgebirge Aue
2272877,76,Patrick Schönfeld,Frank Löning,Erzgebirge Aue
2272877,90,Thorsten Schulz,Arvydas Novikovas,Erzgebirge Aue
2272872,18,Matti Steinmann,Petr Jiráček,Hamburger SV
2272872,61,Gojko Kačar,Tolgay Arslan,Hamburger SV
2272872,69,Rafael van der Vaart,Johan Djourou,Hamburger SV
2272872,64,Sebastian Rode,Philipp Lahm,Bayern München
2272872,70,Pierre-Emile Højbjerg,Xabi Alonso,Bayern München
2272872,75,Claudio Pizarro,Robert Lewandowski,Bayern München
2272873,41,Oliver Baumann,Jens Grahl,1899 Hoffenheim
2272873,59,David Abraham,Ermin Bičakčić,1899 Hoffenheim
2272873,71,Anthony Modeste,Kevin Volland,1899 Hoffenheim
2272873,61,André Schembri,Mario Engels,FSV Frankfurt
2272873,61,Edmond Kapllani,Zlatko Dedič,FSV Frankfurt
2272873,84,Joni Kauko,Manuel Konrad,FSV Frankfurt
2272876,46,Robin Knoche,Timm Klose,VfL Wolfsburg
2272876,68,Junior Malanda,Maximilian Arnold,VfL Wolfsburg
2272876,76,Aaron Hunt,Kevin De Bruyne,VfL Wolfsburg
2272876,62,Patrick Mayer,Philipp Riese,1. FC Heidenheim 1846
2272876,63,Philip Heise,Robert Leipertz,1. FC Heidenheim 1846
2272876,77,Alper Bagceci,Marc Schnatterer,1. FC Heidenheim 1846
2272879,48,Václav Kadlec,Haris Seferović,Eintracht Frankfurt
2272879,68,Takashi Inui,Aleksandar Ignjovski,Eintracht Frankfurt
2272879,72,Patrick Herrmann,Branimir Hrgota,Bor. Mönchengladbach
2272879,72,André Hahn,Ibrahima Traoré,Bor. Mönchengladbach
2272879,86,Fabian Johnson,Thorgan Hazard,Bor. Mönchengladbach
2294648,46,Roberto Hilbert,Giulio Donati,Bayer Leverkusen
2294648,79,Stefan Kießling,Josip Drmić,Bayer Leverkusen
2294648,100,Wendell,Sebastian Boenisch,Bayer Leverkusen
2294648,89,Philipp Hofmann,Kerem Demirbay,1. FC Kaiserslautern
2294648,90,Sebastian Jacob,Simon Zoller,1. FC Kaiserslautern
2294648,113,Kevin Stöger,André Fomitschow,1. FC Kaiserslautern
2294651,79,Orhan Ademi,Michael Klauß,VfR Aalen
2294651,87,Leandro Grech,Collin Quaner,VfR Aalen
2294651,73,Steven Zuber,Roberto Firmino,1899 Hoffenheim
2294651,76,Anthony Modeste,Sven Schipplock,1899 Hoffenheim
2294651,90,Nadiem Amiri,Kevin Volland,1899 Hoffenheim
2294654,85,Nicolas Höfler,Vladimír Darida,SC Freiburg
2294654,89,Karim Guédé,Maximilian Philipp,SC Freiburg
2294654,90,Sascha Riether,Julian Schuster,SC Freiburg
2294654,46,Deyverson,Jonas Hector,1. FC Köln
2294654,63,Dušan Švento,Daniel Halfar,1. FC Köln
2294654,79,Kazuki Nagasawa,Kevin Vogt,1. FC Köln
2294655,54,Luca Dürholtz,Robert Andrich,Dynamo Dresden
2294655,66,Marvin Stefaniak,Niklas Kreuzer,Dynamo Dresden
2294655,70,Cristian Fiél,Jannik Müller,Dynamo Dresden
2294655,24,Henrikh Mkhitaryan,Marco Reus,Borussia Dortmund
2294655,67,Adrián Ramos,Shinji Kagawa,Borussia Dortmund
2294655,90,Sven Bender,Jakub Błaszczykowski,Borussia Dortmund
2294652,42,Sebastian Heidinger,Tim Sebastian,RB Leipzig
2294652,46,Ante Rebić,Omer Damari,RB Leipzig
2294652,66,Yordy Reyna,Diego Demme,RB Leipzig
2294652,82,Nicklas Bendtner,Bas Dost,VfL Wolfsburg
2294652,86,Christian Träsch,Josuha Guilavogui,VfL Wolfsburg
2294652,89,Paul Seguin,Kevin De Bruyne,VfL Wolfsburg
2294653,70,David Ulm,Christian Müller,Arminia Bielefeld
2294653,88,Christoph Hemlein,Felix Burmeister,Arminia Bielefeld
2294653,90,Marc Lorenz,Dennis Mast,Arminia Bielefeld
2294653,52,Janek Sternberg,Santiago García,Werder Bremen
2294653,64,Levin Öztunali,Zlatko Junuzović,Werder Bremen
2294653,73,Izet Hajrović,Davie Selke,Werder Bremen
2294649,64,Fabian Bäcker,Markus Müller,Kickers Offenbach
2294649,72,Sascha Korb,Martin Röser,Kickers Offenbach
2294649,84,Steven von der Burg,Matthias Schwarz,Kickers Offenbach
2294649,74,Fabian Johnson,André Hahn,Bor. Mönchengladbach
2294649,87,Håvard Nordtveit,Granit Xhaka,Bor. Mönchengladbach
2294649,90,Branimir Hrgota,Thorgan Hazard,Bor. Mönchengladbach
2294650,62,Juan Bernat,Franck Ribéry,Bayern München
2294650,77,Sebastian Rode,Bastian Schweinsteiger,Bayern München
2294650,81,Thomas Müller,Arjen Robben,Bayern München
2294650,46,Raffael Korte,Benjamin Kessel,Eintracht Braunschweig
2294650,68,Julius Düker,Nik Omladič,Eintracht Braunschweig
2294650,77,Salim Khelifi,Mirko Boland,Eintracht Braunschweig
2309670,67,Maximilian Arnold,Christian Träsch,VfL Wolfsburg
2309670,83,Nicklas Bendtner,Bas Dost,VfL Wolfsburg
2309670,88,Josuha Guilavogui,André Schürrle,VfL Wolfsburg
2309670,73,Felix Klaus,Karim Guédé,SC Freiburg
2309670,77,Mike Frantz,Maximilian Philipp,SC Freiburg
2309670,88,Marc Oliver Kempf,Oliver Sorg,SC Freiburg
2309669,63,Sebastian Kehl,Sven Bender,Borussia Dortmund
2309669,100,Kevin Kampl,Henrikh Mkhitaryan,Borussia Dortmund
2309669,113,Adrián Ramos,Pierre-Emerick Aubameyang,Borussia Dortmund
2309669,60,Nadiem Amiri,Pirmin Schwegler,1899 Hoffenheim
2309669,61,Jin-su Kim,Jeremy Toljan,1899 Hoffenheim
2309669,101,Steven Zuber,Sven Schipplock,1899 Hoffenheim
2309671,46,Daniel Brinkmann,Manuel Junglas,Arminia Bielefeld
2309671,76,Marc Lorenz,Dennis Mast,Arminia Bielefeld
2309671,100,David Ulm,Christian Müller,Arminia Bielefeld
2309671,69,Ibrahima Traoré,Patrick Herrmann,Bor. Mönchengladbach
2309671,79,Raffael,André Hahn,Bor. Mönchengladbach
2309671,99,Fabian Johnson,Thorgan Hazard,Bor. Mönchengladbach
2309668,90,Kyriakos Papadopoulos,Emir Spahić,Bayer Leverkusen
2309668,90,Josip Drmić,Stefan Kießling,Bayer Leverkusen
2309668,99,Hakan Çalhanoğlu,Simon Rolfes,Bayer Leverkusen
2309668,34,Sebastian Rode,Medhi Benatia,Bayern München
2309668,68,Thiago,Philipp Lahm,Bayern München
2309668,117,Holger Badstuber,Jérôme Boateng,Bayern München
2309673,68,Arjen Robben,Thiago,Bayern München
2309673,76,Bastian Schweinsteiger,Thomas Müller,Bayern München
2309673,84,Mario Götze,Arjen Robben,Bayern München
2309673,70,Henrikh Mkhitaryan,Shinji Kagawa,Borussia Dortmund
2309673,83,Kevin Kampl,Jakub Błaszczykowski,Borussia Dortmund
2309673,91,Sebastian Kehl,Sven Bender,Borussia Dortmund
2309672,46,Manuel Hornig,Julian Börner,Arminia Bielefeld
2309672,65,David Ulm,Christian Müller,Arminia Bielefeld
2309672,76,Koen van der Biezen,Fabian Klos,Arminia Bielefeld
2309672,54,Josuha Guilavogui,Kevin De Bruyne,VfL Wolfsburg
2309672,69,André Schürrle,Ivan Perišić,VfL Wolfsburg
2309672,73,Marcel Schäfer,Ricardo Rodríguez,VfL Wolfsburg
2296776,68,Jakub Błaszczykowski,Erik Durm,Borussia Dortmund
2296776,68,Łukasz Piszczek,Sebastian Kehl,Borussia Dortmund
2296776,79,Ciro Immobile,Marco Reus,Borussia Dortmund
2296776,74,Josuha Guilavogui,Ivan Perišić,VfL Wolfsburg
2296776,81,André Schürrle,Maximilian Arnold,VfL Wolfsburg
2296776,85,Christian Träsch,Daniel Caligiuri,VfL Wolfsburg
