GameID,Minute,Player,Team,Card
1005624,27,Manuel Konrad,FSV Frankfurt,yellow
1005994,25,Kevin Samide,VfB Lübeck,yellow
1005994,29,Marcus Steinwarth,VfB Lübeck,yellow
1005994,53,Sven Theißen,VfB Lübeck,yellow
1005994,58,Kevin Schulz,VfB Lübeck,yellow
1005994,70,Moritz Marheineke,VfB Lübeck,red
1005998,10,Max Kremer,SV Wilhelmshaven,yellow
1005998,43,Daniel Franziskus,SV Wilhelmshaven,yellow
1005998,64,Admir Softic,SV Wilhelmshaven,yellow
1005998,82,Moussa Alawie,SV Wilhelmshaven,yellow
1005998,60,Gibril Sankoh,FC Augsburg,yellow
1005802,77,Marco Hartmann,Hallescher FC,yellow
1005802,42,Goran Šukalo,MSV Duisburg,yellow
1005802,50,Ranisav Jovanović,MSV Duisburg,yellow
1005802,74,Sören Brandy,MSV Duisburg,yellow
1005802,79,Tanju Öztürk,MSV Duisburg,yellow
1005802,85,Felix Wiedwald,MSV Duisburg,yellow
1005802,90,André Hoffmann,MSV Duisburg,yellow
1005807,49,Marcus Rabenhorst,Victoria Hamburg,yellow
1005807,87,Jan Lauer,Victoria Hamburg,yellow
1005807,45,Fallou Diagné,SC Freiburg,yellow
1005807,51,Julian Schuster,SC Freiburg,yellow
1005808,24,Maximilian Drum,SpVgg Unterhaching,yellow
1005809,44,Kevin Nofz,SV Falkensee-Finkenkrug,yellow
1006178,14,Sascha Rösler,Alemannia Aachen,yellow
1006178,32,Fabian Baumgärtel,Alemannia Aachen,yellow
1006178,64,Seyi Olajengbesi,Alemannia Aachen,yellow
1006178,31,Domínguez,Bor. Mönchengladbach,yellow
1006180,30,Matthias Peßolat,FC Carl Zeiss Jena,yellow
1006180,42,Przemysław Trytko,FC Carl Zeiss Jena,yellow
1005806,87,Florian Tausendpfund,1. FC Heidenheim 1846,yellow
1005806,35,Marc Rzatkowski,VfL Bochum,yellow
1005806,76,Christoph Kramer,VfL Bochum,yellow
1005999,77,Diego,VfL Wolfsburg,yellow
1006183,27,Bernd Nehrig,SpVgg Greuther Fürth,yellow
1006183,36,Sercan Sararer,SpVgg Greuther Fürth,yellow
1006183,55,Edgar Prib,SpVgg Greuther Fürth,yellow-red
1006183,87,Abdul Rahman Baba,SpVgg Greuther Fürth,red
1005803,77,Reinhard Schenker,FC Nöttingen,yellow
1005803,56,Felipe,Hannover 96,yellow
1005803,74,Szabolcs Huszti,Hannover 96,yellow
1005804,33,Nassim Banouas,Wormatia Worms,yellow
1005804,3,Philip Sprint,Hertha BSC,yellow
1005804,43,Felix Bastians,Hertha BSC,yellow
1005804,89,Änis Ben-Hatira,Hertha BSC,yellow
1005810,23,Hakan Çalhanoğlu,Karlsruher SC,yellow
1005810,60,Jeffrey Bruma,Hamburger SV,yellow
1005993,48,Marin Tomasov,TSV 1860 München,yellow
1005993,53,Grzegorz Wojtkowiak,TSV 1860 München,yellow
1005996,53,Daniel Hintzke,TSV Havelse,yellow
1005996,76,Torben Deppe,TSV Havelse,yellow
1005996,110,Alexander Esswein,1. FC Nürnberg,yellow
1005996,110,Tomáš Pekhart,1. FC Nürnberg,yellow
1005996,113,Javier Pinola,1. FC Nürnberg,yellow
1005811,18,Pascal Groß,FC Ingolstadt 04,yellow
1005811,74,Andreas Schäfer,FC Ingolstadt 04,yellow
1005990,57,Tom Schütz,Arminia Bielefeld,yellow
1005990,80,Patrick Schönfeld,Arminia Bielefeld,yellow
1005990,61,Diego Demme,SC Paderborn 07,yellow
1005990,89,Markus Krösche,SC Paderborn 07,yellow
1005990,90,Lukas Kruse,SC Paderborn 07,yellow
1005992,34,Kyriakos Papadopoulos,FC Schalke 04,yellow
1006182,45,Guido Koçer,Erzgebirge Aue,yellow
1006182,71,Oliver Schröder,Erzgebirge Aue,yellow-red
1006182,76,Ronny König,Erzgebirge Aue,yellow
1006182,87,Fabian Müller,Erzgebirge Aue,yellow
1006182,20,Kevin Trapp,Eintracht Frankfurt,red
1006182,29,Stefan Aigner,Eintracht Frankfurt,yellow
1006184,47,Jens Truckenbrod,Preußen Münster,yellow
1006184,108,Marco Königs,Preußen Münster,yellow
1006184,119,Dimitrij Nazarov,Preußen Münster,yellow
1006184,50,Aleksandar Ignjovski,Werder Bremen,yellow
1006184,108,Sokratis Papastathopoulos,Werder Bremen,yellow-red
1005991,38,Alex Mendy,Hansa Rostock,yellow
1005991,45,Ondřej Smetana,Hansa Rostock,yellow
1005991,88,Ken Leemans,Hansa Rostock,yellow
1005991,81,Albert Bunjaku,1. FC Kaiserslautern,yellow
1005991,89,Gil Vermouth,1. FC Kaiserslautern,yellow
1006181,55,Marco Holz,Wacker Burghausen,yellow
1006181,70,Thomas Leberfinger,Wacker Burghausen,yellow
1006181,86,Ahmet Kulabas,Wacker Burghausen,yellow
1006181,55,Tobias Levels,Fortuna Düsseldorf,yellow
1006181,67,Jens Langeneke,Fortuna Düsseldorf,yellow
1006181,89,Robbie Kruse,Fortuna Düsseldorf,yellow
1005995,77,Daniel Schulz,SV Sandhausen,yellow
1005995,36,Uwe Möhrle,Energie Cottbus,yellow
1005995,73,Boubacar Sanogo,Energie Cottbus,yellow
1005997,11,Maik Rodenberg,Rot-Weiss Essen,yellow
1005997,58,Stefan Grummel,Rot-Weiss Essen,yellow
1005997,75,Kerim Avcı,Rot-Weiss Essen,yellow
1005997,78,Markus Heppke,Rot-Weiss Essen,yellow
1005997,88,Vincent Wagner,Rot-Weiss Essen,yellow
1005997,54,Torsten Mattuschka,1. FC Union Berlin,yellow
1005997,63,Markus Karl,1. FC Union Berlin,yellow
1006179,50,Anthony Losilla,Dynamo Dresden,yellow
1006179,75,Filip Trojan,Dynamo Dresden,yellow
1006000,76,Francky Sembolo,Jahn Regensburg,yellow
1006000,38,Thomas Müller,Bayern München,yellow
1006000,74,Mario Mandžukić,Bayern München,yellow
1006000,90,Jérôme Boateng,Bayern München,yellow
1544327,48,Atakan Yiğitoğlu,Berliner AK 07,yellow
1544327,72,Philip Malinowski,Berliner AK 07,yellow
1544327,83,Burak Altiparmak,Berliner AK 07,yellow
1544327,45,Moritz Volz,TSV 1860 München,yellow
1544327,47,Moritz Stoppelkamp,TSV 1860 München,yellow
1544334,93,Mišo Brečko,1. FC Köln,yellow
1544335,49,Amaury Bischoff,Preußen Münster,yellow
1544335,73,Stefan Kühne,Preußen Münster,yellow
1544335,86,Matthew Taylor,Preußen Münster,yellow
1544335,20,Jan Morávek,FC Augsburg,yellow
1544336,32,Norman Theuerkauf,Eintracht Braunschweig,yellow
1544336,45,Dennis Kruppke,Eintracht Braunschweig,yellow
1544336,61,Ken Reichel,Eintracht Braunschweig,yellow
1544336,31,Sebastian Freis,SC Freiburg,yellow
1544336,88,Karim Guédé,SC Freiburg,yellow
1544325,83,Daniel Degner,TSV Havelse,yellow
1544325,66,Daniel Engelbrecht,VfL Bochum,yellow
1544325,85,Aleksandr Iashvili,VfL Bochum,yellow
1544325,90,Christoph Kramer,VfL Bochum,yellow-red
1544338,58,Kyriakos Papadopoulos,FC Schalke 04,yellow
1544338,60,Ciprian Marica,FC Schalke 04,yellow
1544339,21,Martin Dausch,VfR Aalen,yellow
1544346,60,Zdeněk Pospěch,1. FSV Mainz 05,yellow
1544346,70,Marcel Risse,1. FSV Mainz 05,yellow
1544346,52,Kevin Schlitte,Erzgebirge Aue,yellow
1537443,56,Silvano Varnhagen,Karlsruher SC,yellow
1537443,77,Dennis Kempe,Karlsruher SC,yellow
1537443,83,Daniel Gordon,Karlsruher SC,yellow
1537443,16,Antônio da Silva,MSV Duisburg,yellow
1537443,33,Daniel Brosinski,MSV Duisburg,yellow
1537443,41,André Hoffmann,MSV Duisburg,yellow
1537443,52,Dustin Bomheuer,MSV Duisburg,yellow
1537443,80,Goran Šukalo,MSV Duisburg,yellow-red
1537443,90,Felix Wiedwald,MSV Duisburg,red
1544326,67,Dennis Riemer,Arminia Bielefeld,yellow
1544326,85,Tim Jerat,Arminia Bielefeld,yellow
1544326,117,Christian Müller,Arminia Bielefeld,yellow-red
1544326,120,Fabian Klos,Arminia Bielefeld,yellow
1544326,36,Stefan Reinartz,Bayer Leverkusen,yellow
1544326,81,Dani Carvajal,Bayer Leverkusen,yellow
1544326,120,Michael Rensing,Bayer Leverkusen,yellow
1544349,17,Vedad Ibišević,VfB Stuttgart,yellow
1544349,53,Jan-Philipp Kalla,FC St. Pauli,yellow
1544337,39,Jan Schlaudraff,Hannover 96,yellow
1544337,40,Didier Ya Konan,Hannover 96,yellow
1544337,100,Manuel Schmiedebach,Hannover 96,yellow
1544337,67,Romain Brégerie,Dynamo Dresden,yellow
1544337,87,Robert Koch,Dynamo Dresden,yellow
1544337,111,Florian Jungwirth,Dynamo Dresden,yellow
1544345,30,Dominique Heintz,1. FC Kaiserslautern,yellow
1544345,53,Enis Hajri,1. FC Kaiserslautern,yellow
1544348,17,Jan Polák,VfL Wolfsburg,yellow
1661209,45,Rouwen Hennings,Karlsruher SC,yellow
1661209,61,Dennis Kempe,Karlsruher SC,yellow
1661209,79,Dominic Peitz,Karlsruher SC,yellow
1661209,69,Jan Rosenthal,SC Freiburg,yellow
1661209,90,Max Kruse,SC Freiburg,yellow
1661209,90,Daniel Caligiuri,SC Freiburg,yellow
1661211,66,Jermaine Jones,FC Schalke 04,yellow
1661211,52,Marco Caligiuri,1. FSV Mainz 05,yellow
1661206,2,Markus Husterer,Kickers Offenbach,yellow
1661206,14,Stefan Kleineheismann,Kickers Offenbach,yellow
1661206,82,André Hahn,Kickers Offenbach,yellow
1661206,75,Tobias Levels,Fortuna Düsseldorf,yellow
1661212,25,Ronny Philp,FC Augsburg,yellow
1661212,47,Ja-cheol Koo,FC Augsburg,yellow
1661212,65,Sascha Mölders,FC Augsburg,yellow
1661212,47,Franck Ribéry,Bayern München,red
1661212,49,Dante,Bayern München,yellow
1661212,51,David Alaba,Bayern München,yellow
1661212,53,Anatoliy Tymoshchuk,Bayern München,yellow
1661212,71,Toni Kroos,Bayern München,yellow
1661208,54,Aleksandr Iashvili,VfL Bochum,yellow
1661208,11,Stefan Wannenwetsch,TSV 1860 München,yellow
1661208,27,Vallori,TSV 1860 München,red
1661208,83,Moritz Stoppelkamp,TSV 1860 München,yellow
1661208,87,Daniel Halfar,TSV 1860 München,yellow
1661210,38,Steven Cherundolo,Hannover 96,yellow
1661210,62,Manuel Schmiedebach,Hannover 96,yellow
1661218,65,Zdeněk Pospěch,1. FSV Mainz 05,yellow-red
1661218,90,Heinz Müller,1. FSV Mainz 05,yellow
1661218,105,Julian Baumgartlinger,1. FSV Mainz 05,yellow
1661218,66,Jan Rosenthal,SC Freiburg,yellow
1661218,71,Pavel Krmaš,SC Freiburg,yellow
1661218,117,Cédric Makiadi,SC Freiburg,yellow
1661217,67,Antonio Rüdiger,VfB Stuttgart,yellow
1661217,37,Kevin Scheidhauer,VfL Bochum,yellow
1661217,64,Marcel Maltritz,VfL Bochum,yellow
1661216,63,Javi Martínez,Bayern München,yellow
1661216,67,Toni Kroos,Bayern München,yellow
1661216,78,Mario Mandžukić,Bayern München,yellow
1661219,81,Bastian Schweinsteiger,Bayern München,yellow
1661219,53,Naldo,VfL Wolfsburg,yellow
1661219,62,Jan Polák,VfL Wolfsburg,yellow
1661220,21,Arthur Boka,VfB Stuttgart,yellow
1661220,57,Georg Niedermeier,VfB Stuttgart,yellow
1661220,73,Cristian Molinaro,VfB Stuttgart,yellow
1661220,63,Mensur Mujdža,SC Freiburg,yellow
1661220,69,Fallou Diagné,SC Freiburg,yellow
1661221,50,Bastian Schweinsteiger,Bayern München,yellow
1661221,90,Mario Mandžukić,Bayern München,yellow
1661221,36,Ibrahima Traoré,VfB Stuttgart,yellow
1661221,85,Arthur Boka,VfB Stuttgart,yellow
1661221,90,Vedad Ibišević,VfB Stuttgart,yellow
