GameID,Minute,Player,Team,Card
2400676,2,Luigi Campagna,TuS Erndtebrück,yellow
2400676,67,Marius Kröner,TuS Erndtebrück,yellow
2400676,81,Philipp Böhmer,TuS Erndtebrück,yellow
2400676,59,Fabian Holland,SV Darmstadt 98,yellow
2400694,35,Joshua Putze,BFC Dynamo,yellow
2400694,52,Kevin Weidlich,BFC Dynamo,yellow
2400694,66,Zlatko Muhovic,BFC Dynamo,yellow
2400694,37,Zlatko Dedič,FSV Frankfurt,yellow
2400694,62,André Weis,FSV Frankfurt,yellow
2400699,88,Lukas Kohler,SV 07 Elversberg,yellow
2400699,90,Markus Obernosterer,SV 07 Elversberg,yellow-red
2400699,29,Markus Feulner,FC Augsburg,yellow
2400699,52,Marwin Hitz,FC Augsburg,yellow
2400679,3,Jules Schwadorf,Viktoria Köln,yellow
2400679,7,Patrick Koronkiewicz,Viktoria Köln,yellow
2400679,14,Edwin Schwarz,Viktoria Köln,yellow
2400679,90,Sven Kreyer,Viktoria Köln,yellow
2400681,24,Benjamin Gommert,SV Meppen,red
2400681,8,Paweł Olkowski,1. FC Köln,yellow
2400684,17,Stefan Kleineheismann,Hallescher FC,yellow
2400684,21,Phil Ofosu-Ayeh,Eintracht Braunschweig,yellow
2400684,54,Saulo Decarli,Eintracht Braunschweig,yellow
2400686,73,Bentley Bahn,Stuttgarter Kickers,yellow
2400686,84,Marco Gaiser,Stuttgarter Kickers,yellow
2400689,22,Alexander Hettich,Sportfreunde Lotte,yellow
2400689,27,Kevin Freiberger,Sportfreunde Lotte,yellow
2400689,35,Alexander Langlitz,Sportfreunde Lotte,yellow
2400689,38,Daniel Latkowski,Sportfreunde Lotte,yellow
2400689,77,Tim Gorschlüter,Sportfreunde Lotte,red
2400689,23,Roberto Hilbert,Bayer Leverkusen,yellow
2400689,68,Christoph Kramer,Bayer Leverkusen,yellow
2400690,26,Dennis Grote,MSV Duisburg,yellow
2400690,31,Branimir Bajić,MSV Duisburg,yellow-red
2400690,62,Kevin Wolze,MSV Duisburg,yellow
2400692,23,Amir Shapourzadeh,Würzburger Kickers,yellow
2400692,105,Dennis Russ,Würzburger Kickers,yellow
2400692,111,Royal-Dominique Fennell,Würzburger Kickers,yellow
2400692,80,Anthony Ujah,Werder Bremen,yellow
2400692,89,Philipp Bargfrede,Werder Bremen,yellow
2400692,113,Gálvez,Werder Bremen,yellow
2400693,54,Simon Handle,Erzgebirge Aue,yellow
2400693,79,Louis Samson,Erzgebirge Aue,yellow
2400693,51,Johannes Wurtz,SpVgg Greuther Fürth,yellow
2400693,79,Zlatko Tripić,SpVgg Greuther Fürth,yellow
2400693,84,Andreas Hofmann,SpVgg Greuther Fürth,yellow
2400706,36,Boris Koweschnikow,Bremer SV,yellow
2400705,48,Miloš Degenek,TSV 1860 München,yellow
2400705,90,Fejsal Mulić,TSV 1860 München,yellow
2400705,37,Jeremy Toljan,1899 Hoffenheim,yellow
2400705,50,Kevin Volland,1899 Hoffenheim,yellow
2400696,28,Francis Ubabuike,SSV Reutlingen,yellow
2400696,29,Andreas Maier,SSV Reutlingen,yellow
2400696,84,Giuseppe Ricciardi,SSV Reutlingen,yellow
2400696,12,Manuel Gulde,Karlsruher SC,red
2400696,27,Bjarne Thoelke,Karlsruher SC,yellow
2400696,30,Jonas Meffert,Karlsruher SC,yellow
2400696,51,Daniel Gordon,Karlsruher SC,red
2400696,74,Dominic Peitz,Karlsruher SC,yellow
2400696,90,Jannik Dehm,Karlsruher SC,red
2400696,90,Dennis Kempe,Karlsruher SC,yellow
2400704,43,Patrick Herrmann,Holstein Kiel,yellow
2400704,58,Carlos Gruezo,VfB Stuttgart,yellow
2400704,90,Lukas Rupp,VfB Stuttgart,yellow
2400677,30,Filip Krstić,FC Carl Zeiss Jena,yellow
2400677,39,Marcel Bär,FC Carl Zeiss Jena,yellow
2400677,49,Rafał Koczor,FC Carl Zeiss Jena,yellow
2400677,108,Maximilian Wolfram,FC Carl Zeiss Jena,yellow
2400677,14,Emir Spahić,Hamburger SV,yellow
2400682,42,Erich Sautner,Bahlinger SC,yellow
2400682,65,Yannik Häringer,Bahlinger SC,yellow
2400682,89,Dennis Bührer,Bahlinger SC,yellow
2400682,90,Bernhard Wiesler,Bahlinger SC,yellow
2400682,119,Pierre Göppert,Bahlinger SC,yellow
2400682,44,Aziz Bouhaddouz,SV Sandhausen,yellow
2400682,54,Stefan Kulovits,SV Sandhausen,yellow-red
2400682,90,Robert Zillner,SV Sandhausen,yellow
2400682,105,Tim Kister,SV Sandhausen,yellow
2400682,111,Nico Hammann,SV Sandhausen,yellow
2400695,15,Deniz Siga,FSV Salmrohr,yellow
2400695,82,Daniel Bartsch,FSV Salmrohr,yellow
2400695,72,Patrick Fabian,VfL Bochum,yellow
2400698,62,Tim Danneberg,Chemnitzer FC,yellow
2400698,77,Łukasz Piszczek,Borussia Dortmund,yellow
2400680,22,Alexander Nogovic,VfB Lübeck,yellow
2400680,32,Moritz Marheineke,VfB Lübeck,yellow
2400680,57,Nils Lange,VfB Lübeck,yellow
2400680,58,Dennis Wehrendt,VfB Lübeck,yellow
2400680,20,Daniel Brückner,SC Paderborn 07,yellow
2400680,32,Nick Proschwitz,SC Paderborn 07,yellow
2400680,57,Idir Ouali,SC Paderborn 07,yellow
2400691,34,Benjamin Baier,Rot-Weiss Essen,yellow
2400691,89,Iyad Al-Khalaf,Rot-Weiss Essen,yellow
2400691,19,Julian Koch,Fortuna Düsseldorf,yellow
2400691,68,Christian Strohdiek,Fortuna Düsseldorf,yellow
2400691,83,Lukas Schmitz,Fortuna Düsseldorf,yellow-red
2400691,106,Karim Haggui,Fortuna Düsseldorf,yellow
2400697,46,Sebastian Reinert,FK Pirmasens,yellow
2400697,88,Marco Steil,FK Pirmasens,yellow
2400697,39,Arne Feick,1. FC Heidenheim 1846,yellow
2400700,76,Felix Zachmann,FC Nöttingen,yellow
2400700,6,Arturo Vidal,Bayern München,yellow
2400700,59,Jérôme Boateng,Bayern München,yellow
2400700,75,Juan Bernat,Bayern München,yellow
2400701,44,Jonas Hummels,SpVgg Unterhaching,yellow
2400701,41,Max Christiansen,FC Ingolstadt 04,yellow
2400701,84,Tomáš Pekhart,FC Ingolstadt 04,yellow
2400701,90,Alfredo Morales,FC Ingolstadt 04,yellow
2400688,31,Tobias Jänicke,Hansa Rostock,yellow
2400688,64,Michael Gardawski,Hansa Rostock,yellow
2400688,70,Marco Kofler,Hansa Rostock,yellow
2400688,81,Dennis Erdmann,Hansa Rostock,yellow
2400688,100,Christian Dorda,Hansa Rostock,yellow
2400688,105,Marcel Ziemer,Hansa Rostock,yellow
2400688,2,Chris Löwe,1. FC Kaiserslautern,yellow
2400688,32,Erik Thommy,1. FC Kaiserslautern,yellow
2400688,84,Mateusz Klich,1. FC Kaiserslautern,yellow
2400688,118,Patrick Ziegler,1. FC Kaiserslautern,yellow
2400703,42,Sergej Schmik,Hessen Kassel,yellow
2400703,53,Nico Perrey,Hessen Kassel,yellow
2400703,81,Shqipon Bektashi,Hessen Kassel,yellow
2400683,10,Tobias Willers,VfL Osnabrück,yellow
2400683,47,Nicolas Feldhahn,VfL Osnabrück,yellow
2400683,10,Emil Forsberg,RB Leipzig,yellow
2400683,36,Atınç Nukan,RB Leipzig,yellow
2400678,2,Fabian Klos,Arminia Bielefeld,yellow
2400678,29,Christian Müller,Arminia Bielefeld,yellow
2400678,52,Dennis Mast,Arminia Bielefeld,yellow
2400678,29,Sebastian Langkamp,Hertha BSC,yellow
2400678,54,Vladimír Darida,Hertha BSC,yellow
2400678,66,Per Skjelbred,Hertha BSC,yellow
2400707,36,Michael Klauß,VfR Aalen,yellow
2400707,75,Oliver Barth,VfR Aalen,yellow
2400707,90,Dominick Drexler,VfR Aalen,yellow
2400707,61,Guido Burgstaller,1. FC Nürnberg,yellow
2400707,70,Danny Blum,1. FC Nürnberg,yellow
2400702,63,Granit Xhaka,Bor. Mönchengladbach,yellow
2463888,61,Philipp Riese,Erzgebirge Aue,yellow
2463895,59,Felipe Pires,FSV Frankfurt,yellow
2463895,76,Shawn Barry,FSV Frankfurt,yellow
2463895,80,Manuel Konrad,FSV Frankfurt,yellow
2463895,101,Per Skjelbred,Hertha BSC,yellow
2463895,119,Marvin Plattenhardt,Hertha BSC,yellow-red
2463896,25,Florian Niederlechner,1. FSV Mainz 05,yellow
2463896,45,Pierre Bengtsson,1. FSV Mainz 05,red
2463896,51,Sertan Yegenoglu,TSV 1860 München,yellow
2463896,61,Richard Neudecker,TSV 1860 München,yellow
2463896,68,Miloš Degenek,TSV 1860 München,yellow
2463896,87,Gary Kagelmacher,TSV 1860 München,yellow
2463897,90,Kevin Möhwald,1. FC Nürnberg,yellow
2463897,60,Julian Koch,Fortuna Düsseldorf,yellow
2463897,75,Sercan Sararer,Fortuna Düsseldorf,yellow
2463889,27,Alexander Winkler,SpVgg Unterhaching,yellow
2463889,59,Maximilian Nicu,SpVgg Unterhaching,yellow
2463889,72,Ulrich Taffertshofer,SpVgg Unterhaching,yellow
2463889,13,Anthony Jung,RB Leipzig,yellow
2463889,35,Stefan Ilsanker,RB Leipzig,yellow
2463898,30,Luca Caldirola,SV Darmstadt 98,yellow
2463898,51,Leon Andreasen,Hannover 96,yellow
2463898,86,Miiko Albornoz,Hannover 96,yellow
2463898,90,Salif Sané,Hannover 96,yellow
2463900,35,Tobias Weis,VfL Bochum,yellow
2463900,80,Thomas Eisfeld,VfL Bochum,yellow
2463900,49,Daniel Halfar,1. FC Kaiserslautern,yellow
2463902,62,Naldo,VfL Wolfsburg,yellow
2463902,77,Dante,VfL Wolfsburg,yellow
2463902,19,Kingsley Coman,Bayern München,yellow
2463902,53,Xabi Alonso,Bayern München,yellow
2410485,75,Markus Brzenska,Viktoria Köln,yellow-red
2463893,56,Florian Hübner,SV Sandhausen,red
2463893,65,Philipp Klingmann,SV Sandhausen,yellow
2463893,104,Seyi Olajengbesi,SV Sandhausen,yellow
2463893,36,Sebastian Griesbeck,1. FC Heidenheim 1846,yellow
2463893,44,Ronny Philp,1. FC Heidenheim 1846,yellow
2463894,84,Dominik Wydra,SC Paderborn 07,yellow
2463899,57,Christian Günter,SC Freiburg,yellow
2463899,30,Daniel Baier,FC Augsburg,yellow
2463899,43,Dominik Kohr,FC Augsburg,yellow
2463899,60,Tim Matavž,FC Augsburg,yellow
2463890,36,Filip Krstić,FC Carl Zeiss Jena,yellow
2463890,80,Sören Eismann,FC Carl Zeiss Jena,yellow
2463890,81,Rafał Koczor,FC Carl Zeiss Jena,yellow
2463890,90,Niclas Erlbeck,FC Carl Zeiss Jena,red
2463890,88,Marvin Wanitzek,VfB Stuttgart,yellow
2463891,72,Andreas Maier,SSV Reutlingen,yellow
2463891,31,Gerrit Holtmann,Eintracht Braunschweig,yellow
2463892,55,Junior Caiçara,FC Schalke 04,yellow
2463892,81,Pierre-Emile Højbjerg,FC Schalke 04,yellow
2463892,15,Oscar Wendt,Bor. Mönchengladbach,yellow
2463901,39,Anthony Modeste,1. FC Köln,yellow
2410478,79,Ulrich Taffertshofer,SpVgg Unterhaching,yellow-red
2410478,23,Jonathan Tah,Bayer Leverkusen,yellow
2410486,48,Mahmoud Dahoud,Bor. Mönchengladbach,yellow
2410486,63,Lars Stindl,Bor. Mönchengladbach,yellow
2410486,71,Ulisses Garcia,Werder Bremen,yellow
2410479,58,Simon Skarlatidis,Erzgebirge Aue,yellow
2410479,63,Steve Breitkreuz,Erzgebirge Aue,yellow
2410479,64,Calogero Rizzuto,Erzgebirge Aue,yellow
2410479,71,Christian Tiffert,Erzgebirge Aue,yellow
2410479,78,Louis Samson,Erzgebirge Aue,yellow
2410479,80,Ben Halloran,1. FC Heidenheim 1846,yellow
2410481,9,Rafinha,Bayern München,yellow
2410483,36,Danny Blum,1. FC Nürnberg,yellow
2410484,106,Christian Gentner,VfB Stuttgart,yellow
2410484,35,Saulo Decarli,Eintracht Braunschweig,yellow
2410480,72,Dominik Kohr,FC Augsburg,yellow
2410482,57,Miloš Degenek,TSV 1860 München,yellow
2410482,79,Marius Wolf,TSV 1860 München,yellow
2410482,88,Maximilian Wittek,TSV 1860 München,yellow
2410482,62,Janik Haberer,VfL Bochum,yellow
2410477,41,Wendell,Bayer Leverkusen,red
2410477,51,Hakan Çalhanoğlu,Bayer Leverkusen,yellow
2410477,21,Gálvez,Werder Bremen,yellow
2410477,34,Santiago García,Werder Bremen,yellow
2410474,34,Georg Niedermeier,VfB Stuttgart,yellow
2410474,46,Kevin Großkreutz,VfB Stuttgart,yellow
2410474,62,Daniel Didavi,VfB Stuttgart,yellow
2410474,83,Sokratis Papastathopoulos,Borussia Dortmund,yellow
2410475,44,Marc Schnatterer,1. FC Heidenheim 1846,yellow
2410475,69,Robert Leipertz,1. FC Heidenheim 1846,yellow
2410475,31,Sebastian Langkamp,Hertha BSC,yellow
2410475,45,Per Skjelbred,Hertha BSC,yellow
2410476,43,Jan Šimůnek,VfL Bochum,red
2410476,56,Patrick Fabian,VfL Bochum,yellow
2410473,24,Clemens Fritz,Werder Bremen,yellow
2410472,72,Marvin Plattenhardt,Hertha BSC,yellow
2410472,70,Gonzalo Castro,Borussia Dortmund,yellow
2410471,39,Franck Ribéry,Bayern München,yellow
2410471,42,Joshua Kimmich,Bayern München,yellow
2410471,47,Arturo Vidal,Bayern München,yellow
2410471,109,Thomas Müller,Bayern München,yellow
2410471,39,Gonzalo Castro,Borussia Dortmund,yellow
2410471,74,Mats Hummels,Borussia Dortmund,yellow
2410471,99,Sokratis Papastathopoulos,Borussia Dortmund,yellow
