GameID,League,Season,Date,HomeTeam,AwayTeam,Result
2216844,DFBPokal,2015,15.08.2014,Chemnitzer FC,1. FSV Mainz 05,5:4
2216851,DFBPokal,2015,15.08.2014,SV Alemannia Waldalgesheim,Bayer Leverkusen,0:6
2216855,DFBPokal,2015,15.08.2014,MSV Duisburg,1. FC Nürnberg,1:0
2216843,DFBPokal,2015,16.08.2014,FC 08 Homburg,Bor. Mönchengladbach,1:3
2216845,DFBPokal,2015,16.08.2014,Optik Rathenow,FC St. Pauli,1:3
2216849,DFBPokal,2015,16.08.2014,Bremer SV,Eintracht Braunschweig,0:1
2216854,DFBPokal,2015,16.08.2014,VfL Bochum,VfB Stuttgart,2:0
2216856,DFBPokal,2015,16.08.2014,Viktoria Köln,Hertha BSC,2:4
2216857,DFBPokal,2015,16.08.2014,Stuttgarter Kickers,Borussia Dortmund,1:4
2216869,DFBPokal,2015,16.08.2014,FC Astoria Walldorf,Hannover 96,1:3
2216872,DFBPokal,2015,16.08.2014,FT Braunschweig,1. FC Köln,0:4
2216874,DFBPokal,2015,16.08.2014,SV Waldkirch,SpVgg Greuther Fürth,0:3
2216862,DFBPokal,2015,16.08.2014,SV Wehen Wiesbaden,1. FC Kaiserslautern,3:5
2216859,DFBPokal,2015,16.08.2014,FC Viktoria 1889 Berlin,Eintracht Frankfurt,0:2
2216861,DFBPokal,2015,16.08.2014,Sportfreunde Siegen,FSV Frankfurt,4:5
2216847,DFBPokal,2015,17.08.2014,Schwarz-Weiß Rehden,VfR Aalen,3:4
2216850,DFBPokal,2015,17.08.2014,Holstein Kiel,TSV 1860 München,1:2
2216858,DFBPokal,2015,17.08.2014,FV Illertissen,Werder Bremen,2:3
2216865,DFBPokal,2015,17.08.2014,FC Carl Zeiss Jena,Erzgebirge Aue,0:1
2216866,DFBPokal,2015,17.08.2014,Uhlenhorster SC Paloma,1899 Hoffenheim,0:9
2216846,DFBPokal,2015,17.08.2014,Eintracht Trier,SC Freiburg,0:2
2216848,DFBPokal,2015,17.08.2014,Preußen Münster,Bayern München,1:4
2216864,DFBPokal,2015,17.08.2014,Würzburger Kickers,Fortuna Düsseldorf,3:2
2216867,DFBPokal,2015,17.08.2014,1. FC Neubrandenburg 04,Karlsruher SC,1:3
2216868,DFBPokal,2015,17.08.2014,Arminia Bielefeld,SV Sandhausen,4:1
2216853,DFBPokal,2015,17.08.2014,1. FC Magdeburg,FC Augsburg,1:0
2216860,DFBPokal,2015,17.08.2014,RB Leipzig,SC Paderborn 07,2:1
2216863,DFBPokal,2015,17.08.2014,SV Darmstadt 98,VfL Wolfsburg,4:5
2216870,DFBPokal,2015,18.08.2014,1. FC Heidenheim 1846,1. FC Union Berlin,2:1
2216871,DFBPokal,2015,18.08.2014,Kickers Offenbach,FC Ingolstadt 04,4:2
2216873,DFBPokal,2015,18.08.2014,Energie Cottbus,Hamburger SV,1:4
2216852,DFBPokal,2015,18.08.2014,Dynamo Dresden,FC Schalke 04,2:1
2272863,DFBPokal,2015,28.10.2014,Chemnitzer FC,Werder Bremen,0:2
2272865,DFBPokal,2015,28.10.2014,Arminia Bielefeld,Hertha BSC,4:2
2272874,DFBPokal,2015,28.10.2014,VfR Aalen,Hannover 96,2:0
2272866,DFBPokal,2015,28.10.2014,Kickers Offenbach,Karlsruher SC,1:0
2272868,DFBPokal,2015,28.10.2014,Dynamo Dresden,VfL Bochum,2:1
2272869,DFBPokal,2015,28.10.2014,MSV Duisburg,1. FC Köln,1:4
2272875,DFBPokal,2015,28.10.2014,1. FC Kaiserslautern,SpVgg Greuther Fürth,2:0
2272878,DFBPokal,2015,28.10.2014,FC St. Pauli,Borussia Dortmund,0:3
2272862,DFBPokal,2015,29.10.2014,1. FC Magdeburg,Bayer Leverkusen,4:5
2272870,DFBPokal,2015,29.10.2014,Würzburger Kickers,Eintracht Braunschweig,0:1
2272871,DFBPokal,2015,29.10.2014,TSV 1860 München,SC Freiburg,2:5
2272877,DFBPokal,2015,29.10.2014,RB Leipzig,Erzgebirge Aue,3:1
2272872,DFBPokal,2015,29.10.2014,Hamburger SV,Bayern München,1:3
2272873,DFBPokal,2015,29.10.2014,1899 Hoffenheim,FSV Frankfurt,5:1
2272876,DFBPokal,2015,29.10.2014,VfL Wolfsburg,1. FC Heidenheim 1846,4:1
2272879,DFBPokal,2015,29.10.2014,Eintracht Frankfurt,Bor. Mönchengladbach,1:2
2294648,DFBPokal,2015,03.03.2015,Bayer Leverkusen,1. FC Kaiserslautern,2:0
2294651,DFBPokal,2015,03.03.2015,VfR Aalen,1899 Hoffenheim,0:2
2294654,DFBPokal,2015,03.03.2015,SC Freiburg,1. FC Köln,2:1
2294655,DFBPokal,2015,03.03.2015,Dynamo Dresden,Borussia Dortmund,0:2
2294652,DFBPokal,2015,04.03.2015,RB Leipzig,VfL Wolfsburg,0:2
2294653,DFBPokal,2015,04.03.2015,Arminia Bielefeld,Werder Bremen,3:1
2294649,DFBPokal,2015,04.03.2015,Kickers Offenbach,Bor. Mönchengladbach,0:2
2294650,DFBPokal,2015,04.03.2015,Bayern München,Eintracht Braunschweig,2:0
2309670,DFBPokal,2015,07.04.2015,VfL Wolfsburg,SC Freiburg,1:0
2309669,DFBPokal,2015,07.04.2015,Borussia Dortmund,1899 Hoffenheim,3:2
2309671,DFBPokal,2015,08.04.2015,Arminia Bielefeld,Bor. Mönchengladbach,5:4
2309668,DFBPokal,2015,08.04.2015,Bayer Leverkusen,Bayern München,3:5
2309673,DFBPokal,2015,28.04.2015,Bayern München,Borussia Dortmund,0:2
2309672,DFBPokal,2015,29.04.2015,Arminia Bielefeld,VfL Wolfsburg,0:4
2296776,DFBPokal,2015,30.05.2015,Borussia Dortmund,VfL Wolfsburg,1:3
