GameID,Player1Home,Player2Home,Player3Home,Player4Home,Player5Home,Player6Home,Player7Home,Player8Home,Player9Home,Player10Home,Player11Home,Player1Away,Player2Away,Player3Away,Player4Away,Player5Away,Player6Away,Player7Away,Player8Away,Player9Away,Player10Away,Player11Away,Bench1Home,Bench2Home,Bench3Home,Bench4Home,Bench5Home,Bench6Home,Bench7Home,Bench8Home,Bench9Home,Bench10Home,Bench11Home,Bench12Home,Bench1Away,Bench2Away,Bench3Away,Bench4Away,Bench5Away,Bench6Away,Bench7Away,Bench8Away,Bench9Away,Bench10Away,Bench11Away,Bench12Away
2216844,Philipp Pentke,Nils Röseler,Kevin Conrad,Marc Endres,Marco Kehl-Gómez,Dan-Patrick Poggenberg,Fabian Stenzel,Marc Lais,Philip Türpitz,Anton Fink,Reagy Ofosu,Loris Karius,Gonzalo Jara,Benedikt Saller,Stefan Bell,Daniel Brosinski,Júnior Díaz,Joo-ho Park,Niki Zimling,Filip Đuričić,Ja-cheol Koo,Shinji Okazaki,Stefano Cincotta,Ronny Garbuschewski,Florian Hansch,Marcel Hofrath,Maximilian Reule,Tom Scheffel,Markus Ziereis,None,None,None,None,None,Julian Baumgartlinger,Niko Bungert,Johannes Geis,Yunus Mallı,Christoph Moritz,Elkin Soto,Robin Zentner,None,None,None,None,None
2216851,Georg Borschnek,Christian Klöckner,David Stipp,Marcel Fennel,Sebastian Baumann,Felix Pauer,Axel Neumann,Eric Wischang,Lars Weingärtner,Alind Mulaj,Niklas Schneider,Bernd Leno,Emir Spahić,Tin Jedvaj,Wendell,Giulio Donati,Simon Rolfes,Hakan Çalhanoğlu,Julian Brandt,Gonzalo Castro,Karim Bellarabi,Stefan Kießling,Philipp Frank,Sascha Kraft,Beytullah Kurtoglu,Dominik Schindel,Kay Schotte,Patrick Walther,Jonas Erbach,None,None,None,None,None,Sebastian Boenisch,Josip Drmić,Dario Krešić,Levin Öztunali,Stefan Reinartz,Heung-min Son,Ömer Toprak,None,None,None,None,None
2216855,Michael Ratajczak,Christopher Schorch,Erik Wille,Kevin Wolze,Thomas Meißner,Michael Gardawski,Zlatko Janjić,Tim Albutat,Dennis Grote,Steffen Bohl,Kingsley Onuegbu,Raphael Schäfer,Martin Angha,Niklas Stark,Javier Pinola,Cristian Ramírez,Ondřej Petrák,Jürgen Mössmer,Willi Evseev,Alessandro Schöpf,Niclas Füllkrug,Peniel Mlapa,Sascha Dum,Nico Klotz,Matthias Kühne,Gökhan Lekesiz,Marcel Lenz,Babacar MBengue,Fabian Schnellhardt,None,None,None,None,None,Dave Bulthuis,Timo Gebhart,Robert Koch,Tobias Pachonik,Tomáš Pekhart,Patrick Rakovsky,Jakub Sylvestr,None,None,None,None,None
2216843,David Buchholz,Andreas Gaebler,Nils Fischer,Tim Stegerer,Clément Halet,Emil Noll,Steven Kröner,André Kilian,Sebastian Wolf,Marc Gallego,Kai Hesse,Yann Sommer,Oscar Wendt,Tony Jantschke,Julian Korb,Martin Stranzl,Ibrahima Traoré,Håvard Nordtveit,André Hahn,Granit Xhaka,Raffael,Branimir Hrgota,Kevin Broll,Frederic Ehrmann,Christian Grimm,Giancarlo Pinna,Jaron Schäfer,Matteo Timpone,Angelo Vaccaro,None,None,None,None,None,Mahmoud Dahoud,Domínguez,Thorgan Hazard,Christofer Heimeroth,Patrick Herrmann,Fabian Johnson,Marvin Schulz,None,None,None,None,None
2216845,Marcel Subke,Mario Delvalle,Salih Cetin,Marek Novak,Jerome Leroy,Hassan Oumari,Martin Skřehot,Jakob Regulski,Benjamin Wilcke,Murat Turhan,Shelby Printemps,Philipp Tschauner,Philipp Ziereis,Daniel Buballa,Sebastian Schachten,Sören Gonther,Jan-Philipp Kalla,Christopher Buchtmann,Marc Rzatkowski,Sebastian Maier,Christopher Nöthe,Ante Budimir,Bene Brecht,Joshua Breto,Eliseu Baldé,Jean-Pierre Pacher,Martin Weber,Alexander Wuthe,None,None,None,None,None,None,Michael Görlitz,Philipp Heerwagen,Bernd Nehrig,Markus Thorandt,Lennart Thy,Tom Trybull,John Verhoek,None,None,None,None,None
2216849,Christian Ahlers-Ceglarek,Sebastian Kmieć,Michel Haskamp,Ontje Abendroth,André Waldau,Matheus Wild,Dave Otto,Philipp Schiller,Ole Laabs,Christian Schwarz,Iman Bi-Ria,Rafał Gikiewicz,Matthias Henn,Benjamin Kessel,Ken Reichel,Marcel Correia,Mirko Boland,Norman Theuerkauf,Salim Khelifi,Hendrick Zuck,Håvard Nielsen,Dennis Kruppke,Simon Cakir,Ahmet Gül,Boris Kaiser,Sebastian Kurkiewicz,Flemming Sager,Benjamin Schimmel,Mark Spohler,None,None,None,None,None,Orhan Ademi,Mushaga Bakenga,Raffael Korte,Marjan Petkovic,Marc Pfitzner,Seung-woo Ryu,Damir Vrančić,None,None,None,None,None
2216854,Andreas Luthe,Jan Šimůnek,Patrick Fabian,Stefano Celozzi,Timo Perthel,Anthony Losilla,Yusuke Tasaka,Danny Latza,Stanislav Šesták,Michael Gregoritsch,Simon Terodde,Sven Ulreich,Gōtoku Sakai,Daniel Schwaab,Florian Klein,Antonio Rüdiger,Daniel Didavi,Oriol Romeu,Filip Kostić,Christian Gentner,Martin Harnik,Vedad Ibišević,Onur Bulut,Heiko Butscher,Piotr Ćwielong,Michael Esser,Henrik Gulden,Marco Terrazzino,Adnan Zahirović,None,None,None,None,None,Carlos Gruezo,Thorsten Kirschbaum,Moritz Leitner,Alexandru Maxim,Georg Niedermeier,Konstantin Rausch,Timo Werner,None,None,None,None,None
2216856,Nico Pellatz,Markus Brzenska,Daniel Reiche,Andreas Schäfer,Patrick Koronkiewicz,André Dej,Mike Wunderlich,Lukas Nottbeck,Timo Staffeldt,Silvio Pagano,Fatih Candan,Thomas Kraft,Peter Pekarík,John Heitinga,Sebastian Langkamp,Hajime Hosogai,Ronny,Peter Niemeyer,Genki Haraguchi,Nico Schulz,Julian Schieber,Roy Beerens,Jérôme Assauer,Dennis Brock,Claus Costa,Stefan Hickl,Jannik Löhden,Timo Röttger,Michael Vogel,None,None,None,None,None,Alexander Baumjohann,Änis Ben-Hatira,John Anthony Brooks,Jens Hegeler,Rune Jarstein,Marcel Ndjeng,Marvin Plattenhardt,None,None,None,None,None
2216857,Mark-Patrick Redl,Fabio Leutenecker,Marc Stein,Royal-Dominique Fennell,Fabian Baumgärtel,Sandrino Braun,Gerrit Müller,Enzo Marchese,Besar Halimi,Elia Soriano,Randy Edwini-Bonsu,Mitchell Langerak,Neven Subotić,Sokratis Papastathopoulos,Łukasz Piszczek,Erik Durm,Henrikh Mkhitaryan,Miloš Jojić,Oliver Kirch,Marco Reus,Pierre-Emerick Aubameyang,Adrián Ramos,Lhadji Badiane,Marco Calamita,Marco Gaiser,Fabian Gerster,Andreas Ivan,Daniel Kaiser,Korbinian Müller,None,None,None,None,None,Zlatan Alomerović,Sven Bender,Matthias Ginter,Kevin Großkreutz,Jonas Hofmann,Ciro Immobile,Sebastian Kehl,None,None,None,None,None
2216869,Rick Wulle,Mario Göttlicher,Manuel Kaufmann,Benjamin Hofmann,Thorben Stadler,Nico Hillenbrand,Timo Kern,Marcus Meyer,Andreas Schön,Nicolai Groß,Marcel Carl,Ron-Robert Zieler,Hiroki Sakai,Christian Schulz,Christian Pander,Marcelo,Leon Andreasen,Edgar Prib,Manuel Schmiedebach,Lars Stindl,Leonardo Bittencourt,Joselu,Maximillian Albrecht,Michael Glaser,Marcel Hofbauer,Leutrim Neziraj,Tabe Nyenty,Jürgen Rennar,Stephan Sieger,None,None,None,None,None,Miiko Albornoz,Robert Almer,Felipe,Ceyhun Gülselam,Maurice Hirsch,Jan Schlaudraff,Artur Sobiech,None,None,None,None,None
2216872,Daniel Reck,Stefan Riedel,Fabian Krüger,Marco Behrens,Marvin Fricke,Jan Lührs,Aaron Samawatie,Dominik Franke,Julian Eggers,Julian Bräunig,Philipp Stucki,Timo Horn,Mišo Brečko,Dominic Maroh,Jonas Hector,Paweł Olkowski,Mergim Mavraj,Adam Matuszczyk,Daniel Halfar,Matthias Lehmann,Anthony Ujah,Yuya Osako,Oliver Fiedler,Rick Kaupert,Timo Keul,Adrian Morton,Timo Richter,Okan Uysal,Jan-Philipp Walther,None,None,None,None,None,Bård Finne,Yannick Gerhardt,Tomáš Kalas,Thomas Kessler,Kevin Vogt,Kevin Wimmer,Simon Zoller,None,None,None,None,None
2216874,Andreas Stengel,Normen Armbruster,Patrick Beck,Marcel Klüber,Benedikt Dufner,Raphael Klein,Fabian Nopper,Joel Schützler,Elias Fritz,Josef Tohmaz,Gildas Asongwe,Tom Mickel,Benedikt Röcker,Malcolm Cacutalua,Niko Gießelmann,Stephan Fürstner,Florian Trinks,Tom Weilandt,Thomas Pledl,Robert Žulj,Marco Stiepermann,Ognjen Mudrinski,Simon Becherer,Dennis Kaltenbach,Markus Müller,Benjamin Pfahler,Timmy Pfeiffer,Ridje Sprich,Florian Wernet,None,None,None,None,None,Orkan Çınar,Wolfgang Hesl,Alexandros Kartalis,Zhi Gin Lam,Stephan Schröck,Thomas Kleine,Jann George,None,None,None,None,None
2216862,Florian Fromlowitz,Nico Herzig,Robert Müller,Thomas Geyer,Alf Mintzel,Michael Wiemann,Tobias Jänicke,Nils-Ole Book,Sebastian Mrowca,Soufian Benyamina,José Vunguidica,Tobias Sippel,Willi Orban,Michael Schulze,Torrejón,Chris Löwe,Dominique Heintz,Alexander Ring,Ruben Jenssen,Kevin Stöger,Philipp Hofmann,Karim Matmour,Maximilian Ahlschwede,Marius Kleinsorge,Markus Kolke,Marco Königs,Alexander Nandzik,Luca Schnellbacher,Daniel Wein,None,None,None,None,None,André Fomitschow,Tim Heubach,Markus Karl,Srđan Lakić,Stefan Mugoša,Marius Müller,Jean Zimmer,None,None,None,None,None
2216859,Marcus Rickert,Rico Morack,Robert Schröder,Murat Doymus,Gökhan Ahmetcik,Tim Lensinger,Thomas Kruschke,Maximilian Watzka,Ümit Ergirdi,Caner Özcin,Sebastian Huke,Kevin Trapp,Marco Russ,Constant Djakpa,Bamba Anderson,Aleksandar Ignjovski,Takashi Inui,Martin Lanig,Lucas Piazón,Makoto Hasebe,Haris Seferović,Nelson Valdez,Adrian Antunović,Julian Austermann,Stephan Brehmer,Fabian Fritsche,Jannis Gabrielides,Nicolai Jelitto,Patrick Leutloff,None,None,None,None,None,Timothy Chandler,Johannes Flum,Joel Gerezgiher,Alexander Madlung,Alexander Meier,Bastian Oczipka,Felix Wiedwald,None,None,None,None,None
2216861,Dominik Poremba,Til Bauman,Serkan Dalman,Philipp Frisch,Abdullah Keseroğlu,Manuel Glowacz,Konstantin Möllering,Yannick Geisler,Ali Ibrahimaj,Markus Hayer,Zouhair Bouadoud,Patric Klandt,Björn Schlicke,Tom Beugelsdijk,Alexander Huber,Manuel Konrad,Marc-André Kruska,Odise Roshi,Denis Epstein,Vincenzo Grifo,Zafer Yelen,Edmond Kapllani,Ardian Kameraj,Charles Butte,Daniel Duschner,Marvin Helm,Sven König,Mirson Volina,Mathias Hartwig,None,None,None,None,None,Alexander Bittroff,André Schembri,Mario Engels,Marcel Kaffenberger,Joni Kauko,Sören Pirson,Faton Toski,None,None,None,None,None
2216847,Milos Mandic,Viktor Pekrul,Michael Wessel,Stefan Heyken,Jeffrey Obst,Marius Winkelmann,Taiki Hirooka,Andor Bolyki,Alessandro Ficara,Kifuta Makangu,Christian Pauli,Daniel Bernhardt,André Hainault,Oliver Barth,Phil Ofosu-Ayeh,Arne Feick,Leandro Grech,Michael Klauß,Manuel Junglas,Andreas Hofmann,Andreas Ludwig,Nejmeddin Daghfous,Celio,Jeff-Denis Fehr,Axel France,Aaron Goldmann,Almir Kasumovic,Josip Tomić,Mattia Trianni,None,None,None,None,None,Dennis Chessa,Dominick Drexler,Jasmin Fejzić,Sascha Mockenhaupt,Maximilian Oesterhelweg,Collin Quaner,Fabian Weiß,None,None,None,None,None
2216850,Kenneth Kronholm,Patrick Kohlmann,Patrick Herrmann,Hauke Wahl,Tim Danneberg,Mikkel Vendelbo,Tim Siedschlag,Marcel Gebers,Manuel Schäffler,Saliou Sané,Jarosław Lindner,Stefan Ortega,Moritz Volz,Markus Steinhöfer,Gary Kagelmacher,Christopher Schindler,Edu Bedia,Ilie,Marin Tomasov,Leonardo,Rubin Okotie,Bobby Wood,Patrick Breitkreuz,Niklas Jakusch,Rafael Kazior,Maik Kegel,Fiete Sykora,Fabian Wetter,Finn Wirlmann,None,None,None,None,None,Daniel Adlung,Kai Bülow,Daylon Claasen,Gábor Király,Markus Schwabl,Yannick Stark,Maximilian Wittek,None,None,None,None,None
2216858,Patrick Rösch,Uli Klar,Marco Hahn,Sebastian Enderle,Tobias Heikenwälder,Sebastian Schaller,Michael Passer,Lukas Kling,Moritz Nebel,Marc Hämmerle,Andreas Spann,Raphael Wolf,Santiago García,Luca Caldirola,Gálvez,Assani Lukimya,Clemens Fritz,Cédric Makiadi,Izet Hajrović,Zlatko Junuzović,Fin Bartels,Eljero Elia,Kim Anders,Stephan Böck,Maximilian Löw,Ardian Morina,Dominic Robinson,Manuel Strahler,Sezai Zehiroğlu,None,None,None,None,None,Levent Ayçiçek,Raif Husic,Martin Kobylański,Felix Kroos,Nils Petersen,Davie Selke,Marnon Busch,None,None,None,None,None
2216865,Rafał Koczor,Florian Giebel,Filip Krstić,Christoph Klippel,Pierre Becken,Daniel Rupf,Alexander Hettich,Tino Schmidt,Yves Brinkmann,Vitalij Lux,Velimir Jovanović,Martin Männel,René Klingbeil,Thorsten Schulz,Nils Miatke,Iván González,Michael Fink,Dorian Diring,Romario Kortzorg,Arvydas Novikovas,Henri Anier,Solomon Okoronkwo,Tino Berbig,Dominik Bock,Sören Eismann,Marius Grösch,Andreas Löser,Thomas Ströhl,Jakub Więzik,None,None,None,None,None,Rico Benatelli,Sascha Kirschstein,Frank Löning,Filip Lukšík,Fabian Müller,Oliver Schröder,Stipe Vučur,None,None,None,None,None
2216866,Yannick Jonas,Andre Lohfeldt,Jan Frithjof Kramer,Hauke Brückner,Sven Drews,Christoph Wegner,Tore Gersch,Max Krause,Denny Schiemann,Visar Galica,Torben Hindersmann,Oliver Baumann,Ermin Bičakčić,Jin-su Kim,Niklas Süle,Eugen Polanski,Tobias Strobl,Tarik Elyounoussi,Pirmin Schwegler,Sven Schipplock,Ádám Szalai,Kevin Volland,Rihards Depers,Alexander Graf,Richard Grönsel,Benedict Kummerfeldt,Femi Smith,Kevin Trapp,Sebastian Voß,None,None,None,None,None,David Abraham,Jens Grahl,Jiloan Hamad,Anthony Modeste,Sebastian Rudy,Jannik Vestergaard,Steven Zuber,None,None,None,None,None
2216846,Jérôme Reisacher,Torge Hollmann,Christoph Buchner,Stefan Thelen,Fabian Zittlau,Ajdin Zerić,Christoph Anton,Erich Sautner,Robin Garnier,Milorad Peković,Rudy Carlier,Sebastian Mielitz,Pavel Krmaš,Marc Oliver Kempf,Oliver Sorg,Christian Günter,Mike Frantz,Jonathan Schmid,Julian Schuster,Felix Klaus,Admir Mehmedi,Maximilian Philipp,Boris Becker,Gianluca Bohr,Uğur Dündar,Denis Pozder,Lukas Püttmann,Christopher Spang,Dominik Thömmes,None,None,None,None,None,Roman Bürki,Sebastian Freis,Karim Guédé,Nicolas Höfler,Sebastian Kerk,Stefan Mitrovič,Sascha Riether,None,None,None,None,None
2216848,Daniel Masuch,Fabian Hergesell,Marc Heitmeier,Dominik Schmidt,Mehmet Kara,Julian Riedel,Erik Zenga,Philipp Hoffmann,Jens Truckenbrod,Marcel Reichwein,Rogier Krohne,Manuel Neuer,Dante,Jérôme Boateng,Juan Bernat,Philipp Lahm,David Alaba,Holger Badstuber,Xherdan Shaqiri,Mario Götze,Robert Lewandowski,Thomas Müller,Abdenour Amachaibou,Patrick Kirsch,Marco Pischorn,Philip Röhe,Simon Scherder,Max Schulze Niehues,Benjamin Siegert,None,None,None,None,None,Gianluca Gaudino,Pierre-Emile Højbjerg,Pepe Reina,Claudio Pizarro,Arjen Robben,Sebastian Rode,Tom Starke,None,None,None,None,None
2216864,Robert Wulnikowski,Dominik Nothnagel,Clemens Schoppenhauer,Niklas Weißenberger,Christian Demirtas,Lukas Billick,Marco Haller,Liridon Vocaj,Amir Shapourzadeh,Steven Lewerenz,Christopher Bieber,Michael Rensing,Julian Schauerte,Heinrich Schmidtgal,Bruno Soares,Lukas Schmitz,Michael Liendl,Adam Bodzek,Christian Gartner,Sérgio da Silva Pinto,Erwin Hoffer,Joel Pohjanpalo,Corvin Behrens,Manuel Duhnke,Nico Gutjahr,Adam Jabiri,André Koob,Dennis Schmitt,Kostadin Velkov,None,None,None,None,None,Axel Bellinghausen,Charlison Benschop,Mathis Bolly,Dustin Bomheuer,Robin Heller,Andreas Lambertz,Christian Weber,None,None,None,None,None
2216867,Alexander Walter,Denny Meincke,Kevin Riechert,Tom Buschke,Guido Träger,Daniel Nawotke,Toni Schmidt,Dominik Czech,Dennis Kühl,Christoph Fischer,Michael Freyer,Dirk Orlishausen,Jan Mauersberger,Sascha Traut,Manuel Gulde,Philipp Max,Reinhold Yabo,Hiroki Yamada,Dominic Peitz,Manuel Torres,Gaetan Krebs,Ilian Micanski,Maik Bromund,Florian Engelbrecht,Clemens Hantke,Oliver Krüger,Patrick Mayer,Eric Mpoy,Patrick Pretzer,None,None,None,None,None,Daniel Gordon,Dennis Kempe,Jonas Meffert,Dimitrij Nazarov,Enrico Valentini,Koen van der Biezen,René Vollath,None,None,None,None,None
2216868,Alexander Schwolow,Stephan Salger,Julian Börner,Florian Dick,Sebastian Schuppan,Jonas Strifler,Peer Kluge,Christian Müller,Fabian Klos,Dennis Mast,Christoph Hemlein,Manuel Riemann,Tim Kister,Seyi Olajengbesi,Timo Achenbach,Marc Pfertzel,Denis Linsmayer,Marco Thiede,Manuel Stiefler,Stefan Kulovits,Aziz Bouhaddouz,René Gartler,Daniel Brinkmann,Felix Burmeister,Sebastian Hille,Marc Lorenz,Jarno Peters,Bashkim Renneke,Pascal Testroet,None,None,None,None,None,Alexander Mühling,Marco Knaller,Lukas Kübler,Moritz Kuhn,Leart Paqarada,Daniel Schulz,Jim-Patrick Müller,None,None,None,None,None
2216853,Matthias Tischer,Nico Hammann,Christopher Handke,Felix Schiller,Steffen Puttkammer,René Lange,Marcel Schlosser,Niklas Brandt,Marius Sowislo,Matthias Steinborn,Christian Beck,Marwin Hitz,Paul Verhaegh,Ragnar Klavan,Marcel de Jong,Jan-Ingwer Callsen-Bracker,Daniel Baier,Tobias Werner,Dominik Kohr,Erik Thommy,Halil Altintop,Tim Matavž,Torge Bremer,Nils Butzen,Lukas Cichos,Lars Fuchs,Nicolas Hebisch,Sven Reimann,Christoph Siefkes,None,None,None,None,None,Abdul Rahman Baba,Caiuby,Nikola Đurđić,Alexander Manninger,Sascha Mölders,Shawn Parker,Dominik Reinhardt,None,None,None,None,None
2216860,Benjamin Bellot,Anthony Jung,Tim Sebastian,Niklas Hoheneder,Georg Teigl,Rani Khedira,Joshua Kimmich,Dominik Kaiser,Diego Demme,Yussuf Poulsen,Daniel Frahn,Lukas Kruse,Uwe Hünemeier,Patrick Ziegler,Jens Wemmer,Christian Strohdiek,Florian Hartherz,Marvin Bakalorz,Mario Vrančić,Moritz Stoppelkamp,Süleyman Koç,Stefan Kutschke,Thomas Dähne,Clemens Fandrich,Sebastian Heidinger,Stefan Hierländer,Matthias Morys,Denis Thomalla,Tobias Willers,None,None,None,None,None,Daniel Brückner,Michael Heinloth,Daniel Lück,Idir Ouali,Lukas Rupp,Mahir Sağlık,Marc Vucinovic,None,None,None,None,None
2216863,Christian Mathenia,Benjamin Gorka,Romain Brégerie,Sandro Sirigu,Fabian Holland,Jérôme Gondorf,Tobias Kempe,Hanno Behrens,Marcel Heller,Marco Sailer,Dominik Stroh-Engel,Max Grün,Naldo,Robin Knoche,Ricardo Rodríguez,Vieirinha,Aaron Hunt,Kevin De Bruyne,Junior Malanda,Josuha Guilavogui,Maximilian Arnold,Ivica Olić,Aaron Berzel,Julius Biada,Maurice Exslager,Milan Ivana,Ronny König,Patrick Platins,Michael Stegmayer,None,None,None,None,None,Daniel Caligiuri,Bas Dost,Patrick Drewes,Timm Klose,Slobodan Medojević,Marcel Schäfer,Paul Seguin,None,None,None,None,None
2216870,Rouven Sattelmaier,Mathias Wittek,Philip Heise,Kevin Kraus,Robert Strauß,Marc Schnatterer,Sebastian Griesbeck,Philipp Riese,Marcel Titsch-Rivero,Florian Niederlechner,Adriano Grimaldi,Mohamed Amsif,Roberto Punčec,Christopher Trimmel,Fabian Schönheim,Toni Leistner,Barış Özbek,Torsten Mattuschka,Damir Kreilach,Björn Jopek,Sören Brandy,Steven Skrzybski,Tim Göhlert,Manuel Janzer,Robert Leipertz,Dennis Malura,Patrick Mayer,Smail Morabit,Jan Zimmermann,None,None,None,None,None,Martin Dausch,Mario Eggimann,Daniel Haas,Benjamin Köhler,Björn Kopplin,Bajram Nebihi,Eroll Zejnullahu,None,None,None,None,None
2216871,Daniel Endres,Klaus Gjasula,Giuliano Modica,Alexis Theodosiadis,Stefano Maier,Dennis Schulte,Denis Mangafic,Matthias Schwarz,Benjamin Pintol,Sascha Korb,Christian Cappek,André Weis,Benjamin Hübner,Danilo Soares,Konstantin Engel,Danny da Costa,Marvin Matip,Alfredo Morales,Roger,Pascal Groß,Stefan Lex,Karl-Heinz Lappe,Fabian Bäcker,Jan Biggel,Gabriel Gallus,Lucas Menz,Markus Müller,Mohamed Tahiri,Steven von der Burg,None,None,None,None,None,Robert Bauer,Lukas Hinterseer,Steffen Jainta,Andre Mijatović,Ramazan Özcan,Stefan Wannenwetsch,Julian Günther-Schmidt,None,None,None,None,None
2216873,Kevin Müller,Robert Berger,Cédric Mimbala,Uwe Möhrle,Robin Szarka,Fanol Perdedaj,Rok Elsner,Nikolas Ledgerwood,Manuel Zeitz,Sven Michel,Zbyněk Pospěch,René Adler,Dennis Diekmeier,Heiko Westermann,Johan Djourou,Marcell Jansen,Ivo Iličević,Milan Badelj,Petr Jiráček,Valon Behrami,Rafael van der Vaart,Artjoms Rudņevs,Paterson Chato,Nils Gottschick,Marco Holz,Tim Kleindienst,Max Oberschmidt,Fabian Pawela,Patrick Wolf,None,None,None,None,None,Tolgay Arslan,Jaroslav Drobný,Pierre-Michel Lasogga,Matthias Ostrzolek,Per Skjelbred,Jonathan Tah,Jacques Zoua,None,None,None,None,None
2216852,Benjamin Kirsten,Dennis Erdmann,Michael Hefele,Nils Teixeira,David Vržogic,Luca Dürholtz,Quirin Moll,Marvin Stefaniak,Cristian Fiél,Sylvano Comvalius,Justin Eilers,Ralf Fährmann,Felipe Santana,Sead Kolašinac,Joel Matip,Max Meyer,Kevin-Prince Boateng,Marco Höger,Sidney Sam,Roman Neustädter,Eric Maxim Choupo-Moting,Klaas Jan Huntelaar,Dominic Baumann,Niklas Kreuzer,Franz Pfanne,Alban Sabah,Markus Scholz,Sinan Tekerci,Furhgill Zeldenrust,None,None,None,None,None,Kaan Ayhan,Tranquillo Barnetta,Christian Clemens,Julian Draxler,Christian Fuchs,Benedikt Höwedes,Christian Wetklo,None,None,None,None,None
2272863,Philipp Pentke,Nils Röseler,Kevin Conrad,Marc Endres,Marco Kehl-Gómez,Dan-Patrick Poggenberg,Fabian Stenzel,Tim Danneberg,Philip Türpitz,Anton Fink,Reagy Ofosu,Raphael Wolf,Santiago García,Gálvez,Clemens Fritz,Sebastian Prödl,Theodor Gebre Selassie,Izet Hajrović,Felix Kroos,Levent Ayçiçek,Fin Bartels,Franco Di Santo,Stefano Cincotta,Sebastian Glasner,Florian Hansch,Marcel Hofrath,Marc Lais,Maximilian Reule,Tom Scheffel,None,None,None,None,None,Luca Caldirola,Zlatko Junuzović,Assani Lukimya,Ludovic Obraniak,Nils Petersen,Davie Selke,Richard Strebinger,None,None,None,None,None
2272865,Alexander Schwolow,Stephan Salger,Julian Börner,Felix Burmeister,Florian Dick,Sebastian Schuppan,Tom Schütz,Peer Kluge,Fabian Klos,Dennis Mast,Christoph Hemlein,Thomas Kraft,Peter Pekarík,John Anthony Brooks,Hajime Hosogai,Marcel Ndjeng,Jens Hegeler,Valentin Stocker,Genki Haraguchi,Fabian Lustenberger,Salomon Kalou,Roy Beerens,Daniel Brinkmann,Sebastian Hille,Marc Lorenz,Jarno Peters,Jonas Strifler,Pascal Testroet,David Ulm,None,None,None,None,None,John Heitinga,Rune Jarstein,Peter Niemeyer,Marvin Plattenhardt,Ronny,Julian Schieber,Sandro Wagner,None,None,None,None,None
2272874,Daniel Bernhardt,Oliver Barth,Sascha Mockenhaupt,Phil Ofosu-Ayeh,Arne Feick,Jurgen Gjasula,Michael Klauß,Andreas Hofmann,Dominick Drexler,Andreas Ludwig,Nejmeddin Daghfous,Ron-Robert Zieler,Hiroki Sakai,Christian Schulz,Felipe,Florian Ballas,Ceyhun Gülselam,Hiroshi Kiyotake,Leonardo Bittencourt,Joselu,Jan Schlaudraff,Jimmy Briand,Dennis Chessa,Manuel Junglas,Fabio Kaufmann,Collin Quaner,Oliver Schnitzler,Fabian Weiß,Maximilian Welzmüller,None,None,None,None,None,Robert Almer,Sebastian Ernst,Maurice Hirsch,Kenan Karaman,Edgar Prib,Artur Sobiech,Stefan Thesker,None,None,None,None,None
2272866,Daniel Endres,Klaus Gjasula,Giuliano Modica,Alexis Theodosiadis,Dennis Schulte,Denis Mangafic,Matthias Schwarz,Benjamin Pintol,Jan Biggel,Martin Röser,Christian Cappek,Dirk Orlishausen,Daniel Gordon,Dennis Kempe,Manuel Gulde,Hiroki Yamada,Dominic Peitz,Manuel Torres,Enrico Valentini,Silvano Varnhagen,Rouwen Hennings,Ilian Micanski,Fabian Bäcker,Stefano Maier,Lucas Menz,Markus Müller,Maik Vetter,Steven von der Burg,Kevin Wittke,None,None,None,None,None,Selçuk Alibaz,Boubacar Barry,Jan Mauersberger,Philipp Max,Jonas Meffert,Dimitrij Nazarov,René Vollath,None,None,None,None,None
2272868,Benjamin Kirsten,Dennis Erdmann,Michael Hefele,Niklas Kreuzer,Jannik Müller,David Vržogic,Luca Dürholtz,Sinan Tekerci,Sylvano Comvalius,Justin Eilers,Mathias Fetsch,Andreas Luthe,Fabian Holthaus,Malcolm Cacutalua,Heiko Butscher,Stefano Celozzi,Anthony Losilla,Yusuke Tasaka,Tobias Weis,Danny Latza,Stanislav Šesták,Simon Terodde,Dominic Baumann,Robin Fluß,Tobias Müller,Alban Sabah,Marvin Stefaniak,Patrick Wiegers,Furhgill Zeldenrust,None,None,None,None,None,Onur Bulut,Piotr Ćwielong,Michael Esser,Mikael Forssell,Michael Gregoritsch,Marco Terrazzino,Adnan Zahirović,None,None,None,None,None
2272869,Michael Ratajczak,Branimir Bajić,Rolf Feltscher,Thomas Meißner,Enis Hajri,Michael Gardawski,Zlatko Janjić,Tim Albutat,Fabian Schnellhardt,Steffen Bohl,Kevin Scheidhauer,Timo Horn,Jonas Hector,Paweł Olkowski,Mergim Mavraj,Kevin Wimmer,Kevin Vogt,Daniel Halfar,Kazuki Nagasawa,Matthias Lehmann,Anthony Ujah,Simon Zoller,Sascha Dum,Dennis Grote,Nico Klotz,Matthias Kühne,Marcel Lenz,Kingsley Onuegbu,Christopher Schorch,None,None,None,None,None,Mišo Brečko,Thomas Kessler,Dominic Maroh,Adam Matuszczyk,Yuya Osako,Sławomir Peszko,Marcel Risse,None,None,None,None,None
2272875,Marius Müller,Tim Heubach,Willi Orban,Michael Schulze,Jean Zimmer,Ruben Jenssen,Kevin Stöger,Amin Younes,Markus Karl,Philipp Hofmann,Karim Matmour,Tom Mickel,Benedikt Röcker,Guilherme,Niko Gießelmann,Stephan Fürstner,Stephan Schröck,Marco Caligiuri,Tom Weilandt,Goran Šukalo,Marco Stiepermann,Kacper Przybyłko,André Fomitschow,Marcel Gaus,Dominique Heintz,Sebastian Jacob,Chris Löwe,Stefan Mugoša,Tobias Sippel,None,None,None,None,None,Marco Rojas,Miro Varvodić,Orkan Çınar,Jann George,Thomas Kleine,Johannes Wurtz,Robert Žulj,None,None,None,None,None
2272878,Philipp Tschauner,Lasse Sobiech,Philipp Ziereis,Sören Gonther,Andrej Startsev,Florian Kringe,Dennis Daube,Marc Rzatkowski,Okan Kurt,Christopher Nöthe,John Verhoek,Mitchell Langerak,Neven Subotić,Mats Hummels,Sokratis Papastathopoulos,Erik Durm,Sebastian Kehl,Shinji Kagawa,Henrikh Mkhitaryan,Kevin Großkreutz,Ciro Immobile,Marco Reus,Enis Alushi,Ante Budimir,Philipp Heerwagen,Jan-Philipp Kalla,Sebastian Maier,Bernd Nehrig,Lennart Thy,None,None,None,None,None,Sven Bender,Matthias Ginter,Miloš Jojić,Mitsuru Maruoka,Łukasz Piszczek,Adrián Ramos,Roman Weidenfeller,None,None,None,None,None
2272862,Jan Glinker,Nico Hammann,Silvio Bankert,Felix Schiller,Steffen Puttkammer,Nils Butzen,Marcel Schlosser,Christoph Siefkes,Niklas Brandt,Marius Sowislo,Christian Beck,Bernd Leno,Emir Spahić,Roberto Hilbert,Kyriakos Papadopoulos,Tin Jedvaj,Ömer Toprak,Lars Bender,Hakan Çalhanoğlu,Heung-min Son,Josip Drmić,Stefan Kießling,Torge Bremer,Lars Fuchs,Nicolas Hebisch,Kevin Kruschke,Morris Schröter,Matthias Steinborn,Matthias Tischer,None,None,None,None,None,Sebastian Boenisch,Julian Brandt,Giulio Donati,Dario Krešić,Robbie Kruse,Levin Öztunali,Wendell,None,None,None,None,None
2272870,Robert Wulnikowski,Dominik Nothnagel,Kostadin Velkov,Clemens Schoppenhauer,Niklas Weißenberger,Christian Demirtas,Lukas Billick,Marco Haller,Liridon Vocaj,Amir Shapourzadeh,Christopher Bieber,Rafał Gikiewicz,Vegar Hedenstad,Benjamin Kessel,Ken Reichel,Marcel Correia,Mirko Boland,Norman Theuerkauf,Marc Pfitzner,Håvard Nielsen,Gianluca Korte,Dennis Kruppke,Pascal Bieler,Nico Gutjahr,Adam Jabiri,Steven Lewerenz,Dennis Schmitt,Sebastian Sonnenberger,Mario Miltner,None,None,None,None,None,Orhan Ademi,Mushaga Bakenga,Matthias Henn,Marjan Petkovic,Seung-woo Ryu,Damir Vrančić,Hendrick Zuck,None,None,None,None,None
2272871,Stefan Ortega,Kai Bülow,Sebastian Hertner,Martin Angha,Christopher Schindler,Daylon Claasen,Daniel Adlung,Ilie,Valdet Rama,Julian Weigl,Rubin Okotie,Sebastian Mielitz,Torrejón,Stefan Mitrovič,Sascha Riether,Christian Günter,Vladimír Darida,Nicolas Höfler,Felix Klaus,Sebastian Kerk,Admir Mehmedi,Sebastian Freis,Moritz Volz,Marin Tomasov,Gary Kagelmacher,Marius Wolf,Yannick Stark,Vitus Eicher,Maximilian Wittek,None,None,None,None,None,Roman Bürki,Dani Schahin,Jonathan Schmid,Julian Schuster,Mensur Mujdža,Karim Guédé,Immanuel Höhn,None,None,None,None,None
2272877,Fabio Coltorti,Anthony Jung,Tim Sebastian,Lukas Klostermann,Georg Teigl,Rani Khedira,Dominik Kaiser,Stefan Hierländer,Diego Demme,Yussuf Poulsen,Daniel Frahn,Martin Männel,René Klingbeil,Stipe Vučur,Fabian Müller,Michael Fink,Oliver Schröder,Rico Benatelli,Romario Kortzorg,Frank Löning,Arvydas Novikovas,Henri Anier,Benjamin Bellot,Terrence Boyd,Marvin Compper,Clemens Fandrich,Sebastian Heidinger,Matthias Morys,Federico Palacios-Martínez,None,None,None,None,None,Dorian Diring,Sascha Kirschstein,Mike Könnecke,Filip Lukšík,Thomas Paulus,Patrick Schönfeld,Thorsten Schulz,None,None,None,None,None
2272872,Jaroslav Drobný,Heiko Westermann,Johan Djourou,Matthias Ostrzolek,Ashton Götz,Tolgay Arslan,Zoltán Stieber,Lewis Holtby,Petr Jiráček,Nicolai Müller,Pierre-Michel Lasogga,Manuel Neuer,Dante,Rafinha,Jérôme Boateng,Juan Bernat,Philipp Lahm,David Alaba,Xabi Alonso,Franck Ribéry,Robert Lewandowski,Thomas Müller,Alexander Brunst,Julian Green,Marcell Jansen,Gojko Kačar,Valmir Nafiu,Matti Steinmann,Rafael van der Vaart,None,None,None,None,None,Gianluca Gaudino,Mario Götze,Pierre-Emile Højbjerg,Claudio Pizarro,Sebastian Rode,Leopold Zingerle,Xherdan Shaqiri,None,None,None,None,None
2272873,Jens Grahl,Andreas Beck,Ermin Bičakčić,Niklas Süle,Jannik Vestergaard,Sebastian Rudy,Roberto Firmino,Tobias Strobl,Steven Zuber,Sven Schipplock,Kevin Volland,Patric Klandt,Tom Beugelsdijk,Alexander Bittroff,Alexander Huber,Joan Oumari,Hanno Balitsch,Manuel Konrad,Marc-André Kruska,Mario Engels,Vincenzo Grifo,Zlatko Dedič,David Abraham,Oliver Baumann,Tarik Elyounoussi,Anthony Modeste,Eugen Polanski,Pirmin Schwegler,Ádám Szalai,None,None,None,None,None,Ahmed Azaouagh,Markus Ballmert,Edmond Kapllani,Joni Kauko,Sören Pirson,André Schembri,Björn Schlicke,None,None,None,None,None
2272876,Diego Benaglio,Marcel Schäfer,Timm Klose,Sebastian Jung,Naldo,Daniel Caligiuri,Vieirinha,Kevin De Bruyne,Luiz Gustavo,Maximilian Arnold,Bas Dost,Rouven Sattelmaier,Dennis Malura,Mathias Wittek,Kevin Kraus,Michael Vitzthum,Julius Reinhardt,Marc Schnatterer,Sebastian Griesbeck,Philipp Riese,Robert Leipertz,Florian Niederlechner,Max Grün,Aaron Hunt,Robin Knoche,Junior Malanda,Ivica Olić,Ivan Perišić,Christian Träsch,None,None,None,None,None,Alper Bagceci,Tim Göhlert,Philip Heise,Felix-Adrian Körber,Patrick Mayer,Smail Morabit,Marcel Titsch-Rivero,None,None,None,None,None
2272879,Felix Wiedwald,Marco Russ,Bastian Oczipka,Alexander Madlung,Bamba Anderson,Aleksandar Ignjovski,Stefan Aigner,Makoto Hasebe,Marc Stendera,Slobodan Medojević,Haris Seferović,Yann Sommer,Domínguez,Tony Jantschke,Julian Korb,Martin Stranzl,Ibrahima Traoré,Håvard Nordtveit,Christoph Kramer,Thorgan Hazard,Max Kruse,Branimir Hrgota,Timothy Chandler,Timo Hildebrand,Takashi Inui,Václav Kadlec,David Kinsombi,Martin Lanig,Lucas Piazón,None,None,None,None,None,Janis Blaswich,Roel Brouwers,André Hahn,Patrick Herrmann,Fabian Johnson,Raffael,Oscar Wendt,None,None,None,None,None
2294648,Bernd Leno,Emir Spahić,Sebastian Boenisch,Ömer Toprak,Giulio Donati,Simon Rolfes,Hakan Çalhanoğlu,Julian Brandt,Gonzalo Castro,Karim Bellarabi,Josip Drmić,Marius Müller,Tim Heubach,Willi Orban,Michael Schulze,André Fomitschow,Jean Zimmer,Kerem Demirbay,Alexander Ring,Ruben Jenssen,Simon Zoller,Karim Matmour,Roberto Hilbert,Stefan Kießling,Dario Krešić,Kyriakos Papadopoulos,Stefan Reinartz,Wendell,Vladlen Yurchenko,None,None,None,None,None,Philipp Hofmann,Sebastian Jacob,Markus Karl,Mateusz Klich,Michael Schindele,Tobias Sippel,Kevin Stöger,None,None,None,None,None
2294651,Daniel Bernhardt,Oliver Barth,Sascha Mockenhaupt,Phil Ofosu-Ayeh,Arne Feick,Jurgen Gjasula,Michael Klauß,Fabio Kaufmann,Andreas Hofmann,Andreas Ludwig,Collin Quaner,Jens Grahl,Andreas Beck,Ermin Bičakčić,Jeremy Toljan,Sebastian Rudy,Eugen Polanski,Roberto Firmino,Tobias Strobl,Pirmin Schwegler,Sven Schipplock,Kevin Volland,Leandro Grech,Maximilian Oesterhelweg,Orhan Ademi,Lucão,Dennis Chessa,Oliver Schnitzler,Maximilian Welzmüller,None,None,None,None,None,Oliver Baumann,Steven Zuber,David Abraham,Anthony Modeste,Ádám Szalai,Nadiem Amiri,Sejad Salihović,None,None,None,None,None
2294654,Roman Bürki,Torrejón,Mensur Mujdža,Christian Günter,Immanuel Höhn,Vladimír Darida,Jonathan Schmid,Julian Schuster,Dani Schahin,Admir Mehmedi,Maximilian Philipp,Timo Horn,Mišo Brečko,Dominic Maroh,Jonas Hector,Paweł Olkowski,Kevin Wimmer,Kevin Vogt,Marcel Risse,Daniel Halfar,Matthias Lehmann,Anthony Ujah,Karim Guédé,Nicolas Höfler,Florian Kath,Pavel Krmaš,Sebastian Mielitz,Stefan Mitrovič,Sascha Riether,None,None,None,None,None,Deyverson,Bård Finne,Thomas Kessler,Mergim Mavraj,Kazuki Nagasawa,Yuya Osako,Dušan Švento,None,None,None,None,None
2294655,Patrick Wiegers,Dennis Erdmann,Michael Hefele,Niklas Kreuzer,Nils Teixeira,Jannik Müller,David Vržogic,Quirin Moll,Sinan Tekerci,Robert Andrich,Justin Eilers,Mitchell Langerak,Neven Subotić,Mats Hummels,Marcel Schmelzer,Sebastian Kehl,Shinji Kagawa,İlkay Gündoğan,Jakub Błaszczykowski,Oliver Kirch,Ciro Immobile,Marco Reus,Sylvano Comvalius,Luca Dürholtz,Cristian Fiél,Benjamin Kirsten,Jim-Patrick Müller,Tobias Müller,Marvin Stefaniak,None,None,None,None,None,Sven Bender,Jeremy Dudziak,Kevin Kampl,Henrikh Mkhitaryan,Sokratis Papastathopoulos,Adrián Ramos,Roman Weidenfeller,None,None,None,None,None
2294652,Fabio Coltorti,Anthony Jung,Tim Sebastian,Lukas Klostermann,Rodnei,Emil Forsberg,Joshua Kimmich,Dominik Kaiser,Diego Demme,Yussuf Poulsen,Omer Damari,Diego Benaglio,Marcel Schäfer,Timm Klose,Sebastian Jung,Naldo,Daniel Caligiuri,Kevin De Bruyne,Luiz Gustavo,Josuha Guilavogui,Bas Dost,André Schürrle,Benjamin Bellot,Daniel Frahn,Sebastian Heidinger,Stefan Hierländer,Niklas Hoheneder,Ante Rebić,Yordy Reyna,None,None,None,None,None,Nicklas Bendtner,Max Grün,Robin Knoche,Ricardo Rodríguez,Paul Seguin,Christian Träsch,Vieirinha,None,None,None,None,None
2294653,Alexander Schwolow,Stephan Salger,Julian Börner,Felix Burmeister,Florian Dick,Sebastian Schuppan,Tom Schütz,Manuel Junglas,Christian Müller,Fabian Klos,Dennis Mast,Koen Casteels,Santiago García,Jannik Vestergaard,Clemens Fritz,Sebastian Prödl,Theodor Gebre Selassie,Zlatko Junuzović,Felix Kroos,Fin Bartels,Franco Di Santo,Davie Selke,Daniel Brinkmann,Christoph Hemlein,Marc Lorenz,Jarno Peters,Jonas Strifler,David Ulm,Koen van der Biezen,None,None,None,None,None,Luca Caldirola,Maximilian Eggestein,Izet Hajrović,Cédric Makiadi,Levin Öztunali,Janek Sternberg,Raphael Wolf,None,None,None,None,None
2294649,Daniel Endres,Klaus Gjasula,Giuliano Modica,Stefano Maier,Denis Mangafic,Matthias Schwarz,Maik Vetter,Benjamin Pintol,Martin Röser,Christian Cappek,Markus Müller,Yann Sommer,Roel Brouwers,Oscar Wendt,Tony Jantschke,Martin Stranzl,Patrick Herrmann,Christoph Kramer,Thorgan Hazard,André Hahn,Granit Xhaka,Max Kruse,Fabian Bäcker,Jan Biggel,Sascha Korb,Lucas Menz,Steven von der Burg,Marcel Wilke,Kevin Wittke,None,None,None,None,None,Janis Blaswich,Branimir Hrgota,Fabian Johnson,Julian Korb,Håvard Nordtveit,Raffael,Ibrahima Traoré,None,None,None,None,None
2294650,Manuel Neuer,Dante,Rafinha,Jérôme Boateng,David Alaba,Xabi Alonso,Franck Ribéry,Mario Götze,Bastian Schweinsteiger,Robert Lewandowski,Arjen Robben,Rafał Gikiewicz,Vegar Hedenstad,Saulo Decarli,Benjamin Kessel,Ken Reichel,Maximilian Sauer,Marcel Correia,Mirko Boland,Seung-woo Ryu,Hendrick Zuck,Nik Omladič,Holger Badstuber,Juan Bernat,Thomas Müller,Pepe Reina,Claudio Pizarro,Sebastian Rode,Mitchell Weiser,None,None,None,None,None,Julius Düker,Jan Hochscheidt,Salim Khelifi,Raffael Korte,Marjan Petkovic,Norman Theuerkauf,Damir Vrančić,None,None,None,None,None
2309670,Diego Benaglio,Christian Träsch,Naldo,Robin Knoche,Ricardo Rodríguez,Daniel Caligiuri,Vieirinha,Kevin De Bruyne,Luiz Gustavo,Bas Dost,André Schürrle,Roman Bürki,Torrejón,Stefan Mitrovič,Mensur Mujdža,Oliver Sorg,Vladimír Darida,Jonathan Schmid,Julian Schuster,Karim Guédé,Admir Mehmedi,Maximilian Philipp,Maximilian Arnold,Nicklas Bendtner,Max Grün,Josuha Guilavogui,Timm Klose,Ivan Perišić,Marcel Schäfer,None,None,None,None,None,Daniel Batz,Mike Frantz,Nicolas Höfler,Immanuel Höhn,Marc Oliver Kempf,Felix Klaus,Dani Schahin,None,None,None,None,None
2309669,Mitchell Langerak,Neven Subotić,Sokratis Papastathopoulos,Marcel Schmelzer,Erik Durm,Sven Bender,Shinji Kagawa,İlkay Gündoğan,Henrikh Mkhitaryan,Jakub Błaszczykowski,Pierre-Emerick Aubameyang,Oliver Baumann,Andreas Beck,Ermin Bičakčić,Jeremy Toljan,Sebastian Rudy,Eugen Polanski,Roberto Firmino,Tobias Strobl,Pirmin Schwegler,Sven Schipplock,Kevin Volland,Matthias Ginter,Kevin Großkreutz,Ciro Immobile,Kevin Kampl,Sebastian Kehl,Adrián Ramos,Roman Weidenfeller,None,None,None,None,None,Nadiem Amiri,Tarik Elyounoussi,Jens Grahl,Jin-su Kim,Anthony Modeste,Ádám Szalai,Steven Zuber,None,None,None,None,None
2309671,Alexander Schwolow,Stephan Salger,Felix Burmeister,Florian Dick,Sebastian Schuppan,Tom Schütz,Manuel Junglas,Christian Müller,Fabian Klos,Dennis Mast,Christoph Hemlein,Yann Sommer,Roel Brouwers,Domínguez,Oscar Wendt,Tony Jantschke,Patrick Herrmann,Christoph Kramer,Thorgan Hazard,André Hahn,Granit Xhaka,Max Kruse,Daniel Brinkmann,Manuel Hornig,Marc Lorenz,Jarno Peters,Pascal Testroet,David Ulm,Koen van der Biezen,None,None,None,None,None,Janis Blaswich,Branimir Hrgota,Fabian Johnson,Julian Korb,Håvard Nordtveit,Raffael,Ibrahima Traoré,None,None,None,None,None
2309668,Bernd Leno,Emir Spahić,Roberto Hilbert,Wendell,Ömer Toprak,Simon Rolfes,Lars Bender,Julian Brandt,Gonzalo Castro,Karim Bellarabi,Stefan Kießling,Manuel Neuer,Dante,Medhi Benatia,Rafinha,Jérôme Boateng,Juan Bernat,Philipp Lahm,Xabi Alonso,Mario Götze,Robert Lewandowski,Thomas Müller,Hakan Çalhanoğlu,Giulio Donati,Josip Drmić,Tin Jedvaj,Dario Krešić,Kyriakos Papadopoulos,Stefan Reinartz,None,None,None,None,None,Holger Badstuber,Gianluca Gaudino,Pepe Reina,Claudio Pizarro,Sebastian Rode,Thiago,Mitchell Weiser,None,None,None,None,None
2309673,Manuel Neuer,Medhi Benatia,Rafinha,Jérôme Boateng,Juan Bernat,Philipp Lahm,Xabi Alonso,Thiago,Mitchell Weiser,Robert Lewandowski,Thomas Müller,Mitchell Langerak,Mats Hummels,Sokratis Papastathopoulos,Marcel Schmelzer,Erik Durm,Sven Bender,Shinji Kagawa,İlkay Gündoğan,Jakub Błaszczykowski,Marco Reus,Pierre-Emerick Aubameyang,Dante,Mario Götze,Pepe Reina,Claudio Pizarro,Arjen Robben,Sebastian Rode,Bastian Schweinsteiger,None,None,None,None,None,Zlatan Alomerović,Matthias Ginter,Kevin Kampl,Sebastian Kehl,Henrikh Mkhitaryan,Adrián Ramos,Neven Subotić,None,None,None,None,None
2309672,Alexander Schwolow,Stephan Salger,Julian Börner,Florian Dick,Sebastian Schuppan,Tom Schütz,Manuel Junglas,Christian Müller,Fabian Klos,Dennis Mast,Christoph Hemlein,Diego Benaglio,Timm Klose,Naldo,Ricardo Rodríguez,Daniel Caligiuri,Vieirinha,Ivan Perišić,Kevin De Bruyne,Luiz Gustavo,Maximilian Arnold,Bas Dost,Daniel Brinkmann,Manuel Hornig,Marc Lorenz,Jarno Peters,Pascal Testroet,David Ulm,Koen van der Biezen,None,None,None,None,None,Nicklas Bendtner,Max Grün,Josuha Guilavogui,Robin Knoche,Marcel Schäfer,André Schürrle,Christian Träsch,None,None,None,None,None
2296776,Mitchell Langerak,Neven Subotić,Mats Hummels,Marcel Schmelzer,Erik Durm,Sebastian Kehl,Shinji Kagawa,İlkay Gündoğan,Henrikh Mkhitaryan,Marco Reus,Pierre-Emerick Aubameyang,Diego Benaglio,Timm Klose,Naldo,Ricardo Rodríguez,Daniel Caligiuri,Vieirinha,Ivan Perišić,Kevin De Bruyne,Luiz Gustavo,Maximilian Arnold,Bas Dost,Sven Bender,Jakub Błaszczykowski,Matthias Ginter,Ciro Immobile,Sokratis Papastathopoulos,Łukasz Piszczek,Roman Weidenfeller,None,None,None,None,None,Nicklas Bendtner,Max Grün,Josuha Guilavogui,Robin Knoche,Marcel Schäfer,André Schürrle,Christian Träsch,None,None,None,None,None
