GameID,Minute,PlayerIn,PlayerOut,Team
2218714,29,Maikel van der Werff,,PEC Zwolle
2218714,64,Nikolaos Ioannidis,Stef Nijland,PEC Zwolle
2218714,83,Soufian Moro,Jody Lukoki,PEC Zwolle
2218714,30,Yannick Cortie,Chris Kum,FC Utrecht
2218714,59,Gévero Markiet,Leon de Kogel,FC Utrecht
2218714,75,Adam Sarota,Mark Diemers,FC Utrecht
2218716,54,Yanic Wildschut,Luciano Slagveer,Sc Heerenveen
2218716,55,Thomas Dalgaard,Mark Uth,Sc Heerenveen
2218716,75,Morten Thorsby,Daley Sinkgraven,Sc Heerenveen
2218716,70,Rihairo Meulens,Giovanni Korte,FC Dordrecht
2218716,82,Rick ten Voorde,Mart Lieder,FC Dordrecht
2218716,90,Javier Vet,Joris van Overeem,FC Dordrecht
2218718,61,Bob Schepers,Dejan Meleg,SC Cambuur
2218718,78,Mart Dijkstra,Michiel Hemmen,SC Cambuur
2218718,90,Martijn Barto,Bartholomew Ogbeche,SC Cambuur
2218718,46,Kamohelo Mokotjo,Robbert Schilder,Twente Enschede
2218718,71,Bilal Ould-Chikh,Kasper Kusk,Twente Enschede
2218718,80,Renato Tapia,Darryl Lachman,Twente Enschede
2218720,71,Jeffrey Sarpong,Elson Hooi,NAC Breda
2218720,83,Joey Suk,Joeri de Kamps,NAC Breda
2218720,71,Ninos Gouriye,Tom van Weert,SBV Excelsior
2218720,76,Lars Hutten,Daryl van Mieghem,SBV Excelsior
2218720,86,Kevin Vermeulen,Jeff Stans,SBV Excelsior
2218725,69,Edwin Gyasi,Oussama Tannane,Heracles Almelo
2218725,69,Wout Weghorst,Mark-Jan Fledderus,Heracles Almelo
2218725,73,Simon Cziommer,Bas Sibum,Heracles Almelo
2218725,77,Mikhail Rosheuvel,Muamer Tanković,AZ Alkmaar
2218725,85,Ridgeciano Haps,Guus Hupperts,AZ Alkmaar
2218727,39,Tyronne Ebuehi,Roland Alberg,ADO Den Haag
2218727,87,Papito Merencia,Kevin Jansen,ADO Den Haag
2218727,58,Mitchell te Vrede,Jean-Paul Boëtius,Feyenoord Rotterdam
2218727,67,Ruben Schaken,Bilal Başaçıkoğlu,Feyenoord Rotterdam
2218727,81,Ruud Vormer,Elvis Manu,Feyenoord Rotterdam
2218729,68,Fernando Lewis,Alex Schalk,Go Ahead Eagles
2218729,71,Jeffrey Rijsdijk,Peter van Ooijen,Go Ahead Eagles
2218729,83,Jules Reimerink,Lesly de Sa,Go Ahead Eagles
2218729,63,Martijn van der Laan,Yoëll van Nieff,FC Groningen
2218729,68,Michael de Leeuw,Rasmus Lindgren,FC Groningen
2218729,88,Dino Islamović,Danny Hoesen,FC Groningen
2218731,59,Daley Blind,Arkadiusz Milik,Ajax Amsterdam
2218731,70,Anwar el Ghazi,Ricardo Kishna,Ajax Amsterdam
2218731,80,Kolbeinn Sigþórsson,Davy Klaassen,Ajax Amsterdam
2218731,66,Denys Oliynyk,Bertrand Traoré,Vitesse
2218731,66,Uroš Đurđević,Valeri Qazaishvili,Vitesse
2218731,85,Rochdi Achenteh,Kelvin Leerdam,Vitesse
2218733,66,Charlton Vicento,Terell Ondaan,Willem II
2218733,75,David Meul,Bruno Andrade,Willem II
2218733,80,Ricardo Ippel,Ben Sahar,Willem II
2218733,80,Marcel Ritzmaier,Adam Maher,PSV Eindhoven
2218733,80,Luciano Narsingh,Jürgen Locadia,PSV Eindhoven
2218733,85,Florian Jozefzoon,Memphis Depay,PSV Eindhoven
2218735,57,Ruben Schaken,Bilal Başaçıkoğlu,Feyenoord Rotterdam
2218735,76,Elvis Manu,Jean-Paul Boëtius,Feyenoord Rotterdam
2218735,67,Jukka Raitala,Mark Uth,Sc Heerenveen
2218735,83,Yanic Wildschut,Hakim Ziyech,Sc Heerenveen
2218735,87,Doke Schmidt,Luciano Slagveer,Sc Heerenveen
2218737,46,Joshua Brenet,Abel Tamata,PSV Eindhoven
2218737,73,Jorrit Hendrix,Santiago Arias,PSV Eindhoven
2218737,79,Rai Vloet,Georginio Wijnaldum,PSV Eindhoven
2218737,49,Jeffrey Sarpong,Adnane Tighadouini,NAC Breda
2218737,69,Mats Seuntjens,Elson Hooi,NAC Breda
2218739,72,Rihairo Meulens,Everon Pisas,FC Dordrecht
2218739,56,Tomáš Necid,Ryan Thomas,PEC Zwolle
2218739,63,Thomas Lam,Maikel van der Werff,PEC Zwolle
2218739,82,Steven Pereira,Stef Nijland,PEC Zwolle
2218741,66,Shadrach Eghan,Tim Hölscher,Twente Enschede
2218741,82,Bilal Ould-Chikh,Youness Mokhtar,Twente Enschede
2218741,82,Torgeir Børven,Rasmus Bengtsson,Twente Enschede
2218741,86,Danny Bakker,Xander Houtkoop,ADO Den Haag
2218743,75,Denys Oliynyk,Bertrand Traoré,Vitesse
2218743,90,Abiola Dauda,Valeri Qazaishvili,Vitesse
2218743,56,Bob Schepers,Dejan Meleg,SC Cambuur
2218743,64,Martijn Barto,Erik Bakker,SC Cambuur
2218743,81,Mart Dijkstra,Albert Rusnák,SC Cambuur
2218745,77,Viktor Elm,Mattias Johansson,AZ Alkmaar
2218745,84,Mikhail Rosheuvel,Muamer Tanković,AZ Alkmaar
2218745,46,Anwar el Ghazi,Ricardo Kishna,Ajax Amsterdam
2218745,77,Thulani Serero,Daley Blind,Ajax Amsterdam
2218747,69,Rodney Antwi,Nacer Barazite,FC Utrecht
2218747,80,Leon de Kogel,Willem Janssen,FC Utrecht
2218747,72,Charlton Vicento,Bruno Andrade,Willem II
2218747,81,Frank van der Struijk,Ben Sahar,Willem II
2218749,62,Ninos Gouriye,Daryl van Mieghem,SBV Excelsior
2218749,76,Marko Maletić,Tom van Weert,SBV Excelsior
2218749,83,Kevin Vermeulen,Jeff Stans,SBV Excelsior
2218749,66,Jeffrey Rijsdijk,Peter van Ooijen,Go Ahead Eagles
2218749,76,Fernando Lewis,Alex Schalk,Go Ahead Eagles
2218749,82,Jules Reimerink,Lesly de Sa,Go Ahead Eagles
2218751,33,Michael de Leeuw,Rasmus Lindgren,FC Groningen
2218751,64,Martijn van der Laan,Yoëll van Nieff,FC Groningen
2218751,83,Hans Hateboer,Nick van der Velden,FC Groningen
2218751,46,Joey Pelupessy,Bas Sibum,Heracles Almelo
2218751,63,Edwin Gyasi,Oussama Tannane,Heracles Almelo
2218753,46,Simon Cziommer,Iliass Bel Hassani,Heracles Almelo
2218753,81,Thomas Bruns,Denni Avdić,Heracles Almelo
2218753,88,Wout Weghorst,Bryan Linssen,Heracles Almelo
2218753,53,Marlon Pereira,Wout Droste,SC Cambuur
2218753,64,Martijn Barto,Sander van de Streek,SC Cambuur
2218753,78,Dejan Meleg,Erik Bakker,SC Cambuur
2218755,21,Charlton Vicento,Bruno Andrade,Willem II
2218755,75,Ricardo Ippel,Robbie Haemhouts,Willem II
2218755,80,Frank van der Struijk,Stijn Wuytens,Willem II
2218755,26,Thom Haye,Markus Henriksen,AZ Alkmaar
2218755,63,Viktor Elm,Mikhail Rosheuvel,AZ Alkmaar
2218757,59,Kenneth Otigba,Jordy Buijs,Sc Heerenveen
2218757,70,Jeroen Lumu,Morten Thorsby,Sc Heerenveen
2218757,78,Yanic Wildschut,Mark Uth,Sc Heerenveen
2218757,69,Kevin Vermeulen,Jeff Stans,SBV Excelsior
2218757,73,Marko Maletić,Tom van Weert,SBV Excelsior
2218757,80,Ninos Gouriye,Daryl van Mieghem,SBV Excelsior
2218761,69,Jules Reimerink,Peter van Ooijen,Go Ahead Eagles
2218761,80,Fernando Lewis,Lesly de Sa,Go Ahead Eagles
2218761,59,Rihairo Meulens,Everon Pisas,FC Dordrecht
2218761,62,Rick ten Voorde,Mart Lieder,FC Dordrecht
2218763,64,Stef Nijland,Tomáš Necid,PEC Zwolle
2218763,64,Ryan Thomas,Soufian Moro,PEC Zwolle
2218763,80,Trent Sainsbury,Joost Broerse,PEC Zwolle
2218763,28,Denys Oliynyk,Bertrand Traoré,Vitesse
2218763,74,Josh McEachran,Marko Vejinović,Vitesse
2218763,84,Rochdi Achenteh,Zakaria Labyad,Vitesse
2218759,64,Jean-Paul Boëtius,Ruben Schaken,Feyenoord Rotterdam
2218759,65,Bilal Başaçıkoğlu,Elvis Manu,Feyenoord Rotterdam
2218759,80,Rick Karsdorp,Joris Mathijsen,Feyenoord Rotterdam
2218759,58,Rodney Antwi,Issa Kallon,FC Utrecht
2218759,80,Mark Diemers,Nacer Barazite,FC Utrecht
2218765,70,Mats Seuntjens,Rémy Amieux,NAC Breda
2218765,78,Elson Hooi,Kingsley Boateng,NAC Breda
2218765,48,Torgeir Børven,Luc Castaignos,Twente Enschede
2218765,60,Rasmus Bengtsson,Kasper Kusk,Twente Enschede
2218765,70,Tim Breukers,Hakim Ziyech,Twente Enschede
2218767,88,Xander Houtkoop,Mitchell Schet,ADO Den Haag
2218767,88,Danny Bakker,Roland Alberg,ADO Den Haag
2218767,89,Tyronne Ebuehi,Kevin Jansen,ADO Den Haag
2218767,59,Dino Islamović,Danny Hoesen,FC Groningen
2218767,69,Michael de Leeuw,Rasmus Lindgren,FC Groningen
2218767,77,Mimoun Mahi,Jarchinio Antonia,FC Groningen
2218769,50,Lucas Andersen,Anwar el Ghazi,Ajax Amsterdam
2218769,66,Ruben Ligeon,Nicolai Boilesen,Ajax Amsterdam
2218769,70,Thulani Serero,Ricardo van Rhijn,Ajax Amsterdam
2218769,53,Abel Tamata,Jetro Willems,PSV Eindhoven
2218769,70,Oscar Hiljemark,Adam Maher,PSV Eindhoven
2218769,80,Florian Jozefzoon,Luciano Narsingh,PSV Eindhoven
2218771,74,Sander Duits,Peter van Ooijen,Go Ahead Eagles
2218771,82,Fernando Lewis,Jules Reimerink,Go Ahead Eagles
2218771,90,Teije ten Den,Marnix Kolder,Go Ahead Eagles
2218771,56,Frank van der Struijk,Charlton Vicento,Willem II
2218771,59,Freek Heerkens,Tim Cornelisse,Willem II
2218771,77,Renan Zanelli,Ali Messaoud,Willem II
2218773,46,Mart Dijkstra,Vytautas Andriuškevičius,SC Cambuur
2218773,59,Bob Schepers,Dejan Meleg,SC Cambuur
2218773,84,Martijn Barto,Michiel Hemmen,SC Cambuur
2218773,26,Timothy Derijck,Gianni Zuiverloon,ADO Den Haag
2218773,80,Danny Bakker,Roland Alberg,ADO Den Haag
2218773,87,Segun Owobowale,Thomas Kristensen,ADO Den Haag
2218775,46,Jordy van Deelen,Ricky van Haaren,FC Dordrecht
2218775,72,Rick ten Voorde,William Troost-Ekong,FC Dordrecht
2218775,72,Rihairo Meulens,Everon Pisas,FC Dordrecht
2218775,64,Ridgeciano Haps,Muamer Tanković,AZ Alkmaar
2218775,71,Robert Mühren,Steven Berghuis,AZ Alkmaar
2218775,85,Viktor Elm,Derrick Luckassen,AZ Alkmaar
2218777,55,Bas Kuipers,Elso Brito,SBV Excelsior
2218777,66,Ninos Gouriye,Tom van Weert,SBV Excelsior
2218777,82,Kevin Vermeulen,Jeff Stans,SBV Excelsior
2218777,39,Milano Koenders,Ramon Zomer,Heracles Almelo
2218777,66,Thomas Bruns,Iliass Bel Hassani,Heracles Almelo
2218777,71,Wout Weghorst,Denni Avdić,Heracles Almelo
2218779,72,Yanic Wildschut,Sam Larsson,Sc Heerenveen
2218779,74,Morten Thorsby,Daley Sinkgraven,Sc Heerenveen
2218779,85,Doke Schmidt,Luciano Slagveer,Sc Heerenveen
2218779,28,Jeroen Verhoeven,Robbin Ruiter,FC Utrecht
2218779,57,Nacer Barazite,Rubio Rubin,FC Utrecht
2218779,78,Issa Kallon,Chris Kum,FC Utrecht
2218781,69,Santiago Arias,Jetro Willems,PSV Eindhoven
2218781,75,Oscar Hiljemark,Andrés Guardado,PSV Eindhoven
2218781,83,Florian Jozefzoon,Luciano Narsingh,PSV Eindhoven
2218781,60,Rochdi Achenteh,Arnold Kruiswijk,Vitesse
2218781,60,Abiola Dauda,Valeri Qazaishvili,Vitesse
2218781,70,Denys Oliynyk,Bertrand Traoré,Vitesse
2218783,46,Jeffrey Sarpong,Adnane Tighadouini,NAC Breda
2218783,77,Elson Hooi,Erik Falkenburg,NAC Breda
2218783,46,Joost Broerse,Trent Sainsbury,PEC Zwolle
2218783,46,Jody Lukoki,Mustafa Saymak,PEC Zwolle
2218783,70,Nikolaos Ioannidis,Maikel van der Werff,PEC Zwolle
2218785,73,Michael de Leeuw,Danny Hoesen,FC Groningen
2218785,90,Arjen Hagenauw,Nick van der Velden,FC Groningen
2218785,72,Ricardo Kishna,Lasse Schöne,Ajax Amsterdam
2218785,81,Lerin Duarte,Thulani Serero,Ajax Amsterdam
2218785,81,Mike van der Hoorn,Niklas Moisander,Ajax Amsterdam
2218787,46,Tim Breukers,Darryl Lachman,Twente Enschede
2218787,69,Shadrach Eghan,Youness Mokhtar,Twente Enschede
2218787,79,Bilal Ould-Chikh,Kasper Kusk,Twente Enschede
2218787,46,Jens Toornstra,Lex Immers,Feyenoord Rotterdam
2218787,72,Elvis Manu,Ruben Schaken,Feyenoord Rotterdam
2218787,90,Rick Karsdorp,Jordy Clasie,Feyenoord Rotterdam
2218789,61,Niki Zimling,Nicolai Boilesen,Ajax Amsterdam
2218789,62,Lucas Andersen,Lasse Schöne,Ajax Amsterdam
2218789,75,Lerin Duarte,Davy Klaassen,Ajax Amsterdam
2218789,71,Iliass Bel Hassani,Thomas Bruns,Heracles Almelo
2218789,74,Jaroslav Navratil,Oussama Tannane,Heracles Almelo
2218789,81,Bas Sibum,Joey Pelupessy,Heracles Almelo
2218791,46,Rasmus Bengtsson,Darryl Lachman,Twente Enschede
2218791,70,Ryo Miyaichi,Youness Mokhtar,Twente Enschede
2218791,83,Shadrach Eghan,Jesús Corona,Twente Enschede
2218791,69,Jeffrey Rijsdijk,Peter van Ooijen,Go Ahead Eagles
2218791,77,Lars Lambooij,Sander Duits,Go Ahead Eagles
2218791,88,Teije ten Den,Giliano Wijnaldum,Go Ahead Eagles
2218793,46,Ridgeciano Haps,Jan Wuytens,AZ Alkmaar
2218793,64,Mattias Johansson,Robert Mühren,AZ Alkmaar
2218793,73,Viktor Elm,Derrick Luckassen,AZ Alkmaar
2218793,81,Kenneth Otigba,Morten Thorsby,Sc Heerenveen
2218793,87,Thomas Dalgaard,Mark Uth,Sc Heerenveen
2218793,90,Doke Schmidt,Daley Sinkgraven,Sc Heerenveen
2218795,46,Elvis Manu,Jean-Paul Boëtius,Feyenoord Rotterdam
2218795,46,Jens Toornstra,Joris Mathijsen,Feyenoord Rotterdam
2218795,63,Colin Kâzım-Richards,Mitchell te Vrede,Feyenoord Rotterdam
2218795,56,Ricardo Ippel,Robbie Haemhouts,Willem II
2218795,70,Fabian Sporkslede,Terell Ondaan,Willem II
2218795,80,Freek Heerkens,Mitchell Dijks,Willem II
2218797,68,Stef Nijland,Ryan Thomas,PEC Zwolle
2218797,75,Mustafa Saymak,Jody Lukoki,PEC Zwolle
2218797,89,Maikel van der Werff,Thomas Lam,PEC Zwolle
2218797,18,Jürgen Locadia,Memphis Depay,PSV Eindhoven
2218797,46,Oscar Hiljemark,Adam Maher,PSV Eindhoven
2218797,86,Florian Jozefzoon,Jetro Willems,PSV Eindhoven
2218799,42,Yannick Cortie,Chris Kum,FC Utrecht
2218799,69,Issa Kallon,Kristoffer Peterson,FC Utrecht
2218799,74,Nacer Barazite,Willem Janssen,FC Utrecht
2218799,82,Danny Bakker,Roland Alberg,ADO Den Haag
2218799,90,Xander Houtkoop,Mitchell Schet,ADO Den Haag
2218801,67,Furdjel Narsingh,Albert Rusnák,SC Cambuur
2218801,75,Sander van de Streek,Daniël de Ridder,SC Cambuur
2218801,84,Dejan Meleg,Martijn Barto,SC Cambuur
2218801,46,Michael de Leeuw,Nick van der Velden,FC Groningen
2218803,71,Renato Ibarra,Zakaria Labyad,Vitesse
2218803,75,Valeri Qazaishvili,Abiola Dauda,Vitesse
2218803,79,Josh McEachran,Davy Pröpper,Vitesse
2218803,58,Ninos Gouriye,Tom van Weert,SBV Excelsior
2218803,71,Bas Kuipers,Elso Brito,SBV Excelsior
2218803,81,Marko Maletić,Daryl van Mieghem,SBV Excelsior
2218805,82,Ricky van Haaren,Funso Ojo,FC Dordrecht
2218805,89,Everon Pisas,Joris van Overeem,FC Dordrecht
2218805,66,Jeffrey Sarpong,Uroš Matić,NAC Breda
2218805,75,Mats Seuntjens,Adnane Tighadouini,NAC Breda
2218805,90,Kenny van der Weg,Kingsley Boateng,NAC Breda
2218807,69,Bruno Andrade,Samuel Armenteros,Willem II
2218807,73,Jonas Heymans,Mitchell Dijks,Willem II
2218807,84,Charlton Vicento,Jerson Cabral,Willem II
2218807,73,Mats Seuntjens,Adnane Tighadouini,NAC Breda
2218807,79,Jeffrey Sarpong,Kingsley Boateng,NAC Breda
2218809,68,Luigi Bruins,Tom van Weert,SBV Excelsior
2218809,68,Ninos Gouriye,Jeff Stans,SBV Excelsior
2218809,73,Jurgen Mattheij,Rick Kruys,SBV Excelsior
2218809,40,Ryan Koolwijk,Funso Ojo,FC Dordrecht
2218809,45,Everon Pisas,Giovanni Korte,FC Dordrecht
2218809,80,Mohamed Hamdaoui,Mart Lieder,FC Dordrecht
2218811,23,Roland Alberg,Dion Malone,ADO Den Haag
2218811,62,Xander Houtkoop,Mitchell Schet,ADO Den Haag
2218811,75,Danny Bakker,Kevin Jansen,ADO Den Haag
2218811,57,Teije ten Den,Jules Reimerink,Go Ahead Eagles
2218811,63,Lars Lambooij,Peter van Ooijen,Go Ahead Eagles
2218811,78,Nick de Bondt,Sander Duits,Go Ahead Eagles
2218813,46,Renato Ibarra,Zakaria Labyad,Vitesse
2218813,71,Valeri Qazaishvili,Abiola Dauda,Vitesse
2218813,76,Bertrand Traoré,Denys Oliynyk,Vitesse
2218813,66,Pelle van Amersfoort,Morten Thorsby,Sc Heerenveen
2218813,81,Thomas Dalgaard,Mark Uth,Sc Heerenveen
2218813,89,Doke Schmidt,Luciano Slagveer,Sc Heerenveen
2218815,46,Simon Cziommer,Mark-Jan Fledderus,Heracles Almelo
2218815,52,Milano Koenders,Bart Schenkeveld,Heracles Almelo
2218815,68,Iliass Bel Hassani,Thomas Bruns,Heracles Almelo
2218815,68,Youness Mokhtar,Ryo Miyaichi,Twente Enschede
2218815,73,Tim Breukers,Rasmus Bengtsson,Twente Enschede
2218815,80,Shadrach Eghan,Hakim Ziyech,Twente Enschede
2218817,71,Elvis Manu,Ruben Schaken,Feyenoord Rotterdam
2218817,71,Tonny Vilhena,Karim El Ahmadi,Feyenoord Rotterdam
2218817,78,Mitchell te Vrede,Terence Kongolo,Feyenoord Rotterdam
2218817,60,Lerin Duarte,Lucas Andersen,Ajax Amsterdam
2218817,71,Nick Viergever,Niki Zimling,Ajax Amsterdam
2218817,84,Ricardo Kishna,Anwar el Ghazi,Ajax Amsterdam
2218819,75,Marcel Ritzmaier,Florian Jozefzoon,PSV Eindhoven
2218819,81,Rai Vloet,Luuk de Jong,PSV Eindhoven
2218819,87,Aleksandar Boljević,Luciano Narsingh,PSV Eindhoven
2218819,45,Calvin Mac-Intosch,Daniël de Ridder,SC Cambuur
2218819,46,Furdjel Narsingh,Michiel Hemmen,SC Cambuur
2218819,62,Martijn Barto,Bartholomew Ogbeche,SC Cambuur
2218821,68,Guus Hupperts,Thom Haye,AZ Alkmaar
2218821,75,Mattias Johansson,Derrick Luckassen,AZ Alkmaar
2218821,90,Viktor Elm,Mikhail Rosheuvel,AZ Alkmaar
2218821,62,Stef Nijland,Mustafa Saymak,PEC Zwolle
2218821,62,Jody Lukoki,Ryan Thomas,PEC Zwolle
2218821,82,Nikolaos Ioannidis,Thomas Lam,PEC Zwolle
2218823,55,Ruud Boymans,Kristoffer Peterson,FC Utrecht
2218823,73,Kai Heerings,Ramon Leeuwin,FC Utrecht
2218823,83,Yannick Cortie,Mark van der Maarel,FC Utrecht
2218823,66,Henk Bos,Nick van der Velden,FC Groningen
2218823,76,Dino Islamović,Michael de Leeuw,FC Groningen
2218823,85,Hans Hateboer,Tom Hiariej,FC Groningen
2218825,46,Mart Lieder,Rihairo Meulens,FC Dordrecht
2218825,63,Mohamed Hamdaoui,Ilias Haddad,FC Dordrecht
2218825,63,Ryan Koolwijk,Joris van Overeem,FC Dordrecht
2218825,74,Renato Ibarra,Bertrand Traoré,Vitesse
2218825,82,Marvelous Nakamba,Kelvin Leerdam,Vitesse
2218825,85,Kevin Diks,Wallace,Vitesse
2218827,77,Sepp De Roover,Isak Ssewankambo,NAC Breda
2218827,77,Jeffrey Sarpong,Kingsley Boateng,NAC Breda
2218827,82,Mats Seuntjens,Aleksandar Damčevski,NAC Breda
2218827,62,Ricardo Kishna,Lucas Andersen,Ajax Amsterdam
2218827,77,Arkadiusz Milik,Anwar el Ghazi,Ajax Amsterdam
2218829,69,Stef Nijland,Tomáš Necid,PEC Zwolle
2218829,76,Soufian Moro,Thomas Lam,PEC Zwolle
2218829,46,Iliass Bel Hassani,Thomas Bruns,Heracles Almelo
2218829,78,Milano Koenders,Bart Schenkeveld,Heracles Almelo
2218829,82,Bas Sibum,Bryan Linssen,Heracles Almelo
2218831,46,Nick de Bondt,Jules Reimerink,Go Ahead Eagles
2218831,63,Jeffrey Rijsdijk,Peter van Ooijen,Go Ahead Eagles
2218831,75,Lars Lambooij,Sander Duits,Go Ahead Eagles
2218831,78,Rick Karsdorp,Luke Wilkshire,Feyenoord Rotterdam
2218831,83,Mitchell te Vrede,Colin Kâzım-Richards,Feyenoord Rotterdam
2218831,90,Bilal Başaçıkoğlu,Jens Toornstra,Feyenoord Rotterdam
2218833,37,Roland Alberg,Thomas Kristensen,ADO Den Haag
2218833,70,Xander Houtkoop,Tyronne Ebuehi,ADO Den Haag
2218833,46,Mattias Johansson,Derrick Luckassen,AZ Alkmaar
2218833,71,Mikhail Rosheuvel,Guus Hupperts,AZ Alkmaar
2218835,72,Marko Maletić,Tom van Weert,SBV Excelsior
2218835,75,Toni Varela,Rick Kruys,SBV Excelsior
2218835,46,Sander van de Streek,Erik Bakker,SC Cambuur
2218835,46,Furdjel Narsingh,Daniël de Ridder,SC Cambuur
2218835,78,Michiel Hemmen,Martijn Barto,SC Cambuur
2218837,61,Hans Hateboer,Tom Hiariej,FC Groningen
2218837,73,Nick van der Velden,Michael de Leeuw,FC Groningen
2218837,80,Dino Islamović,Danny Hoesen,FC Groningen
2218837,59,Terell Ondaan,Ben Sahar,Willem II
2218837,64,Ali Messaoud,Robert Braber,Willem II
2218837,80,Bruno Andrade,Jerson Cabral,Willem II
2218839,53,Youness Mokhtar,Ryo Miyaichi,Twente Enschede
2218839,69,Dico Koppers,Robbert Schilder,Twente Enschede
2218839,85,Torgeir Børven,Jesús Corona,Twente Enschede
2218839,46,Gyrano Kerk,Mark Diemers,FC Utrecht
2218839,78,Timo Letschert,Mark van der Maarel,FC Utrecht
2218841,36,Doke Schmidt,Morten Thorsby,Sc Heerenveen
2218841,82,Pelle van Amersfoort,Joey van den Berg,Sc Heerenveen
2218841,89,Thomas Dalgaard,Mark Uth,Sc Heerenveen
2218841,73,Santiago Arias,Jürgen Locadia,PSV Eindhoven
2218841,78,Marcel Ritzmaier,Adam Maher,PSV Eindhoven
2218841,81,Rai Vloet,Jorrit Hendrix,PSV Eindhoven
2218843,76,Uroš Đurđević,Abiola Dauda,Vitesse
2218843,84,Josh McEachran,Kelvin Leerdam,Vitesse
2218843,90,Gino Bosz,Arnold Kruiswijk,Vitesse
2218843,81,Danny Bakker,Kevin Jansen,ADO Den Haag
2218843,81,Papito Merencia,Xander Houtkoop,ADO Den Haag
2218843,82,Mathias Gehrt,Roland Alberg,ADO Den Haag
2218845,67,Iliass Bel Hassani,Simon Cziommer,Heracles Almelo
2218845,75,Jaroslav Navratil,Wout Weghorst,Heracles Almelo
2218845,84,Bas Sibum,Thomas Bruns,Heracles Almelo
2218845,46,Kenny van der Weg,Rémy Amieux,NAC Breda
2218845,46,Jeffrey Sarpong,Kingsley Boateng,NAC Breda
2218845,72,Mats Seuntjens,Joeri de Kamps,NAC Breda
2218847,60,Damiano Schet,Furdjel Narsingh,SC Cambuur
2218847,76,Sebastian Steblecki,Albert Rusnák,SC Cambuur
2218847,83,Erik Bakker,Daniël de Ridder,SC Cambuur
2218847,46,Ryan Koolwijk,Joris van Overeem,FC Dordrecht
2218847,46,Rick ten Voorde,Erixon Danso,FC Dordrecht
2218847,60,Rihairo Meulens,William Troost-Ekong,FC Dordrecht
2218849,55,Bruno Andrade,Jerson Cabral,Willem II
2218849,64,Ali Messaoud,Robert Braber,Willem II
2218849,86,Ricardo Ippel,Stijn Wuytens,Willem II
2218849,82,Pelle van Amersfoort,Morten Thorsby,Sc Heerenveen
2218849,89,Thomas Dalgaard,Joost van Aken,Sc Heerenveen
2218851,78,Timo Letschert,Chris Kum,FC Utrecht
2218851,83,Kristoffer Peterson,Gyrano Kerk,FC Utrecht
2218851,74,Jules Reimerink,Fernando Lewis,Go Ahead Eagles
2218851,80,Peter van Ooijen,Deniz Türüç,Go Ahead Eagles
2218851,90,Xandro Schenk,Sander Duits,Go Ahead Eagles
2218853,74,Andrés Guardado,Florian Jozefzoon,PSV Eindhoven
2218853,82,Rai Vloet,Jürgen Locadia,PSV Eindhoven
2218853,70,Luigi Bruins,Rick Kruys,SBV Excelsior
2218853,84,Marko Maletić,Jeff Stans,SBV Excelsior
2218853,84,Carlo de Reuver,Daryl van Mieghem,SBV Excelsior
2218855,68,Mikhail Rosheuvel,Guus Hupperts,AZ Alkmaar
2218855,68,Muamer Tanković,Celso Ortíz,AZ Alkmaar
2218855,58,Ryo Miyaichi,Youness Mokhtar,Twente Enschede
2218857,71,Mitchell te Vrede,Colin Kâzım-Richards,Feyenoord Rotterdam
2218857,78,Jean-Paul Boëtius,Elvis Manu,Feyenoord Rotterdam
2218857,83,Tonny Vilhena,Karim El Ahmadi,Feyenoord Rotterdam
2218857,46,Henk Bos,Jarchinio Antonia,FC Groningen
2218857,60,Roland Baas,Nick van der Velden,FC Groningen
2218859,46,Nick Viergever,Nicolai Boilesen,Ajax Amsterdam
2218859,46,Ricardo Kishna,Niki Zimling,Ajax Amsterdam
2218859,69,Anwar el Ghazi,Lasse Schöne,Ajax Amsterdam
2218859,24,Jody Lukoki,Mustafa Saymak,PEC Zwolle
2218859,46,Trent Sainsbury,Joost Broerse,PEC Zwolle
2218859,88,Rick Dekker,Thomas Lam,PEC Zwolle
2218861,60,Bruno Andrade,Terell Ondaan,Willem II
2218861,78,Jerson Cabral,Ben Sahar,Willem II
2218861,83,Robert Braber,Stijn Wuytens,Willem II
2218861,61,Valeri Qazaishvili,Kelvin Leerdam,Vitesse
2218861,79,Uroš Đurđević,Bertrand Traoré,Vitesse
2218863,71,Marcel Ritzmaier,Andrés Guardado,PSV Eindhoven
2218863,79,Jürgen Locadia,Luuk de Jong,PSV Eindhoven
2218863,46,Mattias Johansson,Derrick Luckassen,AZ Alkmaar
2218863,59,Muamer Tanković,Robert Mühren,AZ Alkmaar
2218863,66,Mikhail Rosheuvel,Guus Hupperts,AZ Alkmaar
2218865,48,Matthew Steenvoorden,Joris Mathijsen,Feyenoord Rotterdam
2218865,77,Jean-Paul Boëtius,Elvis Manu,Feyenoord Rotterdam
2218865,29,Iliass Bel Hassani,Simon Cziommer,Heracles Almelo
2218865,84,Edwin Gyasi,Oussama Tannane,Heracles Almelo
2218865,90,Bart Schenkeveld,Mike te Wierik,Heracles Almelo
2218867,67,Jeffrey Sarpong,Adnane Tighadouini,NAC Breda
2218867,79,Brandon Robinson,Mats Seuntjens,NAC Breda
2218867,78,Mitchell Schet,Michiel Kramer,ADO Den Haag
2218867,87,Xander Houtkoop,Mathias Gehrt,ADO Den Haag
2218869,46,Youness Mokhtar,Jesús Corona,Twente Enschede
2218869,62,Kasper Kusk,Ryo Miyaichi,Twente Enschede
2218869,88,Orlando Engelaar,Hakim Ziyech,Twente Enschede
2218869,72,Arkadiusz Milik,Kolbeinn Sigþórsson,Ajax Amsterdam
2218869,72,Anwar el Ghazi,Ricardo Kishna,Ajax Amsterdam
2218869,79,Niki Zimling,Thulani Serero,Ajax Amsterdam
2218871,70,Jukka Raitala,Morten Thorsby,Sc Heerenveen
2218871,75,Kenneth Otigba,Jordy Buijs,Sc Heerenveen
2218871,57,Calvin Mac-Intosch,Marlon Pereira,SC Cambuur
2218871,60,Martijn Barto,Sander van de Streek,SC Cambuur
2218871,73,Dejan Meleg,Daniël de Ridder,SC Cambuur
2218873,72,Rick ten Voorde,Everon Pisas,FC Dordrecht
2218873,72,Erixon Danso,Ryan Koolwijk,FC Dordrecht
2218873,89,Ilias Haddad,Joris van Overeem,FC Dordrecht
2218873,57,Gyrano Kerk,Rubio Rubin,FC Utrecht
2218873,83,Jeroen Verhoeven,Robbin Ruiter,FC Utrecht
2218873,90,Kai Heerings,Willem Janssen,FC Utrecht
2218875,33,Lars Lambooij,Sander Duits,Go Ahead Eagles
2218875,54,Jules Reimerink,Fernando Lewis,Go Ahead Eagles
2218875,84,Teije ten Den,Jeffrey Rijsdijk,Go Ahead Eagles
2218875,70,Soufian Moro,Ryan Thomas,PEC Zwolle
2218875,70,Wout Brama,Thomas Lam,PEC Zwolle
2218875,76,Nikolaos Ioannidis,Stef Nijland,PEC Zwolle
2218877,63,Jarchinio Antonia,Rasmus Lindgren,FC Groningen
2218877,74,Mimoun Mahi,Danny Hoesen,FC Groningen
2218877,80,Dino Islamović,Nick van der Velden,FC Groningen
2218877,76,Toni Varela,Luigi Bruins,SBV Excelsior
2218877,84,Kevin Vermeulen,Tom van Weert,SBV Excelsior
2218879,73,Hector Hevel,Xander Houtkoop,ADO Den Haag
2218879,89,Guy Smith,Mathias Gehrt,ADO Den Haag
2218879,71,Mart Lieder,Robin Gosens,FC Dordrecht
2218879,81,Rick ten Voorde,Joris van Overeem,FC Dordrecht
2218881,66,Valeri Qazaishvili,Kelvin Leerdam,Vitesse
2218881,66,Renato Ibarra,Bertrand Traoré,Vitesse
2218881,46,Sepp De Roover,Isak Ssewankambo,NAC Breda
2218881,79,Aleksandar Damčevski,Henrico Drost,NAC Breda
2218881,89,Joey Suk,Erik Falkenburg,NAC Breda
2218883,63,Iliass Bel Hassani,Simon Cziommer,Heracles Almelo
2218883,69,Denni Avdić,Joey Pelupessy,Heracles Almelo
2218883,80,Dragan Paljić,Thomas Bruns,Heracles Almelo
2218883,71,Bruno Andrade,Terell Ondaan,Willem II
2218883,82,Charlton Vicento,Ben Sahar,Willem II
2218883,87,Robert Braber,Samuel Armenteros,Willem II
2218891,60,Guus Hupperts,Mikhail Rosheuvel,AZ Alkmaar
2218891,60,Dabney dos Santos,Thom Haye,AZ Alkmaar
2218891,74,Ridgeciano Haps,Viktor Elm,AZ Alkmaar
2218891,74,Mimoun Mahi,Danny Hoesen,FC Groningen
2218885,77,Lerin Duarte,Jaïro Riedewald,Ajax Amsterdam
2218885,77,Kolbeinn Sigþórsson,Anwar el Ghazi,Ajax Amsterdam
2218885,84,Niki Zimling,Lucas Andersen,Ajax Amsterdam
2218885,29,Xandro Schenk,Giliano Wijnaldum,Go Ahead Eagles
2218885,71,Alex Schalk,Sander Duits,Go Ahead Eagles
2218885,82,Teije ten Den,Marnix Kolder,Go Ahead Eagles
2218887,10,Martijn Barto,Dejan Meleg,SC Cambuur
2218887,61,Bob Schepers,Sander van de Streek,SC Cambuur
2218887,78,Erik Bakker,Marlon Pereira,SC Cambuur
2218887,66,Jean-Paul Boëtius,Elvis Manu,Feyenoord Rotterdam
2218887,77,Mitchell te Vrede,Colin Kâzım-Richards,Feyenoord Rotterdam
2218889,24,Chris Kum,Gyrano Kerk,FC Utrecht
2218889,58,Rubio Rubin,Anouar Kali,FC Utrecht
2218889,82,Kristoffer Peterson,Tommy Oar,FC Utrecht
2218889,63,Georginio Wijnaldum,Adam Maher,PSV Eindhoven
2218889,78,Florian Jozefzoon,Memphis Depay,PSV Eindhoven
2218889,85,Joshua Brenet,Santiago Arias,PSV Eindhoven
2218893,71,Trent Sainsbury,Joost Broerse,PEC Zwolle
2218893,71,Stef Nijland,Thomas Lam,PEC Zwolle
2218893,75,Thanasis Karagounis,Ryan Thomas,PEC Zwolle
2218893,57,Doke Schmidt,Marten de Roon,Sc Heerenveen
2218893,65,Pelle van Amersfoort,Morten Thorsby,Sc Heerenveen
2218893,89,Thomas Dalgaard,Daley Sinkgraven,Sc Heerenveen
2218895,82,Kevin Vermeulen,Tom van Weert,SBV Excelsior
2218895,57,Kasper Kusk,Ryo Miyaichi,Twente Enschede
2218895,77,Youness Mokhtar,Rasmus Bengtsson,Twente Enschede
2218895,84,Orlando Engelaar,Kyle Ebecilio,Twente Enschede
2218899,46,Nick Viergever,Nicolai Boilesen,Ajax Amsterdam
2218899,63,Thulani Serero,Jaïro Riedewald,Ajax Amsterdam
2218899,74,Ricardo Kishna,Anwar el Ghazi,Ajax Amsterdam
2218899,28,Everon Pisas,Marvin Peersman,FC Dordrecht
2218899,66,William Troost-Ekong,Rihairo Meulens,FC Dordrecht
2218899,73,Ibrahima Touré,Mart Lieder,FC Dordrecht
2218901,76,Mitchell te Vrede,Colin Kâzım-Richards,Feyenoord Rotterdam
2218901,85,Bilal Başaçıkoğlu,Jens Toornstra,Feyenoord Rotterdam
2218901,90,Rick Karsdorp,Karim El Ahmadi,Feyenoord Rotterdam
2218901,66,Mustafa Saymak,Thomas Lam,PEC Zwolle
2218901,66,Thanasis Karagounis,Ryan Thomas,PEC Zwolle
2218901,73,Stef Nijland,Jesper Drost,PEC Zwolle
2218903,66,Youness Mokhtar,Ryo Miyaichi,Twente Enschede
2218903,85,Torgeir Børven,Hakim Ziyech,Twente Enschede
2218903,89,Orlando Engelaar,Kamohelo Mokotjo,Twente Enschede
2218903,46,Pelle van Amersfoort,Morten Thorsby,Sc Heerenveen
2218903,81,Thomas Dalgaard,Joey van den Berg,Sc Heerenveen
2218903,85,Doke Schmidt,Marten de Roon,Sc Heerenveen
2218905,16,Joshua Brenet,Jetro Willems,PSV Eindhoven
2218905,79,Florian Jozefzoon,Luciano Narsingh,PSV Eindhoven
2218905,88,Nicolas Isimat-Mirin,Memphis Depay,PSV Eindhoven
2218905,50,Roland Alberg,Michiel Kramer,ADO Den Haag
2218905,57,Xander Houtkoop,Kevin Jansen,ADO Den Haag
2218905,84,Segun Owobowale,Mathias Gehrt,ADO Den Haag
2218907,74,Gyliano van Velzen,Tommy Oar,FC Utrecht
2218907,79,Kai Heerings,Chris Kum,FC Utrecht
2218907,84,Sofyan Amrabat,Kristoffer Peterson,FC Utrecht
2218907,46,Valeri Qazaishvili,Davy Pröpper,Vitesse
2218907,63,Renato Ibarra,Bertrand Traoré,Vitesse
2218907,77,Guram Kashia,Abiola Dauda,Vitesse
2218897,61,Xandro Schenk,Giliano Wijnaldum,Go Ahead Eagles
2218897,67,Alex Schalk,Fernando Lewis,Go Ahead Eagles
2218897,75,Teije ten Den,Sander Duits,Go Ahead Eagles
2218897,39,Bryan Linssen,Mark-Jan Fledderus,Heracles Almelo
2218897,46,Milano Koenders,Joey Pelupessy,Heracles Almelo
2218897,85,Bas Sibum,Simon Cziommer,Heracles Almelo
2218909,59,Bruno Andrade,Terell Ondaan,Willem II
2218909,79,Jerson Cabral,Jordens Peters,Willem II
2218909,83,Robert Braber,Ben Sahar,Willem II
2218909,69,Michiel Hemmen,Bartholomew Ogbeche,SC Cambuur
2218909,83,Erik Bakker,Albert Rusnák,SC Cambuur
2218909,89,Calvin Mac-Intosch,Furdjel Narsingh,SC Cambuur
2218911,67,Mikhail Rosheuvel,Robert Mühren,AZ Alkmaar
2218911,67,Ridgeciano Haps,Thom Haye,AZ Alkmaar
2218911,82,Viktor Elm,Muamer Tanković,AZ Alkmaar
2218911,73,Kevin Vermeulen,Jeff Stans,SBV Excelsior
2218911,79,Ninos Gouriye,Toni Varela,SBV Excelsior
2218911,84,Carlo de Reuver,Kevin van Diermen,SBV Excelsior
2218913,64,Mimoun Mahi,Jarchinio Antonia,FC Groningen
2218913,81,Arjen Hagenauw,Dino Islamović,FC Groningen
2218913,73,Kingsley Boateng,Joeri de Kamps,NAC Breda
2218913,87,Isak Ssewankambo,Sepp De Roover,NAC Breda
2218915,63,Kevin Vermeulen,Luigi Bruins,SBV Excelsior
2218915,80,Ninos Gouriye,Adil Auassar,SBV Excelsior
2218915,86,Carlo de Reuver,Kevin van Diermen,SBV Excelsior
2218915,46,Kai Heerings,Gévero Markiet,FC Utrecht
2218915,58,Mark Diemers,Gyliano van Velzen,FC Utrecht
2218917,67,Kevin Jansen,Thomas Kristensen,ADO Den Haag
2218917,84,Xander Houtkoop,Mike van Duinen,ADO Den Haag
2218917,90,Timothy Derijck,Mathias Gehrt,ADO Den Haag
2218917,46,Terell Ondaan,Ben Sahar,Willem II
2218917,78,Jerson Cabral,Robbie Haemhouts,Willem II
2218917,84,Robert Braber,Ali Messaoud,Willem II
2218919,46,Thomas Dalgaard,Sam Larsson,Sc Heerenveen
2218919,65,Kenneth Otigba,Joost van Aken,Sc Heerenveen
2218919,80,Jukka Raitala,Jordy Buijs,Sc Heerenveen
2218919,78,Xandro Schenk,Giliano Wijnaldum,Go Ahead Eagles
2218919,85,Nick de Bondt,Alex Schalk,Go Ahead Eagles
2218919,87,Mawouna Amevor,Lars Lambooij,Go Ahead Eagles
2218927,79,Wout Brama,Mustafa Saymak,PEC Zwolle
2218927,88,Joost Broerse,Jesper Drost,PEC Zwolle
2218927,90,Stef Nijland,Jody Lukoki,PEC Zwolle
2218927,65,Mimoun Mahi,Danny Hoesen,FC Groningen
2218927,80,Dino Islamović,Maikel Kieftenbeld,FC Groningen
2218927,87,Arjen Hagenauw,Hans Hateboer,FC Groningen
2218921,61,Mats Seuntjens,Gill Swerts,NAC Breda
2218921,69,Kingsley Boateng,Stipe Perica,NAC Breda
2218921,82,Mounir el Allouchi,Jesse van Bezooijen,NAC Breda
2218921,71,Ridgeciano Haps,Thom Haye,AZ Alkmaar
2218921,77,Viktor Elm,Aron Jóhannsson,AZ Alkmaar
2218921,79,Djavan Anderson,Dabney dos Santos,AZ Alkmaar
2218923,46,Martijn Barto,Mohamed el Makrini,SC Cambuur
2218923,59,Michiel Hemmen,Sebastian Steblecki,SC Cambuur
2218923,71,Calvin Mac-Intosch,Wout Droste,SC Cambuur
2218923,63,Jaïro Riedewald,Lucas Andersen,Ajax Amsterdam
2218923,75,Kolbeinn Sigþórsson,Arkadiusz Milik,Ajax Amsterdam
2218923,87,Niki Zimling,Davy Klaassen,Ajax Amsterdam
2218925,30,Robin Gosens,Everon Pisas,FC Dordrecht
2218925,73,Rihairo Meulens,Mart Lieder,FC Dordrecht
2218925,29,Darryl Lachman,Rasmus Bengtsson,Twente Enschede
2218925,75,Kasper Kusk,Kyle Ebecilio,Twente Enschede
2218925,78,Torgeir Børven,Luc Castaignos,Twente Enschede
2218929,61,Zakaria Labyad,Denys Oliynyk,Vitesse
2218929,68,Renato Ibarra,Bertrand Traoré,Vitesse
2218929,45,Mitchell te Vrede,Colin Kâzım-Richards,Feyenoord Rotterdam
2218929,67,Khalid Boulahrouz,Rick Karsdorp,Feyenoord Rotterdam
2218929,75,Jean-Paul Boëtius,Elvis Manu,Feyenoord Rotterdam
2218931,73,Joey Pelupessy,Simon Cziommer,Heracles Almelo
2218931,77,Denni Avdić,Wout Weghorst,Heracles Almelo
2218931,87,Bas Sibum,Thomas Bruns,Heracles Almelo
2218931,70,Jürgen Locadia,Luciano Narsingh,PSV Eindhoven
2218933,46,Viktor Elm,Celso Ortíz,AZ Alkmaar
2218933,62,Ridgeciano Haps,Simon Poulsen,AZ Alkmaar
2218933,69,Guus Hupperts,Thom Haye,AZ Alkmaar
2218933,54,Guram Kashia,Kelvin Leerdam,Vitesse
2218933,54,Zakaria Labyad,Denys Oliynyk,Vitesse
2218933,77,Valeri Qazaishvili,Abiola Dauda,Vitesse
2218935,66,Lesly de Sa,Jules Reimerink,Go Ahead Eagles
2218935,75,Lars Lambooij,Jeffrey Rijsdijk,Go Ahead Eagles
2218935,87,Teije ten Den,Alex Schalk,Go Ahead Eagles
2218935,67,Kingsley Boateng,Uroš Matić,NAC Breda
2218935,72,Stipe Perica,Joeri de Kamps,NAC Breda
2218937,68,Bilal Başaçıkoğlu,Jean-Paul Boëtius,Feyenoord Rotterdam
2218937,75,Ruben Schaken,Karim El Ahmadi,Feyenoord Rotterdam
2218937,82,Mitchell te Vrede,Rick Karsdorp,Feyenoord Rotterdam
2218937,56,Everon Pisas,Erixon Danso,FC Dordrecht
2218937,60,Joris van Overeem,Rihairo Meulens,FC Dordrecht
2218937,75,Ryan Koolwijk,Robin Gosens,FC Dordrecht
2218939,65,Terell Ondaan,Bruno Andrade,Willem II
2218939,65,Jerson Cabral,Ben Sahar,Willem II
2218939,84,Robert Braber,Ali Messaoud,Willem II
2218939,65,Toni Varela,Luigi Bruins,SBV Excelsior
2218939,77,Kevin Vermeulen,Tom van Weert,SBV Excelsior
2218941,63,Ricardo Kishna,Lasse Schöne,Ajax Amsterdam
2218941,75,Jaïro Riedewald,Davy Klaassen,Ajax Amsterdam
2218941,81,Kolbeinn Sigþórsson,Thulani Serero,Ajax Amsterdam
2218941,69,Kenneth Otigba,Jordy Buijs,Sc Heerenveen
2218941,82,Doke Schmidt,Sam Larsson,Sc Heerenveen
2218941,85,Jukka Raitala,Joey van den Berg,Sc Heerenveen
2218943,68,Mimoun Mahi,Maikel Kieftenbeld,FC Groningen
2218943,68,Martijn van der Laan,Hans Hateboer,FC Groningen
2218943,81,Jafar Arias,Yoëll van Nieff,FC Groningen
2218943,72,Jorrit Hendrix,Andrés Guardado,PSV Eindhoven
2218943,80,Joshua Brenet,Jetro Willems,PSV Eindhoven
2218943,87,Florian Jozefzoon,Luciano Narsingh,PSV Eindhoven
2218945,70,Dimitrios Ferfelis,Stef Nijland,PEC Zwolle
2218945,80,Wout Brama,Mustafa Saymak,PEC Zwolle
2218945,80,Thanasis Karagounis,Ryan Thomas,PEC Zwolle
2218945,81,Kasper Kusk,Youness Mokhtar,Twente Enschede
2218945,87,Renato Tapia,Jesús Corona,Twente Enschede
2218947,35,Mark-Jan Fledderus,Fahd Aktaou,Heracles Almelo
2218947,66,Joey Pelupessy,Simon Cziommer,Heracles Almelo
2218947,85,Jaroslav Navratil,Iliass Bel Hassani,Heracles Almelo
2218947,58,Kevin Jansen,Thomas Kristensen,ADO Den Haag
2218949,20,Timo Letschert,Willem Janssen,FC Utrecht
2218949,39,Kai Heerings,Ramon Leeuwin,FC Utrecht
2218949,60,Rubio Rubin,Nacer Barazite,FC Utrecht
2218949,79,Marlon Pereira,Mart Dijkstra,SC Cambuur
2218949,85,Dejan Meleg,Furdjel Narsingh,SC Cambuur
2218951,61,Everon Pisas,Rihairo Meulens,FC Dordrecht
2218951,61,Rick ten Voorde,Erixon Danso,FC Dordrecht
2218951,74,Mart Lieder,Ibrahima Touré,FC Dordrecht
2218951,34,Frank van der Struijk,Freek Heerkens,Willem II
2218951,67,Terell Ondaan,Bruno Andrade,Willem II
2218951,87,Robert Braber,Samuel Armenteros,Willem II
2218953,62,Thomas Dalgaard,Joost van Aken,Sc Heerenveen
2218953,69,Doke Schmidt,Morten Thorsby,Sc Heerenveen
2218953,80,Pelle van Amersfoort,Stefano Marzo,Sc Heerenveen
2218953,46,Mark-Jan Fledderus,Simon Cziommer,Heracles Almelo
2218953,79,Denni Avdić,Wout Weghorst,Heracles Almelo
2218953,84,Joey Pelupessy,Thomas Bruns,Heracles Almelo
2218955,22,Aleksandar Damčevski,Jesse van Bezooijen,NAC Breda
2218955,70,Kingsley Boateng,Elson Hooi,NAC Breda
2218955,75,Mounir el Allouchi,Rémy Amieux,NAC Breda
2218955,46,Kristoffer Peterson,Tommy Oar,FC Utrecht
2218955,61,Mark Diemers,Willem Janssen,FC Utrecht
2218955,82,Nacer Barazite,Édouard Duplan,FC Utrecht
2218957,67,Zakaria Labyad,Denys Oliynyk,Vitesse
2218957,72,Bertrand Traoré,Abiola Dauda,Vitesse
2218957,60,Deniz Türüç,Sander Duits,Go Ahead Eagles
2218957,69,Lesly de Sa,Fernando Lewis,Go Ahead Eagles
2218957,82,Mawouna Amevor,Sjoerd Overgoor,Go Ahead Eagles
2218959,46,Mart Dijkstra,Vytautas Andriuškevičius,SC Cambuur
2218959,61,Bob Schepers,Dejan Meleg,SC Cambuur
2218959,75,Sebastian Steblecki,Calvin Mac-Intosch,SC Cambuur
2218959,46,Ridgeciano Haps,Simon Poulsen,AZ Alkmaar
2218959,66,Guus Hupperts,Aron Jóhannsson,AZ Alkmaar
2218959,87,Viktor Elm,Dabney dos Santos,AZ Alkmaar
2218961,77,Xander Houtkoop,Mathias Gehrt,ADO Den Haag
2218961,90,Thomas Kristensen,Michiel Kramer,ADO Den Haag
2218961,72,Kolbeinn Sigþórsson,Ricardo Kishna,Ajax Amsterdam
2218961,83,Jaïro Riedewald,Lucas Andersen,Ajax Amsterdam
2218961,83,Mike van der Hoorn,Niklas Moisander,Ajax Amsterdam
2218963,61,Ninos Gouriye,Jeff Stans,SBV Excelsior
2218963,70,Toni Varela,Luigi Bruins,SBV Excelsior
2218963,79,Kevin Vermeulen,Adil Auassar,SBV Excelsior
2218963,70,Soufian Moro,Ryan Thomas,PEC Zwolle
2218963,70,Thomas Lam,Trent Sainsbury,PEC Zwolle
2218963,78,Rick Dekker,Maikel van der Werff,PEC Zwolle
2218965,46,Torgeir Børven,Youness Mokhtar,Twente Enschede
2218965,70,Bilal Ould-Chikh,Rasmus Bengtsson,Twente Enschede
2218965,84,Renato Tapia,Kyle Ebecilio,Twente Enschede
2218965,57,Mimoun Mahi,Jarchinio Antonia,FC Groningen
2218965,87,Martijn van der Laan,Tjaronn Chery,FC Groningen
2218967,69,Florian Jozefzoon,Luciano Narsingh,PSV Eindhoven
2218967,90,Nicolas Isimat-Mirin,Jorrit Hendrix,PSV Eindhoven
2218967,66,Tonny Vilhena,Luke Wilkshire,Feyenoord Rotterdam
2218967,76,Bilal Başaçıkoğlu,Elvis Manu,Feyenoord Rotterdam
2218967,89,Mitchell te Vrede,Khalid Boulahrouz,Feyenoord Rotterdam
2218969,79,Guus Hupperts,Muamer Tanković,AZ Alkmaar
2218969,79,Viktor Elm,Thom Haye,AZ Alkmaar
2218969,87,Steven Berghuis,Dabney dos Santos,AZ Alkmaar
2218969,61,Marnix Kolder,Jules Reimerink,Go Ahead Eagles
2218969,61,Lesly de Sa,Alex Schalk,Go Ahead Eagles
2218971,33,Jurgen Mattheij,Kevin van Diermen,SBV Excelsior
2218971,68,Ninos Gouriye,Adil Auassar,SBV Excelsior
2218971,74,Carlo de Reuver,Kevin Vermeulen,SBV Excelsior
2218971,68,Elvis Manu,Jean-Paul Boëtius,Feyenoord Rotterdam
2218971,74,Tonny Vilhena,Miquel Nelom,Feyenoord Rotterdam
2218971,78,Rick Karsdorp,Khalid Boulahrouz,Feyenoord Rotterdam
2218973,60,Wout Droste,Lucas Bijker,SC Cambuur
2218973,77,Erik Bakker,Mohamed el Makrini,SC Cambuur
2218973,81,Bob Schepers,Vytautas Andriuškevičius,SC Cambuur
2218973,65,Mats Seuntjens,Erik Falkenburg,NAC Breda
2218973,77,Adnane Tighadouini,Elson Hooi,NAC Breda
2218973,89,Aleksandar Damčevski,Jeffrey Sarpong,NAC Breda
2218975,15,Robin Gosens,Everon Pisas,FC Dordrecht
2218975,46,Jordy van Deelen,Robin Gosens,FC Dordrecht
2218975,71,William Troost-Ekong,Mart Lieder,FC Dordrecht
2218975,71,Jürgen Locadia,Memphis Depay,PSV Eindhoven
2218975,80,Joshua Brenet,Jetro Willems,PSV Eindhoven
2218975,88,Marcel Ritzmaier,Jorrit Hendrix,PSV Eindhoven
2218977,18,Arkadiusz Milik,Kolbeinn Sigþórsson,Ajax Amsterdam
2218977,65,Riechedly Bazoer,Lucas Andersen,Ajax Amsterdam
2218977,76,Queensy Menig,Ricardo Kishna,Ajax Amsterdam
2218977,51,Ricardo Ippel,Robbie Haemhouts,Willem II
2218977,65,Freek Heerkens,Stijn Wuytens,Willem II
2218977,77,Terell Ondaan,Bruno Andrade,Willem II
2218979,79,Thomas Lam,Trent Sainsbury,PEC Zwolle
2218979,85,Wout Brama,Mustafa Saymak,PEC Zwolle
2218979,90,Stef Nijland,Tomáš Necid,PEC Zwolle
2218979,30,Tyronne Ebuehi,Mathias Gehrt,ADO Den Haag
2218979,30,Xander Houtkoop,Thomas Kristensen,ADO Den Haag
2218979,83,Timothy Derijck,Vito Wormgoor,ADO Den Haag
2218981,60,Nacer Barazite,Ruud Boymans,FC Utrecht
2218981,62,Danny Verbeek,Kristoffer Peterson,FC Utrecht
2218981,46,Joey Pelupessy,Bryan Linssen,Heracles Almelo
2218981,87,Denni Avdić,Wout Weghorst,Heracles Almelo
2218983,72,Nick van der Velden,Jafar Arias,FC Groningen
2218983,76,Mimoun Mahi,Maikel Kieftenbeld,FC Groningen
2218983,87,Rasmus Lindgren,Michael de Leeuw,FC Groningen
2218983,75,Doke Schmidt,Marten de Roon,Sc Heerenveen
2218985,56,Josh McEachran,Valeri Qazaishvili,Vitesse
2218985,56,Kelvin Leerdam,Abiola Dauda,Vitesse
2218985,82,Zakaria Labyad,Denys Oliynyk,Vitesse
2218985,61,Darryl Lachman,Cuco Martina,Twente Enschede
2218985,76,Orlando Engelaar,Kyle Ebecilio,Twente Enschede
2218985,90,Jari Oosterwijk,Torgeir Børven,Twente Enschede
2218987,40,Fahd Aktaou,Mark-Jan Fledderus,Heracles Almelo
2218987,46,Denni Avdić,Bryan Linssen,Heracles Almelo
2218987,70,Rihairo Meulens,Mart Lieder,FC Dordrecht
2218989,46,Adnane Tighadouini,Joey Suk,NAC Breda
2218989,69,Mats Seuntjens,Uroš Matić,NAC Breda
2218989,87,Doke Schmidt,Stefano Marzo,Sc Heerenveen
2218989,89,Pelle van Amersfoort,Sam Larsson,Sc Heerenveen
2218989,90,Morten Thorsby,Luciano Slagveer,Sc Heerenveen
2218991,73,Xander Houtkoop,Roland Alberg,ADO Den Haag
2218991,79,Timothy Derijck,Thomas Kristensen,ADO Den Haag
2218991,84,Mitchell Schet,Mathias Gehrt,ADO Den Haag
2218991,84,Kevin Vermeulen,Jeff Stans,SBV Excelsior
2218991,89,Toni Varela,Luigi Bruins,SBV Excelsior
2218991,90,Carlo de Reuver,Ninos Gouriye,SBV Excelsior
2219003,66,Terell Ondaan,Bruno Andrade,Willem II
2219003,75,Jerson Cabral,Ben Sahar,Willem II
2219003,80,Robert Braber,Ali Messaoud,Willem II
2219003,46,Max de Boom,Wout Brama,PEC Zwolle
2219003,67,Stef Nijland,Ryan Thomas,PEC Zwolle
2219003,89,Kingsley Ehizibue,Max de Boom,PEC Zwolle
2218995,55,Xandro Schenk,Jop van der Linden,Go Ahead Eagles
2218995,64,Marnix Kolder,Jeffrey Rijsdijk,Go Ahead Eagles
2218995,74,Mawouna Amevor,Giliano Wijnaldum,Go Ahead Eagles
2218995,39,Harm Zeinstra,Leonard Nienhuis,SC Cambuur
2218995,60,Sander van de Streek,Damiano Schet,SC Cambuur
2218997,64,Anwar el Ghazi,Ricardo Kishna,Ajax Amsterdam
2218997,64,Jaïro Riedewald,Lucas Andersen,Ajax Amsterdam
2218997,85,Richairo Živković,Arkadiusz Milik,Ajax Amsterdam
2218997,46,Timo Letschert,Gévero Markiet,FC Utrecht
2218997,75,Danny Verbeek,Kristoffer Peterson,FC Utrecht
2218997,79,Nacer Barazite,Yassin Ayoub,FC Utrecht
2218999,61,Jorrit Hendrix,Adam Maher,PSV Eindhoven
2218999,80,Florian Jozefzoon,Luciano Narsingh,PSV Eindhoven
2218999,90,Jürgen Locadia,Memphis Depay,PSV Eindhoven
2218999,60,Bilal Ould-Chikh,Youness Mokhtar,Twente Enschede
2218999,60,Orlando Engelaar,Torgeir Børven,Twente Enschede
2218999,83,Ryo Miyaichi,Kyle Ebecilio,Twente Enschede
2219001,73,Dino Islamović,Mimoun Mahi,FC Groningen
2219001,82,Nick van der Velden,Jarchinio Antonia,FC Groningen
2219001,86,Rasmus Lindgren,Martijn van der Laan,FC Groningen
2219001,62,Zakaria Labyad,Denys Oliynyk,Vitesse
2219001,74,Abiola Dauda,Bertrand Traoré,Vitesse
2219001,90,Marvelous Nakamba,Marko Vejinović,Vitesse
2218993,72,Bilal Başaçıkoğlu,Jens Toornstra,Feyenoord Rotterdam
2218993,77,Elvis Manu,Jean-Paul Boëtius,Feyenoord Rotterdam
2218993,68,Steven Berghuis,Dabney dos Santos,AZ Alkmaar
2218993,71,Dirk Marcellis,Derrick Luckassen,AZ Alkmaar
2218993,85,Ridgeciano Haps,Thom Haye,AZ Alkmaar
2219005,73,Pelle van Amersfoort,Luciano Slagveer,Sc Heerenveen
2219005,71,Mitchell Schet,Mathias Gehrt,ADO Den Haag
2219005,82,Tyronne Ebuehi,Gianni Zuiverloon,ADO Den Haag
2219005,90,Danny Bakker,Kevin Jansen,ADO Den Haag
2219007,81,Marlon Pereira,Vytautas Andriuškevičius,SC Cambuur
2219007,5,Stef Nijland,Mustafa Saymak,PEC Zwolle
2219007,90,Dimitrios Ferfelis,Wout Brama,PEC Zwolle
2219009,46,Robin Gosens,Ryan Koolwijk,FC Dordrecht
2219009,65,Rihairo Meulens,Mart Lieder,FC Dordrecht
2219009,82,William Troost-Ekong,Ricky van Haaren,FC Dordrecht
2219009,44,Rasmus Lindgren,Tom Hiariej,FC Groningen
2219009,65,Mimoun Mahi,Danny Hoesen,FC Groningen
2219009,86,Nick van der Velden,Jarchinio Antonia,FC Groningen
2219011,78,Florian Jozefzoon,Luciano Narsingh,PSV Eindhoven
2219011,85,Jürgen Locadia,Memphis Depay,PSV Eindhoven
2219011,88,Menno Koch,Karim Rekik,PSV Eindhoven
2219011,70,Fernando Lewis,Jeffrey Rijsdijk,Go Ahead Eagles
2219013,29,Steven Berghuis,Dabney dos Santos,AZ Alkmaar
2219013,54,Guus Hupperts,Thom Haye,AZ Alkmaar
2219013,71,Ridgeciano Haps,Wesley Hoedt,AZ Alkmaar
2219013,57,Kai Heerings,Kristoffer Peterson,FC Utrecht
2219013,68,Sean Klaiber,Gévero Markiet,FC Utrecht
2219013,82,Nacer Barazite,Rubio Rubin,FC Utrecht
2219015,66,Abiola Dauda,Bertrand Traoré,Vitesse
2219015,72,Josh McEachran,Davy Pröpper,Vitesse
2219015,80,Kelvin Leerdam,Guram Kashia,Vitesse
2219015,86,Joey Pelupessy,Iliass Bel Hassani,Heracles Almelo
2219017,67,Mats Seuntjens,Kenny van der Weg,NAC Breda
2219017,74,Elvis Manu,Jean-Paul Boëtius,Feyenoord Rotterdam
2219019,73,Kevin Vermeulen,Tom van Weert,SBV Excelsior
2219019,85,Marko Maletić,Jurgen Mattheij,SBV Excelsior
2219019,86,Daryl van Mieghem,Jeff Stans,SBV Excelsior
2219019,63,Anwar el Ghazi,Ricardo Kishna,Ajax Amsterdam
2219019,63,Richairo Živković,Arkadiusz Milik,Ajax Amsterdam
2219019,82,Mike van der Hoorn,Lucas Andersen,Ajax Amsterdam
2219021,73,Renato Tapia,Kamohelo Mokotjo,Twente Enschede
2219021,76,Torgeir Børven,Orlando Engelaar,Twente Enschede
2219021,78,Kasper Kusk,Bilal Ould-Chikh,Twente Enschede
2219021,62,Terell Ondaan,Ben Sahar,Willem II
2219021,77,Ricardo Ippel,Robbie Haemhouts,Willem II
2219021,90,Robert Braber,Samuel Armenteros,Willem II
2218786,59,Nick Viergever,Jaïro Riedewald,Ajax Amsterdam
2218786,61,Riechedly Bazoer,Davy Klaassen,Ajax Amsterdam
2218786,82,Anwar el Ghazi,Ricardo Kishna,Ajax Amsterdam
2218786,72,Yoëll van Nieff,Lorenzo Burnet,FC Groningen
2218786,72,Mimoun Mahi,Albert Rusnák,FC Groningen
2218786,82,Nick van der Velden,Maikel Kieftenbeld,FC Groningen
2218784,70,Sheraldo Becker,Ryan Thomas,PEC Zwolle
2218784,86,Kingsley Ehizibue,Maikel van der Werff,PEC Zwolle
2218784,90,Soufian Moro,Jody Lukoki,PEC Zwolle
2218784,72,Uroš Matić,Rémy Amieux,NAC Breda
2218784,72,Mats Seuntjens,Joey Suk,NAC Breda
2218784,83,Gill Swerts,Jeffrey Sarpong,NAC Breda
2218774,82,Thomas Kristensen,Kevin Jansen,ADO Den Haag
2218774,83,Xander Houtkoop,Mitchell Schet,ADO Den Haag
2218774,46,Furdjel Narsingh,Martijn Barto,SC Cambuur
2218774,64,Sinan Bytyqi,Daniël de Ridder,SC Cambuur
2218774,89,Sebastian Steblecki,Sander van de Streek,SC Cambuur
2218776,65,Dabney dos Santos,Thom Haye,AZ Alkmaar
2218776,76,Aron Jóhannsson,Muamer Tanković,AZ Alkmaar
2218776,85,Viktor Elm,Celso Ortíz,AZ Alkmaar
2218776,46,Andwélé Slory,Giovanni Korte,FC Dordrecht
2218776,65,Josimar Lima,Ricky van Haaren,FC Dordrecht
2218776,83,Everon Pisas,Joris van Overeem,FC Dordrecht
2218782,59,Kelvin Leerdam,Josh McEachran,Vitesse
2218782,74,Denys Oliynyk,Valeri Qazaishvili,Vitesse
2218782,86,Uroš Đurđević,Jan-Arie van der Heijden,Vitesse
2218782,72,Florian Jozefzoon,Luciano Narsingh,PSV Eindhoven
2218782,87,Nicolas Isimat-Mirin,Adam Maher,PSV Eindhoven
2218772,65,Terell Ondaan,Ben Sahar,Willem II
2218772,84,Jerson Cabral,Bruno Andrade,Willem II
2218772,46,Jules Reimerink,Alex Schalk,Go Ahead Eagles
2218772,52,Giliano Wijnaldum,Xandro Schenk,Go Ahead Eagles
2218772,76,Teije ten Den,Lesly de Sa,Go Ahead Eagles
2218780,69,Danny Verbeek,Kristoffer Peterson,FC Utrecht
2218780,72,Sébastien Haller,Anouar Kali,FC Utrecht
2218780,85,Mark Diemers,Timo Letschert,FC Utrecht
2218780,75,Kenneth Otigba,Joey van den Berg,Sc Heerenveen
2218780,82,Simon Thern,Mark Uth,Sc Heerenveen
2218780,90,Morten Thorsby,Daley Sinkgraven,Sc Heerenveen
2218788,73,Youness Mokhtar,Rasmus Bengtsson,Twente Enschede
2218788,73,Bilal Ould-Chikh,Orlando Engelaar,Twente Enschede
2218788,83,Torgeir Børven,Jesús Corona,Twente Enschede
2218778,60,Simon Cziommer,Fahd Aktaou,Heracles Almelo
2218778,73,Denni Avdić,Thomas Bruns,Heracles Almelo
2218778,76,Bart Schenkeveld,Jeroen Veldmate,Heracles Almelo
2218778,70,Jordan Botaka,Daryl van Mieghem,SBV Excelsior
2218778,83,Carlo de Reuver,Ninos Gouriye,SBV Excelsior
2218816,46,Renato Tapia,Orlando Engelaar,Twente Enschede
2218816,63,Bilal Ould-Chikh,Rasmus Bengtsson,Twente Enschede
2218816,77,Torgeir Børven,Jesús Corona,Twente Enschede
2218816,73,Bas Sibum,Ramon Zomer,Heracles Almelo
2218816,79,Simon Cziommer,Thomas Bruns,Heracles Almelo
2218816,79,Jaroslav Navratil,Denni Avdić,Heracles Almelo
2218820,59,Daniël de Ridder,Sinan Bytyqi,SC Cambuur
2218820,63,Martijn Barto,Mohamed el Makrini,SC Cambuur
2218820,81,Jürgen Locadia,Luuk de Jong,PSV Eindhoven
2218820,90,Nicolas Isimat-Mirin,Luciano Narsingh,PSV Eindhoven
2218810,73,Sean Klaiber,Adnan Ališić,FC Dordrecht
2218810,83,Ilias Haddad,Joris van Overeem,FC Dordrecht
2218810,70,Jordan Botaka,Rick Kruys,SBV Excelsior
2218810,70,Ninos Gouriye,Daryl van Mieghem,SBV Excelsior
2218810,80,Carlo de Reuver,Jurgen Mattheij,SBV Excelsior
2218822,69,Sheraldo Becker,Dabney dos Santos,PEC Zwolle
2218822,69,Thom Haye,Stef Nijland,AZ Alkmaar
2218822,77,Guus Hupperts,Aron Jóhannsson,AZ Alkmaar
2218814,85,Doke Schmidt,Daley Sinkgraven,Sc Heerenveen
2218814,87,Younes Namli,Luciano Slagveer,Sc Heerenveen
2218814,90,Jerry St. Juste,Joost van Aken,Sc Heerenveen
2218814,46,Kevin Diks,Wallace,Vitesse
2218814,46,Uroš Đurđević,Josh McEachran,Vitesse
2218814,46,Dan Mori,Jan-Arie van der Heijden,Vitesse
2218818,46,Kolbeinn Sigþórsson,Arkadiusz Milik,Ajax Amsterdam
2218818,65,Niki Zimling,Riechedly Bazoer,Ajax Amsterdam
2218818,81,Nick Viergever,Nicolai Boilesen,Ajax Amsterdam
2218818,83,Tonny Vilhena,Karim El Ahmadi,Feyenoord Rotterdam
2218818,88,Bilal Başaçıkoğlu,Jean-Paul Boëtius,Feyenoord Rotterdam
2218808,73,Mats Seuntjens,Adnane Tighadouini,NAC Breda
2218808,83,Miloš Zukanović,Guyon Fernandez,NAC Breda
2218808,63,Terell Ondaan,Ben Sahar,Willem II
2218808,86,Charlton Vicento,Bruno Andrade,Willem II
2218824,15,Yoëll van Nieff,Lorenzo Burnet,FC Groningen
2218824,46,Danny Hoesen,Jarchinio Antonia,FC Groningen
2218824,65,Mimoun Mahi,Tjaronn Chery,FC Groningen
2218824,65,Rubio Rubin,Sébastien Haller,FC Utrecht
2218824,76,Nacer Barazite,Kristoffer Peterson,FC Utrecht
2218824,84,Gévero Markiet,Jeff Hardeveld,FC Utrecht
2218812,74,Fernando Lewis,Wesley Verhoek,Go Ahead Eagles
2218812,81,Jeffrey Rijsdijk,Sjoerd Overgoor,Go Ahead Eagles
2218812,90,Alex Schalk,Marnix Kolder,Go Ahead Eagles
2218812,65,Tyronne Ebuehi,Roland Alberg,ADO Den Haag
2218812,77,Mitchell Schet,Gianni Zuiverloon,ADO Den Haag
2218812,77,Xander Houtkoop,Kevin Jansen,ADO Den Haag
2218717,46,Everon Pisas,Adnan Ališić,FC Dordrecht
2218717,50,Robbert te Loeke,Filip Kurto,FC Dordrecht
2218717,88,Jeffry Fortes,Joris van Overeem,FC Dordrecht
2218717,67,Thomas Dalgaard,Daley Sinkgraven,Sc Heerenveen
2218717,90,Younes Namli,Sam Larsson,Sc Heerenveen
2218734,63,Oscar Hiljemark,Adam Maher,PSV Eindhoven
2218734,72,Jürgen Locadia,Georginio Wijnaldum,PSV Eindhoven
2218734,65,Terell Ondaan,Bruno Andrade,Willem II
2218734,80,Jerson Cabral,Ben Sahar,Willem II
2218734,90,Charlton Vicento,Robbie Haemhouts,Willem II
2218721,58,Daryl van Mieghem,Jordan Botaka,SBV Excelsior
2218721,83,Jeff Stans,Ninos Gouriye,SBV Excelsior
2218721,68,Joeri de Kamps,Uroš Matić,NAC Breda
2218721,83,Mats Seuntjens,Erik Falkenburg,NAC Breda
2218721,87,Miloš Zukanović,Guyon Fernandez,NAC Breda
2218730,68,Mimoun Mahi,Albert Rusnák,FC Groningen
2218730,81,Nick van der Velden,Jarchinio Antonia,FC Groningen
2218730,20,Sven Nieuwpoort,Mawouna Amevor,Go Ahead Eagles
2218730,64,Jules Reimerink,Sjoerd Overgoor,Go Ahead Eagles
2218730,77,Glynor Plet,Marnix Kolder,Go Ahead Eagles
2218719,76,Bilal Ould-Chikh,Jesús Corona,Twente Enschede
2218719,85,Kyle Ebecilio,Renato Tapia,Twente Enschede
2218719,86,Torgeir Børven,Youness Mokhtar,Twente Enschede
2218719,59,Martijn Barto,Daniël de Ridder,SC Cambuur
2218719,66,Vytautas Andriuškevičius,Calvin Mac-Intosch,SC Cambuur
2218719,78,Dejan Meleg,Mikhail Rosheuvel,SC Cambuur
2218728,18,Khalid Boulahrouz,Luke Wilkshire,Feyenoord Rotterdam
2218728,71,Bilal Başaçıkoğlu,Jean-Paul Boëtius,Feyenoord Rotterdam
2218728,81,Tonny Vilhena,Jens Toornstra,Feyenoord Rotterdam
2218728,46,Wilson Eduardo,Kevin Jansen,ADO Den Haag
2218728,59,Mitchell Schet,Michiel Kramer,ADO Den Haag
2218728,83,Mathias Gehrt,Danny Bakker,ADO Den Haag
2218715,73,Nacer Barazite,Rubio Rubin,FC Utrecht
2218715,73,Gévero Markiet,Chris Kum,FC Utrecht
2218715,46,Aleksandar Bjelica,Thomas Lam,PEC Zwolle
2218715,64,Stef Nijland,Ryan Thomas,PEC Zwolle
2218715,85,Joost Broerse,Jesper Drost,PEC Zwolle
2218732,23,Denys Oliynyk,Renato Ibarra,Vitesse
2218732,83,Uroš Đurđević,Bertrand Traoré,Vitesse
2218732,83,Kelvin Leerdam,Valeri Qazaishvili,Vitesse
2218732,70,Riechedly Bazoer,Jaïro Riedewald,Ajax Amsterdam
2218732,80,Richairo Živković,Arkadiusz Milik,Ajax Amsterdam
2218732,90,Niki Zimling,Lucas Andersen,Ajax Amsterdam
2218726,24,Viktor Elm,Celso Ortíz,AZ Alkmaar
2218726,58,Thom Haye,Viktor Elm,AZ Alkmaar
2218726,83,Dabney dos Santos,Steven Berghuis,AZ Alkmaar
2218726,57,Simon Cziommer,Thomas Bruns,Heracles Almelo
2218726,65,Brahim Darri,Oussama Tannane,Heracles Almelo
2218726,75,Wout Weghorst,Bryan Linssen,Heracles Almelo
2218750,62,Jeffrey Rijsdijk,Lars Lambooij,Go Ahead Eagles
2218750,80,Alex Schalk,Sander Duits,Go Ahead Eagles
2218750,80,Marnix Kolder,Glynor Plet,Go Ahead Eagles
2218750,70,Jordan Botaka,Ninos Gouriye,SBV Excelsior
2218750,80,Jeff Stans,Adil Auassar,SBV Excelsior
2218750,86,Kevin Vermeulen,Daryl van Mieghem,SBV Excelsior
2218738,56,Mats Seuntjens,Gill Swerts,NAC Breda
2218738,61,Hakim Borahsasar,Erik Falkenburg,NAC Breda
2218738,72,Miloš Zukanović,Adnane Tighadouini,NAC Breda
2218738,61,Abel Tamata,Adam Maher,PSV Eindhoven
2218738,78,Oscar Hiljemark,Luciano Narsingh,PSV Eindhoven
2218738,90,Jürgen Locadia,Memphis Depay,PSV Eindhoven
2218736,84,Lerin Duarte,Luciano Slagveer,Sc Heerenveen
2218736,89,Doke Schmidt,Simon Thern,Sc Heerenveen
2218736,90,Henk Veerman,Mark Uth,Sc Heerenveen
2218736,71,Mitchell te Vrede,Khalid Boulahrouz,Feyenoord Rotterdam
2218742,71,Xander Houtkoop,Aleksandr Yakovenko,ADO Den Haag
2218742,78,Kevin Jansen,Thomas Kristensen,ADO Den Haag
2218742,86,Gervane Kastaneer,Wilson Eduardo,ADO Den Haag
2218742,65,Kyle Ebecilio,Renato Tapia,Twente Enschede
2218742,65,Bilal Ould-Chikh,Youness Mokhtar,Twente Enschede
2218742,79,Torgeir Børven,Jesús Corona,Twente Enschede
2218740,82,Soufian Moro,Ryan Thomas,PEC Zwolle
2218740,88,Rick Dekker,Ben Rienstra,PEC Zwolle
2218740,88,Dimitrios Ferfelis,Stef Nijland,PEC Zwolle
2218740,63,Everon Pisas,Andwélé Slory,FC Dordrecht
2218740,72,Rick ten Voorde,Funso Ojo,FC Dordrecht
2218744,46,Lucas Bijker,Marlon Pereira,SC Cambuur
2218744,46,Sander van de Streek,Daniël de Ridder,SC Cambuur
2218744,68,Sebastian Steblecki,Vytautas Andriuškevičius,SC Cambuur
2218744,75,Josh McEachran,Valeri Qazaishvili,Vitesse
2218744,79,Uroš Đurđević,Bertrand Traoré,Vitesse
2218748,57,Jerson Cabral,Ben Sahar,Willem II
2218748,70,Terell Ondaan,Samuel Armenteros,Willem II
2218748,83,Ricardo Ippel,Robbie Haemhouts,Willem II
2218748,45,Gévero Markiet,Chris Kum,FC Utrecht
2218748,52,Sébastien Haller,Mark Diemers,FC Utrecht
2218748,79,Nacer Barazite,Jeff Hardeveld,FC Utrecht
2218752,74,Dario Vujičević,Simon Cziommer,Heracles Almelo
2218752,90,Jaroslav Navratil,Brahim Darri,Heracles Almelo
2218752,48,Mimoun Mahi,Jarchinio Antonia,FC Groningen
2218752,62,Danny Hoesen,Maikel Kieftenbeld,FC Groningen
2218752,79,Juninho Bacuna,Yoëll van Nieff,FC Groningen
2218746,67,Nick Viergever,Ricardo Kishna,Ajax Amsterdam
2218746,67,Niki Zimling,Riechedly Bazoer,Ajax Amsterdam
2218746,69,Kenny Tete,Jaïro Riedewald,Ajax Amsterdam
2218746,69,Muamer Tanković,Guus Hupperts,AZ Alkmaar
2218746,85,Robert Mühren,Aron Jóhannsson,AZ Alkmaar
2218746,88,Ridgeciano Haps,Dabney dos Santos,AZ Alkmaar
2218880,68,Rick ten Voorde,Anthony Biekman,FC Dordrecht
2218880,85,Jordy van Deelen,Funso Ojo,FC Dordrecht
2218880,62,Gianni Zuiverloon,Danny Bakker,ADO Den Haag
2218880,71,Michiel Kramer,Aleksandr Yakovenko,ADO Den Haag
2218880,80,Xander Houtkoop,Wilson Eduardo,ADO Den Haag
2218896,59,Bilal Ould-Chikh,Youness Mokhtar,Twente Enschede
2218896,71,Torgeir Børven,Kamohelo Mokotjo,Twente Enschede
2218896,79,Orlando Engelaar,Hidde ter Avest,Twente Enschede
2218896,69,Kevin Vermeulen,Tom van Weert,SBV Excelsior
2218896,77,Toni Varela,Luigi Bruins,SBV Excelsior
2218896,82,Kevin van Diermen,Rick Kruys,SBV Excelsior
2218894,46,Doke Schmidt,Pele van Anholt,Sc Heerenveen
2218894,75,Lerin Duarte,Luciano Slagveer,Sc Heerenveen
2218894,83,Henk Veerman,Sam Larsson,Sc Heerenveen
2218894,46,Joost Broerse,Bram van Polen,PEC Zwolle
2218894,46,Sheraldo Becker,Ben Rienstra,PEC Zwolle
2218894,65,Dimitrios Ferfelis,Stef Nijland,PEC Zwolle
2218882,62,Felitciano Zschusschen,Hakim Borahsasar,NAC Breda
2218882,69,Uroš Matić,Gill Swerts,NAC Breda
2218882,82,Joey Suk,Joeri de Kamps,NAC Breda
2218882,62,Uroš Đurđević,Denys Oliynyk,Vitesse
2218882,77,Kelvin Leerdam,Zakaria Labyad,Vitesse
2218882,90,Wallace,Bertrand Traoré,Vitesse
2218890,73,Oscar Hiljemark,Andrés Guardado,PSV Eindhoven
2218890,86,Jürgen Locadia,Luciano Narsingh,PSV Eindhoven
2218890,67,Sébastien Haller,Rubio Rubin,FC Utrecht
2218890,77,Nacer Barazite,Tommy Oar,FC Utrecht
2218890,81,Kai Heerings,Ramon Leeuwin,FC Utrecht
2218888,45,Anass Achahbar,Jean-Paul Boëtius,Feyenoord Rotterdam
2218888,68,Tonny Vilhena,Jens Toornstra,Feyenoord Rotterdam
2218888,79,Mitchell te Vrede,Karim El Ahmadi,Feyenoord Rotterdam
2218888,60,Sinan Bytyqi,Daniël de Ridder,SC Cambuur
2218888,60,Martijn Barto,Mikhail Rosheuvel,SC Cambuur
2218888,81,Sebastian Steblecki,Wout Droste,SC Cambuur
2218884,71,Ali Messaoud,Robbie Haemhouts,Willem II
2218884,75,Ben Sahar,Jerson Cabral,Willem II
2218884,84,Terell Ondaan,Bruno Andrade,Willem II
2218884,46,Dario Vujičević,Simon Cziommer,Heracles Almelo
2218884,46,Denni Avdić,Thomas Bruns,Heracles Almelo
2218884,76,Jaroslav Navratil,Bryan Linssen,Heracles Almelo
2218886,71,Jules Reimerink,Sander Duits,Go Ahead Eagles
2218886,80,Marnix Kolder,Glynor Plet,Go Ahead Eagles
2218886,90,Alex Schalk,Jeffrey Rijsdijk,Go Ahead Eagles
2218886,74,Jaïro Riedewald,Davy Klaassen,Ajax Amsterdam
2218886,81,Arkadiusz Milik,Ricardo Kishna,Ajax Amsterdam
2218886,87,Queensy Menig,Nicolai Boilesen,Ajax Amsterdam
2218892,64,Danny Hoesen,Albert Rusnák,FC Groningen
2218892,75,Juninho Bacuna,Hans Hateboer,FC Groningen
2218892,46,Thom Haye,Guus Hupperts,AZ Alkmaar
2218892,90,Ridgeciano Haps,Dabney dos Santos,AZ Alkmaar
2218864,57,Guus Hupperts,Dabney dos Santos,AZ Alkmaar
2218864,67,Muamer Tanković,Thom Haye,AZ Alkmaar
2218864,88,Stijn Spierings,Robert Mühren,AZ Alkmaar
2218864,41,Jeffrey Bruma,Karim Rekik,PSV Eindhoven
2218864,72,Oscar Hiljemark,Adam Maher,PSV Eindhoven
2218866,72,Iliass Bel Hassani,Brahim Darri,Heracles Almelo
2218866,88,Simon Cziommer,Dario Vujičević,Heracles Almelo
2218866,90,Jaroslav Navratil,Bryan Linssen,Heracles Almelo
2218866,46,Tonny Vilhena,Sven van Beek,Feyenoord Rotterdam
2218866,64,Mitchell te Vrede,Jean-Paul Boëtius,Feyenoord Rotterdam
2218862,73,Wallace,Zakaria Labyad,Vitesse
2218862,86,Uroš Đurđević,Denys Oliynyk,Vitesse
2218862,90,Abiola Dauda,Bertrand Traoré,Vitesse
2218862,53,Ali Messaoud,Robbie Haemhouts,Willem II
2218862,60,Wiljan Pluim,Robert Braber,Willem II
2218862,72,Jerson Cabral,Ben Sahar,Willem II
2218878,71,Ninos Gouriye,Daryl van Mieghem,SBV Excelsior
2218878,74,Kevin Vermeulen,Tom van Weert,SBV Excelsior
2218878,87,Toni Varela,Rick Kruys,SBV Excelsior
2218878,73,Jarchinio Antonia,Mimoun Mahi,FC Groningen
2218878,87,Juninho Bacuna,Simon Tibbling,FC Groningen
2218868,33,Gianni Zuiverloon,Vito Wormgoor,ADO Den Haag
2218868,64,Mike van Duinen,Thomas Kristensen,ADO Den Haag
2218868,75,Xander Houtkoop,Aleksandr Yakovenko,ADO Den Haag
2218868,63,Erik Falkenburg,Felitciano Zschusschen,NAC Breda
2218868,77,Uroš Matić,Demy de Zeeuw,NAC Breda
2218868,87,Mats Seuntjens,Gill Swerts,NAC Breda
2218872,72,Sinan Bytyqi,Erik Bakker,SC Cambuur
2218872,80,Mart Dijkstra,Mohamed el Makrini,SC Cambuur
2218872,85,Michiel Hemmen,Mikhail Rosheuvel,SC Cambuur
2218872,46,Lerin Duarte,Simon Thern,Sc Heerenveen
2218872,67,Henk Veerman,Sam Larsson,Sc Heerenveen
2218872,80,Younes Namli,Pele van Anholt,Sc Heerenveen
2218874,70,Kai Heerings,Mark Diemers,FC Utrecht
2218874,83,Rubio Rubin,Sébastien Haller,FC Utrecht
2218874,88,Issa Kallon,Tommy Oar,FC Utrecht
2218874,46,Jordy van Deelen,Jeffry Fortes,FC Dordrecht
2218874,54,William Troost-Ekong,Ricky van Haaren,FC Dordrecht
2218874,54,Rick ten Voorde,Funso Ojo,FC Dordrecht
2218876,8,Thomas Lam,Bram van Polen,PEC Zwolle
2218876,70,Mustafa Saymak,Ryan Thomas,PEC Zwolle
2218876,70,Eli Babalj,Maikel van der Werff,PEC Zwolle
2218876,62,Jules Reimerink,Deniz Türüç,Go Ahead Eagles
2218876,79,Marnix Kolder,Glynor Plet,Go Ahead Eagles
2218876,81,Lars Lambooij,Sander Duits,Go Ahead Eagles
2218870,26,Mike van der Hoorn,Joël Veltman,Ajax Amsterdam
2218870,67,Arkadiusz Milik,Lasse Schöne,Ajax Amsterdam
2218870,71,Thulani Serero,Davy Klaassen,Ajax Amsterdam
2218870,64,Youness Mokhtar,Bilal Ould-Chikh,Twente Enschede
2218870,76,Kyle Ebecilio,Hidde ter Avest,Twente Enschede
2218870,90,Torgeir Børven,Kamohelo Mokotjo,Twente Enschede
2218974,65,Hakim Borahsasar,Guyon Fernandez,NAC Breda
2218974,78,Uroš Matić,Joeri de Kamps,NAC Breda
2218974,86,Erik Falkenburg,Demy de Zeeuw,NAC Breda
2218974,57,Sinan Bytyqi,Mikhail Rosheuvel,SC Cambuur
2218974,75,Michiel Hemmen,Sander van de Streek,SC Cambuur
2218974,82,Daniël de Ridder,Wout Droste,SC Cambuur
2218980,77,Xander Houtkoop,Wilson Eduardo,ADO Den Haag
2218980,84,Wilfried Kanon,Dion Malone,ADO Den Haag
2218980,15,Mustafa Saymak,Sheraldo Becker,PEC Zwolle
2218980,79,Soufian Moro,Wout Brama,PEC Zwolle
2218980,84,Dimitrios Ferfelis,Eli Babalj,PEC Zwolle
2218970,76,Marnix Kolder,Glynor Plet,Go Ahead Eagles
2218970,76,Jules Reimerink,Sander Duits,Go Ahead Eagles
2218970,76,Alex Schalk,Jeffrey Rijsdijk,Go Ahead Eagles
2218970,55,Dabney dos Santos,Thom Haye,AZ Alkmaar
2218970,73,Muamer Tanković,Steven Berghuis,AZ Alkmaar
2218970,86,Ridgeciano Haps,Robert Mühren,AZ Alkmaar
2218982,65,Simon Cziommer,Iliass Bel Hassani,Heracles Almelo
2218982,73,Denni Avdić,Wout Weghorst,Heracles Almelo
2218982,82,Jaroslav Navratil,Brahim Darri,Heracles Almelo
2218982,57,Danny Verbeek,Tommy Oar,FC Utrecht
2218982,79,Gévero Markiet,Mark Diemers,FC Utrecht
2218984,56,Henk Veerman,Lerin Duarte,Sc Heerenveen
2218984,90,Jerry St. Juste,Pelle van Amersfoort,Sc Heerenveen
2218984,90,Morten Thorsby,Mark Uth,Sc Heerenveen
2218984,68,Danny Hoesen,Mimoun Mahi,FC Groningen
2218984,68,Nick van der Velden,Simon Tibbling,FC Groningen
2218984,85,Juninho Bacuna,Maikel Kieftenbeld,FC Groningen
2218976,65,Jürgen Locadia,Luciano Narsingh,PSV Eindhoven
2218976,73,Jorrit Hendrix,Andrés Guardado,PSV Eindhoven
2218976,85,Rai Vloet,Luuk de Jong,PSV Eindhoven
2218976,70,Rick ten Voorde,Everon Pisas,FC Dordrecht
2218976,73,Ricky van Haaren,Robin Gosens,FC Dordrecht
2218976,79,Andwélé Slory,Mart Lieder,FC Dordrecht
2218978,46,Terell Ondaan,Ben Sahar,Willem II
2218978,67,Ricardo Ippel,Wiljan Pluim,Willem II
2218978,84,Robert Braber,Ali Messaoud,Willem II
2218978,65,Thulani Serero,Riechedly Bazoer,Ajax Amsterdam
2218978,76,Richairo Živković,Lasse Schöne,Ajax Amsterdam
2218978,79,Lucas Andersen,Davy Klaassen,Ajax Amsterdam
2218986,60,Chris David,Bilal Ould-Chikh,Twente Enschede
2218986,74,Shadrach Eghan,Hidde ter Avest,Twente Enschede
2218986,67,Renato Ibarra,Zakaria Labyad,Vitesse
2218986,79,Uroš Đurđević,Bertrand Traoré,Vitesse
2218986,89,Dan Mori,Marko Vejinović,Vitesse
2218972,46,Jens Toornstra,Khalid Boulahrouz,Feyenoord Rotterdam
2218972,46,Anass Achahbar,Tonny Vilhena,Feyenoord Rotterdam
2218972,75,Elvis Manu,Jean-Paul Boëtius,Feyenoord Rotterdam
2218972,55,Khalid Karami,Luigi Bruins,SBV Excelsior
2218972,65,Toni Varela,Jeff Stans,SBV Excelsior
2218972,75,Kevin Vermeulen,Daryl van Mieghem,SBV Excelsior
2218762,46,Giovanni Korte,Fernando Lewis,FC Dordrecht
2218762,87,Anthony Biekman,Matthew Steenvoorden,FC Dordrecht
2218762,90,William Troost-Ekong,Joris van Overeem,FC Dordrecht
2218762,49,Jules Reimerink,Sander Duits,Go Ahead Eagles
2218762,80,Lars Lambooij,Jeffrey Rijsdijk,Go Ahead Eagles
2218762,89,Alex Schalk,Wesley Verhoek,Go Ahead Eagles
2218764,77,Renato Ibarra,Zakaria Labyad,Vitesse
2218764,82,Dan Mori,Marko Vejinović,Vitesse
2218764,88,Uroš Đurđević,Bertrand Traoré,Vitesse
2218764,17,Thomas Lam,Maikel van der Werff,PEC Zwolle
2218764,46,Tomáš Necid,Ryan Thomas,PEC Zwolle
2218764,75,Eli Babalj,Jody Lukoki,PEC Zwolle
2218756,46,Ridgeciano Haps,Simon Poulsen,AZ Alkmaar
2218756,65,Viktor Elm,Guus Hupperts,AZ Alkmaar
2218756,79,Aron Jóhannsson,Robert Mühren,AZ Alkmaar
2218756,66,Ben Sahar,Jerson Cabral,Willem II
2218756,73,Wiljan Pluim,Robbie Haemhouts,Willem II
2218756,87,Robert Braber,Terell Ondaan,Willem II
2218766,75,Chris David,Renato Tapia,Twente Enschede
2218766,84,Torgeir Børven,Youness Mokhtar,Twente Enschede
2218766,63,Divine Naah,Gill Swerts,NAC Breda
2218766,73,Felitciano Zschusschen,Guyon Fernandez,NAC Breda
2218766,73,Erik Falkenburg,Uroš Matić,NAC Breda
2218754,23,Daniël de Ridder,Sinan Bytyqi,SC Cambuur
2218754,25,Mart Dijkstra,Mohamed el Makrini,SC Cambuur
2218754,76,Martijn Barto,Furdjel Narsingh,SC Cambuur
2218754,46,Simon Cziommer,Mark-Jan Fledderus,Heracles Almelo
2218754,46,Iliass Bel Hassani,Brahim Darri,Heracles Almelo
2218754,58,Jaroslav Navratil,Bryan Linssen,Heracles Almelo
2218758,76,Adil Auassar,Daryl van Mieghem,SBV Excelsior
2218758,85,Toni Varela,Rick Kruys,SBV Excelsior
2218758,87,Kevin Vermeulen,Jeff Stans,SBV Excelsior
2218758,46,Henk Veerman,Morten Thorsby,Sc Heerenveen
2218758,71,Younes Namli,Pelle van Amersfoort,Sc Heerenveen
2218758,80,Tarik Kada,Doke Schmidt,Sc Heerenveen
2218760,70,Nacer Barazite,Danny Verbeek,FC Utrecht
2218760,87,Bart Ramselaar,Mark Diemers,FC Utrecht
2218760,90,Gévero Markiet,Tommy Oar,FC Utrecht
2218760,46,Elvis Manu,Jens Toornstra,Feyenoord Rotterdam
2218760,53,Lucas Woudenberg,Miquel Nelom,Feyenoord Rotterdam
2218760,81,Anass Achahbar,Jean-Paul Boëtius,Feyenoord Rotterdam
2218768,73,Dino Islamović,Nick van der Velden,FC Groningen
2218768,82,Yoëll van Nieff,Albert Rusnák,FC Groningen
2218768,46,Mitchell Schet,Michiel Kramer,ADO Den Haag
2218768,73,Gervane Kastaneer,Thomas Kristensen,ADO Den Haag
2218768,78,Xander Houtkoop,Wilson Eduardo,ADO Den Haag
2218770,70,Jürgen Locadia,Luciano Narsingh,PSV Eindhoven
2218770,87,Jorrit Hendrix,Adam Maher,PSV Eindhoven
2218770,57,Lasse Schöne,Arkadiusz Milik,Ajax Amsterdam
2218770,66,Lucas Andersen,Ricardo Kishna,Ajax Amsterdam
2218770,85,Jaïro Riedewald,Thulani Serero,Ajax Amsterdam
2219022,62,Ben Sahar,Jerson Cabral,Willem II
2219022,67,Robert Braber,Ali Messaoud,Willem II
2219022,76,Charlton Vicento,Samuel Armenteros,Willem II
2219022,70,Joachim Andersen,Hidde ter Avest,Twente Enschede
2219022,77,Kyle Ebecilio,Kamohelo Mokotjo,Twente Enschede
2219012,46,Jules Reimerink,Wesley Verhoek,Go Ahead Eagles
2219012,46,Lars Lambooij,Sander Duits,Go Ahead Eagles
2219012,72,Giliano Wijnaldum,Xandro Schenk,Go Ahead Eagles
2219012,76,Jürgen Locadia,Luciano Narsingh,PSV Eindhoven
2219012,83,Oscar Hiljemark,Jorrit Hendrix,PSV Eindhoven
2219006,68,Aleksandr Yakovenko,Mike van Duinen,ADO Den Haag
2219006,76,Kevin Jansen,Dion Malone,ADO Den Haag
2219006,81,Xander Houtkoop,Timothy Derijck,ADO Den Haag
2219006,22,Younes Namli,Lerin Duarte,Sc Heerenveen
2219006,46,Janio Bikel,Simon Thern,Sc Heerenveen
2219006,90,Henk Veerman,Mark Uth,Sc Heerenveen
2219016,45,Ramon Zomer,Bart Schenkeveld,Heracles Almelo
2219016,46,Simon Cziommer,Fahd Aktaou,Heracles Almelo
2219016,82,Denni Avdić,Jeroen Veldmate,Heracles Almelo
2219016,70,Renato Ibarra,Denys Oliynyk,Vitesse
2219016,70,Kelvin Leerdam,Valeri Qazaishvili,Vitesse
2219016,90,Uroš Đurđević,Bertrand Traoré,Vitesse
2219008,69,Stef Nijland,Tomáš Necid,PEC Zwolle
2219008,77,Thomas Lam,Trent Sainsbury,PEC Zwolle
2219008,81,Rick Dekker,Ryan Thomas,PEC Zwolle
2219008,60,Donovan Slijngard,Calvin Mac-Intosch,SC Cambuur
2219008,66,Mikhail Rosheuvel,Daniël de Ridder,SC Cambuur
2219008,71,Bartholomew Ogbeche,Furdjel Narsingh,SC Cambuur
2219010,46,Yoëll van Nieff,Simon Tibbling,FC Groningen
2219010,62,Dino Islamović,Nick van der Velden,FC Groningen
2219010,82,Juninho Bacuna,Mimoun Mahi,FC Groningen
2219010,57,Noel Goossens,Jordy van Deelen,FC Dordrecht
2219010,74,Anthony Biekman,Giovanni Korte,FC Dordrecht
2219010,74,Rick ten Voorde,Josimar Lima,FC Dordrecht
2219018,61,Anass Achahbar,Jens Toornstra,Feyenoord Rotterdam
2219018,61,Jean-Paul Boëtius,Elvis Manu,Feyenoord Rotterdam
2219018,73,Calvin Verdonk,Lucas Woudenberg,Feyenoord Rotterdam
2219018,25,Joeri de Kamps,Menno Koch,NAC Breda
2219018,77,Hakim Borahsasar,Adnane Tighadouini,NAC Breda
2219018,81,Rémy Amieux,Kenny van der Weg,NAC Breda
2219020,60,Daley Sinkgraven,Thulani Serero,Ajax Amsterdam
2219020,60,Richairo Živković,Lasse Schöne,Ajax Amsterdam
2219020,84,Lucas Andersen,Ricardo Kishna,Ajax Amsterdam
2219020,62,Toni Varela,Adil Auassar,SBV Excelsior
2219020,84,Kevin Vermeulen,Tom van Weert,SBV Excelsior
2219014,55,Kristoffer Peterson,Danny Verbeek,FC Utrecht
2219014,66,Mark van der Maarel,Jeff Hardeveld,FC Utrecht
2219014,83,Rubio Rubin,Sébastien Haller,FC Utrecht
2219014,46,Muamer Tanković,Robert Mühren,AZ Alkmaar
2219014,46,Guus Hupperts,Dabney dos Santos,AZ Alkmaar
2219014,46,Aron Jóhannsson,Steven Berghuis,AZ Alkmaar
2218934,85,Renato Ibarra,Zakaria Labyad,Vitesse
2218934,87,Uroš Đurđević,Bertrand Traoré,Vitesse
2218934,74,Dabney dos Santos,Viktor Elm,AZ Alkmaar
2218934,74,Guus Hupperts,Muamer Tanković,AZ Alkmaar
2218934,86,Robert Mühren,Thom Haye,AZ Alkmaar
2218946,29,Joachim Andersen,Andreas Bjelland,Twente Enschede
2218946,45,Youness Mokhtar,Luc Castaignos,Twente Enschede
2218946,86,Torgeir Børven,Renato Tapia,Twente Enschede
2218946,46,Steven Pereira,Thomas Lam,PEC Zwolle
2218946,80,Stef Nijland,Steven Pereira,PEC Zwolle
2218936,57,Felitciano Zschusschen,Mats Seuntjens,NAC Breda
2218936,84,Guyon Fernandez,Erik Falkenburg,NAC Breda
2218936,84,Jeffrey Sarpong,Divine Naah,NAC Breda
2218936,67,Lesly de Sa,Jules Reimerink,Go Ahead Eagles
2218936,68,Jeffrey Rijsdijk,Alex Schalk,Go Ahead Eagles
2218936,85,Lars Lambooij,Sjoerd Overgoor,Go Ahead Eagles
2218950,61,Mart Dijkstra,Marlon Pereira,SC Cambuur
2218950,68,Mikhail Rosheuvel,Daniël de Ridder,SC Cambuur
2218950,37,Mark van der Maarel,Chris Kum,FC Utrecht
2218950,67,Kristoffer Peterson,Danny Verbeek,FC Utrecht
2218950,76,Gévero Markiet,Jeff Hardeveld,FC Utrecht
2218940,56,Daryl van Mieghem,Adil Auassar,SBV Excelsior
2218940,71,Ninos Gouriye,Jordan Botaka,SBV Excelsior
2218940,83,Kevin Vermeulen,Jurgen Mattheij,SBV Excelsior
2218940,67,Ben Sahar,Jerson Cabral,Willem II
2218940,88,Charlton Vicento,Terell Ondaan,Willem II
2218940,89,Robert Braber,Robbie Haemhouts,Willem II
2218948,64,Aleksandr Yakovenko,Gianni Zuiverloon,ADO Den Haag
2218948,77,Mathias Gehrt,Wilson Eduardo,ADO Den Haag
2218948,66,Iliass Bel Hassani,Denni Avdić,Heracles Almelo
2218948,83,Fahd Aktaou,Mark-Jan Fledderus,Heracles Almelo
2218948,87,Jaroslav Navratil,Brahim Darri,Heracles Almelo
2218942,73,Younes Namli,Sam Larsson,Sc Heerenveen
2218942,75,Henk Veerman,Marten de Roon,Sc Heerenveen
2218942,80,Jerry St. Juste,Mark Uth,Sc Heerenveen
2218942,51,Mike van der Hoorn,Nicolai Boilesen,Ajax Amsterdam
2218942,72,Queensy Menig,Lucas Andersen,Ajax Amsterdam
2218942,81,Richairo Živković,Arkadiusz Milik,Ajax Amsterdam
2218944,83,Adam Maher,Jorrit Hendrix,PSV Eindhoven
2218944,67,Jarchinio Antonia,Mimoun Mahi,FC Groningen
2218944,77,Juninho Bacuna,Nick van der Velden,FC Groningen
2218944,86,Dino Islamović,Maikel Kieftenbeld,FC Groningen
2218938,47,Andwélé Slory,Jordy van Deelen,FC Dordrecht
2218938,55,Anthony Biekman,Mart Lieder,FC Dordrecht
2218938,79,Adnan Ališić,Sean Klaiber,FC Dordrecht
2218938,63,Bilal Başaçıkoğlu,Jens Toornstra,Feyenoord Rotterdam
2218938,79,Anass Achahbar,Mitchell te Vrede,Feyenoord Rotterdam
2218956,64,Rubio Rubin,Kristoffer Peterson,FC Utrecht
2218956,64,Danny Verbeek,Mark Diemers,FC Utrecht
2218956,66,Kai Heerings,Ramon Leeuwin,FC Utrecht
2218956,81,Mats Seuntjens,Jeffrey Sarpong,NAC Breda
2218956,85,Gill Swerts,Demy de Zeeuw,NAC Breda
2218956,89,Felitciano Zschusschen,Erik Falkenburg,NAC Breda
2218958,46,Lesly de Sa,Wesley Verhoek,Go Ahead Eagles
2218958,66,Peter van Ooijen,Sjoerd Overgoor,Go Ahead Eagles
2218958,84,Uroš Đurđević,Denys Oliynyk,Vitesse
2218958,84,Renato Ibarra,Bertrand Traoré,Vitesse
2218958,85,Arnold Kruiswijk,Rochdi Achenteh,Vitesse
2218952,58,Wiljan Pluim,Ali Messaoud,Willem II
2218952,67,Bruno Andrade,Terell Ondaan,Willem II
2218952,86,Robert Braber,Samuel Armenteros,Willem II
2218952,46,Adnan Ališić,Robin Gosens,FC Dordrecht
2218952,64,Andwélé Slory,Fernando Lewis,FC Dordrecht
2218952,71,Anthony Biekman,Matthew Steenvoorden,FC Dordrecht
2218954,46,Bryan Linssen,Brahim Darri,Heracles Almelo
2218954,63,Iliass Bel Hassani,Thomas Bruns,Heracles Almelo
2218954,80,Jaroslav Navratil,Simon Cziommer,Heracles Almelo
2218954,89,Henk Veerman,Mark Uth,Sc Heerenveen
2218954,90,Morten Thorsby,Younes Namli,Sc Heerenveen
2218960,58,Dabney dos Santos,Muamer Tanković,AZ Alkmaar
2218960,70,Guus Hupperts,Aron Jóhannsson,AZ Alkmaar
2218960,78,Viktor Elm,Thom Haye,AZ Alkmaar
2218960,51,Harm Zeinstra,Leonard Nienhuis,SC Cambuur
2218960,63,Mart Dijkstra,Wout Droste,SC Cambuur
2218964,31,Stef Nijland,Ryan Thomas,PEC Zwolle
2218964,87,Eli Babalj,Jesper Drost,PEC Zwolle
2218964,46,Khalid Karami,Daan Bovenberg,SBV Excelsior
2218964,67,Adil Auassar,Luigi Bruins,SBV Excelsior
2218964,82,Toni Varela,Rick Kruys,SBV Excelsior
2218966,40,Nick van der Velden,Albert Rusnák,FC Groningen
2218966,70,Juninho Bacuna,Simon Tibbling,FC Groningen
2218966,63,Torgeir Børven,Hidde ter Avest,Twente Enschede
2218966,79,Shadrach Eghan,Jesús Corona,Twente Enschede
2218966,84,Dico Koppers,Kyle Ebecilio,Twente Enschede
2218968,46,Jean-Paul Boëtius,Jens Toornstra,Feyenoord Rotterdam
2218968,72,Colin Kâzım-Richards,Anass Achahbar,Feyenoord Rotterdam
2218968,89,Khalid Boulahrouz,Rick Karsdorp,Feyenoord Rotterdam
2218968,66,Jürgen Locadia,Luciano Narsingh,PSV Eindhoven
2218968,82,Rai Vloet,Adam Maher,PSV Eindhoven
2218962,46,Jaïro Riedewald,Nick Viergever,Ajax Amsterdam
2218962,55,Anwar el Ghazi,Ricardo Kishna,Ajax Amsterdam
2218962,76,Arkadiusz Milik,Lucas Andersen,Ajax Amsterdam
2218962,46,Xander Houtkoop,Wilson Eduardo,ADO Den Haag
2218962,80,Kevin Jansen,Aleksandr Yakovenko,ADO Den Haag
2218962,86,Gervane Kastaneer,Dion Malone,ADO Den Haag
2219002,68,Uroš Đurđević,Denys Oliynyk,Vitesse
2219002,68,Renato Ibarra,Valeri Qazaishvili,Vitesse
2219002,90,Josh McEachran,Marko Vejinović,Vitesse
2219002,73,Nick van der Velden,Albert Rusnák,FC Groningen
2219002,82,Juninho Bacuna,Danny Hoesen,FC Groningen
2219002,85,Yoëll van Nieff,Mimoun Mahi,FC Groningen
2219004,67,Tomáš Necid,Stef Nijland,PEC Zwolle
2219004,67,Ryan Thomas,Jody Lukoki,PEC Zwolle
2219004,85,Soufian Moro,Mustafa Saymak,PEC Zwolle
2219004,61,Bruno Andrade,Ben Sahar,Willem II
2219004,75,Freek Heerkens,Dries Wuytens,Willem II
2219004,81,Robert Braber,Terell Ondaan,Willem II
2218990,81,Henk Veerman,Joey van den Berg,Sc Heerenveen
2218990,87,Guyon Fernandez,Adnane Tighadouini,NAC Breda
2218990,88,Hakim Borahsasar,Jeffrey Sarpong,NAC Breda
2218990,90,Uroš Matić,Demy de Zeeuw,NAC Breda
2218988,78,Noel Goossens,Everon Pisas,FC Dordrecht
2218988,84,Rick ten Voorde,Anthony Biekman,FC Dordrecht
2218988,46,Thomas Bruns,Simon Cziommer,Heracles Almelo
2218988,64,Iliass Bel Hassani,Jeroen Veldmate,Heracles Almelo
2219000,62,Jelle van der Heyden,Youness Mokhtar,Twente Enschede
2219000,63,Bilal Ould-Chikh,Shadrach Eghan,Twente Enschede
2219000,76,Felipe Gutiérrez,Kyle Ebecilio,Twente Enschede
2219000,81,Jürgen Locadia,Memphis Depay,PSV Eindhoven
2219000,81,Jorrit Hendrix,Andrés Guardado,PSV Eindhoven
2219000,85,Oscar Hiljemark,Adam Maher,PSV Eindhoven
2218994,60,Aron Jóhannsson,Robert Mühren,AZ Alkmaar
2218994,60,Muamer Tanković,Thom Haye,AZ Alkmaar
2218994,75,Ridgeciano Haps,Simon Poulsen,AZ Alkmaar
2218994,64,Jens Toornstra,Lex Immers,Feyenoord Rotterdam
2218994,75,Jean-Paul Boëtius,Elvis Manu,Feyenoord Rotterdam
2218994,80,Tonny Vilhena,Jordy Clasie,Feyenoord Rotterdam
2218998,25,Tommy Oar,Édouard Duplan,FC Utrecht
2218998,64,Rubio Rubin,Kristoffer Peterson,FC Utrecht
2218998,80,Gévero Markiet,Willem Janssen,FC Utrecht
2218998,72,Jaïro Riedewald,Riechedly Bazoer,Ajax Amsterdam
2218998,72,Richairo Živković,Kolbeinn Sigþórsson,Ajax Amsterdam
2218998,88,Ricardo Kishna,Lasse Schöne,Ajax Amsterdam
2218992,72,Daryl van Mieghem,Ninos Gouriye,SBV Excelsior
2218992,87,Kevin Vermeulen,Jeff Stans,SBV Excelsior
2218992,72,Wilson Eduardo,Aleksandr Yakovenko,ADO Den Haag
2218992,74,Danny Bakker,Gianni Zuiverloon,ADO Den Haag
2218992,87,Gervane Kastaneer,Mike van Duinen,ADO Den Haag
2218996,64,Sebastian Steblecki,Erik Bakker,SC Cambuur
2218996,78,Calvin Mac-Intosch,Mart Dijkstra,SC Cambuur
2218996,82,Martijn Barto,Mikhail Rosheuvel,SC Cambuur
2218996,13,Peter van Ooijen,Jeffrey Rijsdijk,Go Ahead Eagles
2218996,70,Glynor Plet,Marnix Kolder,Go Ahead Eagles
2218996,87,Mawouna Amevor,Sander Duits,Go Ahead Eagles
2218798,69,Jorrit Hendrix,Adam Maher,PSV Eindhoven
2218798,90,Nicolas Isimat-Mirin,Luciano Narsingh,PSV Eindhoven
2218798,68,Ryan Thomas,Mustafa Saymak,PEC Zwolle
2218798,70,Joost Broerse,Maikel van der Werff,PEC Zwolle
2218798,78,Stef Nijland,Bart van Hintum,PEC Zwolle
2218804,79,Jordan Botaka,Ninos Gouriye,SBV Excelsior
2218804,79,Kevin Vermeulen,Adil Auassar,SBV Excelsior
2218804,86,Carlo de Reuver,Sander Fischer,SBV Excelsior
2218804,78,Denys Oliynyk,Zakaria Labyad,Vitesse
2218794,74,Henk Veerman,Joost van Aken,Sc Heerenveen
2218794,84,Kenneth Otigba,Mark Uth,Sc Heerenveen
2218794,89,Younes Namli,Sam Larsson,Sc Heerenveen
2218794,67,Ridgeciano Haps,Aron Jóhannsson,AZ Alkmaar
2218794,73,Muamer Tanković,Dabney dos Santos,AZ Alkmaar
2218806,84,Guyon Fernandez,Jeffrey Sarpong,NAC Breda
2218806,86,Hakim Borahsasar,Divine Naah,NAC Breda
2218806,90,Felitciano Zschusschen,Mats Seuntjens,NAC Breda
2218806,46,Marvin Peersman,Josimar Lima,FC Dordrecht
2218806,46,Ricky van Haaren,Robin Gosens,FC Dordrecht
2218806,63,Everon Pisas,Fernando Lewis,FC Dordrecht
2218790,60,Iliass Bel Hassani,Denni Avdić,Heracles Almelo
2218790,71,Joey Pelupessy,Simon Cziommer,Heracles Almelo
2218790,83,Jaroslav Navratil,Brahim Darri,Heracles Almelo
2218790,71,Thulani Serero,Daley Sinkgraven,Ajax Amsterdam
2218790,77,Lucas Andersen,Ricardo Kishna,Ajax Amsterdam
2218790,89,Jaïro Riedewald,Riechedly Bazoer,Ajax Amsterdam
2218796,61,Bruno Andrade,Ben Sahar,Willem II
2218796,73,Charlton Vicento,Terell Ondaan,Willem II
2218796,83,Robert Braber,Samuel Armenteros,Willem II
2218796,67,Jean-Paul Boëtius,Anass Achahbar,Feyenoord Rotterdam
2218796,78,Jens Toornstra,Terence Kongolo,Feyenoord Rotterdam
2218792,62,Glynor Plet,Peter van Ooijen,Go Ahead Eagles
2218792,78,Jules Reimerink,Wesley Verhoek,Go Ahead Eagles
2218792,81,Mawouna Amevor,Bart Vriends,Go Ahead Eagles
2218792,59,Felipe Gutiérrez,Hakim Ziyech,Twente Enschede
2218792,70,Luc Castaignos,Bilal Ould-Chikh,Twente Enschede
2218792,90,Kyle Ebecilio,Torgeir Børven,Twente Enschede
2218802,53,Hans Hateboer,Lorenzo Burnet,FC Groningen
2218802,56,Nick van der Velden,Michael de Leeuw,FC Groningen
2218802,90,Juninho Bacuna,Mimoun Mahi,FC Groningen
2218802,46,Daniël de Ridder,Erik Bakker,SC Cambuur
2218802,46,Calvin Mac-Intosch,Wout Droste,SC Cambuur
2218802,80,Marlon Pereira,Mart Dijkstra,SC Cambuur
2218800,71,Wilson Eduardo,Mike van Duinen,ADO Den Haag
2218800,85,Gervane Kastaneer,Aleksandr Yakovenko,ADO Den Haag
2218800,89,Hector Hevel,Danny Bakker,ADO Den Haag
2218800,62,Danny Verbeek,Kristoffer Peterson,FC Utrecht
2218800,62,Kai Heerings,Gévero Markiet,FC Utrecht
2218800,83,Issa Kallon,Yassin Ayoub,FC Utrecht
2218836,56,Daniël de Ridder,Mikhail Rosheuvel,SC Cambuur
2218836,67,Sebastian Steblecki,Wout Droste,SC Cambuur
2218836,80,Martijn Barto,Erik Bakker,SC Cambuur
2218836,70,Jordan Botaka,Ninos Gouriye,SBV Excelsior
2218836,77,Kevin Vermeulen,Rick Kruys,SBV Excelsior
2218836,82,Kevin van Diermen,Kevin Vermeulen,SBV Excelsior
2218834,46,Guus Hupperts,Dabney dos Santos,AZ Alkmaar
2218834,85,Thom Haye,Steven Berghuis,AZ Alkmaar
2218834,68,Mike van Duinen,Roland Alberg,ADO Den Haag
2218834,76,Gervane Kastaneer,Dion Malone,ADO Den Haag
2218834,84,Kevin Jansen,Thomas Kristensen,ADO Den Haag
2218826,46,Denys Oliynyk,Zakaria Labyad,Vitesse
2218826,70,Uroš Đurđević,Renato Ibarra,Vitesse
2218826,78,Marvelous Nakamba,Marko Vejinović,Vitesse
2218826,53,Rick ten Voorde,Anthony Biekman,FC Dordrecht
2218826,57,Ibrahima Touré,Sean Klaiber,FC Dordrecht
2218842,36,Abel Tamata,Joshua Brenet,PSV Eindhoven
2218842,78,Jorrit Hendrix,Adam Maher,PSV Eindhoven
2218842,90,Jürgen Locadia,Luciano Narsingh,PSV Eindhoven
2218842,57,Henk Veerman,Mark Uth,Sc Heerenveen
2218842,63,Janio Bikel,Kenneth Otigba,Sc Heerenveen
2218842,86,Younes Namli,Simon Thern,Sc Heerenveen
2218838,53,Dries Wuytens,Jordens Peters,Willem II
2218838,58,Wiljan Pluim,Terell Ondaan,Willem II
2218838,71,Robert Braber,Robbie Haemhouts,Willem II
2218838,58,Juninho Bacuna,Mimoun Mahi,FC Groningen
2218838,69,Nick van der Velden,Michael de Leeuw,FC Groningen
2218838,80,Martijn van der Laan,Jarchinio Antonia,FC Groningen
2218832,46,Jean-Paul Boëtius,Anass Achahbar,Feyenoord Rotterdam
2218832,46,Tonny Vilhena,Jens Toornstra,Feyenoord Rotterdam
2218832,80,Mitchell te Vrede,Terence Kongolo,Feyenoord Rotterdam
2218832,27,Jules Reimerink,Wesley Verhoek,Go Ahead Eagles
2218832,77,Sander Duits,Peter van Ooijen,Go Ahead Eagles
2218832,90,Marnix Kolder,Glynor Plet,Go Ahead Eagles
2218828,64,Viktor Fischer,Kolbeinn Sigþórsson,Ajax Amsterdam
2218828,72,Thulani Serero,Riechedly Bazoer,Ajax Amsterdam
2218828,79,Ricardo Kishna,Daley Sinkgraven,Ajax Amsterdam
2218828,78,Guyon Fernandez,Mats Seuntjens,NAC Breda
2218828,87,Felitciano Zschusschen,Adnane Tighadouini,NAC Breda
2218828,90,Gill Swerts,Divine Naah,NAC Breda
2218830,62,Iliass Bel Hassani,Brahim Darri,Heracles Almelo
2218830,73,Simon Cziommer,Thomas Bruns,Heracles Almelo
2218830,90,Jaroslav Navratil,Denni Avdić,Heracles Almelo
2218830,46,Jesper Drost,Tomáš Necid,PEC Zwolle
2218830,62,Maikel van der Werff,Thomas Lam,PEC Zwolle
2218840,46,Danny Verbeek,Yassin Ayoub,FC Utrecht
2218840,72,Sofyan Amrabat,Bart Ramselaar,FC Utrecht
2218840,90,Chris Kum,Kai Heerings,FC Utrecht
2218840,66,Felipe Gutiérrez,Youness Mokhtar,Twente Enschede
2218840,78,Shadrach Eghan,Joachim Andersen,Twente Enschede
2218840,83,Torgeir Børven,Jesús Corona,Twente Enschede
2218844,73,Gervane Kastaneer,Mike van Duinen,ADO Den Haag
2218844,90,Mitchell de Vlugt,Roland Alberg,ADO Den Haag
2218844,63,Josh McEachran,Marko Vejinović,Vitesse
2218844,63,Marvelous Nakamba,Valeri Qazaishvili,Vitesse
2218844,79,Wallace,Kevin Diks,Vitesse
2218850,69,Henk Veerman,Simon Thern,Sc Heerenveen
2218850,79,Lerin Duarte,Luciano Slagveer,Sc Heerenveen
2218850,83,Younes Namli,Sam Larsson,Sc Heerenveen
2218850,46,Ben Sahar,Terell Ondaan,Willem II
2218850,69,Freek Heerkens,Robbie Haemhouts,Willem II
2218850,71,Wiljan Pluim,Jordens Peters,Willem II
2218846,32,Guyon Fernandez,Joeri de Kamps,NAC Breda
2218846,73,Hakim Borahsasar,Jeffrey Sarpong,NAC Breda
2218846,73,Felitciano Zschusschen,Dirk Marcellis,NAC Breda
2218846,37,Iliass Bel Hassani,Thomas Bruns,Heracles Almelo
2218846,67,Jaroslav Navratil,Brahim Darri,Heracles Almelo
2218852,62,Marnix Kolder,Peter van Ooijen,Go Ahead Eagles
2218852,67,Jules Reimerink,Wesley Verhoek,Go Ahead Eagles
2218852,79,Lars Lambooij,Lesly de Sa,Go Ahead Eagles
2218852,69,Chris Kum,Yannick Cortie,FC Utrecht
2218852,71,Danny Verbeek,Bart Ramselaar,FC Utrecht
2218852,83,Rodney Antwi,Rubio Rubin,FC Utrecht
2218854,62,Toni Varela,Ninos Gouriye,SBV Excelsior
2218854,69,Jordan Botaka,Daryl van Mieghem,SBV Excelsior
2218854,56,Jürgen Locadia,Luciano Narsingh,PSV Eindhoven
2218854,76,Jeffrey Bruma,Adam Maher,PSV Eindhoven
2218854,89,Stijn Schaars,Luuk de Jong,PSV Eindhoven
2218848,75,Ibrahima Touré,Sean Klaiber,FC Dordrecht
2218848,80,Noel Goossens,Everon Pisas,FC Dordrecht
2218848,80,Marvin Peersman,Robin Gosens,FC Dordrecht
2218848,30,Lucas Bijker,Calvin Mac-Intosch,SC Cambuur
2218848,57,Martijn Barto,Sander van de Streek,SC Cambuur
2218848,70,Daniël de Ridder,Mikhail Rosheuvel,SC Cambuur
2218858,46,Hans Hateboer,Lorenzo Burnet,FC Groningen
2218858,61,Jarchinio Antonia,Albert Rusnák,FC Groningen
2218858,83,Juninho Bacuna,Mimoun Mahi,FC Groningen
2218858,64,Jean-Paul Boëtius,Elvis Manu,Feyenoord Rotterdam
2218858,64,Khalid Boulahrouz,Joris Mathijsen,Feyenoord Rotterdam
2218858,83,Anass Achahbar,Colin Kâzım-Richards,Feyenoord Rotterdam
2218860,46,Ryan Thomas,Sheraldo Becker,PEC Zwolle
2218860,46,Maikel van der Werff,Thomas Lam,PEC Zwolle
2218860,74,Wout Brama,Mustafa Saymak,PEC Zwolle
2218860,46,Lasse Schöne,Lucas Andersen,Ajax Amsterdam
2218860,62,Kolbeinn Sigþórsson,Viktor Fischer,Ajax Amsterdam
2218860,80,Mike van der Hoorn,Riechedly Bazoer,Ajax Amsterdam
2218856,29,Cuco Martina,Joachim Andersen,Twente Enschede
2218856,62,Shadrach Eghan,Felipe Gutiérrez,Twente Enschede
2218856,82,Torgeir Børven,Luc Castaignos,Twente Enschede
2218856,73,Derrick Luckassen,Aron Jóhannsson,AZ Alkmaar
2218856,82,Guus Hupperts,Steven Berghuis,AZ Alkmaar
2218856,88,Thom Haye,Dabney dos Santos,AZ Alkmaar
2218916,73,Danny Verbeek,Bart Ramselaar,FC Utrecht
2218916,81,Kristoffer Peterson,Mark Diemers,FC Utrecht
2218916,46,Jordan Botaka,Kevin van Diermen,SBV Excelsior
2218916,68,Cedric Badjeck,Rick Kruys,SBV Excelsior
2218916,76,Daryl van Mieghem,Ninos Gouriye,SBV Excelsior
2218918,68,Frenkie de Jong,Terell Ondaan,Willem II
2218918,81,Ben Sahar,Samuel Armenteros,Willem II
2218918,86,Tim Cornelisse,Frank van der Struijk,Willem II
2218918,66,Gervane Kastaneer,Mike van Duinen,ADO Den Haag
2218918,74,Aleksandr Yakovenko,Thomas Kristensen,ADO Den Haag
2218918,80,Wilson Eduardo,Kevin Jansen,ADO Den Haag
2218920,17,Glynor Plet,Marnix Kolder,Go Ahead Eagles
2218920,71,Jules Reimerink,Lesly de Sa,Go Ahead Eagles
2218920,86,Mawouna Amevor,Sjoerd Overgoor,Go Ahead Eagles
2218920,31,Henk Veerman,Mark Uth,Sc Heerenveen
2218920,57,Lerin Duarte,Younes Namli,Sc Heerenveen
2218920,79,Janio Bikel,Marten de Roon,Sc Heerenveen
2218922,46,Muamer Tanković,Dabney dos Santos,AZ Alkmaar
2218922,64,Guus Hupperts,Thom Haye,AZ Alkmaar
2218922,72,Robert Mühren,Celso Ortíz,AZ Alkmaar
2218922,47,Guyon Fernandez,Mats Seuntjens,NAC Breda
2218922,74,Joey Suk,Divine Naah,NAC Breda
2218922,89,Felitciano Zschusschen,Dirk Marcellis,NAC Breda
2218924,68,Lasse Schöne,Daley Sinkgraven,Ajax Amsterdam
2218924,69,Kolbeinn Sigþórsson,Viktor Fischer,Ajax Amsterdam
2218924,79,Lucas Andersen,Anwar el Ghazi,Ajax Amsterdam
2218924,46,Calvin Mac-Intosch,Lucas Bijker,SC Cambuur
2218924,69,Erik Bakker,Daniël de Ridder,SC Cambuur
2218924,79,Martijn Barto,Mohamed el Makrini,SC Cambuur
2218926,40,Shadrach Eghan,Luc Castaignos,Twente Enschede
2218926,75,Dico Koppers,Hidde ter Avest,Twente Enschede
2218926,81,Ryo Miyaichi,Youness Mokhtar,Twente Enschede
2218926,53,Noel Goossens,Giovanni Korte,FC Dordrecht
2218926,63,Robin Gosens,Jeffry Fortes,FC Dordrecht
2218926,69,Ricky van Haaren,Anthony Biekman,FC Dordrecht
2218928,66,Nick van der Velden,Albert Rusnák,FC Groningen
2218928,72,Martijn van der Laan,Lorenzo Burnet,FC Groningen
2218928,76,Juninho Bacuna,Tjaronn Chery,FC Groningen
2218928,46,Mustafa Saymak,Jesper Drost,PEC Zwolle
2218928,46,Sheraldo Becker,Jody Lukoki,PEC Zwolle
2218928,73,Tomáš Necid,Stef Nijland,PEC Zwolle
2218932,79,Steven Bergwijn,Jürgen Locadia,PSV Eindhoven
2218932,86,Rai Vloet,Memphis Depay,PSV Eindhoven
2218932,90,Suently Alberto,Abel Tamata,PSV Eindhoven
2218932,58,Jaroslav Navratil,Brahim Darri,Heracles Almelo
2218932,71,Iliass Bel Hassani,Thomas Bruns,Heracles Almelo
2218932,86,Daan Rienstra,Denni Avdić,Heracles Almelo
2218930,63,Elvis Manu,Jean-Paul Boëtius,Feyenoord Rotterdam
2218930,68,Anass Achahbar,Miquel Nelom,Feyenoord Rotterdam
2218930,82,Tonny Vilhena,Karim El Ahmadi,Feyenoord Rotterdam
2218930,74,Wallace,Renato Ibarra,Vitesse
2218930,76,Marvelous Nakamba,Valeri Qazaishvili,Vitesse
2218930,89,Arnold Kruiswijk,Josh McEachran,Vitesse
2218898,63,Simon Cziommer,Thomas Bruns,Heracles Almelo
2218898,72,Bart Schenkeveld,Ramon Zomer,Heracles Almelo
2218898,81,Brahim Darri,Bryan Linssen,Heracles Almelo
2218898,46,Jules Reimerink,Wesley Verhoek,Go Ahead Eagles
2218898,72,Alex Schalk,Lesly de Sa,Go Ahead Eagles
2218898,77,Sander Duits,Peter van Ooijen,Go Ahead Eagles
2218900,18,Sean Klaiber,Everon Pisas,FC Dordrecht
2218900,75,Adnan Ališić,Ibrahima Touré,FC Dordrecht
2218900,90,Quincy Boogers,Giovanni Korte,FC Dordrecht
2218900,60,Thulani Serero,Daley Sinkgraven,Ajax Amsterdam
2218900,60,Arkadiusz Milik,Viktor Fischer,Ajax Amsterdam
2218900,75,Lucas Andersen,Ricardo Kishna,Ajax Amsterdam
2218902,68,Tomáš Necid,Stef Nijland,PEC Zwolle
2218902,73,Sheraldo Becker,Ryan Thomas,PEC Zwolle
2218902,76,Joost Broerse,Trent Sainsbury,PEC Zwolle
2218902,54,Anass Achahbar,Joris Mathijsen,Feyenoord Rotterdam
2218902,63,Elvis Manu,Jens Toornstra,Feyenoord Rotterdam
2218902,73,Terence Kongolo,Colin Kâzım-Richards,Feyenoord Rotterdam
2218904,67,Lerin Duarte,Marten de Roon,Sc Heerenveen
2218904,80,Younes Namli,Simon Thern,Sc Heerenveen
2218904,70,Orlando Engelaar,Kyle Ebecilio,Twente Enschede
2218904,70,Luc Castaignos,Shadrach Eghan,Twente Enschede
2218904,85,Robbert Schilder,Dico Koppers,Twente Enschede
2218906,61,Timothy Derijck,Tyronne Ebuehi,ADO Den Haag
2218906,70,Wilson Eduardo,Roland Alberg,ADO Den Haag
2218906,81,Kevin Jansen,Aleksandr Yakovenko,ADO Den Haag
2218906,46,Stijn Schaars,Andrés Guardado,PSV Eindhoven
2218906,65,Rai Vloet,Adam Maher,PSV Eindhoven
2218906,83,Jürgen Locadia,Memphis Depay,PSV Eindhoven
2218908,60,Marvelous Nakamba,Rochdi Achenteh,Vitesse
2218908,60,Arnold Kruiswijk,Kevin Diks,Vitesse
2218908,78,Wallace,Renato Ibarra,Vitesse
2218908,63,Giovanni Troupée,Jelle de Lange,FC Utrecht
2218908,73,Danny Verbeek,Bart Ramselaar,FC Utrecht
2218908,87,Darren Rosheuvel,Mark Diemers,FC Utrecht
2218910,46,Mikhail Rosheuvel,Furdjel Narsingh,SC Cambuur
2218910,56,Martijn Barto,Sander van de Streek,SC Cambuur
2218910,83,Michiel Hemmen,Marlon Pereira,SC Cambuur
2218910,25,Ben Sahar,Terell Ondaan,Willem II
2218910,69,Freek Heerkens,Dries Wuytens,Willem II
2218910,84,Robert Braber,Wiljan Pluim,Willem II
2218912,58,Daan Bovenberg,Khalid Karami,SBV Excelsior
2218912,64,Cedric Badjeck,Daryl van Mieghem,SBV Excelsior
2218912,85,Carlo de Reuver,Tom van Weert,SBV Excelsior
2218912,67,Guus Hupperts,Dabney dos Santos,AZ Alkmaar
2218912,76,Stijn Spierings,Thom Haye,AZ Alkmaar
2218912,85,Robert Mühren,Steven Berghuis,AZ Alkmaar
2218914,38,Mats Seuntjens,Jeffrey Sarpong,NAC Breda
2218914,46,Joey Suk,Demy de Zeeuw,NAC Breda
2218914,62,Gill Swerts,Joeri de Kamps,NAC Breda
2218914,46,Jarchinio Antonia,Mimoun Mahi,FC Groningen
2218914,72,Danny Hoesen,Albert Rusnák,FC Groningen
