GameID,League,Season,Date,HomeTeam,AwayTeam,Result
1763308,Eredivisie,2013-2014,02.08.2013,Ajax Amsterdam,Roda JC Kerkrade,3:0
1763309,Eredivisie,2013-2014,03.08.2013,ADO Den Haag,PSV Eindhoven,2:3
1763310,Eredivisie,2013-2014,03.08.2013,NEC Nijmegen,FC Groningen,1:4
1763311,Eredivisie,2013-2014,03.08.2013,Twente Enschede,RKC Waalwijk,0:0
1763312,Eredivisie,2013-2014,03.08.2013,Sc Heerenveen,AZ Alkmaar,4:2
1763313,Eredivisie,2013-2014,04.08.2013,SC Cambuur,NAC Breda,0:0
1763314,Eredivisie,2013-2014,04.08.2013,FC Utrecht,Go Ahead Eagles,1:1
1763315,Eredivisie,2013-2014,04.08.2013,Vitesse,Heracles Almelo,3:1
1763316,Eredivisie,2013-2014,04.08.2013,PEC Zwolle,Feyenoord Rotterdam,2:1
1763317,Eredivisie,2013-2014,09.08.2013,Roda JC Kerkrade,SC Cambuur,2:0
1763318,Eredivisie,2013-2014,10.08.2013,Heracles Almelo,PEC Zwolle,1:3
1763319,Eredivisie,2013-2014,10.08.2013,NAC Breda,Sc Heerenveen,0:2
1763320,Eredivisie,2013-2014,10.08.2013,Go Ahead Eagles,ADO Den Haag,2:1
1763321,Eredivisie,2013-2014,10.08.2013,PSV Eindhoven,NEC Nijmegen,5:0
1763322,Eredivisie,2013-2014,11.08.2013,Feyenoord Rotterdam,Twente Enschede,1:4
1763323,Eredivisie,2013-2014,11.08.2013,AZ Alkmaar,Ajax Amsterdam,3:2
1763324,Eredivisie,2013-2014,11.08.2013,FC Groningen,FC Utrecht,2:0
1763325,Eredivisie,2013-2014,11.08.2013,RKC Waalwijk,Vitesse,4:2
1763326,Eredivisie,2013-2014,17.08.2013,PSV Eindhoven,Go Ahead Eagles,3:0
1763330,Eredivisie,2013-2014,17.08.2013,SC Cambuur,FC Groningen,4:1
1763327,Eredivisie,2013-2014,17.08.2013,RKC Waalwijk,AZ Alkmaar,1:2
1763328,Eredivisie,2013-2014,17.08.2013,NEC Nijmegen,PEC Zwolle,1:5
1763329,Eredivisie,2013-2014,17.08.2013,Roda JC Kerkrade,Vitesse,1:1
1763331,Eredivisie,2013-2014,18.08.2013,Ajax Amsterdam,Feyenoord Rotterdam,2:1
1763332,Eredivisie,2013-2014,18.08.2013,Sc Heerenveen,Heracles Almelo,2:4
1763333,Eredivisie,2013-2014,18.08.2013,NAC Breda,ADO Den Haag,1:2
1763334,Eredivisie,2013-2014,18.08.2013,Twente Enschede,FC Utrecht,6:0
1763335,Eredivisie,2013-2014,23.08.2013,Sc Heerenveen,Ajax Amsterdam,3:3
1763336,Eredivisie,2013-2014,24.08.2013,NEC Nijmegen,RKC Waalwijk,2:2
1763337,Eredivisie,2013-2014,24.08.2013,Heracles Almelo,PSV Eindhoven,1:1
1763338,Eredivisie,2013-2014,24.08.2013,ADO Den Haag,Roda JC Kerkrade,0:4
1763339,Eredivisie,2013-2014,24.08.2013,PEC Zwolle,SC Cambuur,2:0
1763340,Eredivisie,2013-2014,25.08.2013,Go Ahead Eagles,FC Groningen,3:3
1763341,Eredivisie,2013-2014,25.08.2013,Feyenoord Rotterdam,NAC Breda,3:1
1763342,Eredivisie,2013-2014,25.08.2013,Vitesse,Twente Enschede,1:0
1763343,Eredivisie,2013-2014,25.08.2013,FC Utrecht,AZ Alkmaar,2:0
1763344,Eredivisie,2013-2014,30.08.2013,NAC Breda,NEC Nijmegen,1:1
1763345,Eredivisie,2013-2014,31.08.2013,Twente Enschede,Sc Heerenveen,1:1
1763347,Eredivisie,2013-2014,31.08.2013,Heracles Almelo,ADO Den Haag,1:0
1763348,Eredivisie,2013-2014,31.08.2013,RKC Waalwijk,Go Ahead Eagles,1:4
1763346,Eredivisie,2013-2014,31.08.2013,PSV Eindhoven,SC Cambuur,0:0
1763349,Eredivisie,2013-2014,01.09.2013,FC Groningen,Ajax Amsterdam,1:1
1763351,Eredivisie,2013-2014,01.09.2013,PEC Zwolle,FC Utrecht,1:1
1763350,Eredivisie,2013-2014,01.09.2013,AZ Alkmaar,Vitesse,1:1
1763352,Eredivisie,2013-2014,01.09.2013,Feyenoord Rotterdam,Roda JC Kerkrade,4:0
1763353,Eredivisie,2013-2014,14.09.2013,Ajax Amsterdam,PEC Zwolle,2:1
1763354,Eredivisie,2013-2014,14.09.2013,SC Cambuur,Heracles Almelo,2:0
1763357,Eredivisie,2013-2014,14.09.2013,Twente Enschede,PSV Eindhoven,2:2
1763358,Eredivisie,2013-2014,15.09.2013,NEC Nijmegen,Feyenoord Rotterdam,3:3
1763355,Eredivisie,2013-2014,15.09.2013,Roda JC Kerkrade,NAC Breda,1:5
1763360,Eredivisie,2013-2014,15.09.2013,AZ Alkmaar,Go Ahead Eagles,3:0
1763361,Eredivisie,2013-2014,15.09.2013,Sc Heerenveen,FC Groningen,4:2
1763359,Eredivisie,2013-2014,15.09.2013,FC Utrecht,RKC Waalwijk,2:1
1763356,Eredivisie,2013-2014,02.10.2013,ADO Den Haag,Vitesse,2:1
1763362,Eredivisie,2013-2014,20.09.2013,Go Ahead Eagles,SC Cambuur,0:0
1763363,Eredivisie,2013-2014,21.09.2013,Heracles Almelo,Twente Enschede,0:3
1763364,Eredivisie,2013-2014,21.09.2013,FC Groningen,RKC Waalwijk,4:1
1763365,Eredivisie,2013-2014,21.09.2013,ADO Den Haag,NEC Nijmegen,1:1
1763366,Eredivisie,2013-2014,21.09.2013,Roda JC Kerkrade,Sc Heerenveen,3:3
1763367,Eredivisie,2013-2014,22.09.2013,Vitesse,PEC Zwolle,3:0
1763368,Eredivisie,2013-2014,22.09.2013,Feyenoord Rotterdam,FC Utrecht,1:0
1763369,Eredivisie,2013-2014,22.09.2013,NAC Breda,AZ Alkmaar,3:0
1763370,Eredivisie,2013-2014,22.09.2013,PSV Eindhoven,Ajax Amsterdam,4:0
1763371,Eredivisie,2013-2014,28.09.2013,AZ Alkmaar,PSV Eindhoven,2:1
1763373,Eredivisie,2013-2014,28.09.2013,RKC Waalwijk,Heracles Almelo,1:4
1763372,Eredivisie,2013-2014,28.09.2013,FC Utrecht,Roda JC Kerkrade,3:3
1763374,Eredivisie,2013-2014,28.09.2013,PEC Zwolle,NAC Breda,0:0
1763375,Eredivisie,2013-2014,28.09.2013,Ajax Amsterdam,Go Ahead Eagles,6:0
1763376,Eredivisie,2013-2014,29.09.2013,NEC Nijmegen,Vitesse,2:3
1763377,Eredivisie,2013-2014,29.09.2013,Sc Heerenveen,SC Cambuur,2:1
1763378,Eredivisie,2013-2014,29.09.2013,Feyenoord Rotterdam,ADO Den Haag,4:2
1763379,Eredivisie,2013-2014,29.09.2013,Twente Enschede,FC Groningen,5:0
1763380,Eredivisie,2013-2014,04.10.2013,SC Cambuur,Twente Enschede,0:1
1763382,Eredivisie,2013-2014,05.10.2013,Roda JC Kerkrade,PEC Zwolle,0:0
1763383,Eredivisie,2013-2014,05.10.2013,Go Ahead Eagles,NEC Nijmegen,4:3
1763384,Eredivisie,2013-2014,05.10.2013,NAC Breda,Heracles Almelo,2:1
1763385,Eredivisie,2013-2014,06.10.2013,Ajax Amsterdam,FC Utrecht,3:0
1763386,Eredivisie,2013-2014,06.10.2013,Vitesse,Feyenoord Rotterdam,1:2
1763387,Eredivisie,2013-2014,06.10.2013,FC Groningen,AZ Alkmaar,2:1
1763388,Eredivisie,2013-2014,06.10.2013,PSV Eindhoven,RKC Waalwijk,2:1
1763381,Eredivisie,2013-2014,04.12.2013,ADO Den Haag,Sc Heerenveen,1:1
1763389,Eredivisie,2013-2014,19.10.2013,Go Ahead Eagles,Feyenoord Rotterdam,2:2
1763390,Eredivisie,2013-2014,19.10.2013,RKC Waalwijk,Roda JC Kerkrade,1:2
1763391,Eredivisie,2013-2014,19.10.2013,FC Utrecht,NAC Breda,4:2
1763393,Eredivisie,2013-2014,19.10.2013,Twente Enschede,Ajax Amsterdam,1:1
1763396,Eredivisie,2013-2014,19.10.2013,Sc Heerenveen,Vitesse,2:3
1763394,Eredivisie,2013-2014,20.10.2013,Heracles Almelo,NEC Nijmegen,1:1
1763392,Eredivisie,2013-2014,20.10.2013,FC Groningen,PSV Eindhoven,1:0
1763395,Eredivisie,2013-2014,20.10.2013,PEC Zwolle,ADO Den Haag,6:1
1763397,Eredivisie,2013-2014,20.10.2013,AZ Alkmaar,SC Cambuur,3:1
1763398,Eredivisie,2013-2014,25.10.2013,NEC Nijmegen,Sc Heerenveen,2:1
1763399,Eredivisie,2013-2014,26.10.2013,ADO Den Haag,Twente Enschede,3:2
1763400,Eredivisie,2013-2014,26.10.2013,SC Cambuur,FC Utrecht,3:1
1763401,Eredivisie,2013-2014,26.10.2013,NAC Breda,Go Ahead Eagles,5:0
1763402,Eredivisie,2013-2014,26.10.2013,Ajax Amsterdam,RKC Waalwijk,0:0
1763403,Eredivisie,2013-2014,27.10.2013,Roda JC Kerkrade,PSV Eindhoven,2:1
1763404,Eredivisie,2013-2014,27.10.2013,Feyenoord Rotterdam,Heracles Almelo,1:2
1763405,Eredivisie,2013-2014,27.10.2013,PEC Zwolle,AZ Alkmaar,0:2
1763406,Eredivisie,2013-2014,27.10.2013,Vitesse,FC Groningen,2:2
1763407,Eredivisie,2013-2014,01.11.2013,RKC Waalwijk,NAC Breda,3:0
1763408,Eredivisie,2013-2014,02.11.2013,Ajax Amsterdam,Vitesse,0:1
1763409,Eredivisie,2013-2014,02.11.2013,AZ Alkmaar,ADO Den Haag,2:0
1763410,Eredivisie,2013-2014,02.11.2013,Twente Enschede,NEC Nijmegen,2:2
1763411,Eredivisie,2013-2014,02.11.2013,PSV Eindhoven,PEC Zwolle,1:1
1763412,Eredivisie,2013-2014,03.11.2013,FC Groningen,Roda JC Kerkrade,3:3
1763413,Eredivisie,2013-2014,03.11.2013,SC Cambuur,Feyenoord Rotterdam,0:2
1763415,Eredivisie,2013-2014,03.11.2013,FC Utrecht,Sc Heerenveen,2:0
1763414,Eredivisie,2013-2014,04.12.2013,Go Ahead Eagles,Heracles Almelo,1:1
1763416,Eredivisie,2013-2014,08.11.2013,Sc Heerenveen,RKC Waalwijk,5:2
1763417,Eredivisie,2013-2014,09.11.2013,Roda JC Kerkrade,Go Ahead Eagles,1:4
1763418,Eredivisie,2013-2014,09.11.2013,Heracles Almelo,FC Groningen,0:3
1763422,Eredivisie,2013-2014,09.11.2013,Vitesse,FC Utrecht,3:1
1763420,Eredivisie,2013-2014,09.11.2013,ADO Den Haag,SC Cambuur,3:0
1763421,Eredivisie,2013-2014,10.11.2013,PEC Zwolle,Twente Enschede,1:1
1763419,Eredivisie,2013-2014,10.11.2013,NAC Breda,PSV Eindhoven,2:1
1763423,Eredivisie,2013-2014,10.11.2013,NEC Nijmegen,Ajax Amsterdam,0:3
1763424,Eredivisie,2013-2014,10.11.2013,Feyenoord Rotterdam,AZ Alkmaar,2:2
1763425,Eredivisie,2013-2014,23.11.2013,PSV Eindhoven,Sc Heerenveen,1:1
1763426,Eredivisie,2013-2014,23.11.2013,SC Cambuur,NEC Nijmegen,2:1
1763427,Eredivisie,2013-2014,23.11.2013,AZ Alkmaar,Roda JC Kerkrade,2:2
1763429,Eredivisie,2013-2014,23.11.2013,Ajax Amsterdam,Heracles Almelo,3:0
1763430,Eredivisie,2013-2014,24.11.2013,RKC Waalwijk,Feyenoord Rotterdam,1:0
1763431,Eredivisie,2013-2014,24.11.2013,FC Utrecht,ADO Den Haag,3:0
1763428,Eredivisie,2013-2014,24.11.2013,Go Ahead Eagles,Vitesse,0:3
1763433,Eredivisie,2013-2014,24.11.2013,FC Groningen,PEC Zwolle,0:0
1763432,Eredivisie,2013-2014,24.11.2013,Twente Enschede,NAC Breda,5:2
1763434,Eredivisie,2013-2014,29.11.2013,Roda JC Kerkrade,Twente Enschede,1:2
1763435,Eredivisie,2013-2014,30.11.2013,PEC Zwolle,RKC Waalwijk,1:1
1763436,Eredivisie,2013-2014,30.11.2013,Sc Heerenveen,Go Ahead Eagles,3:1
1763437,Eredivisie,2013-2014,30.11.2013,NAC Breda,FC Groningen,2:2
1763442,Eredivisie,2013-2014,30.11.2013,Heracles Almelo,FC Utrecht,1:2
1763439,Eredivisie,2013-2014,01.12.2013,ADO Den Haag,Ajax Amsterdam,0:4
1763440,Eredivisie,2013-2014,01.12.2013,Feyenoord Rotterdam,PSV Eindhoven,3:1
1763441,Eredivisie,2013-2014,01.12.2013,Vitesse,SC Cambuur,3:0
1763438,Eredivisie,2013-2014,01.12.2013,NEC Nijmegen,AZ Alkmaar,3:2
1763443,Eredivisie,2013-2014,06.12.2013,FC Utrecht,NEC Nijmegen,2:0
1763444,Eredivisie,2013-2014,07.12.2013,Ajax Amsterdam,NAC Breda,4:0
1763445,Eredivisie,2013-2014,07.12.2013,AZ Alkmaar,Twente Enschede,1:2
1763446,Eredivisie,2013-2014,07.12.2013,RKC Waalwijk,SC Cambuur,2:2
1763447,Eredivisie,2013-2014,07.12.2013,PSV Eindhoven,Vitesse,2:6
1763448,Eredivisie,2013-2014,08.12.2013,Sc Heerenveen,Feyenoord Rotterdam,1:2
1763449,Eredivisie,2013-2014,08.12.2013,Go Ahead Eagles,PEC Zwolle,4:1
1763450,Eredivisie,2013-2014,08.12.2013,FC Groningen,ADO Den Haag,1:2
1763451,Eredivisie,2013-2014,08.12.2013,Roda JC Kerkrade,Heracles Almelo,1:3
1763452,Eredivisie,2013-2014,13.12.2013,PEC Zwolle,Sc Heerenveen,1:2
1763453,Eredivisie,2013-2014,14.12.2013,NEC Nijmegen,Roda JC Kerkrade,4:3
1763455,Eredivisie,2013-2014,14.12.2013,ADO Den Haag,RKC Waalwijk,1:2
1763456,Eredivisie,2013-2014,14.12.2013,Twente Enschede,Go Ahead Eagles,3:1
1763457,Eredivisie,2013-2014,15.12.2013,SC Cambuur,Ajax Amsterdam,1:2
1763454,Eredivisie,2013-2014,15.12.2013,Vitesse,NAC Breda,3:2
1763458,Eredivisie,2013-2014,15.12.2013,Feyenoord Rotterdam,FC Groningen,1:0
1763459,Eredivisie,2013-2014,15.12.2013,Heracles Almelo,AZ Alkmaar,2:0
1763460,Eredivisie,2013-2014,15.12.2013,FC Utrecht,PSV Eindhoven,1:5
1763461,Eredivisie,2013-2014,20.12.2013,RKC Waalwijk,Twente Enschede,1:1
1763462,Eredivisie,2013-2014,21.12.2013,AZ Alkmaar,Sc Heerenveen,1:5
1763464,Eredivisie,2013-2014,21.12.2013,Heracles Almelo,Vitesse,2:2
1763467,Eredivisie,2013-2014,21.12.2013,NAC Breda,SC Cambuur,1:0
1763465,Eredivisie,2013-2014,21.12.2013,Feyenoord Rotterdam,PEC Zwolle,3:0
1763466,Eredivisie,2013-2014,22.12.2013,Roda JC Kerkrade,Ajax Amsterdam,1:2
1763463,Eredivisie,2013-2014,22.12.2013,FC Groningen,NEC Nijmegen,5:2
1763468,Eredivisie,2013-2014,22.12.2013,Go Ahead Eagles,FC Utrecht,2:1
1763469,Eredivisie,2013-2014,22.12.2013,PSV Eindhoven,ADO Den Haag,2:0
1763470,Eredivisie,2013-2014,17.01.2014,Twente Enschede,Heracles Almelo,3:1
1763471,Eredivisie,2013-2014,18.01.2014,AZ Alkmaar,NAC Breda,3:0
1763472,Eredivisie,2013-2014,18.01.2014,RKC Waalwijk,FC Groningen,1:1
1763473,Eredivisie,2013-2014,18.01.2014,PEC Zwolle,Vitesse,1:2
1763474,Eredivisie,2013-2014,18.01.2014,Sc Heerenveen,Roda JC Kerkrade,2:2
1763475,Eredivisie,2013-2014,19.01.2014,NEC Nijmegen,ADO Den Haag,3:1
1763476,Eredivisie,2013-2014,19.01.2014,SC Cambuur,Go Ahead Eagles,2:0
1763477,Eredivisie,2013-2014,19.01.2014,FC Utrecht,Feyenoord Rotterdam,2:5
1763478,Eredivisie,2013-2014,19.01.2014,Ajax Amsterdam,PSV Eindhoven,1:0
1763479,Eredivisie,2013-2014,24.01.2014,Heracles Almelo,RKC Waalwijk,2:1
1763480,Eredivisie,2013-2014,25.01.2014,ADO Den Haag,Feyenoord Rotterdam,3:2
1763481,Eredivisie,2013-2014,25.01.2014,NAC Breda,PEC Zwolle,1:2
1763482,Eredivisie,2013-2014,25.01.2014,Roda JC Kerkrade,FC Utrecht,1:0
1763483,Eredivisie,2013-2014,25.01.2014,PSV Eindhoven,AZ Alkmaar,1:0
1763484,Eredivisie,2013-2014,26.01.2014,SC Cambuur,Sc Heerenveen,3:1
1763485,Eredivisie,2013-2014,26.01.2014,Vitesse,NEC Nijmegen,1:1
1763487,Eredivisie,2013-2014,26.01.2014,Go Ahead Eagles,Ajax Amsterdam,0:1
1763486,Eredivisie,2013-2014,12.02.2014,FC Groningen,Twente Enschede,1:1
1763488,Eredivisie,2013-2014,31.01.2014,Feyenoord Rotterdam,Vitesse,1:1
1763489,Eredivisie,2013-2014,01.02.2014,Sc Heerenveen,ADO Den Haag,3:0
1763490,Eredivisie,2013-2014,01.02.2014,PEC Zwolle,Roda JC Kerkrade,3:1
1763491,Eredivisie,2013-2014,01.02.2014,Heracles Almelo,NAC Breda,1:2
1763492,Eredivisie,2013-2014,01.02.2014,AZ Alkmaar,FC Groningen,2:0
1763494,Eredivisie,2013-2014,02.02.2014,FC Utrecht,Ajax Amsterdam,1:1
1763493,Eredivisie,2013-2014,02.02.2014,Twente Enschede,SC Cambuur,3:1
1763495,Eredivisie,2013-2014,02.02.2014,NEC Nijmegen,Go Ahead Eagles,1:1
1763496,Eredivisie,2013-2014,02.02.2014,RKC Waalwijk,PSV Eindhoven,2:0
1763497,Eredivisie,2013-2014,04.02.2014,Roda JC Kerkrade,Feyenoord Rotterdam,1:2
1763498,Eredivisie,2013-2014,04.02.2014,ADO Den Haag,Heracles Almelo,0:3
1763499,Eredivisie,2013-2014,04.02.2014,Vitesse,AZ Alkmaar,0:2
1763500,Eredivisie,2013-2014,05.02.2014,SC Cambuur,PSV Eindhoven,1:2
1763501,Eredivisie,2013-2014,05.02.2014,Go Ahead Eagles,RKC Waalwijk,2:2
1763502,Eredivisie,2013-2014,05.02.2014,NEC Nijmegen,NAC Breda,1:1
1763503,Eredivisie,2013-2014,05.02.2014,Sc Heerenveen,Twente Enschede,0:2
1763504,Eredivisie,2013-2014,06.02.2014,FC Utrecht,PEC Zwolle,1:2
1763505,Eredivisie,2013-2014,06.02.2014,Ajax Amsterdam,FC Groningen,2:1
1763506,Eredivisie,2013-2014,07.02.2014,Vitesse,ADO Den Haag,0:0
1763507,Eredivisie,2013-2014,08.02.2014,PSV Eindhoven,Twente Enschede,3:2
1763508,Eredivisie,2013-2014,08.02.2014,NAC Breda,Roda JC Kerkrade,2:0
1763509,Eredivisie,2013-2014,08.02.2014,Go Ahead Eagles,AZ Alkmaar,2:1
1763510,Eredivisie,2013-2014,08.02.2014,Feyenoord Rotterdam,NEC Nijmegen,5:1
1763511,Eredivisie,2013-2014,09.02.2014,Heracles Almelo,SC Cambuur,1:1
1763512,Eredivisie,2013-2014,09.02.2014,PEC Zwolle,Ajax Amsterdam,1:1
1763513,Eredivisie,2013-2014,09.02.2014,RKC Waalwijk,FC Utrecht,5:2
1763514,Eredivisie,2013-2014,09.02.2014,FC Groningen,Sc Heerenveen,1:3
1763515,Eredivisie,2013-2014,14.02.2014,PSV Eindhoven,Heracles Almelo,2:1
1763516,Eredivisie,2013-2014,15.02.2014,Twente Enschede,Vitesse,2:0
1763517,Eredivisie,2013-2014,15.02.2014,RKC Waalwijk,NEC Nijmegen,1:3
1763518,Eredivisie,2013-2014,15.02.2014,Roda JC Kerkrade,ADO Den Haag,0:1
1763519,Eredivisie,2013-2014,15.02.2014,AZ Alkmaar,FC Utrecht,1:1
1763520,Eredivisie,2013-2014,16.02.2014,SC Cambuur,PEC Zwolle,3:1
1763521,Eredivisie,2013-2014,16.02.2014,NAC Breda,Feyenoord Rotterdam,1:1
1763522,Eredivisie,2013-2014,16.02.2014,FC Groningen,Go Ahead Eagles,1:0
1763523,Eredivisie,2013-2014,16.02.2014,Ajax Amsterdam,Sc Heerenveen,3:0
1763524,Eredivisie,2013-2014,21.02.2014,ADO Den Haag,Go Ahead Eagles,3:2
1763525,Eredivisie,2013-2014,22.02.2014,Sc Heerenveen,NAC Breda,0:0
1763526,Eredivisie,2013-2014,22.02.2014,SC Cambuur,Roda JC Kerkrade,1:0
1763527,Eredivisie,2013-2014,22.02.2014,PEC Zwolle,Heracles Almelo,1:1
1763528,Eredivisie,2013-2014,22.02.2014,NEC Nijmegen,PSV Eindhoven,0:2
1763529,Eredivisie,2013-2014,23.02.2014,FC Utrecht,FC Groningen,1:0
1763530,Eredivisie,2013-2014,23.02.2014,Ajax Amsterdam,AZ Alkmaar,4:0
1763531,Eredivisie,2013-2014,23.02.2014,Vitesse,RKC Waalwijk,3:1
1763532,Eredivisie,2013-2014,23.02.2014,Twente Enschede,Feyenoord Rotterdam,2:2
1763533,Eredivisie,2013-2014,28.02.2014,Heracles Almelo,Sc Heerenveen,1:2
1763534,Eredivisie,2013-2014,01.03.2014,PEC Zwolle,NEC Nijmegen,3:3
1763536,Eredivisie,2013-2014,01.03.2014,ADO Den Haag,NAC Breda,1:1
1763538,Eredivisie,2013-2014,01.03.2014,Go Ahead Eagles,PSV Eindhoven,2:3
1763537,Eredivisie,2013-2014,01.03.2014,Vitesse,Roda JC Kerkrade,3:0
1763541,Eredivisie,2013-2014,02.03.2014,FC Utrecht,Twente Enschede,1:1
1763539,Eredivisie,2013-2014,02.03.2014,Feyenoord Rotterdam,Ajax Amsterdam,1:2
1763540,Eredivisie,2013-2014,02.03.2014,FC Groningen,SC Cambuur,1:1
1763535,Eredivisie,2013-2014,02.03.2014,AZ Alkmaar,RKC Waalwijk,4:0
1763542,Eredivisie,2013-2014,08.03.2014,AZ Alkmaar,Heracles Almelo,4:0
1763545,Eredivisie,2013-2014,08.03.2014,Roda JC Kerkrade,NEC Nijmegen,3:1
1763543,Eredivisie,2013-2014,08.03.2014,Sc Heerenveen,PEC Zwolle,3:0
1763544,Eredivisie,2013-2014,08.03.2014,NAC Breda,Vitesse,1:2
1763546,Eredivisie,2013-2014,08.03.2014,PSV Eindhoven,FC Utrecht,1:0
1763547,Eredivisie,2013-2014,09.03.2014,RKC Waalwijk,ADO Den Haag,1:1
1763548,Eredivisie,2013-2014,09.03.2014,Go Ahead Eagles,Twente Enschede,1:0
1763549,Eredivisie,2013-2014,09.03.2014,FC Groningen,Feyenoord Rotterdam,0:2
1763550,Eredivisie,2013-2014,09.03.2014,Ajax Amsterdam,SC Cambuur,1:1
1763551,Eredivisie,2013-2014,14.03.2014,SC Cambuur,RKC Waalwijk,3:2
1763552,Eredivisie,2013-2014,15.03.2014,Vitesse,PSV Eindhoven,1:2
1763553,Eredivisie,2013-2014,15.03.2014,Heracles Almelo,Roda JC Kerkrade,2:1
1763554,Eredivisie,2013-2014,15.03.2014,ADO Den Haag,FC Groningen,2:1
1763556,Eredivisie,2013-2014,16.03.2014,Twente Enschede,AZ Alkmaar,2:1
1763557,Eredivisie,2013-2014,16.03.2014,PEC Zwolle,Go Ahead Eagles,2:0
1763558,Eredivisie,2013-2014,16.03.2014,NEC Nijmegen,FC Utrecht,2:2
1763559,Eredivisie,2013-2014,16.03.2014,Feyenoord Rotterdam,Sc Heerenveen,2:0
1763555,Eredivisie,2013-2014,16.03.2014,NAC Breda,Ajax Amsterdam,0:0
1763568,Eredivisie,2013-2014,22.03.2014,FC Groningen,Vitesse,3:1
1763563,Eredivisie,2013-2014,22.03.2014,Sc Heerenveen,NEC Nijmegen,2:2
1763562,Eredivisie,2013-2014,22.03.2014,PSV Eindhoven,Roda JC Kerkrade,3:1
1763560,Eredivisie,2013-2014,23.03.2014,AZ Alkmaar,PEC Zwolle,2:1
1763561,Eredivisie,2013-2014,02.04.2014,RKC Waalwijk,Ajax Amsterdam,0:2
1763564,Eredivisie,2013-2014,02.04.2014,Twente Enschede,ADO Den Haag,1:1
1763565,Eredivisie,2013-2014,02.04.2014,Go Ahead Eagles,NAC Breda,2:1
1763566,Eredivisie,2013-2014,02.04.2014,FC Utrecht,SC Cambuur,1:0
1763567,Eredivisie,2013-2014,02.04.2014,Heracles Almelo,Feyenoord Rotterdam,1:2
1763569,Eredivisie,2013-2014,28.03.2014,NAC Breda,FC Utrecht,2:2
1763570,Eredivisie,2013-2014,29.03.2014,Vitesse,Sc Heerenveen,2:2
1763572,Eredivisie,2013-2014,29.03.2014,NEC Nijmegen,Heracles Almelo,1:2
1763573,Eredivisie,2013-2014,29.03.2014,PSV Eindhoven,FC Groningen,2:3
1763574,Eredivisie,2013-2014,30.03.2014,Feyenoord Rotterdam,Go Ahead Eagles,5:0
1763571,Eredivisie,2013-2014,30.03.2014,SC Cambuur,AZ Alkmaar,0:0
1763575,Eredivisie,2013-2014,30.03.2014,Ajax Amsterdam,Twente Enschede,3:0
1763576,Eredivisie,2013-2014,30.03.2014,Roda JC Kerkrade,RKC Waalwijk,0:1
1763577,Eredivisie,2013-2014,30.03.2014,ADO Den Haag,PEC Zwolle,1:1
1763578,Eredivisie,2013-2014,04.04.2014,PEC Zwolle,FC Groningen,0:1
1763579,Eredivisie,2013-2014,05.04.2014,Sc Heerenveen,PSV Eindhoven,3:0
1763580,Eredivisie,2013-2014,05.04.2014,NAC Breda,Twente Enschede,0:2
1763581,Eredivisie,2013-2014,05.04.2014,NEC Nijmegen,SC Cambuur,1:1
1763582,Eredivisie,2013-2014,05.04.2014,Heracles Almelo,Go Ahead Eagles,1:2
1763583,Eredivisie,2013-2014,06.04.2014,ADO Den Haag,FC Utrecht,4:1
1763584,Eredivisie,2013-2014,06.04.2014,Feyenoord Rotterdam,RKC Waalwijk,2:0
1763585,Eredivisie,2013-2014,06.04.2014,Vitesse,Ajax Amsterdam,1:1
1763586,Eredivisie,2013-2014,06.04.2014,Roda JC Kerkrade,AZ Alkmaar,2:2
1763587,Eredivisie,2013-2014,11.04.2014,FC Groningen,NAC Breda,2:1
1763588,Eredivisie,2013-2014,12.04.2014,Go Ahead Eagles,Sc Heerenveen,0:2
1763589,Eredivisie,2013-2014,12.04.2014,SC Cambuur,Vitesse,4:3
1763591,Eredivisie,2013-2014,12.04.2014,Twente Enschede,Roda JC Kerkrade,3:0
1763590,Eredivisie,2013-2014,13.04.2014,AZ Alkmaar,NEC Nijmegen,1:1
1763593,Eredivisie,2013-2014,13.04.2014,FC Utrecht,Heracles Almelo,2:1
1763594,Eredivisie,2013-2014,13.04.2014,RKC Waalwijk,PEC Zwolle,1:1
1763592,Eredivisie,2013-2014,13.04.2014,Ajax Amsterdam,ADO Den Haag,3:2
1763595,Eredivisie,2013-2014,13.04.2014,PSV Eindhoven,Feyenoord Rotterdam,0:2
1763596,Eredivisie,2013-2014,27.04.2014,Sc Heerenveen,FC Utrecht,4:1
1763597,Eredivisie,2013-2014,27.04.2014,Feyenoord Rotterdam,SC Cambuur,5:1
1763598,Eredivisie,2013-2014,27.04.2014,NAC Breda,RKC Waalwijk,1:1
1763599,Eredivisie,2013-2014,27.04.2014,PEC Zwolle,PSV Eindhoven,1:2
1763600,Eredivisie,2013-2014,27.04.2014,Heracles Almelo,Ajax Amsterdam,1:1
1763601,Eredivisie,2013-2014,27.04.2014,Vitesse,Go Ahead Eagles,2:2
1763602,Eredivisie,2013-2014,27.04.2014,NEC Nijmegen,Twente Enschede,2:5
1763603,Eredivisie,2013-2014,27.04.2014,Roda JC Kerkrade,FC Groningen,1:2
1763604,Eredivisie,2013-2014,27.04.2014,ADO Den Haag,AZ Alkmaar,2:1
1763605,Eredivisie,2013-2014,03.05.2014,SC Cambuur,ADO Den Haag,1:2
1763606,Eredivisie,2013-2014,03.05.2014,FC Utrecht,Vitesse,2:1
1763607,Eredivisie,2013-2014,03.05.2014,AZ Alkmaar,Feyenoord Rotterdam,1:1
1763608,Eredivisie,2013-2014,03.05.2014,RKC Waalwijk,Sc Heerenveen,0:3
1763609,Eredivisie,2013-2014,03.05.2014,Go Ahead Eagles,Roda JC Kerkrade,0:1
1763610,Eredivisie,2013-2014,03.05.2014,Ajax Amsterdam,NEC Nijmegen,2:2
1763611,Eredivisie,2013-2014,03.05.2014,PSV Eindhoven,NAC Breda,2:0
1763612,Eredivisie,2013-2014,03.05.2014,FC Groningen,Heracles Almelo,3:1
1763613,Eredivisie,2013-2014,03.05.2014,Twente Enschede,PEC Zwolle,2:2
