GameID,Minute,Player,Team,Card
2401284,39,Thomas Bruns,Heracles Almelo,yellow
2401284,70,Oussama Tannane,Heracles Almelo,yellow
2401286,50,Rick Karsdorp,Feyenoord Rotterdam,red
2401286,86,Tonny Vilhena,Feyenoord Rotterdam,yellow
2401286,90,Miquel Nelom,Feyenoord Rotterdam,yellow
2401286,59,Yassin Ayoub,FC Utrecht,yellow
2401286,80,Yannick Cortie,FC Utrecht,yellow
2401287,66,Joris van Overeem,AZ Alkmaar,yellow
2401287,33,Anwar el Ghazi,Ajax Amsterdam,yellow
2401287,69,Davy Klaassen,Ajax Amsterdam,yellow
2401287,90,Jaïro Riedewald,Ajax Amsterdam,yellow
2401290,9,Jordens Peters,Willem II,yellow
2401290,61,Lesly de Sa,Willem II,yellow
2401290,38,Kelvin Leerdam,Vitesse,yellow
2401290,90,Denys Oliynyk,Vitesse,red
2401285,45,Ruben Schaken,ADO Den Haag,yellow
2401285,70,Aaron Meijers,ADO Den Haag,yellow
2401285,86,Vito Wormgoor,ADO Den Haag,yellow
2401285,90,Thomas Kristensen,ADO Den Haag,yellow
2401285,24,Santiago Arias,PSV Eindhoven,yellow
2401285,40,Maxime Lestienne,PSV Eindhoven,yellow
2401283,50,Ben Rienstra,PEC Zwolle,yellow
2401283,90,Bram van Polen,PEC Zwolle,yellow
2401283,90,Valmir Berisha,SC Cambuur,yellow
2401288,13,Khalid Karami,SBV Excelsior,yellow
2401288,51,Rick Kruys,SBV Excelsior,yellow
2401291,41,Anco Jansen,Roda JC Kerkrade,yellow
2401291,45,Ard van Peppen,Roda JC Kerkrade,red
2401291,45,Henk Dijkhuizen,Roda JC Kerkrade,yellow
2401292,49,Robin Pröpper,De Graafschap,yellow
2401292,81,Nathan Kabasele,De Graafschap,yellow
2401292,90,Thomas Lam,PEC Zwolle,yellow
2401294,55,Alessio Da Cruz,Twente Enschede,yellow
2401294,34,Dion Malone,ADO Den Haag,yellow
2401295,23,Sander Fischer,SBV Excelsior,yellow
2401295,48,Brandley Kuwas,SBV Excelsior,yellow
2401295,53,Adil Auassar,SBV Excelsior,yellow
2401296,45,Andrés Guardado,PSV Eindhoven,yellow
2401296,20,Bryan Linssen,FC Groningen,yellow
2401296,43,Johan Kappelhof,FC Groningen,yellow
2401296,45,Albert Rusnák,FC Groningen,yellow
2401296,52,Lorenzo Burnet,FC Groningen,yellow
2401296,62,Simon Tibbling,FC Groningen,yellow
2401297,85,Bartholomew Ogbeche,SC Cambuur,yellow
2401297,57,Jan-Arie van der Heijden,Feyenoord Rotterdam,yellow
2401297,80,Dirk Kuyt,Feyenoord Rotterdam,yellow
2401298,53,Chris Kum,FC Utrecht,yellow
2401298,90,Willem Janssen,FC Utrecht,yellow
2401298,40,Lucas Bijker,Sc Heerenveen,yellow
2401298,55,Jerry St. Juste,Sc Heerenveen,yellow
2401299,51,Oussama Tannane,Heracles Almelo,yellow
2401299,55,Marcel Appiah,NEC Nijmegen,red
2401299,78,Todd Kane,NEC Nijmegen,yellow
2401300,69,Kevin van Diermen,SBV Excelsior,yellow
2401301,33,Rostyn Griffiths,Roda JC Kerkrade,yellow
2401301,70,Kristopher Vida,De Graafschap,yellow
2401302,54,Davy Pröpper,PSV Eindhoven,yellow
2401304,13,Martijn van der Laan,SC Cambuur,yellow
2401304,20,Marvin Peersman,SC Cambuur,yellow
2401304,28,Calvin Mac-Intosch,SC Cambuur,yellow
2401304,45,Mark-Jan Fledderus,Heracles Almelo,yellow
2401304,47,Ramon Zomer,Heracles Almelo,yellow
2401304,90,Robin Gosens,Heracles Almelo,yellow
2401303,35,Todd Kane,NEC Nijmegen,yellow
2401303,79,Daley Sinkgraven,Ajax Amsterdam,yellow
2401306,13,Frank van der Struijk,Willem II,yellow
2401306,43,Dries Wuytens,Willem II,yellow
2401306,62,Funso Ojo,Willem II,yellow
2401306,65,Nick van der Velden,Willem II,yellow
2401307,54,Ruben Schaken,ADO Den Haag,yellow
2401307,90,Édouard Duplan,ADO Den Haag,yellow
2401307,3,Timo Letschert,FC Utrecht,yellow
2401307,51,Louis Nganioni,FC Utrecht,yellow
2401308,23,Dirk Kuyt,Feyenoord Rotterdam,yellow
2401308,60,Karim El Ahmadi,Feyenoord Rotterdam,yellow
2401308,28,Lewis Baker,Vitesse,yellow
2401309,76,Funso Ojo,Willem II,yellow
2401309,86,Frank van der Struijk,Willem II,yellow
2401309,59,Christian Santos,NEC Nijmegen,yellow
2401310,76,Sean Klaiber,FC Utrecht,yellow
2401310,80,Jesper Drost,FC Groningen,yellow
2401310,90,Jarchinio Antonia,FC Groningen,yellow
2401311,29,Rick Dekker,PEC Zwolle,yellow
2401312,29,Kristopher Vida,De Graafschap,yellow
2401312,78,Tim Linthorst,De Graafschap,yellow
2401313,44,Mike te Wierik,Heracles Almelo,yellow
2401313,74,Giorgios Katsikas,Twente Enschede,yellow
2401314,34,Roland Alberg,ADO Den Haag,yellow
2401314,83,Tom Beugelsdijk,ADO Den Haag,yellow
2401315,20,Ard van Peppen,Roda JC Kerkrade,yellow
2401315,58,Henk Dijkhuizen,Roda JC Kerkrade,yellow
2401315,79,Edwin Gyasi,Roda JC Kerkrade,yellow
2401315,89,Jens van Son,Roda JC Kerkrade,yellow
2401316,8,Kevin Diks,Vitesse,yellow
2401316,79,Arnold Kruiswijk,Vitesse,yellow
2401316,2,Calvin Mac-Intosch,SC Cambuur,yellow
2401316,66,Kai Heerings,SC Cambuur,yellow
2401316,80,Marvin Peersman,SC Cambuur,yellow
2401317,21,Santiago Arias,PSV Eindhoven,yellow
2401317,85,Jorrit Hendrix,PSV Eindhoven,yellow
2401317,80,Eljero Elia,Feyenoord Rotterdam,yellow
2401317,86,Karim El Ahmadi,Feyenoord Rotterdam,yellow
2401318,56,Robin Pröpper,De Graafschap,yellow
2401319,34,Jens van Son,Roda JC Kerkrade,yellow
2401319,90,Henk Dijkhuizen,Roda JC Kerkrade,yellow
2401320,16,Chinedu Ede,Twente Enschede,yellow
2401320,62,Kamohelo Mokotjo,Twente Enschede,yellow
2401320,71,Michael Olaitan,Twente Enschede,yellow
2401320,81,Joël Drommel,Twente Enschede,yellow
2401320,17,Nick Viergever,Ajax Amsterdam,yellow
2401320,51,Nemanja Gudelj,Ajax Amsterdam,yellow
2401320,59,Anwar el Ghazi,Ajax Amsterdam,yellow
2401321,8,Sander van de Streek,SC Cambuur,red
2401321,73,Wessel Dammers,SC Cambuur,yellow
2401322,38,Ryan Thomas,PEC Zwolle,yellow
2401322,83,Sander Fischer,SBV Excelsior,yellow-red
2401322,89,Tom van Weert,SBV Excelsior,yellow-red
2401323,57,Bryan Linssen,FC Groningen,yellow
2401323,19,Simon Thern,Sc Heerenveen,yellow
2401323,65,Pele van Anholt,Sc Heerenveen,yellow
2401323,66,Branco van den Boomen,Sc Heerenveen,yellow
2401324,57,Terence Kongolo,Feyenoord Rotterdam,yellow
2401324,69,Dico Koppers,Willem II,yellow
2401324,77,Frank van der Struijk,Willem II,yellow
2401325,41,Dion Malone,ADO Den Haag,yellow
2401325,65,Gianni Zuiverloon,ADO Den Haag,yellow
2401325,34,Iliass Bel Hassani,Heracles Almelo,yellow
2401325,40,Wout Droste,Heracles Almelo,yellow
2401325,56,Wout Weghorst,Heracles Almelo,yellow
2401325,84,Ramon Zomer,Heracles Almelo,yellow
2401326,90,Yassin Ayoub,FC Utrecht,yellow
2401327,66,Todd Kane,NEC Nijmegen,yellow
2401327,57,Pele van Anholt,Sc Heerenveen,yellow
2401327,70,Luciano Slagveer,Sc Heerenveen,yellow
2401328,24,Sjoerd Overgoor,SC Cambuur,yellow
2401328,64,Djavan Anderson,SC Cambuur,yellow
2401328,79,Bartholomew Ogbeche,SC Cambuur,yellow
2401328,79,Felipe Gutiérrez,Twente Enschede,yellow
2401329,26,Bram van Polen,PEC Zwolle,yellow
2401329,90,Boban Lazić,PEC Zwolle,yellow
2401329,90,Sheraldo Becker,PEC Zwolle,yellow
2401329,32,Roland Alberg,ADO Den Haag,yellow
2401329,90,Aaron Meijers,ADO Den Haag,yellow
2401330,28,Oussama Tannane,Heracles Almelo,yellow
2401330,73,Wout Weghorst,Heracles Almelo,yellow
2401330,12,Jorrit Hendrix,PSV Eindhoven,yellow
2401331,24,Nick van der Velden,Willem II,yellow
2401331,29,Stijn Wuytens,Willem II,yellow
2401331,41,Sébastien Haller,FC Utrecht,red
2401331,65,Louis Nganioni,FC Utrecht,yellow
2401331,88,Rico Strieder,FC Utrecht,yellow
2401332,66,Farshad Noor,Roda JC Kerkrade,yellow
2401332,87,Jens van Son,Roda JC Kerkrade,yellow
2401332,90,Tom Van Hyfte,Roda JC Kerkrade,yellow
2401332,26,Jan-Arie van der Heijden,Feyenoord Rotterdam,yellow
2401332,78,Jens Toornstra,Feyenoord Rotterdam,yellow
2401333,54,Jurgen Mattheij,SBV Excelsior,yellow
2401333,60,Nigel Hasselbaink,SBV Excelsior,yellow
2401333,58,Jaïro Riedewald,Ajax Amsterdam,yellow
2401334,81,Robin Pröpper,De Graafschap,yellow
2401335,48,Hans Hateboer,FC Groningen,yellow
2401335,16,Ridgeciano Haps,AZ Alkmaar,yellow
2401335,40,Rajko Brežančić,AZ Alkmaar,yellow
2401335,41,Jeffrey Gouweleeuw,AZ Alkmaar,yellow
2401336,70,Lucas Bijker,Sc Heerenveen,yellow
2401336,31,Marvelous Nakamba,Vitesse,yellow
2401337,65,Martijn Barto,SC Cambuur,yellow
2401337,78,Marlon Pereira,SC Cambuur,yellow
2401337,79,Harm Zeinstra,SC Cambuur,red
2401337,79,Sjoerd Overgoor,SC Cambuur,yellow
2401338,85,Juninho Bacuna,FC Groningen,yellow
2401339,54,Mattias Johansson,AZ Alkmaar,yellow
2401339,68,Ben Rienstra,AZ Alkmaar,yellow
2401339,82,Muamer Tanković,AZ Alkmaar,yellow
2401339,19,Ramon Zomer,Heracles Almelo,yellow
2401340,63,Santiago Arias,PSV Eindhoven,yellow
2401340,20,Marcel Ritzmaier,NEC Nijmegen,yellow
2401340,60,Lucas Woudenberg,NEC Nijmegen,yellow
2401341,64,Jan Lammers,De Graafschap,yellow
2401341,65,Alexander Bannink,De Graafschap,yellow-red
2401341,7,Funso Ojo,Willem II,yellow
2401342,21,Rick Karsdorp,Feyenoord Rotterdam,yellow
2401342,31,Sven van Beek,Feyenoord Rotterdam,yellow
2401342,70,Jan-Arie van der Heijden,Feyenoord Rotterdam,yellow
2401342,12,Bram van Polen,PEC Zwolle,yellow
2401342,19,Thomas Lam,PEC Zwolle,yellow
2401342,33,Wouter Marinus,PEC Zwolle,yellow
2401342,42,Lars Veldwijk,PEC Zwolle,yellow
2401343,43,Édouard Duplan,ADO Den Haag,yellow
2401343,77,Thomas Kristensen,ADO Den Haag,yellow
2401343,83,Gianni Zuiverloon,ADO Den Haag,yellow
2401343,87,Rick Kruys,SBV Excelsior,yellow
2401344,74,Tom Van Hyfte,Roda JC Kerkrade,yellow
2401345,26,Ramon Zomer,Heracles Almelo,yellow
2401345,38,Thomas Bruns,Heracles Almelo,yellow
2401345,76,Wout Droste,Heracles Almelo,yellow
2401345,64,Joey van den Berg,Sc Heerenveen,yellow
2401345,72,Pele van Anholt,Sc Heerenveen,yellow
2401345,85,Mitchell te Vrede,Sc Heerenveen,yellow
2401345,86,Kenneth Otigba,Sc Heerenveen,yellow
2401346,35,Christian Santos,NEC Nijmegen,yellow
2401347,87,Hicham Faik,Roda JC Kerkrade,yellow
2401347,53,Jack Byrne,SC Cambuur,yellow
2401348,23,Ouasim Bouy,PEC Zwolle,yellow
2401348,27,Thomas Lam,PEC Zwolle,yellow
2401348,90,Sheraldo Becker,PEC Zwolle,yellow
2401349,26,Rick Kruys,SBV Excelsior,yellow
2401349,73,Willem Janssen,FC Utrecht,yellow
2401349,78,Sean Klaiber,FC Utrecht,yellow
2401350,29,Youssef el Jebli,De Graafschap,yellow
2401350,79,Erik Quekel,De Graafschap,yellow
2401350,69,Tonny Vilhena,Feyenoord Rotterdam,yellow
2401350,74,Terence Kongolo,Feyenoord Rotterdam,yellow
2401351,51,Kenny Tete,Ajax Amsterdam,yellow
2401351,65,Joël Veltman,Ajax Amsterdam,yellow
2401351,88,Mitchell Dijks,Ajax Amsterdam,yellow
2401351,17,Jeffrey Bruma,PSV Eindhoven,yellow
2401351,29,Andrés Guardado,PSV Eindhoven,yellow
2401351,55,Jürgen Locadia,PSV Eindhoven,yellow
2401351,90,Gastón Pereiro,PSV Eindhoven,yellow
2401352,69,Bryan Linssen,FC Groningen,yellow
2401353,66,Ridgeciano Haps,AZ Alkmaar,yellow
2401353,90,Thom Haye,AZ Alkmaar,yellow
2401353,56,Jari Oosterwijk,Twente Enschede,yellow
2401354,21,Sander van de Streek,SC Cambuur,yellow
2401354,75,Marvin Peersman,SC Cambuur,yellow
2401354,85,Wessel Dammers,SC Cambuur,yellow-red
2401354,37,Muamer Tanković,AZ Alkmaar,yellow
2401354,53,Joris van Overeem,AZ Alkmaar,yellow
2401354,84,Derrick Luckassen,AZ Alkmaar,yellow
2401355,82,Simon Tibbling,FC Groningen,yellow
2401355,35,Lucas Andersen,Willem II,yellow
2401356,58,Joey Pelupessy,Heracles Almelo,yellow
2401356,62,Mike te Wierik,Heracles Almelo,yellow
2401356,69,Thomas Bruns,Heracles Almelo,yellow
2401356,74,Nemanja Gudelj,Ajax Amsterdam,yellow
2401356,79,Mitchell Dijks,Ajax Amsterdam,yellow
2401357,43,Rostyn Griffiths,Roda JC Kerkrade,yellow
2401357,70,Gibril Sankoh,Roda JC Kerkrade,yellow
2401357,72,Benjamin van Leer,Roda JC Kerkrade,yellow
2401358,43,Jürgen Locadia,PSV Eindhoven,yellow
2401358,43,Jeff Stans,SBV Excelsior,yellow
2401358,81,Bas Kuipers,SBV Excelsior,yellow
2401358,83,Nigel Hasselbaink,SBV Excelsior,yellow
2401359,89,Mohamed Rayhi,NEC Nijmegen,yellow
2401360,44,Jerry St. Juste,Sc Heerenveen,yellow
2401360,47,Joey van den Berg,Sc Heerenveen,yellow
2401360,62,Henk Veerman,Sc Heerenveen,yellow
2401360,65,Stefano Marzo,Sc Heerenveen,yellow
2401361,28,Édouard Duplan,ADO Den Haag,yellow
2401361,40,Mike Havenaar,ADO Den Haag,yellow
2401361,64,Bryan Smeets,De Graafschap,yellow
2401361,73,Nathaniël Will,De Graafschap,yellow
2401361,87,Tolgahan Çiçek,De Graafschap,yellow
2401362,20,Thomas Lam,PEC Zwolle,yellow
2401362,43,Ryan Thomas,PEC Zwolle,yellow
2401362,50,Ouasim Bouy,PEC Zwolle,red
2401362,82,Trent Sainsbury,PEC Zwolle,yellow
2401363,40,Bram van Polen,PEC Zwolle,yellow
2401363,89,Wout Brama,PEC Zwolle,yellow
2401363,90,Trent Sainsbury,PEC Zwolle,yellow
2401363,85,Mark van der Maarel,FC Utrecht,red
2401364,85,Dries Wuytens,Willem II,yellow
2401364,31,Joey van den Berg,Sc Heerenveen,yellow
2401364,69,Simon Thern,Sc Heerenveen,yellow
2401364,87,Caner Çavlan,Sc Heerenveen,yellow
2401364,87,Henk Veerman,Sc Heerenveen,yellow
2401365,41,Erik Quekel,De Graafschap,yellow
2401365,50,Tolgahan Çiçek,De Graafschap,yellow
2401365,55,Bart Straalman,De Graafschap,yellow
2401365,62,Nathaniël Will,De Graafschap,yellow
2401365,19,Iliass Bel Hassani,Heracles Almelo,yellow
2401365,54,Robin Gosens,Heracles Almelo,yellow
2401366,31,Felipe Gutiérrez,Twente Enschede,yellow
2401366,21,Joshua Brenet,PSV Eindhoven,yellow
2401366,40,Jeffrey Bruma,PSV Eindhoven,yellow
2401367,47,Ard van Peppen,Roda JC Kerkrade,yellow
2401367,82,Tom Van Hyfte,Roda JC Kerkrade,yellow
2401367,85,Tomi Jurić,Roda JC Kerkrade,yellow
2401367,56,Tom van Weert,SBV Excelsior,yellow
2401367,90,Nigel Hasselbaink,SBV Excelsior,yellow
2401367,90,Bas Kuipers,SBV Excelsior,yellow
2401367,90,Jurgen Mattheij,SBV Excelsior,yellow
2401368,57,Marvin Peersman,SC Cambuur,yellow
2401368,16,Kevin Jansen,ADO Den Haag,yellow
2401369,46,Marvelous Nakamba,Vitesse,yellow
2401369,61,Maikel van der Werff,Vitesse,yellow
2401369,70,Kelvin Leerdam,Vitesse,yellow
2401369,90,Renato Ibarra,Vitesse,yellow
2401369,1,Nemanja Gudelj,Ajax Amsterdam,yellow
2401369,39,Mitchell Dijks,Ajax Amsterdam,yellow
2401370,13,Rens van Eijden,NEC Nijmegen,yellow
2401370,21,Johan Kappelhof,FC Groningen,yellow
2401370,60,Etiënne Reijnen,FC Groningen,yellow
2401371,85,Terence Kongolo,Feyenoord Rotterdam,yellow
2401371,6,Markus Henriksen,AZ Alkmaar,yellow
2401371,76,Gino Coutinho,AZ Alkmaar,yellow
2401371,76,Jeffrey Gouweleeuw,AZ Alkmaar,yellow
2401371,78,Ridgeciano Haps,AZ Alkmaar,yellow
2401372,40,Joey Pelupessy,Heracles Almelo,yellow
2401372,80,Thomas Bruns,Heracles Almelo,yellow
2401372,90,Mike te Wierik,Heracles Almelo,yellow
2401372,66,Dico Koppers,Willem II,yellow
2401372,75,Robert Braber,Willem II,yellow
2401373,6,Lorenzo Burnet,FC Groningen,yellow
2401373,89,Jesper Drost,FC Groningen,yellow
2401373,80,Ryan Thomas,PEC Zwolle,yellow
2401374,32,Rostyn Griffiths,Roda JC Kerkrade,yellow
2401375,15,Sander Fischer,SBV Excelsior,yellow
2401375,44,Bas Kuipers,SBV Excelsior,yellow
2401375,71,Adil Auassar,SBV Excelsior,yellow
2401375,9,Maikel van der Werff,Vitesse,yellow
2401376,10,Jeroen Tesselaar,De Graafschap,yellow
2401376,37,Cas Peters,De Graafschap,yellow
2401376,54,Andrés Guardado,PSV Eindhoven,yellow
2401376,56,Luuk de Jong,PSV Eindhoven,yellow
2401377,60,Édouard Duplan,ADO Den Haag,yellow
2401377,75,Dion Malone,ADO Den Haag,yellow
2401377,82,Édouard Duplan,ADO Den Haag,red
2401377,53,Marko Vejinović,Feyenoord Rotterdam,yellow
2401377,66,Simon Gustafson,Feyenoord Rotterdam,yellow
2401377,72,Karim El Ahmadi,Feyenoord Rotterdam,yellow
2401377,86,Bilal Başaçıkoğlu,Feyenoord Rotterdam,yellow
2401378,58,Lucas Bijker,Sc Heerenveen,yellow
2401378,33,Djavan Anderson,SC Cambuur,yellow
2401379,67,Rico Strieder,FC Utrecht,yellow
2401380,70,Jeffrey Gouweleeuw,AZ Alkmaar,yellow
2401380,88,Jop van der Linden,AZ Alkmaar,yellow
2401381,57,Rostyn Griffiths,Roda JC Kerkrade,yellow
2401381,63,Tomi Jurić,Roda JC Kerkrade,red
2401381,80,Roland Alberg,ADO Den Haag,yellow
2401382,40,Hakim Ziyech,Twente Enschede,yellow
2401382,55,Jari Oosterwijk,Twente Enschede,yellow
2401382,14,Lucas Bijker,Sc Heerenveen,yellow
2401382,14,Erwin Mulder,Sc Heerenveen,yellow
2401382,22,Joey van den Berg,Sc Heerenveen,yellow
2401382,27,Kenneth Otigba,Sc Heerenveen,yellow
2401383,54,Nathaniël Will,De Graafschap,yellow
2401383,57,Robin Pröpper,De Graafschap,yellow
2401384,32,Funso Ojo,Willem II,yellow
2401384,65,Jordens Peters,Willem II,yellow
2401384,33,Daryl van Mieghem,SBV Excelsior,yellow
2401384,39,Tom van Weert,SBV Excelsior,yellow
2401385,45,Bram van Polen,PEC Zwolle,yellow
2401385,90,Ryan Thomas,PEC Zwolle,yellow
2401385,35,Thomas Bruns,Heracles Almelo,yellow
2401385,81,Robin Gosens,Heracles Almelo,yellow
2401385,87,Mark-Jan Fledderus,Heracles Almelo,yellow
2401386,16,Adam Maher,PSV Eindhoven,yellow
2401386,56,Santiago Arias,PSV Eindhoven,yellow
2401386,58,Kevin Conboy,FC Utrecht,yellow
2401387,58,Jack Byrne,SC Cambuur,yellow
2401387,73,Wessel Dammers,SC Cambuur,yellow
2401387,57,Sergio Padt,FC Groningen,yellow
2401387,71,Hans Hateboer,FC Groningen,yellow
2401387,79,Michael de Leeuw,FC Groningen,yellow
2401388,52,Eljero Elia,Feyenoord Rotterdam,yellow
2401388,57,Dirk Kuyt,Feyenoord Rotterdam,yellow
2401388,60,Rick Karsdorp,Feyenoord Rotterdam,yellow
2401388,64,Karim El Ahmadi,Feyenoord Rotterdam,yellow
2401388,37,Jaïro Riedewald,Ajax Amsterdam,yellow
2401388,52,Kenny Tete,Ajax Amsterdam,yellow
2401388,61,Joël Veltman,Ajax Amsterdam,yellow
2401388,63,Davy Klaassen,Ajax Amsterdam,yellow
2401388,90,Nemanja Gudelj,Ajax Amsterdam,yellow
2401389,42,Marvelous Nakamba,Vitesse,yellow-red
2401389,37,Vincent Janssen,AZ Alkmaar,yellow
2401390,48,Lucas Bijker,Sc Heerenveen,yellow
2401390,69,Erwin Mulder,Sc Heerenveen,yellow
2401391,45,Henk Dijkhuizen,Roda JC Kerkrade,yellow
2401391,51,Rostyn Griffiths,Roda JC Kerkrade,yellow
2401393,54,Davy Pröpper,PSV Eindhoven,yellow
2401393,84,Jeffrey Bruma,PSV Eindhoven,yellow
2401393,85,Gastón Pereiro,PSV Eindhoven,yellow
2401394,56,Andrew Driver,De Graafschap,yellow
2401394,83,Nathan Kabasele,De Graafschap,yellow
2401394,77,Kasper Larsen,FC Groningen,yellow
2401394,90,Sergio Padt,FC Groningen,yellow
2401395,40,Joey Pelupessy,Heracles Almelo,yellow
2401395,82,Robin Gosens,Heracles Almelo,yellow
2401395,19,Bas Kuipers,SBV Excelsior,yellow
2401395,44,Sander Fischer,SBV Excelsior,yellow
2401395,73,Jurgen Mattheij,SBV Excelsior,yellow
2401395,89,Daan Bovenberg,SBV Excelsior,yellow
2401396,67,Sven van Beek,Feyenoord Rotterdam,yellow
2401396,37,Kamohelo Mokotjo,Twente Enschede,yellow
2401396,75,Thomas Agyepong,Twente Enschede,yellow
2401396,75,Tim Hölscher,Twente Enschede,red
2401397,62,Marcel Ritzmaier,NEC Nijmegen,yellow
2401397,30,Sean Klaiber,FC Utrecht,yellow
2401397,60,Nacer Barazite,FC Utrecht,yellow
2401398,37,Danny Bakker,ADO Den Haag,yellow
2401398,72,Ruben Schaken,ADO Den Haag,yellow
2401399,59,Sebastian Steblecki,SC Cambuur,yellow
2401399,33,Jeroen Tesselaar,De Graafschap,yellow
2401399,84,Robin Pröpper,De Graafschap,yellow-red
2401400,76,Branco van den Boomen,Sc Heerenveen,yellow
2401400,32,Arjan Swinkels,Roda JC Kerkrade,yellow
2401400,70,Bart Biemans,Roda JC Kerkrade,yellow
2401400,82,Nathan Rutjes,Roda JC Kerkrade,yellow
2401401,36,Khalid Karami,SBV Excelsior,yellow
2401401,64,Rick Karsdorp,Feyenoord Rotterdam,yellow
2401402,68,Jelle van der Heyden,Twente Enschede,yellow
2401402,78,Hakim Ziyech,Twente Enschede,yellow
2401402,79,Peet Bijen,Twente Enschede,yellow
2401402,75,Jordens Peters,Willem II,yellow
2401402,77,Frank van der Struijk,Willem II,yellow
2401402,90,Funso Ojo,Willem II,yellow
2401403,67,Kelvin Leerdam,Vitesse,yellow
2401403,15,Anthony Limbombe,NEC Nijmegen,yellow
2401403,33,Christian Santos,NEC Nijmegen,yellow
2401403,90,Lucas Woudenberg,NEC Nijmegen,yellow
2401404,34,Dirk Marcellis,PEC Zwolle,yellow
2401404,78,Trent Sainsbury,PEC Zwolle,yellow
2401404,54,Jaïro Riedewald,Ajax Amsterdam,yellow
2401405,63,Hedwiges Maduro,FC Groningen,yellow
2401405,66,Albert Rusnák,FC Groningen,yellow
2401405,74,Etiënne Reijnen,FC Groningen,yellow
2401405,80,Johan Kappelhof,FC Groningen,yellow
2401405,75,Kevin Jansen,ADO Den Haag,yellow
2401405,87,Aaron Meijers,ADO Den Haag,yellow
2401405,90,Martin Hansen,ADO Den Haag,yellow
2401405,90,Timothy Derijck,ADO Den Haag,yellow
2401406,44,Kevin Conboy,FC Utrecht,yellow-red
2401406,90,Chris Kum,FC Utrecht,yellow
2401406,26,Oussama Tannane,Heracles Almelo,yellow
2401406,55,Wout Droste,Heracles Almelo,yellow
2401407,61,Luuk de Jong,PSV Eindhoven,yellow
2401407,62,Davy Pröpper,PSV Eindhoven,yellow
2401407,73,Steven Bergwijn,PSV Eindhoven,yellow
2401407,90,Jürgen Locadia,PSV Eindhoven,yellow
2401407,60,Derrick Luckassen,AZ Alkmaar,red
2401408,69,Rajko Brežančić,AZ Alkmaar,yellow
2401408,88,Mattias Johansson,AZ Alkmaar,yellow
2401408,83,Dion Malone,ADO Den Haag,yellow
2401408,87,Martin Hansen,ADO Den Haag,yellow
2401409,89,Kevin Vermeulen,SBV Excelsior,yellow
2401409,57,Jeroen van der Lely,Twente Enschede,yellow
2401410,30,Jeroen Tesselaar,De Graafschap,yellow
2401410,88,Nathan Kabasele,De Graafschap,yellow
2401410,9,Chris Kum,FC Utrecht,yellow
2401410,67,Mark van der Maarel,FC Utrecht,yellow-red
2401412,57,Kenneth Otigba,Sc Heerenveen,yellow
2401413,62,Guus Joppen,Willem II,yellow
2401413,79,Nick van der Velden,Willem II,yellow
2401413,86,Erik Falkenburg,Willem II,yellow
2401413,29,Jamiro Monteiro,SC Cambuur,yellow
2401413,66,Vytautas Andriuškevičius,SC Cambuur,yellow
2401414,57,Marko Vejinović,Feyenoord Rotterdam,yellow
2401414,60,Sven van Beek,Feyenoord Rotterdam,yellow
2401414,83,Michiel Kramer,Feyenoord Rotterdam,yellow
2401414,62,Mike te Wierik,Heracles Almelo,yellow
2401414,82,Ramon Zomer,Heracles Almelo,yellow
2401414,82,Ramon Zomer,Heracles Almelo,red
2401415,69,Rens van Eijden,NEC Nijmegen,yellow
2401415,89,Christian Santos,NEC Nijmegen,yellow
2401415,54,Bram van Polen,PEC Zwolle,yellow
2401415,90,Dirk Marcellis,PEC Zwolle,yellow
2401416,35,Tom Van Hyfte,Roda JC Kerkrade,yellow
2401416,90,Johan Kappelhof,FC Groningen,yellow
2401417,4,Joost van Aken,Sc Heerenveen,yellow
2401417,89,Morten Thorsby,Sc Heerenveen,yellow
2401421,23,Tom Beugelsdijk,ADO Den Haag,yellow
2401421,55,Dion Malone,ADO Den Haag,red
2401421,9,Jordens Peters,Willem II,yellow
2401421,60,Stijn Wuytens,Willem II,yellow
2401421,79,Guus Joppen,Willem II,yellow
2401421,80,Nick van der Velden,Willem II,yellow
2401419,38,Erik Bakker,SC Cambuur,yellow
2401419,52,Rens van Eijden,NEC Nijmegen,yellow
2401420,74,Ard van Peppen,Roda JC Kerkrade,yellow
2401420,86,Henk Dijkhuizen,Roda JC Kerkrade,yellow
2401418,29,Nick Marsman,Twente Enschede,red
2401418,81,Joachim Andersen,Twente Enschede,yellow
2401418,13,Andrew Driver,De Graafschap,yellow
2401418,26,Robin Pröpper,De Graafschap,yellow
2401418,77,Nathaniël Will,De Graafschap,yellow
2401422,84,Andreas Ludwig,FC Utrecht,yellow
2401422,85,Chris Kum,FC Utrecht,yellow
2401422,68,Arkadiusz Milik,Ajax Amsterdam,yellow
2401423,53,Trent Sainsbury,PEC Zwolle,yellow
2401423,63,Thomas Lam,PEC Zwolle,yellow
2401423,69,Pantelis Hatzidiakos,AZ Alkmaar,yellow
2401423,84,Alireza Jahanbakhsh,AZ Alkmaar,yellow
2401424,30,Michael de Leeuw,FC Groningen,yellow
2401424,67,Johan Kappelhof,FC Groningen,yellow
2401424,90,Albert Rusnák,FC Groningen,yellow
2401424,51,Terence Kongolo,Feyenoord Rotterdam,yellow
2401424,52,Jan-Arie van der Heijden,Feyenoord Rotterdam,red
2401425,28,Wout Weghorst,Heracles Almelo,yellow
2401425,32,Kevin Diks,Vitesse,yellow
2401425,34,Denys Oliynyk,Vitesse,yellow
2401425,42,Sheran Yeini,Vitesse,yellow
2401425,76,Lewis Baker,Vitesse,yellow
2401430,35,Mattias Johansson,AZ Alkmaar,yellow
2401429,55,Héctor Moreno,PSV Eindhoven,yellow
2401429,76,Joshua Brenet,PSV Eindhoven,yellow
2401429,24,Kingsley Ehizibue,PEC Zwolle,yellow
2401429,57,Stef Nijland,PEC Zwolle,yellow
2401429,72,Ouasim Bouy,PEC Zwolle,yellow
2401429,90,Trent Sainsbury,PEC Zwolle,yellow
2401428,53,Gino Bosz,Heracles Almelo,yellow
2401428,79,Oussama Tannane,Heracles Almelo,yellow
2401428,87,Mark-Jan Fledderus,Heracles Almelo,yellow
2401428,87,Hans Hateboer,FC Groningen,yellow
2401428,89,Etiënne Reijnen,FC Groningen,yellow
2401431,66,Sander Fischer,SBV Excelsior,yellow
2401431,85,Nigel Hasselbaink,SBV Excelsior,yellow
2401431,62,Mikhail Rosheuvel,SC Cambuur,yellow
2401431,83,Jack Byrne,SC Cambuur,yellow
2401427,30,Guus Joppen,Willem II,yellow
2401427,62,Funso Ojo,Willem II,yellow
2401427,12,Rostyn Griffiths,Roda JC Kerkrade,yellow
2401427,90,Ard van Peppen,Roda JC Kerkrade,yellow
2401432,56,Joost van Aken,Sc Heerenveen,yellow
2401432,79,Kenneth Otigba,Sc Heerenveen,yellow
2401432,15,Timothy Derijck,ADO Den Haag,yellow
2401432,39,Vito Wormgoor,ADO Den Haag,yellow
2401432,53,Kevin Jansen,ADO Den Haag,yellow
2401432,60,Aaron Meijers,ADO Den Haag,yellow
2401433,33,Todd Kane,NEC Nijmegen,yellow
2401433,90,Karim El Ahmadi,Feyenoord Rotterdam,yellow
2401434,84,Riechedly Bazoer,Ajax Amsterdam,yellow
2401434,47,Jeroen Tesselaar,De Graafschap,yellow
2401434,49,Kristopher Vida,De Graafschap,yellow
2401435,8,Renato Tapia,Twente Enschede,yellow
2401435,90,Felipe Gutiérrez,Twente Enschede,yellow
2401435,87,Thomas Bruns,Heracles Almelo,yellow
2401437,32,Stef Nijland,PEC Zwolle,yellow
2401437,52,Dirk Marcellis,PEC Zwolle,yellow
2401437,28,Branco van den Boomen,Sc Heerenveen,yellow
2401437,49,Joey van den Berg,Sc Heerenveen,red
2401437,49,Erwin Mulder,Sc Heerenveen,yellow
2401437,55,Lucas Bijker,Sc Heerenveen,yellow
2401438,11,Marcos Gullón,Roda JC Kerkrade,yellow
2401438,30,Hicham Faik,Roda JC Kerkrade,yellow
2401438,43,Mattias Johansson,AZ Alkmaar,yellow
2401438,56,Derrick Luckassen,AZ Alkmaar,yellow-red
2401440,56,Ruben Schaken,ADO Den Haag,yellow
2401440,77,Mike Havenaar,ADO Den Haag,yellow
2401440,85,Danny Bakker,ADO Den Haag,yellow
2401440,44,Riechedly Bazoer,Ajax Amsterdam,yellow
2401441,52,Terence Kongolo,Feyenoord Rotterdam,yellow
2401441,66,Sven van Beek,Feyenoord Rotterdam,yellow
2401441,16,Santiago Arias,PSV Eindhoven,yellow
2401441,83,Davy Pröpper,PSV Eindhoven,yellow
2401442,88,Michael de Leeuw,FC Groningen,yellow
2401442,76,Andreas Ludwig,FC Utrecht,yellow-red
2401443,71,Joey Sleegers,NEC Nijmegen,yellow
2401443,79,Wojciech Golla,NEC Nijmegen,yellow
2401443,89,Lucas Woudenberg,NEC Nijmegen,yellow
2401443,38,Freek Heerkens,Willem II,yellow
2401443,85,Frank van der Struijk,Willem II,yellow-red
2401444,70,Hans Hateboer,FC Groningen,yellow
2401444,44,Anthony Limbombe,NEC Nijmegen,yellow
2401444,62,Marcel Appiah,NEC Nijmegen,yellow
2401445,17,Ramon Zomer,Heracles Almelo,yellow
2401445,72,Mark-Jan Fledderus,Heracles Almelo,yellow
2401445,61,Cas Peters,De Graafschap,yellow
2401445,90,Robin Pröpper,De Graafschap,yellow
2401446,70,Jaïro Riedewald,Ajax Amsterdam,yellow
2401446,10,Sheran Yeini,Vitesse,yellow
2401446,12,Kosuke Ota,Vitesse,yellow
2401447,57,Stanley Elbers,SBV Excelsior,yellow
2401447,80,Marcos Gullón,Roda JC Kerkrade,yellow
2401447,80,Uğur İnceman,Roda JC Kerkrade,yellow
2401448,7,Lucas Bijker,Sc Heerenveen,yellow
2401448,19,Stefano Marzo,Sc Heerenveen,yellow
2401448,62,Sam Larsson,Sc Heerenveen,yellow
2401449,78,Vincent Janssen,AZ Alkmaar,yellow
2401449,80,Joris van Overeem,AZ Alkmaar,yellow
2401449,57,Sven van Beek,Feyenoord Rotterdam,yellow
2401450,77,Sébastien Haller,FC Utrecht,yellow
2401451,71,Chinedu Ede,Twente Enschede,yellow
2401452,34,Gianni Zuiverloon,ADO Den Haag,yellow
2401452,6,Darryl Lachman,SC Cambuur,yellow
2401452,30,Marvin Peersman,SC Cambuur,yellow
2401452,35,Jamiro Monteiro,SC Cambuur,yellow
2401452,38,Erik Bakker,SC Cambuur,yellow
2401453,58,Jordens Peters,Willem II,yellow
2401453,53,Hedwiges Maduro,FC Groningen,yellow
2401454,78,Wout Droste,Heracles Almelo,yellow
2401455,78,Jamiro Monteiro,SC Cambuur,yellow
2401456,68,Todd Kane,NEC Nijmegen,yellow
2401456,39,Hakim Ziyech,Twente Enschede,yellow
2401457,74,Kristopher Vida,De Graafschap,yellow
2401457,77,Vincent Vermeij,De Graafschap,yellow
2401457,79,Andrew Driver,De Graafschap,yellow
2401457,83,Danny Bakker,ADO Den Haag,yellow
2401459,68,Arnold Kruiswijk,Vitesse,yellow
2401459,79,Wout Brama,PEC Zwolle,yellow
2401460,90,Nathan Rutjes,Roda JC Kerkrade,yellow
2401461,36,Miquel Nelom,Feyenoord Rotterdam,yellow
2401461,45,Dirk Kuyt,Feyenoord Rotterdam,yellow
2401461,55,Terence Kongolo,Feyenoord Rotterdam,yellow
2401461,77,Tonny Vilhena,Feyenoord Rotterdam,yellow
2401461,21,Pele van Anholt,Sc Heerenveen,yellow
2401461,27,Joey van den Berg,Sc Heerenveen,yellow
2401461,60,Morten Thorsby,Sc Heerenveen,yellow
2401461,68,Stefano Marzo,Sc Heerenveen,yellow
2401462,30,Frank van der Struijk,Willem II,yellow
2401462,56,Funso Ojo,Willem II,yellow
2401462,89,Andy Kawaya,Willem II,yellow
2401462,62,Brahim Darri,Heracles Almelo,yellow
2401462,86,Mark-Jan Fledderus,Heracles Almelo,yellow
2401463,82,Izzy Brown,Vitesse,yellow
2401463,58,Rick Kruys,SBV Excelsior,yellow
2401463,64,Luigi Bruins,SBV Excelsior,yellow
2401463,70,Tom van Weert,SBV Excelsior,yellow
2401464,18,Thomas Lam,PEC Zwolle,yellow
2401464,90,Rick Dekker,PEC Zwolle,yellow
2401465,90,Andrew Driver,De Graafschap,yellow
2401466,56,Lucas Woudenberg,NEC Nijmegen,yellow
2401466,60,Anthony Limbombe,NEC Nijmegen,yellow
2401466,45,Alireza Jahanbakhsh,AZ Alkmaar,yellow
2401466,59,Mattias Johansson,AZ Alkmaar,yellow
2401467,59,Riechedly Bazoer,Ajax Amsterdam,yellow
2401467,67,Davy Klaassen,Ajax Amsterdam,yellow
2401468,41,Sander van de Streek,SC Cambuur,yellow
2401468,34,Joey van den Berg,Sc Heerenveen,yellow
2401468,70,Stefano Marzo,Sc Heerenveen,yellow
2401468,90,Luciano Slagveer,Sc Heerenveen,yellow
2401469,38,Bilal Başaçıkoğlu,Feyenoord Rotterdam,yellow
2401469,67,Karim El Ahmadi,Feyenoord Rotterdam,yellow
2401469,43,Gianni Zuiverloon,ADO Den Haag,yellow
2401469,73,Ludcinio Marengo,ADO Den Haag,yellow
2401471,45,Luigi Bruins,SBV Excelsior,yellow
2401471,50,Robbie Haemhouts,Willem II,yellow
2401472,39,Vito Wormgoor,ADO Den Haag,yellow
2401472,60,Kevin Jansen,ADO Den Haag,yellow
2401472,55,Marcos Gullón,Roda JC Kerkrade,yellow
2401472,78,Uğur İnceman,Roda JC Kerkrade,yellow
2401473,39,Stefano Marzo,Sc Heerenveen,yellow
2401473,69,Joost van Aken,Sc Heerenveen,yellow-red
2401473,24,Joachim Andersen,Twente Enschede,yellow
2401473,42,Robbert Schilder,Twente Enschede,yellow
2401474,82,Alireza Jahanbakhsh,AZ Alkmaar,yellow
2401474,90,Thom Haye,AZ Alkmaar,yellow
2401474,35,Kevin Diks,Vitesse,yellow
2401475,35,Robin Gosens,Heracles Almelo,yellow
2401476,3,Lasse Schöne,Ajax Amsterdam,yellow
2401476,47,Riechedly Bazoer,Ajax Amsterdam,yellow
2401476,60,Nick Viergever,Ajax Amsterdam,yellow
2401476,62,Bilal Başaçıkoğlu,Feyenoord Rotterdam,yellow
2401476,67,Kenneth Vermeer,Feyenoord Rotterdam,yellow
2401477,46,Karim Tarfi,De Graafschap,red
2401477,69,Todd Kane,NEC Nijmegen,yellow
2401477,73,Christian Santos,NEC Nijmegen,yellow
2401479,32,Timo Letschert,FC Utrecht,yellow
2401479,43,Nicolas Isimat-Mirin,PSV Eindhoven,yellow
2401479,72,Marco van Ginkel,PSV Eindhoven,yellow
2401480,14,Kevin van Veen,SC Cambuur,yellow
2401480,19,Jack Byrne,SC Cambuur,yellow
2401480,44,Rai Vloet,SC Cambuur,yellow
2401480,73,Darryl Lachman,SC Cambuur,yellow
2401480,19,Yassin Ayoub,FC Utrecht,yellow
2401481,31,Joey Pelupessy,Heracles Almelo,yellow
2401481,49,Ramon Zomer,Heracles Almelo,yellow
2401481,71,Brahim Darri,Heracles Almelo,yellow
2401482,31,Lion Kaak,De Graafschap,yellow
2401482,63,Tolgahan Çiçek,De Graafschap,yellow
2401483,30,Kamohelo Mokotjo,Twente Enschede,yellow
2401484,45,Jerry St. Juste,Sc Heerenveen,yellow
2401484,52,Lucas Bijker,Sc Heerenveen,yellow
2401484,70,Kenneth Otigba,Sc Heerenveen,yellow
2401485,40,Desevio Payne,FC Groningen,yellow
2401485,52,Albert Rusnák,FC Groningen,yellow
2401485,30,Davy Klaassen,Ajax Amsterdam,yellow
2401485,70,Mike van der Hoorn,Ajax Amsterdam,yellow-red
2401486,13,Wout Brama,PEC Zwolle,yellow
2401486,34,Bart Schenkeveld,PEC Zwolle,yellow
2401486,42,Rick Dekker,PEC Zwolle,yellow
2401486,45,Bilal Başaçıkoğlu,Feyenoord Rotterdam,yellow
2401486,79,Eric Botteghin,Feyenoord Rotterdam,yellow
2401487,41,Luigi Bruins,SBV Excelsior,yellow
2401487,73,Kevin Vermeulen,SBV Excelsior,yellow
2401487,41,Édouard Duplan,ADO Den Haag,yellow
2401488,2,Marcel Ritzmaier,NEC Nijmegen,yellow
2401488,11,Todd Kane,NEC Nijmegen,yellow
2401489,31,Aaron Meijers,ADO Den Haag,yellow
2401489,48,Tom Beugelsdijk,ADO Den Haag,yellow
2401489,27,Kingsley Ehizibue,PEC Zwolle,yellow
2401490,52,Mattias Johansson,AZ Alkmaar,yellow
2401490,57,Vincent Janssen,AZ Alkmaar,yellow
2401490,73,Juninho Bacuna,FC Groningen,yellow
2401490,77,Alexander Sørloth,FC Groningen,yellow
2401490,83,Oussama Idrissi,FC Groningen,yellow
2401491,17,Morten Thorsby,Sc Heerenveen,yellow
2401491,59,Lucas Woudenberg,NEC Nijmegen,yellow
2401491,85,Rens van Eijden,NEC Nijmegen,yellow-red
2401493,70,Bruno Uvini,Twente Enschede,yellow
2401493,75,Jerson Cabral,Twente Enschede,yellow
2401493,33,Vytautas Andriuškevičius,SC Cambuur,yellow
2401493,75,Marvin Peersman,SC Cambuur,yellow
2401493,77,Darryl Lachman,SC Cambuur,yellow
2401493,90,Jamiro Monteiro,SC Cambuur,red
2401497,29,Tolgahan Çiçek,De Graafschap,yellow
2401497,83,Lion Kaak,De Graafschap,yellow
2401497,73,Sheran Yeini,Vitesse,yellow
2401497,90,Kosuke Ota,Vitesse,yellow-red
2401495,34,Rico Strieder,FC Utrecht,yellow
2401495,76,Robbin Ruiter,FC Utrecht,yellow
2401495,82,Andreas Ludwig,FC Utrecht,yellow
2401495,37,Nick van der Velden,Willem II,yellow
2401496,19,Bas Kuipers,SBV Excelsior,yellow
2401494,5,Martin Milec,Roda JC Kerkrade,yellow
2401494,24,Rydell Poepon,Roda JC Kerkrade,yellow
2401494,44,Henk Dijkhuizen,Roda JC Kerkrade,yellow
2401498,63,Daan Bovenberg,SBV Excelsior,yellow
2401498,77,Khalid Karami,SBV Excelsior,yellow
2401498,77,Christian Santos,NEC Nijmegen,yellow
2401499,77,Felipe Gutiérrez,Twente Enschede,yellow
2401499,28,Rasmus Lindgren,FC Groningen,yellow
2401499,82,Simon Tibbling,FC Groningen,yellow
2401500,90,Kevin van Veen,SC Cambuur,yellow
2401500,61,Ouasim Bouy,PEC Zwolle,yellow-red
2401500,69,Wouter Marinus,PEC Zwolle,yellow
2401500,78,Tarik Evre,PEC Zwolle,yellow
2401500,90,Bart Schenkeveld,PEC Zwolle,yellow
2401501,42,Santiago Arias,PSV Eindhoven,yellow
2401501,65,Jetro Willems,PSV Eindhoven,yellow
2401501,6,Dion Malone,ADO Den Haag,yellow
2401501,52,Kyle Ebecilio,ADO Den Haag,yellow
2401501,54,Timothy Derijck,ADO Den Haag,yellow
2401501,71,Tyronne Ebuehi,ADO Den Haag,yellow
2401501,81,Danny Bakker,ADO Den Haag,yellow
2401502,50,Milot Rashica,Vitesse,yellow
2401502,88,Kelvin Leerdam,Vitesse,yellow
2401502,52,Rochdi Achenteh,Willem II,yellow
2401503,22,Thomas Bruns,Heracles Almelo,yellow
2401503,35,Henk Dijkhuizen,Roda JC Kerkrade,yellow
2401503,74,Rydell Poepon,Roda JC Kerkrade,yellow
2401504,51,Robin Pröpper,De Graafschap,yellow
2401504,71,Karim Tarfi,De Graafschap,yellow
2401504,74,Tolgahan Çiçek,De Graafschap,yellow
2401504,45,Erwin Mulder,Sc Heerenveen,yellow
2401504,78,Joey van den Berg,Sc Heerenveen,yellow
2401505,77,Mark van der Maarel,FC Utrecht,yellow
2401505,81,Terence Kongolo,Feyenoord Rotterdam,yellow
2401505,90,Karim El Ahmadi,Feyenoord Rotterdam,yellow
2401506,54,Anwar el Ghazi,Ajax Amsterdam,yellow-red
2401506,42,Ben Rienstra,AZ Alkmaar,yellow
2401506,87,Dabney dos Santos,AZ Alkmaar,yellow
2401507,51,Bruno Uvini,Twente Enschede,yellow
2401507,74,Hakim Ziyech,Twente Enschede,yellow
2401510,12,Rasmus Lindgren,FC Groningen,yellow
2401510,73,Bryan Linssen,FC Groningen,yellow
2401510,74,Luciano Narsingh,PSV Eindhoven,yellow
2401511,31,Joey van den Berg,Sc Heerenveen,red
2401511,75,Caner Çavlan,Sc Heerenveen,yellow
2401511,36,Ruud Boymans,FC Utrecht,yellow
2401511,45,Timo Letschert,FC Utrecht,yellow
2401511,60,Ruben Ligeon,FC Utrecht,yellow
2401511,73,Bart Ramselaar,FC Utrecht,yellow
2401512,21,Joey Sleegers,NEC Nijmegen,yellow
2401512,27,Gregor Breinburg,NEC Nijmegen,yellow
2401512,65,Todd Kane,NEC Nijmegen,yellow
2401512,80,Navarone Foor,NEC Nijmegen,yellow
2401512,59,Thomas Bruns,Heracles Almelo,yellow
2401512,75,Iliass Bel Hassani,Heracles Almelo,yellow
2401512,78,Mark-Jan Fledderus,Heracles Almelo,yellow
2401512,85,Brahim Darri,Heracles Almelo,yellow
2401512,87,Jaroslav Navratil,Heracles Almelo,yellow
2401509,67,Markus Henriksen,AZ Alkmaar,yellow
2401509,72,Brandley Kuwas,SBV Excelsior,yellow
2401509,76,Sander Fischer,SBV Excelsior,red
2401513,50,Rochdi Achenteh,Willem II,yellow
2401513,42,Joël Veltman,Ajax Amsterdam,yellow
2401513,55,Mitchell Dijks,Ajax Amsterdam,yellow
2401514,6,Izzy Brown,Vitesse,yellow
2401514,86,Kosuke Ota,Vitesse,yellow
2401515,38,Tonny Vilhena,Feyenoord Rotterdam,yellow
2401515,83,Karim El Ahmadi,Feyenoord Rotterdam,yellow
2401515,39,Erik Bakker,SC Cambuur,yellow
2401516,40,Cas Peters,De Graafschap,yellow
2401516,59,Nathaniël Will,De Graafschap,yellow
2401516,71,Vincent Vermeij,De Graafschap,yellow
2401516,57,Arjan Swinkels,Roda JC Kerkrade,yellow
2401516,58,Uğur İnceman,Roda JC Kerkrade,yellow
2401516,66,Marcos Gullón,Roda JC Kerkrade,yellow
2401519,27,Robbert Schilder,Twente Enschede,yellow
2401519,59,Thomas Lam,PEC Zwolle,yellow
2401517,57,Andy Kawaya,Willem II,yellow
2401517,69,Funso Ojo,Willem II,yellow
2401517,72,Nick van der Velden,Willem II,yellow
2401517,78,Bruno Andrade,Willem II,yellow
2401517,78,Ridgeciano Haps,AZ Alkmaar,yellow
2401517,80,Alireza Jahanbakhsh,AZ Alkmaar,yellow
2401518,62,Jeffrey Bruma,PSV Eindhoven,yellow
2401518,89,Marco van Ginkel,PSV Eindhoven,yellow
2401518,26,Joost van Aken,Sc Heerenveen,yellow
2401518,35,Kenneth Otigba,Sc Heerenveen,yellow
2401518,50,Stefano Marzo,Sc Heerenveen,yellow
2401520,62,Luigi Bruins,SBV Excelsior,yellow
2401520,79,Michael de Leeuw,FC Groningen,yellow
2401520,86,Oussama Idrissi,FC Groningen,yellow
2401521,16,Rico Strieder,FC Utrecht,yellow
2401521,45,Ruben Ligeon,FC Utrecht,yellow
2401521,15,Aaron Meijers,ADO Den Haag,yellow
2401521,51,Wilfried Kanon,ADO Den Haag,yellow
2401521,65,Tom Beugelsdijk,ADO Den Haag,yellow
2401521,88,Kyle Ebecilio,ADO Den Haag,yellow
2401522,55,Darryl Lachman,SC Cambuur,yellow
2401523,51,Milot Rashica,Vitesse,yellow
2401523,61,Guram Kashia,Vitesse,yellow
2401523,40,Dirk Kuyt,Feyenoord Rotterdam,yellow
2401525,45,Bart Ramselaar,FC Utrecht,yellow
2401525,32,Jurgen Mattheij,SBV Excelsior,yellow
2401525,35,Brandley Kuwas,SBV Excelsior,yellow
2401525,89,Adil Auassar,SBV Excelsior,yellow
2401525,90,Kevin Vermeulen,SBV Excelsior,yellow
2401528,40,Rochdi Achenteh,Willem II,yellow
2401528,45,Robert Braber,Willem II,yellow
2401529,21,Martijn Barto,SC Cambuur,yellow
2401529,12,Henk Dijkhuizen,Roda JC Kerkrade,yellow
2401530,25,Robbert Schilder,Twente Enschede,yellow
2401530,60,Zakaria el Azzouzi,Twente Enschede,red
2401530,67,Joachim Andersen,Twente Enschede,yellow
2401530,64,Stijn Wuytens,AZ Alkmaar,yellow-red
2401530,68,Alireza Jahanbakhsh,AZ Alkmaar,yellow
2401530,90,Dabney dos Santos,AZ Alkmaar,yellow
2401531,31,Simon Tibbling,FC Groningen,yellow
2401531,45,Denys Oliynyk,Vitesse,yellow
2401531,54,Maikel van der Werff,Vitesse,yellow
2401531,72,Kosuke Ota,Vitesse,yellow
2401532,39,Rens van Eijden,NEC Nijmegen,yellow
2401532,90,Navarone Foor,NEC Nijmegen,yellow
2401533,22,Andrés Guardado,PSV Eindhoven,yellow
2401533,26,Jetro Willems,PSV Eindhoven,yellow
2401533,86,Jorrit Hendrix,PSV Eindhoven,yellow
2401533,87,Héctor Moreno,PSV Eindhoven,yellow
2401533,39,Joël Veltman,Ajax Amsterdam,yellow
2401534,59,Mark-Jan Fledderus,Heracles Almelo,yellow
2401534,70,Andreas Ludwig,FC Utrecht,yellow
2401535,62,Piotr Parzyszek,De Graafschap,yellow
2401535,71,Martijn Barto,SC Cambuur,yellow
2401536,90,Robert Mühren,AZ Alkmaar,yellow
2401536,35,Jeffrey Bruma,PSV Eindhoven,yellow
2401538,81,Jordens Peters,Willem II,yellow
2401538,90,Frank van der Struijk,Willem II,yellow
2401538,54,Joachim Andersen,Twente Enschede,yellow
2401539,59,Lucas Woudenberg,NEC Nijmegen,yellow
2401539,66,Maikel van der Werff,Vitesse,yellow
2401539,82,Kevin Diks,Vitesse,yellow
2401540,4,Tom Van Hyfte,Roda JC Kerkrade,yellow
2401540,43,Martin Milec,Roda JC Kerkrade,yellow
2401540,69,Jordy Buijs,Roda JC Kerkrade,yellow
2401540,90,Arjan Swinkels,Roda JC Kerkrade,yellow
2401540,65,Mitchell te Vrede,Sc Heerenveen,yellow
2401540,90,Lucas Bijker,Sc Heerenveen,yellow
2401541,30,Michael de Leeuw,FC Groningen,red
2401541,61,Lorenzo Burnet,FC Groningen,yellow
2401541,84,Sergio Padt,FC Groningen,yellow
2401541,90,Alexander Sørloth,FC Groningen,yellow
2401543,58,Wout Brama,PEC Zwolle,yellow
2401544,20,Tom van Weert,SBV Excelsior,yellow
2401544,28,Rick Kruys,SBV Excelsior,yellow
2401545,36,Erik Bakker,SC Cambuur,yellow
2401545,90,Kevin van Veen,SC Cambuur,yellow
2401545,76,Nick Viergever,Ajax Amsterdam,yellow
2401546,22,Sheran Yeini,Vitesse,yellow
2401546,85,Denys Oliynyk,Vitesse,yellow
2401546,89,Kosuke Ota,Vitesse,yellow
2401546,52,Kevin Jansen,ADO Den Haag,yellow
2401547,35,Héctor Moreno,PSV Eindhoven,yellow
2401547,57,Santiago Arias,PSV Eindhoven,yellow-red
2401547,71,Jeroen Zoet,PSV Eindhoven,yellow
2401547,39,Kostas Lamprou,Willem II,yellow
2401547,64,Lucas Andersen,Willem II,yellow
2401547,77,Frank van der Struijk,Willem II,yellow
2401547,90,Funso Ojo,Willem II,yellow
2401548,58,Mitchell te Vrede,Sc Heerenveen,yellow
2401549,82,Chris Kum,FC Utrecht,yellow
2401549,79,Lucas Woudenberg,NEC Nijmegen,yellow
2401549,87,Wojciech Golla,NEC Nijmegen,red
2401550,87,Lorenzo Burnet,FC Groningen,yellow
2401550,26,Robin Pröpper,De Graafschap,yellow
2401550,83,Nathaniël Will,De Graafschap,yellow
2401551,6,Stefan Thesker,Twente Enschede,yellow
2401551,62,Joachim Andersen,Twente Enschede,yellow
2401551,22,Rick Karsdorp,Feyenoord Rotterdam,yellow
2401551,88,Michiel Kramer,Feyenoord Rotterdam,yellow
2401552,36,Ted van de Pavert,De Graafschap,yellow
2401552,43,Karim Tarfi,De Graafschap,yellow
2401552,57,Jeroen Tesselaar,De Graafschap,yellow
2401552,60,Jeroen Tesselaar,De Graafschap,red
2401552,88,Bryan Smeets,De Graafschap,yellow
2401552,45,Oskar Zawada,Twente Enschede,yellow
2401552,77,Hakim Ziyech,Twente Enschede,yellow
2401552,87,Nick Marsman,Twente Enschede,yellow
2401553,22,Milot Rashica,Vitesse,yellow
2401553,78,Marvelous Nakamba,Vitesse,yellow
2401554,31,Eric Botteghin,Feyenoord Rotterdam,yellow
2401554,90,Michiel Kramer,Feyenoord Rotterdam,yellow
2401554,27,Hans Hateboer,FC Groningen,yellow
2401555,19,Bart Schenkeveld,PEC Zwolle,yellow
2401555,40,Wout Brama,PEC Zwolle,yellow
2401555,66,Mickey van der Hart,PEC Zwolle,red
2401557,81,Mike van der Hoorn,Ajax Amsterdam,yellow
2401557,34,Ruben Ligeon,FC Utrecht,yellow
2401557,64,Bart Ramselaar,FC Utrecht,yellow
2401557,88,Willem Janssen,FC Utrecht,yellow
2401558,50,Jordens Peters,Willem II,yellow
2401558,51,Danny Bakker,ADO Den Haag,yellow
2401558,67,Aaron Meijers,ADO Den Haag,yellow
2401559,52,Wojciech Golla,NEC Nijmegen,yellow
2401560,55,Lucas Bijker,Sc Heerenveen,yellow
2401561,41,Arjan Swinkels,Roda JC Kerkrade,yellow
2401561,87,Benjamin van Leer,Roda JC Kerkrade,yellow
2401562,53,Jetro Willems,PSV Eindhoven,yellow
2401562,61,Davy Pröpper,PSV Eindhoven,yellow
2401562,77,Jeffrey Bruma,PSV Eindhoven,yellow
2401562,17,Sheran Yeini,Vitesse,yellow
2401562,70,Kevin Diks,Vitesse,yellow
2401562,86,Maikel van der Werff,Vitesse,yellow
2401565,69,Christian Santos,NEC Nijmegen,yellow
2401565,90,Todd Kane,NEC Nijmegen,yellow
2401567,90,Sébastien Haller,FC Utrecht,yellow
2401567,30,Ted van de Pavert,De Graafschap,yellow
2401569,52,Mike te Wierik,Heracles Almelo,yellow
2401569,75,Wout Droste,Heracles Almelo,yellow
2401563,82,Jurgen Mattheij,SBV Excelsior,yellow-red
2401566,82,Joey van den Berg,Sc Heerenveen,yellow
2401566,88,Mitchell Dijks,Ajax Amsterdam,yellow
2401564,32,Ruben Schaken,ADO Den Haag,yellow
2401564,62,Stijn Wuytens,AZ Alkmaar,yellow
2401564,84,Muamer Tanković,AZ Alkmaar,yellow
2401568,86,Harm Zeinstra,SC Cambuur,red
2401568,13,Jordens Peters,Willem II,yellow
2401570,75,Lucas Bijker,Sc Heerenveen,yellow
2401570,90,Bryan Linssen,FC Groningen,yellow
2401571,80,Celso Ortíz,AZ Alkmaar,yellow
2401571,68,Tolgahan Çiçek,De Graafschap,yellow
2401571,83,Robin Pröpper,De Graafschap,yellow
2401572,64,Freek Heerkens,Willem II,yellow
2401572,81,Funso Ojo,Willem II,yellow
2401572,54,Eljero Elia,Feyenoord Rotterdam,yellow
2401573,43,Nick Viergever,Ajax Amsterdam,yellow
2401573,68,Peet Bijen,Twente Enschede,yellow
2401573,69,Hakim Ziyech,Twente Enschede,yellow
2401574,61,Héctor Moreno,PSV Eindhoven,yellow
2401574,90,Santiago Arias,PSV Eindhoven,yellow
2401574,24,Calvin Mac-Intosch,SC Cambuur,yellow
2401574,49,Jack Byrne,SC Cambuur,yellow
2401574,78,Vytautas Andriuškevičius,SC Cambuur,yellow
2401574,90,Jamiro Monteiro,SC Cambuur,yellow
2401574,90,Marvin Peersman,SC Cambuur,yellow
2401574,90,Darryl Lachman,SC Cambuur,yellow
2401575,57,Bart van Hintum,PEC Zwolle,yellow
2401575,64,Ouasim Bouy,PEC Zwolle,yellow
2401576,31,Danny Bakker,ADO Den Haag,yellow
2401576,90,Mike Havenaar,ADO Den Haag,yellow
2401577,77,Renato Ibarra,Vitesse,yellow
2401577,76,Chris Kum,FC Utrecht,yellow
2401577,86,Ruud Boymans,FC Utrecht,yellow
2401578,61,Anthony Limbombe,NEC Nijmegen,yellow
2401578,90,Christian Santos,NEC Nijmegen,yellow
2401578,38,Arjan Swinkels,Roda JC Kerkrade,yellow
2401578,90,Jordy Buijs,Roda JC Kerkrade,yellow
2401579,28,Tom Hiariej,SC Cambuur,yellow
2401579,43,Khalid Karami,SBV Excelsior,yellow
2401580,67,Nacer Barazite,FC Utrecht,yellow
2401580,66,Mattias Johansson,AZ Alkmaar,yellow
2401581,17,Marcel Appiah,NEC Nijmegen,yellow
2401581,66,Navarone Foor,NEC Nijmegen,yellow
2401581,73,Jay-Roy Grot,NEC Nijmegen,yellow
2401582,39,Rick Dekker,PEC Zwolle,yellow
2401582,61,Thomas Lam,PEC Zwolle,yellow
2401582,72,Abdel Malek el Hasnaoui,PEC Zwolle,yellow
2401582,39,Santiago Arias,PSV Eindhoven,yellow
2401583,77,Bart Straalman,De Graafschap,yellow
2401583,89,Karim Tarfi,De Graafschap,yellow
2401584,38,Uğur İnceman,Roda JC Kerkrade,yellow
2401584,42,Martin Milec,Roda JC Kerkrade,yellow
2401584,52,Marcos Gullón,Roda JC Kerkrade,yellow
2401584,62,Tomi Jurić,Roda JC Kerkrade,yellow
2401584,38,Erik Falkenburg,Willem II,yellow
2401586,65,Danny Bakker,ADO Den Haag,yellow
2401586,30,Caner Çavlan,Sc Heerenveen,yellow
2401586,82,Luciano Slagveer,Sc Heerenveen,yellow
2401587,58,Bruno Uvini,Twente Enschede,yellow
2401587,62,Jerson Cabral,Twente Enschede,yellow
2401587,31,Marvelous Nakamba,Vitesse,yellow
2401587,71,Guram Kashia,Vitesse,yellow
