GameID,Minute,Scorer,Team
2218714,75,Jesper Drost,PEC Zwolle
2218714,90,Soufian Moro,PEC Zwolle
2218716,14,Hakim Ziyech,Sc Heerenveen
2218716,44,Giovanni Korte,FC Dordrecht
2218716,81,Joris van Overeem,FC Dordrecht
2218718,13,Albert Rusnák,SC Cambuur
2218718,88,Youness Mokhtar,Twente Enschede
2218720,20,Adnane Tighadouini,NAC Breda
2218720,19,Jeff Stans,SBV Excelsior
2218725,56,Steven Berghuis,AZ Alkmaar
2218725,63,Guus Hupperts,AZ Alkmaar
2218725,76,Muamer Tanković,AZ Alkmaar
2218727,90,Mitchell te Vrede,Feyenoord Rotterdam
2218729,18,Alex Schalk,Go Ahead Eagles
2218729,50,Lesly de Sa,Go Ahead Eagles
2218729,57,Tjaronn Chery,FC Groningen
2218729,75,Michael de Leeuw,FC Groningen
2218729,87,Jarchinio Antonia,FC Groningen
2218731,40,Nick Viergever,Ajax Amsterdam
2218731,48,Lasse Schöne,Ajax Amsterdam
2218731,62,Mike van der Hoorn,Ajax Amsterdam
2218731,87,Lasse Schöne,Ajax Amsterdam
2218731,84,Marko Vejinović,Vitesse
2218733,40,Bruno Andrade,Willem II
2218733,7,Jürgen Locadia,PSV Eindhoven
2218733,10,Memphis Depay,PSV Eindhoven
2218733,76,Memphis Depay,PSV Eindhoven
2218735,70,Mitchell te Vrede,Feyenoord Rotterdam
2218735,67,Hakim Ziyech,Sc Heerenveen
2218737,21,Georginio Wijnaldum,PSV Eindhoven
2218737,51,Memphis Depay,PSV Eindhoven
2218737,53,Jürgen Locadia,PSV Eindhoven
2218737,57,Georginio Wijnaldum,PSV Eindhoven
2218737,73,Memphis Depay,PSV Eindhoven
2218737,26,Aleksandar Damčevski,NAC Breda
2218737,31,Adnane Tighadouini,NAC Breda
2218739,81,Giovanni Korte,FC Dordrecht
2218739,40,Ryan Thomas,PEC Zwolle
2218739,90,Mustafa Saymak,PEC Zwolle
2218741,45,Kamohelo Mokotjo,Twente Enschede
2218741,86,Shadrach Eghan,Twente Enschede
2218741,54,Roland Alberg,ADO Den Haag
2218741,77,Mike van Duinen,ADO Den Haag
2218743,19,Zakaria Labyad,Vitesse
2218743,37,Zakaria Labyad,Vitesse
2218743,10,Michiel Hemmen,SC Cambuur
2218743,89,Bartholomew Ogbeche,SC Cambuur
2218745,50,Steven Berghuis,AZ Alkmaar
2218745,15,Davy Klaassen,Ajax Amsterdam
2218745,69,Lasse Schöne,Ajax Amsterdam
2218745,90,Anwar el Ghazi,Ajax Amsterdam
2218747,64,Jens Toornstra,FC Utrecht
2218747,88,Leon de Kogel,FC Utrecht
2218747,75,Robbie Haemhouts,Willem II
2218749,19,Jordan Botaka,SBV Excelsior
2218749,59,Tom van Weert,SBV Excelsior
2218749,90,Sander Fischer,SBV Excelsior
2218749,69,Erik Cummins,Go Ahead Eagles
2218749,75,Sven Nieuwpoort,Go Ahead Eagles
2218751,8,Tjaronn Chery,FC Groningen
2218751,35,Michael de Leeuw,FC Groningen
2218751,61,Yoëll van Nieff,FC Groningen
2218751,57,Iliass Bel Hassani,Heracles Almelo
2218753,90,Michiel Hemmen,SC Cambuur
2218755,14,Bruno Andrade,Willem II
2218755,30,Ali Messaoud,Willem II
2218755,86,Charlton Vicento,Willem II
2218757,84,Marten de Roon,Sc Heerenveen
2218757,89,Sam Larsson,Sc Heerenveen
2218763,65,Maikel van der Werff,PEC Zwolle
2218763,88,Stef Nijland,PEC Zwolle
2218763,24,Davy Pröpper,Vitesse
2218759,33,Mitchell te Vrede,Feyenoord Rotterdam
2218759,45,Nacer Barazite,FC Utrecht
2218759,72,Rodney Antwi,FC Utrecht
2218765,90,Adnane Tighadouini,NAC Breda
2218765,17,Luc Castaignos,Twente Enschede
2218767,56,Thomas Kristensen,ADO Den Haag
2218767,82,Michiel Kramer,ADO Den Haag
2218767,85,Michiel Kramer,ADO Den Haag
2218769,16,Anwar el Ghazi,Ajax Amsterdam
2218769,52,Memphis Depay,PSV Eindhoven
2218769,64,Luciano Narsingh,PSV Eindhoven
2218769,86,Florian Jozefzoon,PSV Eindhoven
2218771,64,Bart Vriends,Go Ahead Eagles
2218773,40,Erik Bakker,SC Cambuur
2218773,67,Erik Bakker,SC Cambuur
2218773,80,Michiel Hemmen,SC Cambuur
2218773,53,Michiel Kramer,ADO Den Haag
2218773,55,Xander Houtkoop,ADO Den Haag
2218775,53,Mart Lieder,FC Dordrecht
2218775,6,Guus Hupperts,AZ Alkmaar
2218775,22,Muamer Tanković,AZ Alkmaar
2218775,58,Steven Berghuis,AZ Alkmaar
2218777,32,Jeff Stans,SBV Excelsior
2218777,48,Jeff Stans,SBV Excelsior
2218777,56,Daryl van Mieghem,SBV Excelsior
2218777,10,Denni Avdić,Heracles Almelo
2218779,3,Mark Uth,Sc Heerenveen
2218779,54,Mark Uth,Sc Heerenveen
2218779,90,Mark Uth,Sc Heerenveen
2218779,90,Willem Janssen,FC Utrecht
2218781,48,Luuk de Jong,PSV Eindhoven
2218781,90,Adam Maher,PSV Eindhoven
2218783,37,Stipe Perica,NAC Breda
2218783,66,Erik Falkenburg,NAC Breda
2218783,84,Elson Hooi,NAC Breda
2218783,50,Tomáš Necid,PEC Zwolle
2218785,48,Eric Botteghin,FC Groningen
2218785,87,Michael de Leeuw,FC Groningen
2218789,1,Arkadiusz Milik,Ajax Amsterdam
2218789,45,Arkadiusz Milik,Ajax Amsterdam
2218789,86,Wout Weghorst,Heracles Almelo
2218791,4,Luc Castaignos,Twente Enschede
2218791,30,Jesús Corona,Twente Enschede
2218791,21,Marnix Kolder,Go Ahead Eagles
2218793,38,Daley Sinkgraven,Sc Heerenveen
2218795,75,Colin Kâzım-Richards,Feyenoord Rotterdam
2218795,8,Frank van der Struijk,Willem II
2218795,23,Samuel Armenteros,Willem II
2218797,40,Jesper Drost,PEC Zwolle
2218797,64,Joost Broerse,PEC Zwolle
2218797,87,Ben Rienstra,PEC Zwolle
2218797,32,Luuk de Jong,PSV Eindhoven
2218801,52,Albert Rusnák,SC Cambuur
2218801,74,Bartholomew Ogbeche,SC Cambuur
2218801,80,Sander van de Streek,SC Cambuur
2218803,40,Abiola Dauda,Vitesse
2218803,60,Abiola Dauda,Vitesse
2218803,65,Abiola Dauda,Vitesse
2218803,86,Jeff Stans,SBV Excelsior
2218805,87,Kingsley Boateng,NAC Breda
2218807,13,Ben Sahar,Willem II
2218807,90,Robert Braber,Willem II
2218807,42,Uroš Matić,NAC Breda
2218809,52,Adil Auassar,SBV Excelsior
2218809,85,Robin Gosens,FC Dordrecht
2218811,60,Timothy Derijck,ADO Den Haag
2218811,84,Michiel Kramer,ADO Den Haag
2218813,30,Davy Pröpper,Vitesse
2218813,23,Mark Uth,Sc Heerenveen
2218815,16,Wout Weghorst,Heracles Almelo
2218815,24,Luc Castaignos,Twente Enschede
2218815,43,Luc Castaignos,Twente Enschede
2218815,44,Hakim Ziyech,Twente Enschede
2218815,74,Youness Mokhtar,Twente Enschede
2218817,5,Ricardo van Rhijn,Ajax Amsterdam
2218819,21,Luuk de Jong,PSV Eindhoven
2218819,37,Jetro Willems,PSV Eindhoven
2218819,78,Jeffrey Bruma,PSV Eindhoven
2218819,80,Adam Maher,PSV Eindhoven
2218821,72,Markus Henriksen,AZ Alkmaar
2218823,61,Ruud Boymans,FC Utrecht
2218825,65,Jeffry Fortes,FC Dordrecht
2218825,79,Ryan Koolwijk,FC Dordrecht
2218825,12,Abiola Dauda,Vitesse
2218825,19,Denys Oliynyk,Vitesse
2218825,55,Valeri Qazaishvili,Vitesse
2218825,60,Wallace,Vitesse
2218825,66,Valeri Qazaishvili,Vitesse
2218825,90,Valeri Qazaishvili,Vitesse
2218827,60,Stipe Perica,NAC Breda
2218827,76,Stipe Perica,NAC Breda
2218827,27,Ricardo van Rhijn,Ajax Amsterdam
2218827,29,Kolbeinn Sigþórsson,Ajax Amsterdam
2218827,38,Kolbeinn Sigþórsson,Ajax Amsterdam
2218827,65,Joël Veltman,Ajax Amsterdam
2218827,89,Kolbeinn Sigþórsson,Ajax Amsterdam
2218829,14,Mustafa Saymak,PEC Zwolle
2218829,45,Tomáš Necid,PEC Zwolle
2218829,85,Stef Nijland,PEC Zwolle
2218829,90,Jesper Drost,PEC Zwolle
2218829,36,Thomas Bruns,Heracles Almelo
2218829,71,Oussama Tannane,Heracles Almelo
2218831,28,Giliano Wijnaldum,Go Ahead Eagles
2218831,41,Jens Toornstra,Feyenoord Rotterdam
2218831,58,Colin Kâzım-Richards,Feyenoord Rotterdam
2218831,89,Mitchell te Vrede,Feyenoord Rotterdam
2218833,42,Michiel Kramer,ADO Den Haag
2218833,85,Roland Alberg,ADO Den Haag
2218833,45,Simon Poulsen,AZ Alkmaar
2218833,67,Mattias Johansson,AZ Alkmaar
2218833,83,Nemanja Gudelj,AZ Alkmaar
2218835,22,Tom van Weert,SBV Excelsior
2218835,62,Bartholomew Ogbeche,SC Cambuur
2218837,31,Michael de Leeuw,FC Groningen
2218839,5,Kyle Ebecilio,Twente Enschede
2218839,90,Luc Castaignos,Twente Enschede
2218839,64,Chris Kum,FC Utrecht
2218839,71,Yassin Ayoub,FC Utrecht
2218841,78,Daley Sinkgraven,Sc Heerenveen
2218843,5,Kelvin Leerdam,Vitesse
2218843,14,Kelvin Leerdam,Vitesse
2218843,37,Marko Vejinović,Vitesse
2218843,40,Marko Vejinović,Vitesse
2218843,62,Marko Vejinović,Vitesse
2218843,21,Michiel Kramer,ADO Den Haag
2218843,31,Timothy Derijck,ADO Den Haag
2218845,10,Jeroen Veldmate,Heracles Almelo
2218845,20,Thomas Bruns,Heracles Almelo
2218845,40,Wout Weghorst,Heracles Almelo
2218845,64,Joey Pelupessy,Heracles Almelo
2218845,83,Iliass Bel Hassani,Heracles Almelo
2218845,90,Jaroslav Navratil,Heracles Almelo
2218845,75,Mats Seuntjens,NAC Breda
2218847,1,Daniël de Ridder,SC Cambuur
2218847,6,Bartholomew Ogbeche,SC Cambuur
2218847,53,Bartholomew Ogbeche,SC Cambuur
2218847,57,Sander van de Streek,SC Cambuur
2218847,85,Rihairo Meulens,FC Dordrecht
2218849,76,Dries Wuytens,Willem II
2218849,87,Terell Ondaan,Willem II
2218849,41,Mark Uth,Sc Heerenveen
2218851,49,Gyrano Kerk,FC Utrecht
2218851,51,Ruud Boymans,FC Utrecht
2218851,54,Deniz Türüç,Go Ahead Eagles
2218851,74,Bart Vriends,Go Ahead Eagles
2218851,90,Jeffrey Rijsdijk,Go Ahead Eagles
2218853,35,Adam Maher,PSV Eindhoven
2218853,45,Luciano Narsingh,PSV Eindhoven
2218853,51,Jürgen Locadia,PSV Eindhoven
2218855,28,Robert Mühren,AZ Alkmaar
2218855,85,Muamer Tanković,AZ Alkmaar
2218855,55,Kyle Ebecilio,Twente Enschede
2218855,59,Hakim Ziyech,Twente Enschede
2218857,24,Colin Kâzım-Richards,Feyenoord Rotterdam
2218857,58,Lex Immers,Feyenoord Rotterdam
2218857,84,Jean-Paul Boëtius,Feyenoord Rotterdam
2218857,89,Mitchell te Vrede,Feyenoord Rotterdam
2218861,57,Ben Sahar,Willem II
2218861,15,Davy Pröpper,Vitesse
2218861,45,Bertrand Traoré,Vitesse
2218861,88,Denys Oliynyk,Vitesse
2218861,90,Abiola Dauda,Vitesse
2218863,20,Luciano Narsingh,PSV Eindhoven
2218863,29,Adam Maher,PSV Eindhoven
2218863,41,Adam Maher,PSV Eindhoven
2218865,12,Elvis Manu,Feyenoord Rotterdam
2218865,19,Elvis Manu,Feyenoord Rotterdam
2218865,63,Jeroen Veldmate,Heracles Almelo
2218867,31,Mats Seuntjens,NAC Breda
2218867,67,Michiel Kramer,ADO Den Haag
2218869,17,Jesús Corona,Twente Enschede
2218869,71,Kolbeinn Sigþórsson,Ajax Amsterdam
2218871,1,Mark Uth,Sc Heerenveen
2218871,49,Marlon Pereira,SC Cambuur
2218871,55,Bartholomew Ogbeche,SC Cambuur
2218871,67,Etiënne Reijnen,SC Cambuur
2218873,68,Josimar Lima,FC Dordrecht
2218873,73,Rick ten Voorde,FC Dordrecht
2218873,9,Ruud Boymans,FC Utrecht
2218873,86,Yassin Ayoub,FC Utrecht
2218875,7,Jeffrey Rijsdijk,Go Ahead Eagles
2218875,14,Fernando Lewis,Go Ahead Eagles
2218875,36,Bart Vriends,Go Ahead Eagles
2218875,20,Stef Nijland,PEC Zwolle
2218875,75,Tomáš Necid,PEC Zwolle
2218877,16,Maikel Kieftenbeld,FC Groningen
2218877,43,Eric Botteghin,FC Groningen
2218879,17,Michiel Kramer,ADO Den Haag
2218879,74,Mathias Gehrt,ADO Den Haag
2218881,32,Marko Vejinović,Vitesse
2218881,80,Marko Vejinović,Vitesse
2218881,61,Adnane Tighadouini,NAC Breda
2218881,86,Adnane Tighadouini,NAC Breda
2218883,77,Oussama Tannane,Heracles Almelo
2218883,21,Stijn Wuytens,Willem II
2218883,57,Samuel Armenteros,Willem II
2218883,74,Samuel Armenteros,Willem II
2218891,59,Mikhail Rosheuvel,AZ Alkmaar
2218891,83,Nemanja Gudelj,AZ Alkmaar
2218891,10,Michael de Leeuw,FC Groningen
2218891,52,Danny Hoesen,FC Groningen
2218885,10,Anwar el Ghazi,Ajax Amsterdam
2218885,55,Arkadiusz Milik,Ajax Amsterdam
2218885,75,Lasse Schöne,Ajax Amsterdam
2218885,28,Fernando Lewis,Go Ahead Eagles
2218887,37,Jens Toornstra,Feyenoord Rotterdam
2218889,50,Ruud Boymans,FC Utrecht
2218889,81,Chris Kum,FC Utrecht
2218889,12,Adam Maher,PSV Eindhoven
2218889,23,Memphis Depay,PSV Eindhoven
2218889,25,Jorrit Hendrix,PSV Eindhoven
2218889,90,Georginio Wijnaldum,PSV Eindhoven
2218893,51,Tomáš Necid,PEC Zwolle
2218893,74,Maikel van der Werff,PEC Zwolle
2218893,38,Mark Uth,Sc Heerenveen
2218893,61,Mark Uth,Sc Heerenveen
2218895,17,Tom van Weert,SBV Excelsior
2218895,68,Jeff Stans,SBV Excelsior
2218895,2,Luc Castaignos,Twente Enschede
2218899,21,Lasse Schöne,Ajax Amsterdam
2218899,65,Lasse Schöne,Ajax Amsterdam
2218899,69,Joël Veltman,Ajax Amsterdam
2218899,75,Lucas Andersen,Ajax Amsterdam
2218901,50,Sven van Beek,Feyenoord Rotterdam
2218901,62,Jean-Paul Boëtius,Feyenoord Rotterdam
2218903,67,Rasmus Bengtsson,Twente Enschede
2218903,72,Youness Mokhtar,Twente Enschede
2218905,49,Memphis Depay,PSV Eindhoven
2218907,12,Chris Kum,FC Utrecht
2218907,69,Ruud Boymans,FC Utrecht
2218907,76,Ruud Boymans,FC Utrecht
2218907,11,Davy Pröpper,Vitesse
2218897,8,Marnix Kolder,Go Ahead Eagles
2218897,47,Bryan Linssen,Heracles Almelo
2218897,67,Bryan Linssen,Heracles Almelo
2218897,90,Bryan Linssen,Heracles Almelo
2218909,90,Samuel Armenteros,Willem II
2218909,73,Albert Rusnák,SC Cambuur
2218911,33,Nemanja Gudelj,AZ Alkmaar
2218911,73,Muamer Tanković,AZ Alkmaar
2218911,10,Adil Auassar,SBV Excelsior
2218911,40,Khalid Karami,SBV Excelsior
2218911,68,Kevin van Diermen,SBV Excelsior
2218911,84,Carlo de Reuver,SBV Excelsior
2218913,2,Tjaronn Chery,FC Groningen
2218915,23,Tom van Weert,SBV Excelsior
2218915,90,Carlo de Reuver,SBV Excelsior
2218915,33,Mark van der Maarel,FC Utrecht
2218915,84,Chris Kum,FC Utrecht
2218917,2,Mathias Gehrt,ADO Den Haag
2218917,36,Michiel Kramer,ADO Den Haag
2218917,72,Roland Alberg,ADO Den Haag
2218917,51,Stijn Wuytens,Willem II
2218917,62,Samuel Armenteros,Willem II
2218919,49,Daley Sinkgraven,Sc Heerenveen
2218919,84,Jukka Raitala,Sc Heerenveen
2218919,21,Marnix Kolder,Go Ahead Eagles
2218919,29,Alex Schalk,Go Ahead Eagles
2218927,58,Tomáš Necid,PEC Zwolle
2218927,5,Johan Kappelhof,FC Groningen
2218921,57,Nemanja Gudelj,AZ Alkmaar
2218923,2,Sebastian Steblecki,SC Cambuur
2218923,90,Bartholomew Ogbeche,SC Cambuur
2218923,19,Arkadiusz Milik,Ajax Amsterdam
2218923,23,Davy Klaassen,Ajax Amsterdam
2218923,60,Arkadiusz Milik,Ajax Amsterdam
2218923,78,Anwar el Ghazi,Ajax Amsterdam
2218925,25,Funso Ojo,FC Dordrecht
2218925,9,Hakim Ziyech,Twente Enschede
2218925,20,Andreas Bjelland,Twente Enschede
2218925,44,Youness Mokhtar,Twente Enschede
2218931,29,Bryan Linssen,Heracles Almelo
2218931,45,Luuk de Jong,PSV Eindhoven
2218931,90,Karim Rekik,PSV Eindhoven
2218933,14,Aron Jóhannsson,AZ Alkmaar
2218935,12,Jules Reimerink,Go Ahead Eagles
2218935,27,Alex Schalk,Go Ahead Eagles
2218937,86,Jens Toornstra,Feyenoord Rotterdam
2218937,90,Ruben Schaken,Feyenoord Rotterdam
2218939,67,Samuel Armenteros,Willem II
2218939,64,Tom van Weert,SBV Excelsior
2218941,72,Anwar el Ghazi,Ajax Amsterdam
2218941,73,Ricardo Kishna,Ajax Amsterdam
2218941,84,Arkadiusz Milik,Ajax Amsterdam
2218941,18,Luciano Slagveer,Sc Heerenveen
2218941,66,Daley Sinkgraven,Sc Heerenveen
2218943,83,Michael de Leeuw,FC Groningen
2218943,57,Luuk de Jong,PSV Eindhoven
2218945,28,Ryan Thomas,PEC Zwolle
2218945,39,Luc Castaignos,Twente Enschede
2218945,80,Luc Castaignos,Twente Enschede
2218947,33,Oussama Tannane,Heracles Almelo
2218947,41,Thomas Bruns,Heracles Almelo
2218947,44,Oussama Tannane,Heracles Almelo
2218947,9,Mathias Gehrt,ADO Den Haag
2218949,24,Ruud Boymans,FC Utrecht
2218949,38,Martijn Barto,SC Cambuur
2218949,82,Bartholomew Ogbeche,SC Cambuur
2218949,89,Dejan Meleg,SC Cambuur
2218951,7,Samuel Armenteros,Willem II
2218951,17,Ben Sahar,Willem II
2218951,55,Samuel Armenteros,Willem II
2218951,90,Terell Ondaan,Willem II
2218953,47,Wout Weghorst,Heracles Almelo
2218955,37,Jeffrey Sarpong,NAC Breda
2218955,11,Ruud Boymans,FC Utrecht
2218955,45,Édouard Duplan,FC Utrecht
2218955,53,Ruud Boymans,FC Utrecht
2218955,83,Rubio Rubin,FC Utrecht
2218955,89,Nacer Barazite,FC Utrecht
2218957,40,Marko Vejinović,Vitesse
2218957,50,Abiola Dauda,Vitesse
2218957,75,Alex Schalk,Go Ahead Eagles
2218957,83,Mawouna Amevor,Go Ahead Eagles
2218959,39,Nemanja Gudelj,AZ Alkmaar
2218959,56,Nemanja Gudelj,AZ Alkmaar
2218961,85,Michiel Kramer,ADO Den Haag
2218961,8,Davy Klaassen,Ajax Amsterdam
2218963,17,Stef Nijland,PEC Zwolle
2218963,26,Mustafa Saymak,PEC Zwolle
2218963,28,Jesper Drost,PEC Zwolle
2218963,52,Stef Nijland,PEC Zwolle
2218963,66,Mustafa Saymak,PEC Zwolle
2218965,88,Luc Castaignos,Twente Enschede
2218965,18,Michael de Leeuw,FC Groningen
2218965,28,Tjaronn Chery,FC Groningen
2218967,22,Luuk de Jong,PSV Eindhoven
2218967,60,Luuk de Jong,PSV Eindhoven
2218967,63,Luuk de Jong,PSV Eindhoven
2218967,90,Memphis Depay,PSV Eindhoven
2218967,13,Elvis Manu,Feyenoord Rotterdam
2218967,42,Karim El Ahmadi,Feyenoord Rotterdam
2218967,89,Colin Kâzım-Richards,Feyenoord Rotterdam
2218969,25,Aron Jóhannsson,AZ Alkmaar
2218969,70,Dabney dos Santos,AZ Alkmaar
2218971,51,Jeff Stans,SBV Excelsior
2218971,6,Colin Kâzım-Richards,Feyenoord Rotterdam
2218971,18,Jean-Paul Boëtius,Feyenoord Rotterdam
2218971,27,Lex Immers,Feyenoord Rotterdam
2218971,57,Jens Toornstra,Feyenoord Rotterdam
2218971,62,Lex Immers,Feyenoord Rotterdam
2218971,86,Sven van Beek,Feyenoord Rotterdam
2218973,23,Erik Falkenburg,NAC Breda
2218975,6,Mart Lieder,FC Dordrecht
2218975,21,Georginio Wijnaldum,PSV Eindhoven
2218975,45,Luuk de Jong,PSV Eindhoven
2218975,58,Georginio Wijnaldum,PSV Eindhoven
2218977,14,Kolbeinn Sigþórsson,Ajax Amsterdam
2218977,27,Arkadiusz Milik,Ajax Amsterdam
2218977,31,Joël Veltman,Ajax Amsterdam
2218977,43,Arkadiusz Milik,Ajax Amsterdam
2218977,57,Davy Klaassen,Ajax Amsterdam
2218979,17,Tomáš Necid,PEC Zwolle
2218979,58,Jesper Drost,PEC Zwolle
2218979,71,Tomáš Necid,PEC Zwolle
2218979,74,Michiel Kramer,ADO Den Haag
2218981,24,Kristoffer Peterson,FC Utrecht
2218981,90,Gévero Markiet,FC Utrecht
2218981,8,Thomas Bruns,Heracles Almelo
2218981,50,Mark-Jan Fledderus,Heracles Almelo
2218981,71,Wout Weghorst,Heracles Almelo
2218981,90,Iliass Bel Hassani,Heracles Almelo
2218983,7,Michael de Leeuw,FC Groningen
2218983,25,Mark Uth,Sc Heerenveen
2218985,17,Marko Vejinović,Vitesse
2218985,34,Jan-Arie van der Heijden,Vitesse
2218985,33,Jesús Corona,Twente Enschede
2218985,50,Hakim Ziyech,Twente Enschede
2218987,73,Oussama Tannane,Heracles Almelo
2218987,3,Ryan Koolwijk,FC Dordrecht
2218989,35,Mark Uth,Sc Heerenveen
2218989,62,Mark Uth,Sc Heerenveen
2218991,36,Mike van Duinen,ADO Den Haag
2218991,40,Gianni Zuiverloon,ADO Den Haag
2218991,13,Luigi Bruins,SBV Excelsior
2218991,34,Ninos Gouriye,SBV Excelsior
2219003,74,Tomáš Necid,PEC Zwolle
2218995,90,Deniz Türüç,Go Ahead Eagles
2218995,27,Martijn Barto,SC Cambuur
2218995,73,Albert Rusnák,SC Cambuur
2218997,16,Thulani Serero,Ajax Amsterdam
2218997,20,Davy Klaassen,Ajax Amsterdam
2218997,65,Anwar el Ghazi,Ajax Amsterdam
2218997,35,Rubio Rubin,FC Utrecht
2218999,21,Luuk de Jong,PSV Eindhoven
2218999,45,Georginio Wijnaldum,PSV Eindhoven
2219001,61,Tjaronn Chery,FC Groningen
2219001,42,Bertrand Traoré,Vitesse
2218993,53,Colin Kâzım-Richards,Feyenoord Rotterdam
2218993,90,Jordy Clasie,Feyenoord Rotterdam
2218993,25,Wesley Hoedt,AZ Alkmaar
2218993,30,Muamer Tanković,AZ Alkmaar
2219007,57,Sander van de Streek,SC Cambuur
2219007,89,Erik Bakker,SC Cambuur
2219007,19,Thomas Lam,PEC Zwolle
2219009,83,Robin Gosens,FC Dordrecht
2219009,45,Michael de Leeuw,FC Groningen
2219011,13,Santiago Arias,PSV Eindhoven
2219011,34,Memphis Depay,PSV Eindhoven
2219011,79,Memphis Depay,PSV Eindhoven
2219011,90,Jürgen Locadia,PSV Eindhoven
2219011,90,Florian Jozefzoon,PSV Eindhoven
2219013,12,Édouard Duplan,FC Utrecht
2219013,28,Édouard Duplan,FC Utrecht
2219013,37,Mark Diemers,FC Utrecht
2219015,25,Bertrand Traoré,Vitesse
2219015,32,Zakaria Labyad,Vitesse
2219015,43,Bertrand Traoré,Vitesse
2219017,32,Colin Kâzım-Richards,Feyenoord Rotterdam
2219019,83,Mike van der Hoorn,Ajax Amsterdam
2219019,88,Richairo Živković,Ajax Amsterdam
2219021,12,Youness Mokhtar,Twente Enschede
2219021,90,Andreas Bjelland,Twente Enschede
2219021,90,Torgeir Børven,Twente Enschede
2219021,31,Ali Messaoud,Willem II
2219021,72,Robbie Haemhouts,Willem II
2218786,15,Ricardo Kishna,Ajax Amsterdam
2218786,90,Johan Kappelhof,FC Groningen
2218784,4,Bart van Hintum,PEC Zwolle
2218784,63,Jesper Drost,PEC Zwolle
2218784,67,Jody Lukoki,PEC Zwolle
2218784,71,Ben Rienstra,PEC Zwolle
2218784,57,Adnane Tighadouini,NAC Breda
2218774,1,Mike van Duinen,ADO Den Haag
2218774,38,Roland Alberg,ADO Den Haag
2218774,36,Bartholomew Ogbeche,SC Cambuur
2218774,78,Bartholomew Ogbeche,SC Cambuur
2218776,25,Simon Poulsen,AZ Alkmaar
2218776,51,Nemanja Gudelj,AZ Alkmaar
2218782,10,Adam Maher,PSV Eindhoven
2218772,59,Robert Braber,Willem II
2218780,90,Willem Janssen,FC Utrecht
2218780,41,Luciano Slagveer,Sc Heerenveen
2218780,65,Sam Larsson,Sc Heerenveen
2218788,37,Lex Immers,Feyenoord Rotterdam
2218788,59,Jens Toornstra,Feyenoord Rotterdam
2218788,62,Jean-Paul Boëtius,Feyenoord Rotterdam
2218788,51,Orlando Engelaar,Twente Enschede
2218778,14,Tom van Weert,SBV Excelsior
2218778,70,Daryl van Mieghem,SBV Excelsior
2218778,84,Carlo de Reuver,SBV Excelsior
2218816,62,Jesús Corona,Twente Enschede
2218816,88,Bilal Ould-Chikh,Twente Enschede
2218820,90,Daniël de Ridder,SC Cambuur
2218820,39,Georginio Wijnaldum,PSV Eindhoven
2218820,74,Memphis Depay,PSV Eindhoven
2218810,64,Mart Lieder,FC Dordrecht
2218822,15,Jody Lukoki,PEC Zwolle
2218822,5,Nemanja Gudelj,AZ Alkmaar
2218814,4,Luciano Slagveer,Sc Heerenveen
2218814,10,Mark Uth,Sc Heerenveen
2218814,42,Daley Sinkgraven,Sc Heerenveen
2218814,53,Luciano Slagveer,Sc Heerenveen
2218814,77,Guram Kashia,Vitesse
2218824,32,Tjaronn Chery,FC Groningen
2218824,51,Michael de Leeuw,FC Groningen
2218824,33,Édouard Duplan,FC Utrecht
2218824,56,Yassin Ayoub,FC Utrecht
2218812,43,Jop van der Linden,Go Ahead Eagles
2218734,84,Jürgen Locadia,PSV Eindhoven
2218734,87,Memphis Depay,PSV Eindhoven
2218734,30,Robert Braber,Willem II
2218730,9,Albert Rusnák,FC Groningen
2218730,69,Tjaronn Chery,FC Groningen
2218719,57,Renato Tapia,Twente Enschede
2218719,90,Kyle Ebecilio,Twente Enschede
2218719,73,Martijn Barto,SC Cambuur
2218728,10,Lex Immers,Feyenoord Rotterdam
2218728,20,Timothy Derijck,ADO Den Haag
2218728,47,Mike van Duinen,ADO Den Haag
2218715,38,Thomas Lam,PEC Zwolle
2218715,79,Stef Nijland,PEC Zwolle
2218732,85,Uroš Đurđević,Vitesse
2218726,9,Aron Jóhannsson,AZ Alkmaar
2218726,54,Steven Berghuis,AZ Alkmaar
2218726,88,Markus Henriksen,AZ Alkmaar
2218726,81,Brahim Darri,Heracles Almelo
2218738,53,Memphis Depay,PSV Eindhoven
2218738,74,Georginio Wijnaldum,PSV Eindhoven
2218736,43,Simon Thern,Sc Heerenveen
2218736,58,Sam Larsson,Sc Heerenveen
2218736,77,Sam Larsson,Sc Heerenveen
2218736,29,Colin Kâzım-Richards,Feyenoord Rotterdam
2218742,13,Aleksandr Yakovenko,ADO Den Haag
2218742,90,Roland Alberg,ADO Den Haag
2218740,43,Stef Nijland,PEC Zwolle
2218740,80,Sheraldo Becker,PEC Zwolle
2218740,85,Ben Rienstra,PEC Zwolle
2218740,87,Stef Nijland,PEC Zwolle
2218744,34,Valeri Qazaishvili,Vitesse
2218744,56,Denys Oliynyk,Vitesse
2218748,80,Robbie Haemhouts,Willem II
2218752,38,Brahim Darri,Heracles Almelo
2218752,75,Wout Weghorst,Heracles Almelo
2218752,66,Michael de Leeuw,FC Groningen
2218752,88,Tjaronn Chery,FC Groningen
2218746,76,Aron Jóhannsson,AZ Alkmaar
2218896,28,Jesús Corona,Twente Enschede
2218896,22,Jeff Stans,SBV Excelsior
2218896,51,Daan Bovenberg,SBV Excelsior
2218896,86,Kevin Vermeulen,SBV Excelsior
2218894,3,Luciano Slagveer,Sc Heerenveen
2218894,10,Sam Larsson,Sc Heerenveen
2218894,42,Mark Uth,Sc Heerenveen
2218894,85,Henk Veerman,Sc Heerenveen
2218882,64,Bertrand Traoré,Vitesse
2218890,47,Luciano Narsingh,PSV Eindhoven
2218890,51,Memphis Depay,PSV Eindhoven
2218890,90,Memphis Depay,PSV Eindhoven
2218890,70,Yassin Ayoub,FC Utrecht
2218888,42,Karim El Ahmadi,Feyenoord Rotterdam
2218888,47,Colin Kâzım-Richards,Feyenoord Rotterdam
2218888,61,Martijn Barto,SC Cambuur
2218884,16,Samuel Armenteros,Willem II
2218884,38,Robbie Haemhouts,Willem II
2218884,83,Jeroen Veldmate,Heracles Almelo
2218886,76,Sjoerd Overgoor,Go Ahead Eagles
2218886,88,Wesley Verhoek,Go Ahead Eagles
2218886,24,Anwar el Ghazi,Ajax Amsterdam
2218892,37,Michael de Leeuw,FC Groningen
2218892,8,Steven Berghuis,AZ Alkmaar
2218892,45,Steven Berghuis,AZ Alkmaar
2218892,59,Jeffrey Gouweleeuw,AZ Alkmaar
2218892,65,Markus Henriksen,AZ Alkmaar
2218892,82,Markus Henriksen,AZ Alkmaar
2218864,40,Markus Henriksen,AZ Alkmaar
2218864,49,Robert Mühren,AZ Alkmaar
2218864,3,Luuk de Jong,PSV Eindhoven
2218864,8,Luuk de Jong,PSV Eindhoven
2218864,59,Georginio Wijnaldum,PSV Eindhoven
2218864,60,Luuk de Jong,PSV Eindhoven
2218866,45,Bryan Linssen,Heracles Almelo
2218866,85,Thomas Bruns,Heracles Almelo
2218862,28,Zakaria Labyad,Vitesse
2218862,44,Bertrand Traoré,Vitesse
2218878,46,Daan Bovenberg,SBV Excelsior
2218878,58,Albert Rusnák,FC Groningen
2218868,56,Michiel Kramer,ADO Den Haag
2218868,76,Xander Houtkoop,ADO Den Haag
2218868,86,Michiel Kramer,ADO Den Haag
2218868,10,Demy de Zeeuw,NAC Breda
2218868,59,Demy de Zeeuw,NAC Breda
2218872,1,Sander van de Streek,SC Cambuur
2218872,8,Sander van de Streek,SC Cambuur
2218872,7,Luciano Slagveer,Sc Heerenveen
2218874,16,Sébastien Haller,FC Utrecht
2218874,39,Sébastien Haller,FC Utrecht
2218874,49,Sébastien Haller,FC Utrecht
2218874,81,Sébastien Haller,FC Utrecht
2218874,85,Chris Kum,FC Utrecht
2218874,87,Jeff Hardeveld,FC Utrecht
2218874,66,Josimar Lima,FC Dordrecht
2218876,24,Jeffrey Rijsdijk,Go Ahead Eagles
2218870,11,Nick Viergever,Ajax Amsterdam
2218870,15,Riechedly Bazoer,Ajax Amsterdam
2218870,68,Ricardo Kishna,Ajax Amsterdam
2218870,75,Ricardo Kishna,Ajax Amsterdam
2218870,6,Jesús Corona,Twente Enschede
2218870,50,Hakim Ziyech,Twente Enschede
2218974,64,Adnane Tighadouini,NAC Breda
2218974,87,Adnane Tighadouini,NAC Breda
2218974,90,Bartholomew Ogbeche,SC Cambuur
2218980,43,Roland Alberg,ADO Den Haag
2218980,59,Wilson Eduardo,ADO Den Haag
2218980,90,Michiel Kramer,ADO Den Haag
2218980,72,Ben Rienstra,PEC Zwolle
2218980,90,Mustafa Saymak,PEC Zwolle
2218970,33,Simon Poulsen,AZ Alkmaar
2218970,58,Robert Mühren,AZ Alkmaar
2218982,76,Denni Avdić,Heracles Almelo
2218982,80,Sébastien Haller,FC Utrecht
2218984,35,Simon Thern,Sc Heerenveen
2218984,59,Joost van Aken,Sc Heerenveen
2218984,90,Henk Veerman,Sc Heerenveen
2218984,50,Michael de Leeuw,FC Groningen
2218976,62,Luuk de Jong,PSV Eindhoven
2218976,70,Jeffrey Bruma,PSV Eindhoven
2218976,4,Jeffry Fortes,FC Dordrecht
2218978,52,Ali Messaoud,Willem II
2218978,37,Arkadiusz Milik,Ajax Amsterdam
2218986,82,Jesús Corona,Twente Enschede
2218986,17,Zakaria Labyad,Vitesse
2218986,90,Valeri Qazaishvili,Vitesse
2218972,49,Colin Kâzım-Richards,Feyenoord Rotterdam
2218972,76,Jens Toornstra,Feyenoord Rotterdam
2218972,78,Lex Immers,Feyenoord Rotterdam
2218972,6,Tom van Weert,SBV Excelsior
2218972,29,Tom van Weert,SBV Excelsior
2218762,44,Jeffry Fortes,FC Dordrecht
2218762,90,Sean Klaiber,FC Dordrecht
2218762,36,Glynor Plet,Go Ahead Eagles
2218764,34,Bertrand Traoré,Vitesse
2218764,64,Davy Pröpper,Vitesse
2218764,4,Mustafa Saymak,PEC Zwolle
2218756,41,Steven Berghuis,AZ Alkmaar
2218756,90,Dabney dos Santos,AZ Alkmaar
2218766,5,Luc Castaignos,Twente Enschede
2218766,88,Erik Falkenburg,NAC Breda
2218754,19,Sander van de Streek,SC Cambuur
2218758,5,Luigi Bruins,SBV Excelsior
2218758,50,Tom van Weert,SBV Excelsior
2218758,90,Kevin Vermeulen,SBV Excelsior
2218768,53,Tjaronn Chery,FC Groningen
2218768,90,Xander Houtkoop,ADO Den Haag
2218770,77,Luuk de Jong,PSV Eindhoven
2218770,30,Ricardo Kishna,Ajax Amsterdam
2218770,83,Lasse Schöne,Ajax Amsterdam
2218770,90,Anwar el Ghazi,Ajax Amsterdam
2219022,19,Jerson Cabral,Willem II
2219022,23,Jerson Cabral,Willem II
2219022,45,Hakim Ziyech,Twente Enschede
2219022,53,Hakim Ziyech,Twente Enschede
2219012,39,Jop van der Linden,Go Ahead Eagles
2219012,23,Memphis Depay,PSV Eindhoven
2219012,44,Andrés Guardado,PSV Eindhoven
2219006,78,Luciano Slagveer,Sc Heerenveen
2219016,90,Denni Avdić,Heracles Almelo
2219016,21,Bertrand Traoré,Vitesse
2219008,30,Jesper Drost,PEC Zwolle
2219008,35,Maikel van der Werff,PEC Zwolle
2219008,63,Ryan Thomas,PEC Zwolle
2219008,71,Stef Nijland,PEC Zwolle
2219008,80,Stef Nijland,PEC Zwolle
2219008,89,Stef Nijland,PEC Zwolle
2219008,76,Mikhail Rosheuvel,SC Cambuur
2219010,43,Albert Rusnák,FC Groningen
2219010,90,Tjaronn Chery,FC Groningen
2219018,10,Lex Immers,Feyenoord Rotterdam
2219018,62,Mitchell te Vrede,Feyenoord Rotterdam
2219018,75,Mitchell te Vrede,Feyenoord Rotterdam
2219020,83,Anwar el Ghazi,Ajax Amsterdam
2219014,2,Willem Janssen,FC Utrecht
2219014,10,Mark Diemers,FC Utrecht
2219014,17,Sébastien Haller,FC Utrecht
2219014,69,Sébastien Haller,FC Utrecht
2219014,84,Kristoffer Peterson,FC Utrecht
2219014,88,Gévero Markiet,FC Utrecht
2219014,89,Édouard Duplan,FC Utrecht
2219014,56,Aron Jóhannsson,AZ Alkmaar
2218934,7,Bertrand Traoré,Vitesse
2218934,73,Marko Vejinović,Vitesse
2218934,90,Valeri Qazaishvili,Vitesse
2218934,8,Steven Berghuis,AZ Alkmaar
2218946,77,Renato Tapia,Twente Enschede
2218946,82,Hakim Ziyech,Twente Enschede
2218936,90,Adnane Tighadouini,NAC Breda
2218950,18,Erik Bakker,SC Cambuur
2218950,28,Sander van de Streek,SC Cambuur
2218950,90,Mikhail Rosheuvel,SC Cambuur
2218950,26,Édouard Duplan,FC Utrecht
2218940,57,Tom van Weert,SBV Excelsior
2218940,90,Jeff Stans,SBV Excelsior
2218940,19,Robbie Haemhouts,Willem II
2218940,65,Ali Messaoud,Willem II
2218940,90,Ben Sahar,Willem II
2218948,42,Mike van Duinen,ADO Den Haag
2218948,4,Wout Weghorst,Heracles Almelo
2218948,55,Denni Avdić,Heracles Almelo
2218948,67,Iliass Bel Hassani,Heracles Almelo
2218942,6,Arkadiusz Milik,Ajax Amsterdam
2218942,11,Davy Klaassen,Ajax Amsterdam
2218942,35,Joël Veltman,Ajax Amsterdam
2218942,38,Joël Veltman,Ajax Amsterdam
2218942,67,Arkadiusz Milik,Ajax Amsterdam
2218944,11,Georginio Wijnaldum,PSV Eindhoven
2218944,66,Nicolas Isimat-Mirin,PSV Eindhoven
2218944,43,Eric Botteghin,FC Groningen
2218938,62,Jeffry Fortes,FC Dordrecht
2218938,19,Elvis Manu,Feyenoord Rotterdam
2218938,90,Anass Achahbar,Feyenoord Rotterdam
2218956,34,Édouard Duplan,FC Utrecht
2218956,72,Gévero Markiet,FC Utrecht
2218956,88,Rubio Rubin,FC Utrecht
2218956,32,Erik Falkenburg,NAC Breda
2218956,49,Erik Falkenburg,NAC Breda
2218956,75,Kenny van der Weg,NAC Breda
2218956,81,Mats Seuntjens,NAC Breda
2218958,5,Zakaria Labyad,Vitesse
2218958,65,Marko Vejinović,Vitesse
2218952,39,Ben Sahar,Willem II
2218952,60,Ben Sahar,Willem II
2218952,90,Anthony Biekman,FC Dordrecht
2218954,15,Thomas Bruns,Heracles Almelo
2218954,4,Luciano Slagveer,Sc Heerenveen
2218954,57,Sam Larsson,Sc Heerenveen
2218954,75,Luciano Slagveer,Sc Heerenveen
2218954,82,Mark Uth,Sc Heerenveen
2218960,12,Nemanja Gudelj,AZ Alkmaar
2218960,90,Markus Henriksen,AZ Alkmaar
2218960,62,Bartholomew Ogbeche,SC Cambuur
2218964,37,Sander Fischer,SBV Excelsior
2218964,40,Jeff Stans,SBV Excelsior
2218966,23,Lorenzo Burnet,FC Groningen
2218966,80,Mimoun Mahi,FC Groningen
2218966,12,Renato Tapia,Twente Enschede
2218966,58,Joachim Andersen,Twente Enschede
2218968,58,Anass Achahbar,Feyenoord Rotterdam
2218968,62,Anass Achahbar,Feyenoord Rotterdam
2218968,67,Memphis Depay,PSV Eindhoven
2218962,80,Xander Houtkoop,ADO Den Haag
2219002,13,Rasmus Lindgren,FC Groningen
2219002,79,Sergio Padt,FC Groningen
2219004,75,Bram van Polen,PEC Zwolle
2218988,18,Everon Pisas,FC Dordrecht
2218988,23,Joris van Overeem,FC Dordrecht
2218988,8,Bryan Linssen,Heracles Almelo
2218988,71,Wout Weghorst,Heracles Almelo
2218988,86,Bryan Linssen,Heracles Almelo
2219000,29,Luuk de Jong,PSV Eindhoven
2219000,34,Jeffrey Bruma,PSV Eindhoven
2219000,45,Georginio Wijnaldum,PSV Eindhoven
2219000,75,Memphis Depay,PSV Eindhoven
2219000,78,Memphis Depay,PSV Eindhoven
2218994,3,Derrick Luckassen,AZ Alkmaar
2218994,40,Anass Achahbar,Feyenoord Rotterdam
2218994,45,Elvis Manu,Feyenoord Rotterdam
2218994,59,Elvis Manu,Feyenoord Rotterdam
2218994,87,Sven van Beek,Feyenoord Rotterdam
2218998,51,Ramon Leeuwin,FC Utrecht
2218998,85,Gévero Markiet,FC Utrecht
2218992,59,Adil Auassar,SBV Excelsior
2218992,63,Ninos Gouriye,SBV Excelsior
2218992,34,Michiel Kramer,ADO Den Haag
2218992,79,Roland Alberg,ADO Den Haag
2218992,90,Michiel Kramer,ADO Den Haag
2218996,83,Sebastian Steblecki,SC Cambuur
2218798,12,Georginio Wijnaldum,PSV Eindhoven
2218798,50,Joshua Brenet,PSV Eindhoven
2218798,90,Luuk de Jong,PSV Eindhoven
2218798,34,Maikel van der Werff,PEC Zwolle
2218804,41,Tom van Weert,SBV Excelsior
2218804,39,Bertrand Traoré,Vitesse
2218804,72,Bertrand Traoré,Vitesse
2218804,90,Renato Ibarra,Vitesse
2218794,45,Simon Thern,Sc Heerenveen
2218794,57,Luciano Slagveer,Sc Heerenveen
2218794,76,Sam Larsson,Sc Heerenveen
2218794,83,Sam Larsson,Sc Heerenveen
2218794,87,Joey van den Berg,Sc Heerenveen
2218794,1,Steven Berghuis,AZ Alkmaar
2218794,59,Steven Berghuis,AZ Alkmaar
2218806,15,Adnane Tighadouini,NAC Breda
2218806,42,Adnane Tighadouini,NAC Breda
2218806,67,Giovanni Korte,FC Dordrecht
2218806,69,Everon Pisas,FC Dordrecht
2218790,45,Kolbeinn Sigþórsson,Ajax Amsterdam
2218790,86,Lucas Andersen,Ajax Amsterdam
2218796,36,Freek Heerkens,Willem II
2218796,74,Bruno Andrade,Willem II
2218796,30,Elvis Manu,Feyenoord Rotterdam
2218796,81,Colin Kâzım-Richards,Feyenoord Rotterdam
2218792,23,Wesley Verhoek,Go Ahead Eagles
2218792,28,Hakim Ziyech,Twente Enschede
2218792,38,Renato Tapia,Twente Enschede
2218792,51,Renato Tapia,Twente Enschede
2218802,1,Tjaronn Chery,FC Groningen
2218802,28,Eric Botteghin,FC Groningen
2218802,56,Simon Tibbling,FC Groningen
2218802,83,Nick van der Velden,FC Groningen
2218802,6,Mikhail Rosheuvel,SC Cambuur
2218800,73,Roland Alberg,ADO Den Haag
2218800,85,Gervane Kastaneer,ADO Den Haag
2218836,90,Bartholomew Ogbeche,SC Cambuur
2218836,53,Adil Auassar,SBV Excelsior
2218834,29,Nemanja Gudelj,AZ Alkmaar
2218834,60,Derrick Luckassen,AZ Alkmaar
2218834,65,Nemanja Gudelj,AZ Alkmaar
2218834,55,Wilson Eduardo,ADO Den Haag
2218826,52,Valeri Qazaishvili,Vitesse
2218826,65,Valeri Qazaishvili,Vitesse
2218826,68,Renato Ibarra,Vitesse
2218842,3,Luuk de Jong,PSV Eindhoven
2218842,23,Memphis Depay,PSV Eindhoven
2218842,41,Luuk de Jong,PSV Eindhoven
2218842,88,Luciano Narsingh,PSV Eindhoven
2218842,27,Joey van den Berg,Sc Heerenveen
2218838,65,Ali Messaoud,Willem II
2218838,8,Jarchinio Antonia,FC Groningen
2218838,22,Tjaronn Chery,FC Groningen
2218838,62,Michael de Leeuw,FC Groningen
2218838,90,Tjaronn Chery,FC Groningen
2218832,71,Jules Reimerink,Go Ahead Eagles
2218830,14,Thomas Bruns,Heracles Almelo
2218830,47,Bryan Linssen,Heracles Almelo
2218840,55,Sébastien Haller,FC Utrecht
2218844,85,Michiel Kramer,ADO Den Haag
2218850,80,Mark Uth,Sc Heerenveen
2218850,78,Bruno Andrade,Willem II
2218846,38,Mats Seuntjens,NAC Breda
2218846,16,Bryan Linssen,Heracles Almelo
2218846,25,Ramon Zomer,Heracles Almelo
2218846,71,Jaroslav Navratil,Heracles Almelo
2218852,19,Sébastien Haller,FC Utrecht
2218852,61,Sébastien Haller,FC Utrecht
2218854,73,Jeff Stans,SBV Excelsior
2218854,51,Luuk de Jong,PSV Eindhoven
2218854,68,Georginio Wijnaldum,PSV Eindhoven
2218854,75,Memphis Depay,PSV Eindhoven
2218854,90,Jürgen Locadia,PSV Eindhoven
2218858,44,Tjaronn Chery,FC Groningen
2218858,26,Jordy Clasie,Feyenoord Rotterdam
2218860,48,Jesper Drost,PEC Zwolle
2218860,89,Kolbeinn Sigþórsson,Ajax Amsterdam
2218856,11,Wesley Hoedt,AZ Alkmaar
2218856,35,Aron Jóhannsson,AZ Alkmaar
2218916,60,Sébastien Haller,FC Utrecht
2218916,84,Danny Verbeek,FC Utrecht
2218916,75,Tom van Weert,SBV Excelsior
2218916,79,Tom van Weert,SBV Excelsior
2218918,62,Samuel Armenteros,Willem II
2218920,90,Wesley Verhoek,Go Ahead Eagles
2218920,88,Lerin Duarte,Sc Heerenveen
2218922,12,Steven Berghuis,AZ Alkmaar
2218922,83,Robert Mühren,AZ Alkmaar
2218922,88,Aron Jóhannsson,AZ Alkmaar
2218922,34,Jeffrey Sarpong,NAC Breda
2218922,38,Adnane Tighadouini,NAC Breda
2218924,57,Viktor Fischer,Ajax Amsterdam
2218924,62,Viktor Fischer,Ajax Amsterdam
2218924,83,Lasse Schöne,Ajax Amsterdam
2218926,57,Jesús Corona,Twente Enschede
2218926,74,Andreas Bjelland,Twente Enschede
2218926,87,Jesús Corona,Twente Enschede
2218928,74,Tomáš Necid,PEC Zwolle
2218932,32,Memphis Depay,PSV Eindhoven
2218932,64,Jetro Willems,PSV Eindhoven
2218930,38,Jens Toornstra,Feyenoord Rotterdam
2218930,13,Valeri Qazaishvili,Vitesse
2218930,31,Jan-Arie van der Heijden,Vitesse
2218930,43,Rochdi Achenteh,Vitesse
2218930,90,Zakaria Labyad,Vitesse
2218898,49,Bryan Linssen,Heracles Almelo
2218900,70,Sean Klaiber,FC Dordrecht
2218900,90,Ricky van Haaren,FC Dordrecht
2218900,57,Viktor Fischer,Ajax Amsterdam
2218902,52,Ben Rienstra,PEC Zwolle
2218902,72,Tomáš Necid,PEC Zwolle
2218902,90,Tomáš Necid,PEC Zwolle
2218904,1,Luciano Slagveer,Sc Heerenveen
2218904,72,Hakim Ziyech,Twente Enschede
2218904,73,Hakim Ziyech,Twente Enschede
2218904,77,Orlando Engelaar,Twente Enschede
2218906,24,Aleksandr Yakovenko,ADO Den Haag
2218906,56,Danny Bakker,ADO Den Haag
2218906,45,Luciano Narsingh,PSV Eindhoven
2218906,61,Luuk de Jong,PSV Eindhoven
2218906,90,Georginio Wijnaldum,PSV Eindhoven
2218908,13,Bertrand Traoré,Vitesse
2218908,25,Bertrand Traoré,Vitesse
2218908,89,Zakaria Labyad,Vitesse
2218908,44,Yassin Ayoub,FC Utrecht
2218908,45,Bart Ramselaar,FC Utrecht
2218908,88,Danny Verbeek,FC Utrecht
2218910,86,Erik Bakker,SC Cambuur
2218910,35,Ben Sahar,Willem II
2218910,47,Samuel Armenteros,Willem II
2218912,5,Aron Jóhannsson,AZ Alkmaar
2218912,6,Steven Berghuis,AZ Alkmaar
2218912,35,Markus Henriksen,AZ Alkmaar
2218912,42,Jeffrey Gouweleeuw,AZ Alkmaar
2218912,57,Aron Jóhannsson,AZ Alkmaar
2218914,16,Guyon Fernandez,NAC Breda
2218914,26,Adnane Tighadouini,NAC Breda
2218914,71,Adnane Tighadouini,NAC Breda
2218914,76,Guyon Fernandez,NAC Breda
2218914,11,Michael de Leeuw,FC Groningen
2218914,24,Michael de Leeuw,FC Groningen
2218914,31,Michael de Leeuw,FC Groningen
2218914,69,Tjaronn Chery,FC Groningen
2218914,87,Danny Hoesen,FC Groningen
