GameID,Minute,Player,Team,Card
2275416,19,Pina,Villarreal CF,yellow
2275489,74,Gastón Sangoy,Apollon Limassol,yellow
2275489,80,Marcos Gullón,Apollon Limassol,yellow-red
2275489,87,Fotis Papoulis,Apollon Limassol,yellow
2275489,90,Bruno Vale,Apollon Limassol,yellow
2275489,31,Marco Schönbächler,FC Zürich,yellow
2275489,44,Amine Chermiti,FC Zürich,yellow
2275489,79,Burim Kukeli,FC Zürich,yellow
2275489,90,Yacine Chikhaoui,FC Zürich,yellow-red
2275439,35,Berat Djimsiti,FC Zürich,yellow
2275441,63,Bruno Soriano,Villarreal CF,yellow
2275441,51,Burim Kukeli,FC Zürich,yellow
2275441,77,Franck Etoundi,FC Zürich,yellow
2275488,54,Martin Stranzl,Bor. Mönchengladbach,yellow
2275488,77,Håvard Nordtveit,Bor. Mönchengladbach,yellow
2275440,90,Patrick Rossini,FC Zürich,yellow
2275440,15,Jonathan dos Santos,Villarreal CF,yellow
2275417,39,Bruno Soriano,Villarreal CF,yellow
2275417,68,Trigueros,Villarreal CF,yellow
2275417,17,Roel Brouwers,Bor. Mönchengladbach,yellow
2275417,77,Granit Xhaka,Bor. Mönchengladbach,yellow
2275490,42,Asmir Kajević,FC Zürich,yellow
2275490,47,Ivan Kecojević,FC Zürich,yellow
2275490,77,Alain Nef,FC Zürich,yellow
2275490,73,João Paulo,Apollon Limassol,yellow
2275438,32,Philippe Koch,FC Zürich,yellow
2275491,81,Jan Rezek,Apollon Limassol,yellow
2275491,21,Antonio Rukavina,Villarreal CF,yellow
2275491,69,Ikechukwu Uche,Villarreal CF,yellow
2275491,71,Jaume Costa,Villarreal CF,yellow
2275442,62,Thomas Meunier,FC Brügge,yellow
2275442,76,Omar El Kaddouri,FC Turin,yellow
2275442,86,Cristian Molinaro,FC Turin,yellow
2275496,33,Anthony Annan,HJK Helsinki,yellow
2275496,62,Markus Heikkinen,HJK Helsinki,yellow
2275445,54,Marco Benassi,FC Turin,yellow
2275445,77,Cristian Molinaro,FC Turin,yellow
2275445,61,Rúrik Gíslason,FC Kopenhagen,yellow
2275445,90,Mikael Antonsson,FC Kopenhagen,yellow
2275497,19,Teemu Tainio,HJK Helsinki,yellow
2275497,43,Fernando Menegazzo,FC Brügge,yellow
2275418,38,Francisco Silva,FC Brügge,yellow
2275418,49,Daniel Amartey,FC Kopenhagen,yellow
2275418,66,Thomas Delaney,FC Kopenhagen,yellow
2275418,90,Nicolai Jørgensen,FC Kopenhagen,yellow
2275494,69,Fabio Quagliarella,FC Turin,yellow
2275494,43,Anthony Annan,HJK Helsinki,yellow
2275494,84,Demba Savage,HJK Helsinki,yellow
2275494,85,Macoumba Kandji,HJK Helsinki,yellow
2275419,32,Daniel Amartey,FC Kopenhagen,yellow
2275419,58,Steve De Ridder,FC Kopenhagen,yellow
2275419,63,Nicolai Jørgensen,FC Kopenhagen,yellow
2275419,74,Thomas Delaney,FC Kopenhagen,yellow
2275419,45,Thomas Meunier,FC Brügge,yellow
2275493,90,Anthony Annan,HJK Helsinki,yellow
2275493,83,Omar El Kaddouri,FC Turin,yellow
2275443,38,Marco Benassi,FC Turin,yellow
2275443,51,Emiliano Moretti,FC Turin,yellow
2275443,79,Alessandro Gazzi,FC Turin,yellow
2275443,90,Pontus Jansson,FC Turin,yellow
2275443,90,Cristian Molinaro,FC Turin,yellow
2275443,58,Nicolás Castillo,FC Brügge,yellow
2275443,85,Laurens De Bock,FC Brügge,yellow
2275443,90,Mathew Ryan,FC Brügge,yellow
2275443,90,Brandon Mechele,FC Brügge,yellow
2275495,90,Toni Doblas,HJK Helsinki,yellow
2275495,90,Macoumba Kandji,HJK Helsinki,yellow
2275495,41,Tom Høgli,FC Kopenhagen,yellow
2275495,64,Rúrik Gíslason,FC Kopenhagen,yellow
2275444,30,Mikael Antonsson,FC Kopenhagen,red
2275444,40,Mathias Jørgensen,FC Kopenhagen,red
2275498,34,Fernando Menegazzo,FC Brügge,yellow
2275498,71,Tom De Sutter,FC Brügge,yellow
2275498,10,Gideon Baah,HJK Helsinki,yellow
2275452,57,Branko Ilič,Partizan Belgrad,yellow
2275452,86,Predrag Luka,Partizan Belgrad,yellow
2275452,34,Andros Townsend,Tottenham Hotspur,yellow
2275452,48,Ben Davies,Tottenham Hotspur,yellow
2275500,90,Veli Kavlak,Beşiktaş,yellow
2275500,73,Dorin Goian,Asteras Tripolis,yellow
2275426,7,Ben Davies,Tottenham Hotspur,yellow
2275426,48,Nabil Bentaleb,Tottenham Hotspur,yellow
2275426,50,Federico Fazio,Tottenham Hotspur,yellow
2275426,89,Vlad Chiricheş,Tottenham Hotspur,yellow
2275426,6,Demba Ba,Beşiktaş,yellow
2275501,90,Jerónimo Barrales,Asteras Tripolis,yellow
2275501,90,Dorin Goian,Asteras Tripolis,yellow
2275501,15,Branko Ilič,Partizan Belgrad,yellow
2275501,50,Danko Lazović,Partizan Belgrad,yellow
2275501,61,Miroslav Vulićević,Partizan Belgrad,yellow
2275501,89,Nikola Ninković,Partizan Belgrad,yellow
2275451,42,Vladimir Volkov,Partizan Belgrad,yellow
2275451,75,Branko Ilič,Partizan Belgrad,yellow
2275451,14,Olcay Şahan,Beşiktaş,yellow
2275451,31,Ramon,Beşiktaş,yellow
2275504,87,Hugo Lloris,Tottenham Hotspur,red
2275504,37,Thanasis Panteliadis,Asteras Tripolis,yellow
2275450,14,Veli Kavlak,Beşiktaş,yellow
2275450,28,Vladimir Volkov,Partizan Belgrad,yellow
2275450,56,Vojislav Stanković,Partizan Belgrad,yellow
2275450,60,Saša Marković,Partizan Belgrad,yellow
2275450,79,Danko Lazović,Partizan Belgrad,yellow
2275450,79,Miladin Stevanović,Partizan Belgrad,yellow
2275503,36,Khalifa Sankaré,Asteras Tripolis,yellow
2275503,83,Ryan Mason,Tottenham Hotspur,yellow
2275503,89,Federico Fazio,Tottenham Hotspur,red
2275453,51,Benjamin Stambouli,Tottenham Hotspur,yellow
2275453,72,Petar Grbić,Partizan Belgrad,yellow
2275453,86,Branko Ilič,Partizan Belgrad,yellow
2275499,57,Thanasis Panteliadis,Asteras Tripolis,yellow
2275499,61,Dorin Goian,Asteras Tripolis,yellow
2275499,76,Khalifa Sankaré,Asteras Tripolis,yellow
2275499,20,Ramon,Beşiktaş,yellow
2275499,67,Ersan Gülüm,Beşiktaş,yellow
2275499,72,Atiba Hutchinson,Beşiktaş,yellow-red
2275499,86,Cenk Gönen,Beşiktaş,yellow
2275427,21,Ersan Gülüm,Beşiktaş,yellow
2275502,46,Nikola Drinčić,Partizan Belgrad,yellow
2275502,54,Branko Ilič,Partizan Belgrad,yellow
2275502,60,Vladimir Volkov,Partizan Belgrad,yellow
2275502,90,Predrag Luka,Partizan Belgrad,yellow
2275502,22,Anastasios Bakasetas,Asteras Tripolis,yellow
2275502,33,Eric Tié Bi,Asteras Tripolis,yellow
2275502,82,Tasos Tsokanis,Asteras Tripolis,yellow
2275421,10,Andreas Ulmer,RB Salzburg,yellow
2275421,90,Martin Hinteregger,RB Salzburg,yellow
2275421,20,Efe Ambrose,Celtic Glasgow,yellow
2275421,39,Scott Brown,Celtic Glasgow,yellow
2275508,4,Duje Čop,Dinamo Zagreb,yellow
2275508,38,Domagoj Antolić,Dinamo Zagreb,yellow
2275508,56,El Arbi Soudani,Dinamo Zagreb,yellow
2275508,90,Arijan Ademi,Dinamo Zagreb,yellow
2275508,36,Cristian Oroş,Astra Giurgiu,yellow
2275508,90,Vasilis Pliatsikas,Astra Giurgiu,yellow
2275459,86,Jason Denayer,Celtic Glasgow,yellow
2275459,90,Anthony Stokes,Celtic Glasgow,yellow
2275459,31,Domagoj Antolić,Dinamo Zagreb,yellow
2275459,75,Leonardo Sigali,Dinamo Zagreb,yellow
2275459,85,Arijan Ademi,Dinamo Zagreb,yellow
2275509,75,Constantin Budescu,Astra Giurgiu,yellow
2275509,83,Syam Ben Youssef,Astra Giurgiu,yellow
2275509,48,Andreas Ulmer,RB Salzburg,yellow
2275509,62,Marcel Sabitzer,RB Salzburg,yellow
2275509,72,Valentino Lazaro,RB Salzburg,yellow
2275461,90,Stefan Ilsanker,RB Salzburg,yellow
2275461,44,Leonardo Sigali,Dinamo Zagreb,yellow
2275461,82,Ognjen Vukojević,Dinamo Zagreb,yellow
2275506,70,Aleksandar Tonev,Celtic Glasgow,yellow
2275506,8,Seidu Yahaya,Astra Giurgiu,yellow
2275506,73,Cristian Oroş,Astra Giurgiu,yellow
2275460,15,Ivo Pinto,Dinamo Zagreb,yellow
2275460,51,Marcelo Brozović,Dinamo Zagreb,yellow
2275460,76,Arijan Ademi,Dinamo Zagreb,yellow
2275460,80,Jozo Šimunović,Dinamo Zagreb,yellow
2275460,50,Stefan Ilsanker,RB Salzburg,yellow
2275460,52,Andreas Ulmer,RB Salzburg,yellow
2275460,87,Konrad Laimer,RB Salzburg,yellow
2275505,36,Syam Ben Youssef,Astra Giurgiu,yellow
2275505,66,Seidu Yahaya,Astra Giurgiu,yellow
2275505,90,Sadat Bukari,Astra Giurgiu,yellow
2275505,90,Vincent Laban,Astra Giurgiu,red
2275505,67,Scott Brown,Celtic Glasgow,yellow
2275505,90,Virgil van Dijk,Celtic Glasgow,yellow
2275420,34,Stefan Johansen,Celtic Glasgow,yellow
2275420,39,Benno Schmitz,RB Salzburg,yellow
2275507,39,Laurenţiu Rus,Astra Giurgiu,yellow
2275507,52,Ognjen Vukojević,Dinamo Zagreb,yellow
2275507,60,Ángelo Henríquez,Dinamo Zagreb,yellow
2275507,78,Duje Čop,Dinamo Zagreb,yellow
2275458,30,Stefan Šćepović,Celtic Glasgow,yellow
2275458,35,Emilio Izaguirre,Celtic Glasgow,yellow
2275510,55,Marcel Sabitzer,RB Salzburg,yellow
2275510,67,Benno Schmitz,RB Salzburg,yellow
2275510,83,Christian Schwegler,RB Salzburg,yellow
2275510,53,Aurelian Chiţu,Astra Giurgiu,yellow
2275469,61,Sebá,GD Estoril,yellow
2275469,85,Emídio Rafael,GD Estoril,yellow
2275469,85,Mano,GD Estoril,yellow
2275469,90,Ricardo Vaz,GD Estoril,yellow
2275520,52,Konstantinos Triantafyllopoulos,Panathinaikos,yellow
2275520,66,Aleksey Ionov,Dinamo Moskva,yellow
2275520,81,Artur Yusupov,Dinamo Moskva,yellow
2275521,90,Douglas,Dinamo Moskva,yellow
2275521,49,Santiago Arias,PSV Eindhoven,yellow
2275521,60,Adam Maher,PSV Eindhoven,yellow
2275521,76,Florian Jozefzoon,PSV Eindhoven,yellow
2275466,33,Nano,Panathinaikos,yellow
2275431,45,Memphis Depay,PSV Eindhoven,yellow
2275431,89,Jeffrey Bruma,PSV Eindhoven,yellow-red
2275431,51,Ouasim Bouy,Panathinaikos,yellow
2275431,90,Abdul Ajagun,Panathinaikos,yellow
2275518,62,Kléber,GD Estoril,yellow
2275518,70,Bruno Miguel,GD Estoril,yellow
2275518,75,Sebá,GD Estoril,yellow
2275518,42,William Vainqueur,Dinamo Moskva,yellow
2275518,90,Christian Noboa,Dinamo Moskva,yellow
2275517,35,Igor Denisov,Dinamo Moskva,yellow
2275517,90,Alexander Büttner,Dinamo Moskva,yellow
2275517,71,Ânderson Luís,GD Estoril,yellow
2275517,77,Diogo Amado,GD Estoril,yellow
2275430,22,Tasos Lagos,Panathinaikos,yellow
2275430,36,Zeca,Panathinaikos,yellow
2275430,56,Mladen Petrić,Panathinaikos,yellow
2275430,58,Danijel Pranjić,Panathinaikos,yellow
2275430,79,Marcus Berg,Panathinaikos,yellow
2275430,18,Andrés Guardado,PSV Eindhoven,yellow
2275519,32,Douglas,Dinamo Moskva,yellow
2275519,44,Christos Bourbos,Panathinaikos,yellow
2275519,48,Marcus Berg,Panathinaikos,yellow
2275468,80,Rúben Fernandes,GD Estoril,yellow
2275468,89,Jetro Willems,PSV Eindhoven,yellow
2275468,89,Andrés Guardado,PSV Eindhoven,yellow
2275467,4,Spyros Risvanis,Panathinaikos,yellow
2275467,27,Christos Bourbos,Panathinaikos,yellow
2275467,78,Diamantis Chouchoumis,Panathinaikos,yellow
2275467,15,Bruno Nascimento,GD Estoril,yellow
2275522,75,Nicolas Isimat-Mirin,PSV Eindhoven,yellow
2275522,28,William Vainqueur,Dinamo Moskva,yellow
2275522,64,Aleksey Kozlov,Dinamo Moskva,yellow
2275515,64,Jérémy Clément,AS Saint-Étienne,yellow
2275515,67,Max Gradel,AS Saint-Étienne,yellow
2275432,24,Roman Zozulya,Dnipro Dnipropetrowsk,yellow
2275432,53,Ivan Strinić,Dnipro Dnipropetrowsk,yellow
2275432,68,Ruslan Rotan,Dnipro Dnipropetrowsk,yellow-red
2275432,27,Zdravko Kuzmanović,Inter Mailand,yellow
2275474,27,Loïc Perrin,AS Saint-Étienne,yellow
2275474,71,Moustapha Sall,AS Saint-Étienne,yellow
2275474,33,Roman Zozulya,Dnipro Dnipropetrowsk,yellow
2275474,52,Artem Fedetskiy,Dnipro Dnipropetrowsk,yellow
2275474,70,Ondřej Mazuch,Dnipro Dnipropetrowsk,yellow
2275474,81,Yevhen Shakhov,Dnipro Dnipropetrowsk,yellow
2275474,89,Douglas,Dnipro Dnipropetrowsk,yellow
2275512,80,Juan Jesus,Inter Mailand,yellow
2275512,83,Gary Medel,Inter Mailand,yellow
2275512,90,Muarem Muarem,Qarabağ FK,yellow
2275477,79,Juan Jesus,Inter Mailand,yellow
2275477,89,Hernanes,Inter Mailand,yellow
2275477,42,Moustapha Sall,AS Saint-Étienne,yellow
2275514,8,Artem Fedetskiy,Dnipro Dnipropetrowsk,yellow
2275514,19,Sergiy Kravchenko,Dnipro Dnipropetrowsk,yellow
2275514,53,Ruslan Rotan,Dnipro Dnipropetrowsk,yellow
2275514,59,Yevhen Konoplyanka,Dnipro Dnipropetrowsk,yellow
2275514,25,Vüqar Nadirov,Qarabağ FK,yellow
2275514,50,Qara Qarayev,Qarabağ FK,yellow
2275514,53,Ansi Agolli,Qarabağ FK,yellow
2275514,84,Maksim Medvedev,Qarabağ FK,yellow
2275513,45,Badavi Huseynov,Qarabağ FK,yellow
2275513,30,Ivan Strinić,Dnipro Dnipropetrowsk,yellow
2275513,31,Roman Zozulya,Dnipro Dnipropetrowsk,yellow
2275513,45,Nikola Kalinić,Dnipro Dnipropetrowsk,yellow
2275513,49,Jaba Kankava,Dnipro Dnipropetrowsk,yellow
2275513,51,Ruslan Rotan,Dnipro Dnipropetrowsk,yellow
2275476,53,Franck Tabanou,AS Saint-Étienne,yellow
2275433,31,Hernanes,Inter Mailand,yellow
2275433,46,Andrea Ranocchia,Inter Mailand,yellow-red
2275433,66,Fredy Guarín,Inter Mailand,yellow
2275516,90,Fabien Lemoine,AS Saint-Étienne,yellow
2275516,48,Leroy George,Qarabağ FK,yellow
2275516,74,Maksim Medvedev,Qarabağ FK,yellow
2275475,48,Roman Zozulya,Dnipro Dnipropetrowsk,yellow
2275475,53,Artem Fedetskiy,Dnipro Dnipropetrowsk,yellow
2275475,55,Douglas,Dnipro Dnipropetrowsk,yellow
2275475,90,Nikola Kalinić,Dnipro Dnipropetrowsk,yellow
2275475,36,Loïc Perrin,AS Saint-Étienne,yellow
2275475,38,Ricky van Wolfswinkel,AS Saint-Étienne,yellow
2275475,65,Kévin Monnet-Paquet,AS Saint-Étienne,yellow
2275511,18,Namig Alasgarov,Qarabağ FK,yellow
2275447,33,Timothée Kolodziejczak,Sevilla FC,yellow
2275447,76,Stéphane Mbia,Sevilla FC,yellow
2275447,52,Tonny Vilhena,Feyenoord Rotterdam,yellow
2275447,81,Elvis Manu,Feyenoord Rotterdam,yellow
2275528,53,Julien De Sart,Standard Lüttich,yellow
2275528,70,Paul Mpoku,Standard Lüttich,yellow
2275528,85,Vinícius Araújo,Standard Lüttich,yellow
2275528,8,Zoran Kvržić,HNK Rijeka,yellow
2275528,45,Miral Samardžič,HNK Rijeka,yellow
2275528,64,Ivan Krstanović,HNK Rijeka,yellow
2275528,89,Marin Leovac,HNK Rijeka,yellow
2275528,90,Josip Ivančić,HNK Rijeka,yellow
2275448,37,Lex Immers,Feyenoord Rotterdam,yellow
2275448,69,Miquel Nelom,Feyenoord Rotterdam,yellow
2275448,37,Paul Mpoku,Standard Lüttich,yellow
2275448,86,Jelle Van Damme,Standard Lüttich,yellow
2275525,13,Goran Cvijanovič,HNK Rijeka,yellow
2275525,19,Zoran Kvržić,HNK Rijeka,yellow
2275525,52,Timothée Kolodziejczak,Sevilla FC,red
2275525,87,Fernando Navarro,Sevilla FC,yellow
2275422,17,Geoffrey Mujangi Bia,Standard Lüttich,yellow
2275422,50,Adrien Trebel,Standard Lüttich,yellow
2275422,40,Arribas,Sevilla FC,yellow
2275422,51,Fernando Navarro,Sevilla FC,yellow
2275422,54,Éver Banega,Sevilla FC,yellow
2275422,81,Grzegorz Krychowiak,Sevilla FC,yellow
2275523,68,Marin Leovac,HNK Rijeka,yellow
2275523,77,Mato Jajalo,HNK Rijeka,yellow
2275523,32,Luke Wilkshire,Feyenoord Rotterdam,yellow
2275523,53,Miquel Nelom,Feyenoord Rotterdam,yellow
2275523,90,Jordy Clasie,Feyenoord Rotterdam,yellow
2275423,31,Daniel Carriço,Sevilla FC,yellow
2275423,48,Denis Suárez,Sevilla FC,yellow
2275423,66,Stéphane Mbia,Sevilla FC,yellow
2275423,45,Adrien Trebel,Standard Lüttich,yellow
2275423,49,Laurent Ciman,Standard Lüttich,yellow
2275423,77,Eyong Enoh,Standard Lüttich,yellow
2275423,85,Dino Arslanagić,Standard Lüttich,yellow
2275524,28,Karim El Ahmadi,Feyenoord Rotterdam,yellow
2275524,85,Lex Immers,Feyenoord Rotterdam,yellow
2275524,15,Anas Sharbini,HNK Rijeka,yellow
2275524,30,Miral Samardžič,HNK Rijeka,yellow
2275524,67,Marin Leovac,HNK Rijeka,yellow
2275446,66,Jean-Paul Boëtius,Feyenoord Rotterdam,yellow
2275446,73,Sven van Beek,Feyenoord Rotterdam,yellow
2275446,90,Colin Kâzım-Richards,Feyenoord Rotterdam,yellow
2275446,90,Karim El Ahmadi,Feyenoord Rotterdam,yellow
2275446,82,Arribas,Sevilla FC,yellow
2275446,90,Grzegorz Krychowiak,Sevilla FC,yellow
2275527,78,Goran Cvijanovič,HNK Rijeka,yellow
2275527,90,Andrej Kramarić,HNK Rijeka,yellow
2275527,90,Matej Mitrović,HNK Rijeka,yellow
2275527,33,Dino Arslanagić,Standard Lüttich,red
2275527,81,Julien De Sart,Standard Lüttich,yellow
2275449,51,Corentin Fiore,Standard Lüttich,yellow
2275449,73,Luke Wilkshire,Feyenoord Rotterdam,yellow
2275449,90,Colin Kâzım-Richards,Feyenoord Rotterdam,yellow
2275526,14,Vitolo,Sevilla FC,yellow
2275526,37,Stéphane Mbia,Sevilla FC,yellow
2275526,53,Carlos Bacca,Sevilla FC,yellow
2275526,88,Nicolás Pareja,Sevilla FC,yellow
2275526,61,Ivan Močinić,HNK Rijeka,yellow
2275526,74,Marko Vešović,HNK Rijeka,yellow
2275526,76,Ivan Tomečak,HNK Rijeka,yellow
2275526,90,Josip Ivančić,HNK Rijeka,yellow
2275456,54,Steven Naismith,Everton FC,yellow
2275456,72,Kevin Mirallas,Everton FC,yellow
2275456,46,Robin Knoche,VfL Wolfsburg,yellow
2275532,19,Andreas Granqvist,FK Krasnodar,yellow
2275532,62,Yuri Gazinskiy,FK Krasnodar,yellow
2275532,78,Vladimir Bystrov,FK Krasnodar,yellow
2275532,84,Artur Jędrzejczyk,FK Krasnodar,yellow
2275529,90,Romelu Lukaku,Everton FC,yellow
2275425,75,Ricardo Rodríguez,VfL Wolfsburg,yellow
2275425,79,Ivan Perišić,VfL Wolfsburg,yellow
2275425,90,Luiz Gustavo,VfL Wolfsburg,yellow
2275425,84,Idrissa Gueye,Lille OSC,yellow
2275533,56,Ragnar Sigurðsson,FK Krasnodar,yellow
2275533,73,Ricardo Laborde,FK Krasnodar,yellow
2275533,51,Naldo,VfL Wolfsburg,yellow
2275455,57,Franck Béria,Lille OSC,yellow
2275455,15,Muhamed Bešić,Everton FC,yellow
2275455,57,Steven Pienaar,Everton FC,yellow
2275454,67,Gareth Barry,Everton FC,yellow
2275454,28,Rio Mavuba,Lille OSC,yellow
2275454,86,Florent Balmont,Lille OSC,yellow
2275534,63,Kevin De Bruyne,VfL Wolfsburg,yellow
2275534,39,Ricardo Laborde,FK Krasnodar,yellow
2275534,85,Ragnar Sigurðsson,FK Krasnodar,yellow
2275531,56,Mauricio Pereyra,FK Krasnodar,yellow
2275531,86,Sergey Petrov,FK Krasnodar,yellow
2275531,90,Wanderson,FK Krasnodar,yellow
2275531,65,Idrissa Gueye,Lille OSC,yellow
2275531,84,Nolan Roux,Lille OSC,yellow
2275531,90,Marko Baša,Lille OSC,yellow
2275457,45,Luiz Gustavo,VfL Wolfsburg,yellow
2275457,58,Ivan Perišić,VfL Wolfsburg,yellow
2275457,73,Muhamed Bešić,Everton FC,yellow
2275424,64,Rio Mavuba,Lille OSC,yellow
2275424,73,Florent Balmont,Lille OSC,yellow
2275424,88,Pape Souaré,Lille OSC,yellow
2275424,55,Josuha Guilavogui,VfL Wolfsburg,yellow-red
2275424,90,Luiz Gustavo,VfL Wolfsburg,yellow
2275530,43,Arouna Koné,Everton FC,yellow
2275530,60,Steven Pienaar,Everton FC,yellow
2275530,2,Andreas Granqvist,FK Krasnodar,yellow
2275530,81,Ragnar Sigurðsson,FK Krasnodar,yellow
2275429,66,Dries Mertens,SSC Neapel,yellow
2275429,23,Costa Nhamoinesu,Sparta Prag,yellow
2275429,90,Roman Bednář,Sparta Prag,yellow
2275536,76,Renato Steffen,BSC Young Boys,yellow
2275536,32,Erik Grendel,Slovan Bratislava,yellow
2275536,60,Kristián Kolčák,Slovan Bratislava,yellow
2275536,88,Lester Peltier,Slovan Bratislava,yellow
2275536,89,Matej Jakúbek,Slovan Bratislava,yellow
2275463,51,Tiémoko Konaté,Sparta Prag,yellow
2275463,69,Pavel Kadeřábek,Sparta Prag,yellow
2275463,5,Jan Lecjaks,BSC Young Boys,yellow
2275539,55,František Kubík,Slovan Bratislava,yellow
2275464,30,Milan Vilotić,BSC Young Boys,yellow
2275464,50,Sékou Sanogo,BSC Young Boys,yellow
2275464,55,Jan Lecjaks,BSC Young Boys,yellow
2275464,67,Jorginho,SSC Neapel,yellow
2275464,72,Faouzi Ghoulam,SSC Neapel,yellow
2275538,39,Lester Peltier,Slovan Bratislava,yellow
2275538,60,Mamadou Bagayoko,Slovan Bratislava,yellow
2275428,46,Marek Matějovský,Sparta Prag,yellow
2275428,62,Jakub Brabec,Sparta Prag,yellow
2275428,90,Bořek Dočkal,Sparta Prag,yellow
2275428,6,Miguel Britos,SSC Neapel,yellow
2275535,41,František Kubík,Slovan Bratislava,yellow
2275535,57,Kristián Kolčák,Slovan Bratislava,yellow
2275535,82,Milan Vilotić,BSC Young Boys,yellow
2275462,63,Florent Hadergjonaj,BSC Young Boys,yellow
2275462,88,Renato Steffen,BSC Young Boys,yellow
2275462,41,Costa Nhamoinesu,Sparta Prag,yellow
2275462,65,Bořek Dočkal,Sparta Prag,yellow
2275462,75,Pavel Kadeřábek,Sparta Prag,yellow
2275462,85,Jakub Brabec,Sparta Prag,yellow
2275540,44,Dávid Hudák,Slovan Bratislava,yellow
2275470,31,Renan Bressan,Rio Ave FC,yellow
2275470,89,William Jebor,Rio Ave FC,yellow
2275470,22,Artem Kravets,Dynamo Kiew,yellow
2275470,47,Domagoj Vida,Dynamo Kiew,yellow
2275470,59,Mykyta Burda,Dynamo Kiew,yellow
2275546,57,Nicolai Larsen,Aalborg BK,red
2275436,86,Serhiy Rybalka,Dynamo Kiew,yellow
2275436,38,Paul Papp,Steaua Bukarest,yellow
2275436,77,Łukasz Szukała,Steaua Bukarest,yellow
2275436,90,Andrei Prepelită,Steaua Bukarest,yellow
2275436,90,Cristian Tănase,Steaua Bukarest,yellow
2275543,40,Henrik Dalsgaard,Aalborg BK,yellow
2275543,81,Anders Jacobsen,Aalborg BK,yellow
2275543,62,Pedro Moreira,Rio Ave FC,yellow
2275543,81,Alhassan Wakaso,Rio Ave FC,yellow
2275543,86,Ahmed Hassan,Rio Ave FC,yellow
2275543,90,Tarantini,Rio Ave FC,yellow
2275473,56,Raul Rusescu,Steaua Bukarest,yellow
2275473,83,Andrei Prepelită,Steaua Bukarest,yellow
2275473,86,Łukasz Szukała,Steaua Bukarest,yellow
2275473,27,Nuno Lopes,Rio Ave FC,yellow
2275473,43,Alhassan Wakaso,Rio Ave FC,yellow
2275473,77,Diego Lopes,Rio Ave FC,yellow
2275541,54,Rasmus Würtz,Aalborg BK,yellow
2275541,77,Rasmus Thelander,Aalborg BK,yellow
2275541,57,Mykyta Burda,Dynamo Kiew,yellow
2275541,65,Younès Belhanda,Dynamo Kiew,yellow
2275541,88,Danilo Silva,Dynamo Kiew,yellow
2275472,41,Alhassan Wakaso,Rio Ave FC,yellow
2275472,90,Prince Gouano,Rio Ave FC,yellow-red
2275472,63,Claudiu Keșerü,Steaua Bukarest,yellow
2275472,65,Andrei Prepelită,Steaua Bukarest,yellow
2275472,72,Łukasz Szukała,Steaua Bukarest,yellow
2275472,77,Paul Papp,Steaua Bukarest,yellow
2275542,43,Domagoj Vida,Dynamo Kiew,yellow
2275542,51,Oleksandr Shovkovskiy,Dynamo Kiew,yellow
2275542,68,Aleksandar Dragović,Dynamo Kiew,red
2275542,76,Sergiy Sydorchuk,Dynamo Kiew,yellow
2275471,25,Sergiy Sydorchuk,Dynamo Kiew,yellow
2275471,52,Artem Kravets,Dynamo Kiew,yellow
2275471,85,Domagoj Vida,Dynamo Kiew,yellow
2275471,36,Luís Gustavo,Rio Ave FC,yellow
2275545,53,Donny Gorter,Aalborg BK,yellow
2275545,65,Kasper Risgård,Aalborg BK,yellow
2275545,68,Kenneth Petersen,Aalborg BK,yellow
2275545,82,Anders Jacobsen,Aalborg BK,yellow
2275545,27,Alexandru Bourceanu,Steaua Bukarest,yellow
2275545,60,Lucian Filip,Steaua Bukarest,yellow
2275437,45,Paul Papp,Steaua Bukarest,yellow
2275437,26,Aleksandar Dragović,Dynamo Kiew,yellow
2275437,52,Miguel Veloso,Dynamo Kiew,yellow
2275437,81,Mykyta Burda,Dynamo Kiew,yellow
2275544,14,Rasmus Thelander,Aalborg BK,yellow
2275479,52,Jasmin Kurtić,AC Florenz,yellow
2275479,80,José Basanta,AC Florenz,yellow
2275479,38,Moustapha Diallo,EA Guingamp,yellow-red
2275479,40,Sylvain Marveaux,EA Guingamp,yellow
2275479,81,Claudio Beauvue,EA Guingamp,yellow
2275552,63,Slobodan Simović,Dinamo Minsk,yellow-red
2275552,67,Nemanja Nikolić,Dinamo Minsk,yellow
2275480,70,Ronnie Schwartz,EA Guingamp,yellow
2275547,24,José Basanta,AC Florenz,yellow
2275549,20,Igor Stasevich,Dinamo Minsk,yellow
2275549,22,Sergey Kontsevoy,Dinamo Minsk,yellow
2275549,23,Sambou Yatabaré,EA Guingamp,yellow
2275549,72,Lionel Mathis,EA Guingamp,yellow
2275557,18,Stelios Kitsiou,PAOK Saloniki,yellow
2275557,35,Răzvan Raţ,PAOK Saloniki,yellow
2275557,23,Juan Vargas,AC Florenz,yellow
2275434,28,Stelios Kitsiou,PAOK Saloniki,yellow
2275550,69,Moustapha Diallo,EA Guingamp,yellow
2275550,90,Jérémy Pied,EA Guingamp,yellow
2275550,23,Oleg Veretilo,Dinamo Minsk,yellow
2275550,61,Dmitriy Molosh,Dinamo Minsk,yellow
2275478,41,Alberto Aquilani,AC Florenz,yellow
2275478,44,José Basanta,AC Florenz,red
2275478,57,Khouma Babacar,AC Florenz,yellow
2275478,90,Stefan Savić,AC Florenz,yellow
2275551,77,Oleg Veretilo,Dinamo Minsk,yellow
2275481,6,Stefanos Athanasiadis,PAOK Saloniki,yellow
2275481,38,Giorgos Tzavellas,PAOK Saloniki,yellow
2275481,52,Giannis Skondras,PAOK Saloniki,yellow
2275481,51,Dorian Lévêque,EA Guingamp,yellow
2275548,75,Simone Minelli,AC Florenz,yellow
2275548,90,Jasmin Kurtić,AC Florenz,yellow
2275548,90,Oleg Veretilo,Dinamo Minsk,yellow-red
2275548,90,Alyaksandr Hutor,Dinamo Minsk,yellow
2275482,88,Vasiliy Kobin,Metalist Charkiw ,yellow
2275482,71,Kévin Constant,Trabzonspor,yellow
2275482,79,Avraam Papadopoulos,Trabzonspor,yellow
2275554,64,Łukasz Broź,Legia Warschau,yellow
2275554,77,Jakub Rzeźniczak,Legia Warschau,yellow
2275554,85,Michał Żyro,Legia Warschau,yellow
2275554,56,Alexander Scholz,Sporting Lokeren,yellow
2275554,79,Hans Vanaken,Sporting Lokeren,yellow
2275486,45,Kévin Constant,Trabzonspor,yellow
2275486,74,Avraam Papadopoulos,Trabzonspor,yellow
2275486,90,Sefa Yilmaz,Trabzonspor,yellow
2275486,35,Tomasz Brzyski,Legia Warschau,yellow
2275486,43,Michał Kucharczyk,Legia Warschau,yellow
2275486,49,Dossa Júnior,Legia Warschau,yellow
2275486,80,Ondrej Duda,Legia Warschau,yellow
2275486,88,Michał Żyro,Legia Warschau,yellow-red
2275555,84,Hans Vanaken,Sporting Lokeren,yellow
2275555,90,Nill De Pauw,Sporting Lokeren,yellow
2275555,24,Sergiy Pshenichnikh,Metalist Charkiw ,yellow
2275555,30,Cristian Villagra,Metalist Charkiw ,yellow
2275555,84,Edmar,Metalist Charkiw ,yellow
2275484,35,Juan Torres,Metalist Charkiw ,yellow
2275484,36,Sergiy Bolbat,Metalist Charkiw ,yellow
2275484,59,Sergiy Pshenichnikh,Metalist Charkiw ,yellow
2275484,82,Edmar,Metalist Charkiw ,yellow
2275484,84,Ondrej Duda,Legia Warschau,yellow
2275559,76,Salih Dursun,Trabzonspor,yellow
2275559,77,Waris Majeed,Trabzonspor,yellow
2275559,3,Mijat Marić,Sporting Lokeren,yellow
2275559,48,Hans Vanaken,Sporting Lokeren,yellow
2275559,81,Grégory Mertens,Sporting Lokeren,yellow
2275483,45,Michał Kucharczyk,Legia Warschau,yellow
2275483,86,Orlando Sá,Legia Warschau,yellow
2275483,90,Jakub Rzeźniczak,Legia Warschau,yellow
2275483,14,Cristian Villagra,Metalist Charkiw ,yellow
2275483,62,Juan Torres,Metalist Charkiw ,yellow
2275483,63,Denis Kulakov,Metalist Charkiw ,yellow
2275483,86,Edmar,Metalist Charkiw ,yellow
2275558,21,Júnior Dutra,Sporting Lokeren,yellow
2275558,28,Denis Odoi,Sporting Lokeren,yellow
2275558,14,Fatih Atik,Trabzonspor,yellow
2275435,63,Essaïd Belkalem,Trabzonspor,yellow
2275435,77,Carl Medjani,Trabzonspor,yellow-red
2275435,90,Mustapha Yatabaré,Trabzonspor,yellow
2275435,73,Denis Kulakov,Metalist Charkiw ,yellow
2275553,84,Ayanda Patosi,Sporting Lokeren,yellow
2275553,36,Guilherme,Legia Warschau,yellow
2275553,52,Jakub Rzeźniczak,Legia Warschau,yellow
2275553,82,Tomasz Jodłowiec,Legia Warschau,yellow
2275485,13,Salih Dursun,Trabzonspor,yellow
2275485,49,Aykut Demir,Trabzonspor,yellow
2275485,54,Sefa Yilmaz,Trabzonspor,yellow
2275485,58,Kévin Constant,Trabzonspor,yellow
2275485,90,Mehmet Ekici,Trabzonspor,yellow-red
2275556,37,Oleg Krasnoporov,Metalist Charkiw ,yellow
2275556,18,Cyriel Dessers,Sporting Lokeren,yellow
2275556,47,Mijat Marić,Sporting Lokeren,yellow
2322718,50,Sékou Sanogo,BSC Young Boys,yellow
2322718,90,Florent Hadergjonaj,BSC Young Boys,yellow
2322718,36,Steven Naismith,Everton FC,yellow
2322718,49,Ross Barkley,Everton FC,yellow
2322718,63,John Stones,Everton FC,red
2322718,79,Romelu Lukaku,Everton FC,yellow
2322720,71,Marco Benassi,FC Turin,yellow
2322720,90,Alexander Farnerud,FC Turin,yellow
2322720,90,Matteo Darmian,FC Turin,yellow
2322720,76,Beñat,Athletic Bilbao,yellow
2322726,51,Maximilian Arnold,VfL Wolfsburg,yellow
2322726,13,Oriol Rosell,Sporting CP,yellow
2322726,48,André Carrillo,Sporting CP,yellow
2322730,3,Henrik Dalsgaard,Aalborg BK,yellow
2322730,75,Francisco Silva,FC Brügge,yellow
2322734,28,Roman Bezus,Dnipro Dnipropetrowsk,yellow
2322734,57,Jaba Kankava,Dnipro Dnipropetrowsk,yellow
2322734,61,Yevhen Konoplyanka,Dnipro Dnipropetrowsk,yellow
2322734,90,Valeriy Fedorchuk,Dnipro Dnipropetrowsk,yellow
2322734,56,Felipe Santana,Olympiakos Piräus,yellow
2322734,78,Ibrahim Afellay,Olympiakos Piräus,yellow
2322734,80,Luka Milivojević,Olympiakos Piräus,yellow
2322734,90,Ioannis Maniatis,Olympiakos Piräus,yellow
2322736,36,Fatih Atik,Trabzonspor,yellow
2322736,40,Aykut Demir,Trabzonspor,yellow
2322736,64,Gökhan Inler,SSC Neapel,yellow
2322744,72,Seydou Keita,AS Rom,yellow
2322744,72,José Holebas,AS Rom,yellow
2322744,86,Mapou Yanga-Mbiwa,AS Rom,yellow
2322744,17,Luke Wilkshire,Feyenoord Rotterdam,yellow
2322744,56,Lex Immers,Feyenoord Rotterdam,yellow
2322744,82,Jordy Clasie,Feyenoord Rotterdam,yellow
2322746,85,Memphis Depay,PSV Eindhoven,yellow
2322746,32,Igor Smolnikov,Zenit St. Petersburg,yellow
2322746,84,Aleksandr Ryazantsev,Zenit St. Petersburg,yellow
2322746,85,Ezequiel Garay,Zenit St. Petersburg,yellow
2322746,90,Danny,Zenit St. Petersburg,yellow
2322724,30,Vitolo,Sevilla FC,yellow
2322724,75,Daniel Carriço,Sevilla FC,yellow
2322724,8,Tony Jantschke,Bor. Mönchengladbach,yellow
2322724,14,Granit Xhaka,Bor. Mönchengladbach,yellow
2322724,43,Martin Stranzl,Bor. Mönchengladbach,yellow
2322724,65,Christoph Kramer,Bor. Mönchengladbach,yellow
2322728,45,Riechedly Bazoer,Ajax Amsterdam,yellow
2322728,36,Tomasz Jodłowiec,Legia Warschau,yellow
2322728,90,Ivica Vrdoljak,Legia Warschau,yellow
2322732,73,Anthony Vanden Borre,RSC Anderlecht,yellow
2322732,54,Igor Denisov,Dinamo Moskva,yellow
2322732,56,Artur Yusupov,Dinamo Moskva,yellow
2322732,69,Aleksey Kozlov,Dinamo Moskva,yellow
2322732,75,Alexander Büttner,Dinamo Moskva,yellow-red
2322738,16,Christophe Mandanne,EA Guingamp,yellow
2322738,34,Younousse Sankharé,EA Guingamp,yellow
2322738,66,Dorian Lévêque,EA Guingamp,yellow
2322738,21,Sergiy Sydorchuk,Dynamo Kiew,yellow
2322738,39,Andrey Yarmolenko,Dynamo Kiew,red
2322738,45,Younès Belhanda,Dynamo Kiew,red
2322738,45,Oleg Gusev,Dynamo Kiew,yellow
2322738,45,Serhiy Rybalka,Dynamo Kiew,yellow
2322738,88,Domagoj Vida,Dynamo Kiew,yellow
2322740,38,Pina,Villarreal CF,yellow
2322740,85,Joel Campbell,Villarreal CF,yellow
2322740,90,Jaume Costa,Villarreal CF,yellow
2322740,18,Stefan Ilsanker,RB Salzburg,yellow
2322740,53,Christian Schwegler,RB Salzburg,yellow
2322740,75,André Ramalho,RB Salzburg,yellow
2322748,69,Dejan Lovren,Liverpool FC,yellow
2322748,44,Ersan Gülüm,Beşiktaş,yellow
2322748,77,Serdar Kurtuluş,Beşiktaş,yellow
2322748,84,Ramon,Beşiktaş,yellow
2322748,90,Pedro Franco,Beşiktaş,yellow
2322750,36,Soldado,Tottenham Hotspur,yellow
2322750,5,Gonzalo Rodríguez,AC Florenz,yellow
2322750,51,Stefan Savić,AC Florenz,yellow
2322752,71,Virgil van Dijk,Celtic Glasgow,yellow
2322752,88,Stefan Johansen,Celtic Glasgow,yellow
2322752,90,Liam Henderson,Celtic Glasgow,yellow
2322752,37,Xherdan Shaqiri,Inter Mailand,yellow
2322752,67,Davide Santon,Inter Mailand,yellow
2322752,81,Hugo Campagnaro,Inter Mailand,yellow
2322733,75,Mathieu Valbuena,Dinamo Moskva,yellow
2322733,77,Tomáš Hubočan,Dinamo Moskva,yellow
2322733,81,Artur Yusupov,Dinamo Moskva,yellow
2322733,5,Olivier Deschacht,RSC Anderlecht,yellow
2322747,70,Oleg Shatov,Zenit St. Petersburg,yellow
2322747,20,Joshua Brenet,PSV Eindhoven,yellow
2322747,37,Andrés Guardado,PSV Eindhoven,yellow
2322747,45,Georginio Wijnaldum,PSV Eindhoven,yellow
2322725,54,Thorgan Hazard,Bor. Mönchengladbach,yellow
2322725,69,Granit Xhaka,Bor. Mönchengladbach,yellow-red
2322725,31,Iborra,Sevilla FC,yellow
2322725,45,Sergio Rico,Sevilla FC,yellow
2322725,45,Carlos Bacca,Sevilla FC,yellow
2322725,66,Aleix Vidal,Sevilla FC,yellow
2322725,90,Kevin Gameiro,Sevilla FC,yellow
2322729,18,Ivica Vrdoljak,Legia Warschau,yellow
2322729,21,Guilherme,Legia Warschau,yellow
2322729,24,Orlando Sá,Legia Warschau,yellow
2322729,39,Michał Żyro,Legia Warschau,yellow
2322729,62,Jakub Rzeźniczak,Legia Warschau,yellow
2322739,1,Serhiy Rybalka,Dynamo Kiew,yellow
2322739,47,Vitaliy Buyalskiy,Dynamo Kiew,yellow
2322739,89,Jeremain Lens,Dynamo Kiew,yellow
2322739,8,Lionel Mathis,EA Guingamp,yellow
2322741,49,Martin Hinteregger,RB Salzburg,yellow
2322741,66,Christian Schwegler,RB Salzburg,yellow
2322741,33,Mateo Musacchio,Villarreal CF,yellow
2322741,34,Pina,Villarreal CF,yellow
2322741,56,Trigueros,Villarreal CF,yellow
2322741,85,Jonathan dos Santos,Villarreal CF,yellow
2322749,11,Mario Balotelli,Liverpool FC,yellow
2322749,103,Emre Can,Liverpool FC,yellow
2322751,36,Milan Badelj,AC Florenz,yellow
2322751,72,Mohamed Salah,AC Florenz,yellow
2322751,50,Ben Davies,Tottenham Hotspur,yellow
2322753,43,Danilo DAmbrosio,Inter Mailand,yellow
2322753,78,Fredy Guarín,Inter Mailand,yellow
2322753,36,Virgil van Dijk,Celtic Glasgow,yellow-red
2322753,53,Emilio Izaguirre,Celtic Glasgow,yellow
2322753,71,Craig Gordon,Celtic Glasgow,yellow
2322753,85,Nir Bitton,Celtic Glasgow,yellow
2322753,86,Adam Matthews,Celtic Glasgow,yellow
2322753,90,Kris Commons,Celtic Glasgow,yellow
2322721,28,Etxeita,Athletic Bilbao,yellow
2322721,44,Mikel Rico,Athletic Bilbao,yellow
2322721,69,Aduriz,Athletic Bilbao,yellow
2322721,38,Maxi López,FC Turin,yellow
2322721,47,Alessandro Gazzi,FC Turin,yellow
2322721,53,Matteo Darmian,FC Turin,yellow
2322721,77,Josef Martínez,FC Turin,yellow
2322727,21,Paulo Oliveira,Sporting CP,yellow
2322727,81,Naldo,VfL Wolfsburg,yellow
2322727,85,Daniel Caligiuri,VfL Wolfsburg,yellow
2322731,90,Tuur Dierckx,FC Brügge,yellow
2322731,47,Kasper Risgård,Aalborg BK,yellow
2322731,53,Rasmus Würtz,Aalborg BK,yellow
2322731,83,Thomas Augustinussen,Aalborg BK,yellow
2322735,33,Jimmy Durmaz,Olympiakos Piräus,yellow
2322735,51,Luka Milivojević,Olympiakos Piräus,red
2322735,53,Ibrahim Afellay,Olympiakos Piräus,yellow
2322735,55,Omar Elabdellaoui,Olympiakos Piräus,yellow
2322735,44,Jaba Kankava,Dnipro Dnipropetrowsk,yellow
2322735,50,Valeriy Fedorchuk,Dnipro Dnipropetrowsk,yellow
2322735,55,Matheus,Dnipro Dnipropetrowsk,yellow
2322735,89,Artem Fedetskiy,Dnipro Dnipropetrowsk,yellow
2322737,41,Mehmet Ekici,Trabzonspor,yellow
2322737,57,Hakan Arıkan,Trabzonspor,yellow
2322737,82,Özer Hurmacı,Trabzonspor,yellow
2322745,17,Khalid Boulahrouz,Feyenoord Rotterdam,yellow
2322745,41,Jordy Clasie,Feyenoord Rotterdam,yellow
2322745,54,Mitchell te Vrede,Feyenoord Rotterdam,red
2322745,57,Erwin Mulder,Feyenoord Rotterdam,red
2322745,31,Vasilios Torosidis,AS Rom,yellow
2322745,45,Miralem Pjanić,AS Rom,yellow
2322745,88,Leandro Paredes,AS Rom,yellow
2309738,34,Javi García,Zenit St. Petersburg,yellow
2309738,64,Igor Smolnikov,Zenit St. Petersburg,yellow
2309738,88,Aleksandr Ryazantsev,Zenit St. Petersburg,yellow
2309738,28,Marco Benassi,FC Turin,yellow-red
2309738,87,Kamil Glik,FC Turin,yellow
2309738,90,Cristian Molinaro,FC Turin,yellow
2309736,48,Artem Fedetskiy,Dnipro Dnipropetrowsk,yellow
2309736,51,Ruslan Rotan,Dnipro Dnipropetrowsk,yellow
2309736,88,Roman Zozulya,Dnipro Dnipropetrowsk,yellow
2309736,89,Yevhen Shakhov,Dnipro Dnipropetrowsk,yellow
2309736,23,Nicolai Boilesen,Ajax Amsterdam,yellow
2309736,50,Riechedly Bazoer,Ajax Amsterdam,yellow
2309740,71,Naldo,VfL Wolfsburg,yellow
2309740,30,Mauro Icardi,Inter Mailand,yellow
2309740,35,Danilo DAmbrosio,Inter Mailand,yellow
2309740,74,Nemanja Vidić,Inter Mailand,yellow
2309740,83,Andrea Ranocchia,Inter Mailand,yellow
2309746,16,Tom De Sutter,FC Brügge,yellow
2309746,85,Obbi Oularé,FC Brügge,yellow
2309746,39,Tolgay Arslan,Beşiktaş,yellow
2309746,42,Necip Uysal,Beşiktaş,yellow
2309746,69,Cenk Gönen,Beşiktaş,yellow
2309734,16,Kevin Mirallas,Everton FC,yellow
2309734,90,Dieumerci Mbokani,Dynamo Kiew,yellow
2309742,21,Jaume Costa,Villarreal CF,yellow
2309742,35,Moi Gómez,Villarreal CF,yellow
2309742,67,Joel Campbell,Villarreal CF,yellow
2309742,9,Grzegorz Krychowiak,Sevilla FC,yellow
2309742,90,Aleix Vidal,Sevilla FC,yellow
2309744,28,Faouzi Ghoulam,SSC Neapel,yellow
2309744,30,Mathieu Valbuena,Dinamo Moskva,yellow
2309744,41,Balázs Dzsudzsák,Dinamo Moskva,yellow
2309744,46,Roman Zobnin,Dinamo Moskva,yellow-red
2309744,78,Tomáš Hubočan,Dinamo Moskva,yellow
2309744,80,Christopher Samba,Dinamo Moskva,yellow
2309748,31,David Pizarro,AC Florenz,yellow
2309748,33,Marcos Alonso,AC Florenz,yellow
2309748,45,Josip Iličič,AC Florenz,yellow
2309748,59,Neto,AC Florenz,yellow
2309748,67,Milan Badelj,AC Florenz,yellow
2309748,30,Radja Nainggolan,AS Rom,yellow
2309745,73,William Vainqueur,Dinamo Moskva,yellow
2309745,42,Christian Maggio,SSC Neapel,yellow
2309745,53,Dries Mertens,SSC Neapel,yellow
2309735,83,Serhiy Rybalka,Dynamo Kiew,yellow
2309735,85,Aleksandar Dragović,Dynamo Kiew,yellow
2309735,90,Antunes,Dynamo Kiew,yellow
2309735,83,Romelu Lukaku,Everton FC,yellow
2309735,90,Muhamed Bešić,Everton FC,yellow
2309749,88,Adem Ljajić,AS Rom,yellow-red
2309749,9,José Basanta,AC Florenz,yellow
2309737,70,Ricardo Kishna,Ajax Amsterdam,yellow
2309737,120,Mike van der Hoorn,Ajax Amsterdam,red
2309737,21,Léo Matos,Dnipro Dnipropetrowsk,yellow
2309737,80,Roman Bezus,Dnipro Dnipropetrowsk,yellow
2309737,87,Yevhen Shakhov,Dnipro Dnipropetrowsk,yellow
2309737,120,Denis Boyko,Dnipro Dnipropetrowsk,yellow
2309739,20,Cristian Molinaro,FC Turin,yellow
2309739,52,Fabio Quagliarella,FC Turin,yellow
2309739,62,Alessandro Gazzi,FC Turin,yellow
2309739,36,Anatoliy Tymoshchuk,Zenit St. Petersburg,yellow
2309739,45,Domenico Criscito,Zenit St. Petersburg,yellow
2309739,48,Neto,Zenit St. Petersburg,yellow
2309739,52,Danny,Zenit St. Petersburg,yellow
2309739,58,Yuriy Lodygin,Zenit St. Petersburg,yellow
2309739,86,Igor Smolnikov,Zenit St. Petersburg,yellow
2309739,89,Hulk,Zenit St. Petersburg,yellow
2309741,87,Gary Medel,Inter Mailand,yellow
2309741,84,Kevin De Bruyne,VfL Wolfsburg,yellow
2309741,87,Maximilian Arnold,VfL Wolfsburg,yellow
2309743,22,Luciano Vietto,Villarreal CF,yellow
2309743,57,Pina,Villarreal CF,yellow
2309743,66,Mateo Musacchio,Villarreal CF,yellow
2309743,77,Eric Bailly,Villarreal CF,yellow-red
2309743,85,Mario,Villarreal CF,yellow
2309747,36,Dan Opare,Beşiktaş,yellow
2309747,83,Veli Kavlak,Beşiktaş,yellow
2309747,90,Olcay Şahan,Beşiktaş,red
2309747,32,José Izquierdo,FC Brügge,yellow
2309747,63,Thomas Meunier,FC Brügge,yellow
2309750,76,Denis Suárez,Sevilla FC,yellow
2309750,68,Javi García,Zenit St. Petersburg,yellow
2309750,81,Ezequiel Garay,Zenit St. Petersburg,yellow
2309750,82,Aleksandr Ryazantsev,Zenit St. Petersburg,yellow
2309752,60,Ruud Vormer,FC Brügge,yellow
2309752,61,Laurens De Bock,FC Brügge,yellow
2309752,35,Valeriy Fedorchuk,Dnipro Dnipropetrowsk,yellow
2309752,56,Léo Matos,Dnipro Dnipropetrowsk,yellow
2309752,57,Evgeniy Cheberyachko,Dnipro Dnipropetrowsk,yellow
2309754,44,Aleksandar Dragović,Dynamo Kiew,yellow
2309754,65,Sergiy Sydorchuk,Dynamo Kiew,yellow
2309754,69,Evgen Khacheridi,Dynamo Kiew,yellow
2309754,72,Jeremain Lens,Dynamo Kiew,yellow
2309754,45,Mario Gomez,AC Florenz,yellow
2309754,66,Marcos Alonso,AC Florenz,yellow
2309754,90,Nenad Tomović,AC Florenz,yellow
2309756,80,Nicklas Bendtner,VfL Wolfsburg,yellow
2309751,5,Neto,Zenit St. Petersburg,yellow
2309751,40,Axel Witsel,Zenit St. Petersburg,yellow
2309751,90,Yuriy Lodygin,Zenit St. Petersburg,yellow
2309751,76,Iborra,Sevilla FC,yellow
2309751,83,Éver Banega,Sevilla FC,yellow
2309753,59,Ruslan Rotan,Dnipro Dnipropetrowsk,yellow
2309753,81,Jaba Kankava,Dnipro Dnipropetrowsk,yellow
2309753,87,Obbi Oularé,FC Brügge,yellow
2309755,40,Jeremain Lens,Dynamo Kiew,yellow-red
2309758,24,Jaba Kankava,Dnipro Dnipropetrowsk,yellow
2309758,73,Artem Fedetskiy,Dnipro Dnipropetrowsk,yellow
2309760,46,Daniel Carriço,Sevilla FC,yellow
2309760,83,Grzegorz Krychowiak,Sevilla FC,yellow
2309760,70,Marcos Alonso,AC Florenz,yellow
2309760,78,Borja Valero,AC Florenz,yellow
2309760,90,Gonzalo Rodríguez,AC Florenz,yellow
2309759,23,Léo Matos,Dnipro Dnipropetrowsk,yellow
2309759,44,Artem Fedetskiy,Dnipro Dnipropetrowsk,yellow
2309759,70,Evgen Seleznyov,Dnipro Dnipropetrowsk,yellow
2309759,75,Jaba Kankava,Dnipro Dnipropetrowsk,yellow
2309759,85,Matheus,Dnipro Dnipropetrowsk,yellow
2309759,90,Denis Boyko,Dnipro Dnipropetrowsk,yellow
2309759,27,Manolo Gabbiadini,SSC Neapel,yellow
2309759,80,Faouzi Ghoulam,SSC Neapel,yellow
2309759,86,José Callejón,SSC Neapel,yellow
2309761,21,David Pizarro,AC Florenz,yellow
2309761,26,Stefan Savić,AC Florenz,yellow
2309761,50,Borja Valero,AC Florenz,yellow
2309761,34,Éver Banega,Sevilla FC,yellow
2275415,17,Jaba Kankava,Dnipro Dnipropetrowsk,yellow
2275415,45,Nikola Kalinić,Dnipro Dnipropetrowsk,yellow
2275415,70,Roman Bezus,Dnipro Dnipropetrowsk,yellow
2275415,75,Ruslan Rotan,Dnipro Dnipropetrowsk,yellow
2275415,83,Léo Matos,Dnipro Dnipropetrowsk,yellow
2275415,45,Grzegorz Krychowiak,Sevilla FC,yellow
2275415,62,Daniel Carriço,Sevilla FC,yellow
2275415,74,Carlos Bacca,Sevilla FC,yellow
