GameID,Minute,Scorer,Team
2211842,57,Olivier Giroud,Frankreich
2211842,89,Dimitri Payet,Frankreich
2211842,65,Bogdan Stancu,Rumänien
2211843,5,Fabian Schär,Schweiz
2211845,19,Bogdan Stancu,Rumänien
2211845,57,Admir Mehmedi,Schweiz
2211844,90,Antoine Griezmann,Frankreich
2211844,90,Dimitri Payet,Frankreich
2211847,44,Armando Sadiku,Albanien
2211848,10,Gareth Bale,Wales
2211848,81,Hal Robson-Kanu,Wales
2211848,61,Ondrej Duda,Slowakei
2211849,73,Eric Dier,England
2211849,90,Vasiliy Berezutskiy,Russland
2211850,80,Denis Glushakov,Russland
2211850,32,Vladimír Weiss,Slowakei
2211850,45,Marek Hamšík,Slowakei
2211851,56,Jamie Vardy,England
2211851,90,Daniel Sturridge,England
2211851,42,Gareth Bale,Wales
2211853,11,Aaron Ramsey,Wales
2211853,20,Neil Taylor,Wales
2211853,67,Gareth Bale,Wales
2211855,51,Arkadiusz Milik,Polen
2211854,19,Shkodran Mustafi,Deutschland
2211854,90,Bastian Schweinsteiger,Deutschland
2211856,49,Gareth McAuley,Nordirland
2211856,90,Niall McGinn,Nordirland
2211858,54,Jakub Błaszczykowski,Polen
2211859,30,Mario Gomez,Deutschland
2211860,41,Luka Modrić,Kroatien
2211861,87,Piqué,Spanien
2211863,76,Milan Škoda,Tschechien
2211863,90,Tomáš Necid,Tschechien
2211863,37,Ivan Perišić,Kroatien
2211863,59,Ivan Rakitić,Kroatien
2211862,34,Morata,Spanien
2211862,37,Nolito,Spanien
2211862,48,Morata,Spanien
2211864,45,Nikola Kalinić,Kroatien
2211864,87,Ivan Perišić,Kroatien
2211864,7,Morata,Spanien
2211865,10,Burak Yılmaz,Türkei
2211865,65,Ozan Tufan,Türkei
2211867,48,Wes Hoolahan,Irland
2211867,71,Ciaran Clark,Irland
2211866,32,Emanuele Giaccherini,Italien
2211866,90,Graziano Pellè,Italien
2211868,88,Éder,Italien
2211869,48,Romelu Lukaku,Belgien
2211869,61,Axel Witsel,Belgien
2211869,70,Romelu Lukaku,Belgien
2211870,85,Robbie Brady,Irland
2211871,84,Radja Nainggolan,Belgien
2211873,62,Ádám Szalai,Ungarn
2211873,87,Zoltán Stieber,Ungarn
2211872,31,Nani,Portugal
2211872,50,Birkir Bjarnason,Island
2211874,40,Gylfi Sigurðsson,Island
2211874,88,Birkir Sævarsson,Island
2211876,19,Zoltán Gera,Ungarn
2211876,47,Balázs Dzsudzsák,Ungarn
2211876,55,Balázs Dzsudzsák,Ungarn
2211876,42,Nani,Portugal
2211876,50,Cristiano Ronaldo,Portugal
2211876,62,Cristiano Ronaldo,Portugal
2211877,18,Jón Böðvarsson,Island
2211877,90,Arnór Ingvi Traustason,Island
2211877,60,Alessandro Schöpf,Österreich
2211885,82,Xherdan Shaqiri,Schweiz
2211885,39,Jakub Błaszczykowski,Polen
2211886,75,Gareth McAuley,Nordirland
2211887,117,Ricardo Quaresma,Portugal
2211890,58,Antoine Griezmann,Frankreich
2211890,61,Antoine Griezmann,Frankreich
2211890,2,Robbie Brady,Irland
2211889,8,Jérôme Boateng,Deutschland
2211889,43,Mario Gomez,Deutschland
2211889,63,Julian Draxler,Deutschland
2211888,10,Toby Alderweireld,Belgien
2211888,78,Michy Batshuayi,Belgien
2211888,80,Eden Hazard,Belgien
2211888,90,Yannick Ferreira-Carrasco,Belgien
2211891,33,Giorgio Chiellini,Italien
2211891,90,Graziano Pellè,Italien
2211892,4,Wayne Rooney,England
2211892,6,Ragnar Sigurðsson,Island
2211892,18,Kolbeinn Sigþórsson,Island
2211881,2,Robert Lewandowski,Polen
2211881,33,Renato Sanches,Portugal
2211882,30,Ashley Williams,Wales
2211882,55,Hal Robson-Kanu,Wales
2211882,85,Sam Vokes,Wales
2211882,13,Radja Nainggolan,Belgien
2211883,65,Mesut Özil,Deutschland
2211883,78,Leonardo Bonucci,Italien
2211884,12,Olivier Giroud,Frankreich
2211884,20,Paul Pogba,Frankreich
2211884,43,Dimitri Payet,Frankreich
2211884,45,Antoine Griezmann,Frankreich
2211884,59,Olivier Giroud,Frankreich
2211884,56,Kolbeinn Sigþórsson,Island
2211884,84,Birkir Bjarnason,Island
2211878,50,Cristiano Ronaldo,Portugal
2211878,53,Nani,Portugal
2211879,45,Antoine Griezmann,Frankreich
2211879,72,Antoine Griezmann,Frankreich
2211880,109,Éder,Portugal
