GameID,Minute,Scorer,Team
2480128,25,Viktor Fischer,Ajax Amsterdam
2480128,84,Lasse Schöne,Ajax Amsterdam
2480128,8,Nir Bitton,Celtic Glasgow
2480128,42,Mikael Lustig,Celtic Glasgow
2480196,42,Nani,Fenerbahçe
2480196,36,Tommy Høiland,Molde FK
2480196,53,Mohamed Elyounoussi,Molde FK
2480196,65,Martin Linnes,Molde FK
2480148,28,Leigh Griffiths,Celtic Glasgow
2480148,32,Kris Commons,Celtic Glasgow
2480148,43,Fernandão,Fenerbahçe
2480148,48,Fernandão,Fenerbahçe
2480199,7,Eirik Hestad,Molde FK
2480199,18,Viktor Fischer,Ajax Amsterdam
2480149,89,Fernandão,Fenerbahçe
2480197,11,Ola Kamara,Molde FK
2480197,18,Vegard Forren,Molde FK
2480197,56,Mohamed Elyounoussi,Molde FK
2480197,55,Kris Commons,Celtic Glasgow
2480198,26,Kris Commons,Celtic Glasgow
2480198,21,Mohamed Elyounoussi,Molde FK
2480198,37,Daniel Hestad,Molde FK
2480127,4,Callum McGregor,Celtic Glasgow
2480127,22,Arkadiusz Milik,Ajax Amsterdam
2480127,88,Vaclav Černý,Ajax Amsterdam
2480195,68,Fernandão,Fenerbahçe
2480195,84,Ozan Tufan,Fenerbahçe
2480147,39,Lazar Marković,Fenerbahçe
2480147,75,Kris Commons,Celtic Glasgow
2480200,14,Donny van de Beek,Ajax Amsterdam
2480200,29,Harmeet Singh,Molde FK
2480159,81,Jussiê,Girondins Bordeaux
2480159,65,Adam Lallana,Liverpool FC
2480205,11,Moussa Konaté,FC Sion
2480205,82,Moussa Konaté,FC Sion
2480205,65,Maksim Kanunnikov,Rubin Kasan
2480204,4,Adam Lallana,Liverpool FC
2480204,18,Ebenezer Assifuah,FC Sion
2480126,37,Emre Can,Liverpool FC
2480126,15,Marko Dević,Rubin Kasan
2480202,21,Léo Lacroix,FC Sion
2480125,52,Jordon Ibe,Liverpool FC
2480201,67,Thomas Touré,Girondins Bordeaux
2480201,90,Clément Chantôme,Girondins Bordeaux
2480206,72,Blagoy Georgiev,Rubin Kasan
2480206,90,Marko Dević,Rubin Kasan
2480160,38,James Milner,Liverpool FC
2480160,45,Christian Benteke,Liverpool FC
2480160,33,Henri Saivet,Girondins Bordeaux
2480161,58,Gaëtan Laborde,Girondins Bordeaux
2480161,63,Diego Rolán,Girondins Bordeaux
2480161,31,Maksim Kanunnikov,Rubin Kasan
2480161,76,Vitali Ustinov,Rubin Kasan
2480163,45,Matthias Ginter,Borussia Dortmund
2480163,90,Joo-ho Park,Borussia Dortmund
2480163,12,Pavel Mamaev,FK Krasnodar
2480129,34,Róbert Mak,PAOK Saloniki
2480129,72,Gonzalo Castro,Borussia Dortmund
2480216,8,Wanderson,FK Krasnodar
2480216,84,Fedor Smolov,FK Krasnodar
2480216,51,Dodô,Gabala FK
2480213,90,Dodô,Gabala FK
2480213,31,Pierre-Emerick Aubameyang,Borussia Dortmund
2480213,38,Pierre-Emerick Aubameyang,Borussia Dortmund
2480213,72,Pierre-Emerick Aubameyang,Borussia Dortmund
2480165,33,Ari,FK Krasnodar
2480165,67,Joãozinho,FK Krasnodar
2480165,90,Róbert Mak,PAOK Saloniki
2480214,28,Marco Reus,Borussia Dortmund
2480214,45,Pierre-Emerick Aubameyang,Borussia Dortmund
2480214,70,Henrikh Mkhitaryan,Borussia Dortmund
2480214,67,Sergei Zenjov,Gabala FK
2480164,2,Pavel Mamaev,FK Krasnodar
2480130,33,Róbert Mak,PAOK Saloniki
2480215,26,Ragnar Sigurðsson,FK Krasnodar
2480215,41,Mauricio Pereyra,FK Krasnodar
2480215,75,Wanderson,FK Krasnodar
2480132,5,José Callejón,SSC Neapel
2480132,19,Dries Mertens,SSC Neapel
2480132,25,Dries Mertens,SSC Neapel
2480132,53,Marek Hamšík,SSC Neapel
2480132,77,José Callejón,SSC Neapel
2480251,60,Morten Rasmussen,FC Midtjylland
2480169,53,Dries Mertens,SSC Neapel
2480169,84,Gonzalo Higuaín,SSC Neapel
2480250,79,Thomas Meunier,FC Brügge
2480250,51,Pione Sisto,FC Midtjylland
2480250,67,Ebere Onuachu,FC Midtjylland
2480250,74,Filip Novák,FC Midtjylland
2480167,51,Michał Kucharczyk,Legia Warschau
2480167,39,Davy De fauw,FC Brügge
2480253,43,Martin Pušić,FC Midtjylland
2480253,19,José Callejón,SSC Neapel
2480253,31,Manolo Gabbiadini,SSC Neapel
2480253,40,Manolo Gabbiadini,SSC Neapel
2480253,90,Gonzalo Higuaín,SSC Neapel
2480168,38,Thomas Meunier,FC Brügge
2480254,13,Omar El Kaddouri,SSC Neapel
2480254,23,Manolo Gabbiadini,SSC Neapel
2480254,38,Manolo Gabbiadini,SSC Neapel
2480254,54,Christian Maggio,SSC Neapel
2480254,77,José Callejón,SSC Neapel
2480131,41,Vlad Chiricheş,SSC Neapel
2480252,35,Aleksandar Prijović,Legia Warschau
2480170,32,Nathaniel Chalobah,SSC Neapel
2480170,39,Lorenzo Insigne,SSC Neapel
2480170,57,José Callejón,SSC Neapel
2480170,65,Dries Mertens,SSC Neapel
2480170,90,Dries Mertens,SSC Neapel
2480170,62,Stojan Vranješ,Legia Warschau
2480170,90,Aleksandar Prijović,Legia Warschau
2480249,27,Pione Sisto,FC Midtjylland
2480249,68,Jelle Vossen,FC Brügge
2480181,50,Stefan Schwab,Rapid Wien
2480181,53,Steffen Hofmann,Rapid Wien
2480181,45,Leo Baptistão,Villarreal CF
2480222,36,Tomáš Hořava,Viktoria Pilsen
2480222,75,Milan Petržela,Viktoria Pilsen
2480133,54,Leo Baptistão,Villarreal CF
2480219,54,Steffen Hofmann,Rapid Wien
2480179,34,Steffen Hofmann,Rapid Wien
2480179,52,Louis Schaub,Rapid Wien
2480179,68,Thanos Petsos,Rapid Wien
2480179,12,Michal Ďuriš,Viktoria Pilsen
2480179,76,Patrik Hrošovský,Viktoria Pilsen
2480224,17,Cédric Bakambu,Villarreal CF
2480224,32,Cédric Bakambu,Villarreal CF
2480224,61,Soldado,Villarreal CF
2480224,70,Eric Bailly,Villarreal CF
2480180,71,Jan Holenda,Viktoria Pilsen
2480180,13,Philipp Schobesberger,Rapid Wien
2480180,77,Philipp Schobesberger,Rapid Wien
2480223,69,Maksim Vitus,Dinamo Minsk
2480223,86,Sergey Politevich,Dinamo Minsk
2480223,72,Soldado,Villarreal CF
2480221,90,Nenad Adamović,Dinamo Minsk
2480182,78,Bruno Soriano,Villarreal CF
2480134,8,Daniel Kolář,Viktoria Pilsen
2480134,65,Jan Kovařík,Viktoria Pilsen
2480134,90,Tomáš Hořava,Viktoria Pilsen
2480134,40,Cédric Bakambu,Villarreal CF
2480134,62,Jonathan dos Santos,Villarreal CF
2480134,90,Bruno Soriano,Villarreal CF
2480220,29,Maximilian Hofmann,Rapid Wien
2480220,59,Matej Jelić,Rapid Wien
2480220,65,Mohamed El-Monir,Dinamo Minsk
2480185,60,Rafa Silva,Sporting Braga
2480237,25,Georges-Kévin NKoudou,Olympique Marseille
2480237,39,Lucas Ocampos,Olympique Marseille
2480237,61,Romain Alessandrini,Olympique Marseille
2480184,84,Vladimír Coufal,Slovan Liberec
2480242,5,Ahmed Hassan,Sporting Braga
2480143,61,Ahmed Hassan,Sporting Braga
2480143,77,Wilson Eduardo,Sporting Braga
2480143,88,Alan,Sporting Braga
2480143,84,Romain Alessandrini,Olympique Marseille
2480143,87,Michy Batshuayi,Olympique Marseille
2480240,87,Kevin Luckassen,Slovan Liberec
2480240,90,Danny Hoesen,FC Groningen
2480144,39,Georges-Kévin NKoudou,Olympique Marseille
2480239,81,Sergio Padt,FC Groningen
2480186,42,Ricardo Ferreira,Sporting Braga
2480186,90,Crislan,Sporting Braga
2480186,35,Dmitri Efremov,Slovan Liberec
2480238,28,Georges-Kévin NKoudou,Olympique Marseille
2480238,88,Michy Batshuayi,Olympique Marseille
2480238,50,Hedwiges Maduro,FC Groningen
2480183,75,Marek Bakoš,Slovan Liberec
2480183,76,Josef Šural,Slovan Liberec
2480183,14,Michy Batshuayi,Olympique Marseille
2480183,43,Georges-Kévin NKoudou,Olympique Marseille
2480183,48,Abdelaziz Barrada,Olympique Marseille
2480183,90,Lucas Ocampos,Olympique Marseille
2480123,90,Evgen Seleznyov,Dnipro Dnipropetrowsk
2480123,34,Sergej Milinković-Savić,Lazio Rom
2480212,4,Robert Berić,AS Saint-Étienne
2480212,87,Nolan Roux,AS Saint-Étienne
2480212,16,Tobias Mikkelsen,Rosenborg BK
2480212,79,Jonas Svensson,Rosenborg BK
2480154,22,Ogenyi Onazi,Lazio Rom
2480154,48,Wesley Hoedt,Lazio Rom
2480154,80,Lucas Biglia,Lazio Rom
2480154,6,Moustapha Sall,AS Saint-Étienne
2480154,84,Kévin Monnet-Paquet,AS Saint-Étienne
2480209,80,Evgen Seleznyov,Dnipro Dnipropetrowsk
2480152,44,Romain Hamouma,AS Saint-Étienne
2480208,28,Alessandro Matri,Lazio Rom
2480208,54,Felipe Anderson,Lazio Rom
2480208,79,Antonio Candreva,Lazio Rom
2480208,69,Alexander Søderlund,Rosenborg BK
2480151,38,Kévin Monnet-Paquet,AS Saint-Étienne
2480151,52,Robert Berić,AS Saint-Étienne
2480151,65,Romain Hamouma,AS Saint-Étienne
2480207,9,Filip Đorđević,Lazio Rom
2480207,29,Filip Đorđević,Lazio Rom
2480124,4,Antonio Candreva,Lazio Rom
2480124,68,Marco Parolo,Lazio Rom
2480124,90,Filip Đorđević,Lazio Rom
2480124,65,Bruno Gama,Dnipro Dnipropetrowsk
2480211,40,Alexander Søderlund,Rosenborg BK
2480211,80,Nolan Roux,AS Saint-Étienne
2480153,76,Valentin Eysseric,AS Saint-Étienne
2480153,52,Alessandro Matri,Lazio Rom
2480210,35,Matheus,Dnipro Dnipropetrowsk
2480210,60,Matheus,Dnipro Dnipropetrowsk
2480210,79,Yevhen Shakhov,Dnipro Dnipropetrowsk
2480156,50,Fredy Montero,Sporting CP
2480156,12,Aleksandr Samedov,Lokomotiv Moskva
2480156,56,Aleksandr Samedov,Lokomotiv Moskva
2480156,65,Oumar Niasse,Lokomotiv Moskva
2480225,28,José Sosa,Beşiktaş
2480135,61,Gökhan Töre,Beşiktaş
2480135,16,Bryan Ruiz,Sporting CP
2480228,35,Oumar Niasse,Lokomotiv Moskva
2480228,73,Aleksandr Samedov,Lokomotiv Moskva
2480157,54,Maicon,Lokomotiv Moskva
2480157,64,Mario Gomez,Beşiktaş
2480230,38,Alberto Aquilani,Sporting CP
2480230,41,Fredy Montero,Sporting CP
2480230,64,Matheus Pereira,Sporting CP
2480230,69,Tobias Figueiredo,Sporting CP
2480230,77,Matheus Pereira,Sporting CP
2480230,89,Bajram Jashanica,KF Skënderbeu
2480158,58,Ricardo Quaresma,Beşiktaş
2480158,76,Oumar Niasse,Lokomotiv Moskva
2480229,15,Sabien Lilaj,KF Skënderbeu
2480229,19,Sabien Lilaj,KF Skënderbeu
2480229,55,Bakary Nimaga,KF Skënderbeu
2480155,5,Maicon,Lokomotiv Moskva
2480155,86,Aleksey Miranchuk,Lokomotiv Moskva
2480155,20,Fredy Montero,Sporting CP
2480155,38,Bryan Ruiz,Sporting CP
2480155,43,Gelson Martins,Sporting CP
2480155,60,Matheus Pereira,Sporting CP
2480226,35,Cenk Tosun,Beşiktaş
2480226,78,Cenk Tosun,Beşiktaş
2480136,67,Islam Slimani,Sporting CP
2480136,72,Bryan Ruiz,Sporting CP
2480136,77,Teófilo Gutiérrez,Sporting CP
2480136,58,Mario Gomez,Beşiktaş
2480227,18,Dmitriy Tarasov,Lokomotiv Moskva
2480227,89,Oumar Niasse,Lokomotiv Moskva
2480227,90,Aleksandr Samedov,Lokomotiv Moskva
2480138,4,Nikola Kalinić,AC Florenz
2480138,71,Birkir Bjarnason,FC Basel
2480138,79,Mohamed Elneny,FC Basel
2480171,55,Birkir Bjarnason,FC Basel
2480171,90,Breel Embolo,FC Basel
2480235,83,Tonel,Os Belenenses
2480235,18,Federico Bernardeschi,AC Florenz
2480235,45,Khouma Babacar,AC Florenz
2480235,90,Giuseppe Rossi,AC Florenz
2480174,90,Giuseppe Rossi,AC Florenz
2480174,65,Dawid Kownacki,Lech Poznań
2480174,82,Maciej Gajos,Lech Poznań
2480234,15,Michael Lang,FC Basel
2480234,27,Luís Leal,Os Belenenses
2480234,45,Kuca,Os Belenenses
2480173,42,Josip Iličič,AC Florenz
2480173,83,Josip Iličič,AC Florenz
2480233,45,Marc Janko,FC Basel
2480233,64,Breel Embolo,FC Basel
2480137,40,Marek Suchý,FC Basel
2480137,74,Mohamed Elneny,FC Basel
2480137,23,Federico Bernardeschi,AC Florenz
2480137,36,Federico Bernardeschi,AC Florenz
2480172,50,Jean-Paul Boëtius,FC Basel
2480236,67,Khouma Babacar,AC Florenz
2480176,11,Guillaume Gillet,RSC Anderlecht
2480176,85,Lacina Traoré,AS Monaco
2480260,28,Heung-min Son,Tottenham Hotspur
2480260,30,Heung-min Son,Tottenham Hotspur
2480260,86,Érik Lamela,Tottenham Hotspur
2480260,7,Richard,Qarabağ FK
2480177,81,Stephan El Shaarawy,AS Monaco
2480177,35,Érik Lamela,Tottenham Hotspur
2480257,36,Richard,Qarabağ FK
2480139,13,Guillaume Gillet,RSC Anderlecht
2480139,75,Stefano Okaka,RSC Anderlecht
2480139,4,Christian Eriksen,Tottenham Hotspur
2480256,70,Lacina Traoré,AS Monaco
2480255,39,Samuel Armenteros,Qarabağ FK
2480255,72,Ivan Cavaleiro,AS Monaco
2480140,29,Harry Kane,Tottenham Hotspur
2480140,87,Mousa Dembélé,Tottenham Hotspur
2480140,72,Imoh Ezekiel,RSC Anderlecht
2480175,45,Guillaume Gillet,RSC Anderlecht
2480175,78,Frank Acheampong,RSC Anderlecht
2480259,78,Harry Kane,Tottenham Hotspur
2480178,2,Érik Lamela,Tottenham Hotspur
2480178,15,Érik Lamela,Tottenham Hotspur
2480178,38,Érik Lamela,Tottenham Hotspur
2480178,78,Tom Carroll,Tottenham Hotspur
2480178,61,Stephan El Shaarawy,AS Monaco
2480258,28,Andy Najar,RSC Anderlecht
2480258,31,Stefano Okaka,RSC Anderlecht
2480258,26,Dani Quintana,Qarabağ FK
2480142,28,Joel Matip,FC Schalke 04
2480142,35,Klaas Jan Huntelaar,FC Schalke 04
2480142,71,Klaas Jan Huntelaar,FC Schalke 04
2480265,2,Pablo Mazza,Asteras Tripolis
2480265,56,David Lafata,Sparta Prag
2480189,24,Kehinde Fatai,Sparta Prag
2480189,60,Jakub Brabec,Sparta Prag
2480264,28,Franco Di Santo,FC Schalke 04
2480264,37,Franco Di Santo,FC Schalke 04
2480264,44,Franco Di Santo,FC Schalke 04
2480264,84,Klaas Jan Huntelaar,FC Schalke 04
2480188,6,Franco Di Santo,FC Schalke 04
2480188,73,Leroy Sané,FC Schalke 04
2480188,50,Kehinde Fatai,Sparta Prag
2480188,63,David Lafata,Sparta Prag
2480262,45,Fernando Cavenaghi,APOEL Nikosia
2480262,59,Carlão,APOEL Nikosia
2480262,8,Brian Lluy,Asteras Tripolis
2480187,6,David Lafata,Sparta Prag
2480187,20,Johannes Geis,FC Schalke 04
2480261,2,Facundo Bertoglio,Asteras Tripolis
2480261,45,Apostolos Giannou,Asteras Tripolis
2480141,86,Eric Maxim Choupo-Moting,FC Schalke 04
2480266,33,Jakub Brabec,Sparta Prag
2480190,6,Fernando Cavenaghi,APOEL Nikosia
2480190,63,Lukáš Juliš,Sparta Prag
2480190,77,David Lafata,Sparta Prag
2480190,87,David Lafata,Sparta Prag
2480263,29,Franco Di Santo,FC Schalke 04
2480263,37,Eric Maxim Choupo-Moting,FC Schalke 04
2480263,78,Eric Maxim Choupo-Moting,FC Schalke 04
2480263,86,Max Meyer,FC Schalke 04
2480194,55,Aduriz,Athletic Bilbao
2480194,66,Aduriz,Athletic Bilbao
2480194,90,Susaeta,Athletic Bilbao
2480194,15,Halil Altintop,FC Augsburg
2480245,11,Aboubakar Oumarou,Partizan Belgrad
2480245,39,Aboubakar Oumarou,Partizan Belgrad
2480245,89,Andrija Živković,Partizan Belgrad
2480245,34,Jop van der Linden,AZ Alkmaar
2480245,90,Markus Henriksen,AZ Alkmaar
2480146,55,Markus Henriksen,AZ Alkmaar
2480146,65,Eneko Bóveda,Athletic Bilbao
2480146,75,Aduriz,Athletic Bilbao
2480244,54,Dong-won Ji,FC Augsburg
2480244,57,Raúl Bobadilla,FC Augsburg
2480244,31,Andrija Živković,Partizan Belgrad
2480244,62,Andrija Živković,Partizan Belgrad
2480192,43,Piotr Trochowski,FC Augsburg
2480247,32,Raúl García,Athletic Bilbao
2480247,85,Beñat,Athletic Bilbao
2480191,24,Raúl Bobadilla,FC Augsburg
2480191,33,Raúl Bobadilla,FC Augsburg
2480191,66,Dong-won Ji,FC Augsburg
2480191,74,Raúl Bobadilla,FC Augsburg
2480191,45,Vincent Janssen,AZ Alkmaar
2480248,15,Williams,Athletic Bilbao
2480248,19,Williams,Athletic Bilbao
2480248,40,Beñat,Athletic Bilbao
2480248,71,Aduriz,Athletic Bilbao
2480248,81,Elustondo,Athletic Bilbao
2480248,17,Aboubakar Oumarou,Partizan Belgrad
2480193,41,Piotr Trochowski,FC Augsburg
2480193,59,Raúl Bobadilla,FC Augsburg
2480193,10,Susaeta,Athletic Bilbao
2480193,83,Aduriz,Athletic Bilbao
2480193,86,Aduriz,Athletic Bilbao
2480246,48,Dabney dos Santos,AZ Alkmaar
2480246,65,Aboubakar Oumarou,Partizan Belgrad
2480246,89,Andrija Živković,Partizan Belgrad
2480145,43,Kike Sola,Athletic Bilbao
2480145,47,San José,Athletic Bilbao
2480145,26,Joris van Overeem,AZ Alkmaar
2480145,88,Vincent Janssen,AZ Alkmaar
2480243,11,Aboubakar Oumarou,Partizan Belgrad
2480243,45,Jeong-ho Hong,FC Augsburg
2480243,51,Paul Verhaegh,FC Augsburg
2480243,89,Raúl Bobadilla,FC Augsburg
2507845,18,Souza,Fenerbahçe
2507845,72,Souza,Fenerbahçe
2507841,59,Federico Bernardeschi,AC Florenz
2507841,38,Nacer Chadli,Tottenham Hotspur
2507843,6,Łukasz Piszczek,Borussia Dortmund
2507843,71,Marco Reus,Borussia Dortmund
2507847,67,Serigne Mbodj,RSC Anderlecht
2507849,44,Pione Sisto,FC Midtjylland
2507849,77,Ebere Onuachu,FC Midtjylland
2507849,38,Memphis Depay,Manchester United
2507863,35,Llorente,Sevilla FC
2507863,49,Llorente,Sevilla FC
2507863,72,Kevin Gameiro,Sevilla FC
2507867,82,Denis Suárez,Villarreal CF
2507869,9,Moustapha Sall,AS Saint-Étienne
2507869,39,Kévin Monnet-Paquet,AS Saint-Étienne
2507869,77,Jean-Christophe Bahebeck,AS Saint-Étienne
2507869,44,Walter Samuel,FC Basel
2507869,56,Marc Janko,FC Basel
2460846,4,Santi Mina,Valencia CF
2460846,10,Parejo,Valencia CF
2460846,25,Santi Mina,Valencia CF
2460846,29,Álvaro Negredo,Valencia CF
2460846,35,André Gomes,Valencia CF
2460846,89,Rodrigo,Valencia CF
2507853,64,Lukáš Juliš,Sparta Prag
2507855,12,Sabri Sarıoğlu,Galatasaray
2507855,21,Sergej Milinković-Savić,Lazio Rom
2507857,53,Moussa Konaté,FC Sion
2507857,13,Nikola Stojiljković,Sporting Braga
2507857,61,Rafa Silva,Sporting Braga
2507861,54,Aduriz,Athletic Bilbao
2507865,26,Karim Bellarabi,Bayer Leverkusen
2507858,27,Josué,Sporting Braga
2507858,48,Nikola Stojiljković,Sporting Braga
2507858,16,Theofanis Gekas,FC Sion
2507858,29,Theofanis Gekas,FC Sion
2507846,45,Aleksandr Samedov,Lokomotiv Moskva
2507846,83,Mehmet Topal,Fenerbahçe
2460847,59,Rodrigo,Valencia CF
2460847,64,Sofiane Féghouli,Valencia CF
2460847,72,Pablo Piatti,Valencia CF
2460847,88,Rúben Vezo,Valencia CF
2507852,5,James Milner,Liverpool FC
2507854,51,Lukáš Mareček,Sparta Prag
2507854,57,Martin Frýdek,Sparta Prag
2507854,70,Kehinde Fatai,Sparta Prag
2507856,59,Marco Parolo,Lazio Rom
2507856,61,Felipe Anderson,Lazio Rom
2507856,72,Miroslav Klose,Lazio Rom
2507856,62,Yasin Öztekin,Galatasaray
2507860,27,Marlos,Schachtar Donezk
2507860,63,Facundo Ferreyra,Schachtar Donezk
2507860,77,Viktor Kovalenko,Schachtar Donezk
2507862,81,Sabin,Athletic Bilbao
2507862,40,Michy Batshuayi,Olympique Marseille
2507866,30,Karim Bellarabi,Bayer Leverkusen
2507866,65,Karim Bellarabi,Bayer Leverkusen
2507866,87,Hakan Çalhanoğlu,Bayer Leverkusen
2507866,38,João Mário,Sporting CP
2507842,26,Ryan Mason,Tottenham Hotspur
2507842,63,Érik Lamela,Tottenham Hotspur
2507842,81,Gonzalo Rodríguez,AC Florenz
2507844,23,Iker Casillas,FC Porto
2507848,29,Kostas Fortounis,Olympiakos Piräus
2507848,103,Frank Acheampong,RSC Anderlecht
2507848,111,Frank Acheampong,RSC Anderlecht
2507850,64,Marcus Rashford,Manchester United
2507850,75,Marcus Rashford,Manchester United
2507850,88,Ander Herrera,Manchester United
2507850,90,Memphis Depay,Manchester United
2507850,28,Pione Sisto,FC Midtjylland
2507850,32,Nikolaj Bodurov,FC Midtjylland
2507864,43,Eirik Hestad,Molde FK
2507868,17,Marek Hamšík,SSC Neapel
2507868,59,Pina,Villarreal CF
2507870,15,Luca Zuffi,FC Basel
2507870,90,Luca Zuffi,FC Basel
2507870,90,Moustapha Sall,AS Saint-Étienne
2460844,21,Taison,Schachtar Donezk
2460844,24,Oleksandr Kucher,Schachtar Donezk
2460844,79,Eduardo,Schachtar Donezk
2460844,69,Frank Acheampong,RSC Anderlecht
8221097,30,Pierre-Emerick Aubameyang,Borussia Dortmund
8221097,61,Marco Reus,Borussia Dortmund
8221097,70,Marco Reus,Borussia Dortmund
8221099,82,Mehmet Topal,Fenerbahçe
8221089,4,Cédric Bakambu,Villarreal CF
8221089,56,Cédric Bakambu,Villarreal CF
8221091,20,Raúl García,Athletic Bilbao
8221093,20,Daniel Sturridge,Liverpool FC
8221093,73,Roberto Firmino,Liverpool FC
8221095,13,Martin Frýdek,Sparta Prag
8221095,38,Marco Parolo,Lazio Rom
8221092,13,Santi Mina,Valencia CF
8221092,37,Aderllan,Valencia CF
8221092,76,Aduriz,Athletic Bilbao
8221096,10,Bořek Dočkal,Sparta Prag
8221096,12,Ladislav Krejčí,Sparta Prag
8221096,44,Lukáš Juliš,Sparta Prag
2460845,90,Eduardo,Schachtar Donezk
8221088,35,Adil Rami,Sevilla FC
8221088,44,Kevin Gameiro,Sevilla FC
8221088,45,Kevin Gameiro,Sevilla FC
8221094,32,Anthony Martial,Manchester United
8221094,45,Coutinho,Liverpool FC
8221098,74,Heung-min Son,Tottenham Hotspur
8221098,24,Pierre-Emerick Aubameyang,Borussia Dortmund
8221098,71,Pierre-Emerick Aubameyang,Borussia Dortmund
8221100,11,Ahmed Hassan,Sporting Braga
8221100,69,Josué,Sporting Braga
8221100,74,Nikola Stojiljković,Sporting Braga
8221100,83,Rafa Silva,Sporting Braga
8221100,45,Alper Potuk,Fenerbahçe
8224990,89,Wilson Eduardo,Sporting Braga
8224990,45,Yaroslav Rakitskiy,Schachtar Donezk
8224990,75,Facundo Ferreyra,Schachtar Donezk
8224992,3,Cédric Bakambu,Villarreal CF
8224992,63,Cédric Bakambu,Villarreal CF
8224992,45,Jakub Brabec,Sparta Prag
8224994,48,Aduriz,Athletic Bilbao
8224994,56,Timothée Kolodziejczak,Sevilla FC
8224994,83,Iborra,Sevilla FC
8224996,48,Mats Hummels,Borussia Dortmund
8224996,36,Divock Origi,Liverpool FC
8224991,25,Darijo Srna,Schachtar Donezk
8224991,50,Viktor Kovalenko,Schachtar Donezk
8224991,42,Ricardo Ferreira,Sporting Braga
8224991,74,Ricardo Ferreira,Sporting Braga
8224993,45,David Lafata,Sparta Prag
8224993,65,Bořek Dočkal,Sparta Prag
8224993,71,Ladislav Krejčí,Sparta Prag
8224993,5,Cédric Bakambu,Villarreal CF
8224993,43,Samu Castillejo,Villarreal CF
8224993,49,Cédric Bakambu,Villarreal CF
8224995,59,Kevin Gameiro,Sevilla FC
8224995,57,Aduriz,Athletic Bilbao
8224995,80,Raúl García,Athletic Bilbao
8224997,48,Divock Origi,Liverpool FC
8224997,66,Coutinho,Liverpool FC
8224997,78,Mamadou Sakho,Liverpool FC
8224997,90,Dejan Lovren,Liverpool FC
8224997,5,Henrikh Mkhitaryan,Borussia Dortmund
8224997,9,Pierre-Emerick Aubameyang,Borussia Dortmund
8224997,57,Marco Reus,Borussia Dortmund
2460842,23,Marlos,Schachtar Donezk
2460842,36,Taras Stepanenko,Schachtar Donezk
2460842,6,Vitolo,Sevilla FC
2460842,82,Kevin Gameiro,Sevilla FC
8231297,90,Adrián,Villarreal CF
2460849,9,Kevin Gameiro,Sevilla FC
2460849,47,Kevin Gameiro,Sevilla FC
2460849,59,Mariano,Sevilla FC
2460849,44,Eduardo,Schachtar Donezk
8231298,63,Daniel Sturridge,Liverpool FC
8231298,81,Adam Lallana,Liverpool FC
8231298,7,Bruno Soriano,Villarreal CF
2460841,35,Daniel Sturridge,Liverpool FC
2460841,46,Kevin Gameiro,Sevilla FC
2460841,64,Coke,Sevilla FC
2460841,70,Coke,Sevilla FC
