GameID,League,Season,Date,HomeTeam,AwayTeam,Result
500656,Europameisterschaft,2012,08.06.2012,Polen,Griechenland,1:1
500657,Europameisterschaft,2012,08.06.2012,Russland,Tschechien,4:1
500658,Europameisterschaft,2012,12.06.2012,Griechenland,Tschechien,1:2
500659,Europameisterschaft,2012,12.06.2012,Polen,Russland,1:1
500660,Europameisterschaft,2012,16.06.2012,Tschechien,Polen,1:0
500661,Europameisterschaft,2012,16.06.2012,Griechenland,Russland,1:0
500662,Europameisterschaft,2012,09.06.2012,Niederlande,Dänemark,0:1
500663,Europameisterschaft,2012,09.06.2012,Deutschland,Portugal,1:0
500664,Europameisterschaft,2012,13.06.2012,Dänemark,Portugal,2:3
500665,Europameisterschaft,2012,13.06.2012,Niederlande,Deutschland,1:2
500666,Europameisterschaft,2012,17.06.2012,Portugal,Niederlande,2:1
500667,Europameisterschaft,2012,17.06.2012,Dänemark,Deutschland,1:2
500668,Europameisterschaft,2012,10.06.2012,Spanien,Italien,1:1
500669,Europameisterschaft,2012,10.06.2012,Irland,Kroatien,1:3
500670,Europameisterschaft,2012,14.06.2012,Italien,Kroatien,1:1
500671,Europameisterschaft,2012,14.06.2012,Spanien,Irland,4:0
500672,Europameisterschaft,2012,18.06.2012,Kroatien,Spanien,0:1
500673,Europameisterschaft,2012,18.06.2012,Italien,Irland,2:0
500675,Europameisterschaft,2012,11.06.2012,Frankreich,England,1:1
500676,Europameisterschaft,2012,11.06.2012,Ukraine,Schweden,2:1
500678,Europameisterschaft,2012,15.06.2012,Ukraine,Frankreich,0:2
500677,Europameisterschaft,2012,15.06.2012,Schweden,England,2:3
500679,Europameisterschaft,2012,19.06.2012,England,Ukraine,1:0
500680,Europameisterschaft,2012,19.06.2012,Schweden,Frankreich,2:0
500681,Europameisterschaft,2012,21.06.2012,Tschechien,Portugal,0:1
500685,Europameisterschaft,2012,22.06.2012,Deutschland,Griechenland,4:2
500682,Europameisterschaft,2012,23.06.2012,Spanien,Frankreich,2:0
500688,Europameisterschaft,2012,24.06.2012,England,Italien,2:4
500689,Europameisterschaft,2012,27.06.2012,Portugal,Spanien,2:4
500690,Europameisterschaft,2012,28.06.2012,Deutschland,Italien,1:2
500691,Europameisterschaft,2012,01.07.2012,Spanien,Italien,4:0
