GameID,Minute,PlayerIn,PlayerOut,Team
500656,70,Przemysław Tytoń,Maciej Rybus,Polen
500656,37,Kyriakos Papadopoulos,Avraam Papadopoulos,Griechenland
500656,46,Dimitrios Salpingidis,Sotiris Ninis,Griechenland
500656,68,Kostas Fortounis,Theofanis Gekas,Griechenland
500657,73,Roman Pavlyuchenko,Aleksandr Kerzhakov,Russland
500657,84,Aleksandr Kokorin,Alan Dzagoev,Russland
500657,46,Tomáš Hübschman,Jan Rezek,Tschechien
500657,76,Milan Petržela,Petr Jiráček,Tschechien
500657,85,David Lafata,Milan Baroš,Tschechien
500658,23,Michail Sifakis,Konstantinos Chalkias,Griechenland
500658,46,Theofanis Gekas,Georgios Fotakis,Griechenland
500658,71,Kostas Mitroglou,Kostas Fortounis,Griechenland
500658,46,Daniel Kolář,Tomáš Rosický,Tschechien
500658,64,Tomáš Pekhart,Milan Baroš,Tschechien
500658,90,František Rajtoral,Daniel Kolář,Tschechien
500659,73,Adrian Mierzejewski,Dariusz Dudka,Polen
500659,85,Adam Matuszczyk,Eugen Polanski,Polen
500659,90,Paweł Brożek,Ludovic Obraniak,Polen
500659,70,Roman Pavlyuchenko,Aleksandr Kerzhakov,Russland
500659,79,Marat Izmailov,Alan Dzagoev,Russland
500660,84,František Rajtoral,Petr Jiráček,Tschechien
500660,88,Jan Rezek,Václav Pilař,Tschechien
500660,90,Tomáš Pekhart,Milan Baroš,Tschechien
500660,56,Kamil Grosicki,Eugen Polanski,Polen
500660,73,Paweł Brożek,Ludovic Obraniak,Polen
500660,73,Adrian Mierzejewski,Rafał Murawski,Polen
500661,64,José Holebas,Theofanis Gekas,Griechenland
500661,67,Grigoris Makos,Giorgios Karagounis,Griechenland
500661,83,Sotiris Ninis,Dimitrios Salpingidis,Griechenland
500661,46,Roman Pavlyuchenko,Aleksandr Kerzhakov,Russland
500661,72,Pavel Pogrebnyak,Denis Glushakov,Russland
500661,81,Marat Izmailov,Aleksandr Anyukov,Russland
500662,71,Rafael van der Vaart,Nigel de Jong,Niederlande
500662,71,Klaas Jan Huntelaar,Ibrahim Afellay,Niederlande
500662,84,Dirk Kuyt,Gregory van der Wiel,Niederlande
500662,74,Lasse Schöne,Christian Eriksen,Dänemark
500662,84,Tobias Mikkelsen,Dennis Rommedahl,Dänemark
500663,80,Miroslav Klose,Mario Gomez,Deutschland
500663,87,Toni Kroos,Mesut Özil,Deutschland
500663,90,Lars Bender,Thomas Müller,Deutschland
500663,70,Nélson Oliveira,Hélder Postiga,Portugal
500663,80,Varela,Raúl Meireles,Portugal
500664,16,Jakob Poulsen,Niki Zimling,Dänemark
500664,60,Tobias Mikkelsen,Dennis Rommedahl,Dänemark
500664,90,Lasse Schöne,Michael Krohn-Dehli,Dänemark
500664,64,Nélson Oliveira,Hélder Postiga,Portugal
500664,84,Varela,Raúl Meireles,Portugal
500664,89,Rolando,Nani,Portugal
500665,46,Rafael van der Vaart,Mark van Bommel,Niederlande
500665,46,Klaas Jan Huntelaar,Ibrahim Afellay,Niederlande
500665,83,Dirk Kuyt,Arjen Robben,Niederlande
500665,72,Miroslav Klose,Mario Gomez,Deutschland
500665,81,Toni Kroos,Mesut Özil,Deutschland
500665,90,Lars Bender,Thomas Müller,Deutschland
500666,64,Nélson Oliveira,Hélder Postiga,Portugal
500666,72,Custódio,Raúl Meireles,Portugal
500666,87,Rolando,Nani,Portugal
500666,67,Ibrahim Afellay,Jetro Willems,Niederlande
500667,79,Christian Poulsen,Niki Zimling,Dänemark
500667,82,Tobias Mikkelsen,Jakob Poulsen,Dänemark
500667,64,André Schürrle,Lukas Podolski,Deutschland
500667,74,Miroslav Klose,Mario Gomez,Deutschland
500667,84,Toni Kroos,Thomas Müller,Deutschland
500668,65,Jesús Navas,David Silva,Spanien
500668,74,Fernando Torres,Cesc Fàbregas,Spanien
500668,56,Antonio Di Natale,Mario Balotelli,Italien
500668,65,Sebastian Giovinco,Antonio Cassano,Italien
500668,89,Antonio Nocerino,Thiago Motta,Italien
500669,54,Jon Walters,Kevin Doyle,Irland
500669,54,Simon Cox,Aiden McGeady,Irland
500669,74,Shane Long,Robbie Keane,Irland
500669,72,Niko Kranjčar,Nikica Jelavić,Kroatien
500669,89,Eduardo,Ivan Perišić,Kroatien
500669,90,Tomislav Dujmović,Ivan Rakitić,Kroatien
500670,63,Riccardo Montolivo,Thiago Motta,Italien
500670,69,Antonio Di Natale,Mario Balotelli,Italien
500670,83,Sebastian Giovinco,Antonio Cassano,Italien
500670,68,Danijel Pranjić,Ivan Perišić,Kroatien
500670,83,Eduardo,Nikica Jelavić,Kroatien
500670,90,Niko Kranjčar,Mario Mandžukić,Kroatien
500671,65,Javi Martínez,Xabi Alonso,Spanien
500671,73,Cesc Fàbregas,Fernando Torres,Spanien
500671,78,Santi Cazorla,Iniesta,Spanien
500671,46,Jon Walters,Simon Cox,Irland
500671,76,James McClean,Damien Duff,Irland
500671,80,Paul Green,Glenn Whelan,Irland
500672,65,Ivan Perišić,Danijel Pranjić,Kroatien
500672,65,Nikica Jelavić,Domagoj Vida,Kroatien
500672,81,Eduardo,Ognjen Vukojević,Kroatien
500672,61,Jesús Navas,Fernando Torres,Spanien
500672,73,Cesc Fàbregas,David Silva,Spanien
500672,90,Álvaro Negredo,Xavi,Spanien
500673,57,Leonardo Bonucci,Giorgio Chiellini,Italien
500673,63,Alessandro Diamanti,Antonio Cassano,Italien
500673,74,Mario Balotelli,Antonio Di Natale,Italien
500673,65,Shane Long,Aiden McGeady,Irland
500673,76,Jon Walters,Kevin Doyle,Irland
500673,86,Simon Cox,Robbie Keane,Irland
500675,84,Hatem Ben Arfa,Yohan Cabaye,Frankreich
500675,84,Marvin Martin,Florent Malouda,Frankreich
500675,77,Jermain Defoe,Alex Oxlade-Chamberlain,England
500675,77,Jordan Henderson,Scott Parker,England
500675,90,Theo Walcott,Danny Welbeck,England
500676,81,Artem Milevskiy,Andriy Shevchenko,Ukraine
500676,84,Ruslan Rotan,Andriy Voronin,Ukraine
500676,90,Marko Dević,Yevhen Konoplyanka,Ukraine
500676,62,Anders Svensson,Ola Toivonen,Schweden
500676,67,Christian Wilhelmsson,Sebastian Larsson,Schweden
500676,71,Johan Elmander,Markus Rosenberg,Schweden
500678,46,Marko Dević,Andriy Voronin,Ukraine
500678,60,Artem Milevskiy,Sergiy Nazarenko,Ukraine
500678,68,Aleksandr Aliyev,Andrey Yarmolenko,Ukraine
500678,68,Yann MVila,Yohan Cabaye,Frankreich
500678,73,Marvin Martin,Jérémy Ménez,Frankreich
500678,76,Olivier Giroud,Karim Benzema,Frankreich
500677,66,Mikael Lustig,Andreas Granqvist,Schweden
500677,79,Markus Rosenberg,Johan Elmander,Schweden
500677,81,Christian Wilhelmsson,Rasmus Elm,Schweden
500677,61,Theo Walcott,James Milner,England
500677,90,Alex Oxlade-Chamberlain,Danny Welbeck,England
500679,70,Theo Walcott,James Milner,England
500679,82,Andy Carroll,Danny Welbeck,England
500679,87,Alex Oxlade-Chamberlain,Wayne Rooney,England
500679,70,Andriy Shevchenko,Marko Dević,Ukraine
500679,77,Bogdan Butko,Artem Milevskiy,Ukraine
500679,78,Sergiy Nazarenko,Denys Garmash,Ukraine
500680,46,Christian Wilhelmsson,Emir Bajrami,Schweden
500680,78,Pontus Wernbloom,Ola Toivonen,Schweden
500680,78,Samuel Holmén,Anders Svensson,Schweden
500680,59,Florent Malouda,Hatem Ben Arfa,Frankreich
500680,77,Jérémy Ménez,Samir Nasri,Frankreich
500680,83,Olivier Giroud,Yann MVila,Frankreich
500681,61,Jan Rezek,Vladimír Darida,Tschechien
500681,86,Tomáš Pekhart,Tomáš Hübschman,Tschechien
500681,40,Hugo Almeida,Hélder Postiga,Portugal
500681,84,Custódio,Nani,Portugal
500681,88,Rolando,Raúl Meireles,Portugal
500685,67,Thomas Müller,André Schürrle,Deutschland
500685,80,Mario Gomez,Miroslav Klose,Deutschland
500685,80,Mario Götze,Marco Reus,Deutschland
500685,46,Theofanis Gekas,Sotiris Ninis,Griechenland
500685,46,Georgios Fotakis,Giorgos Tzavellas,Griechenland
500685,72,Nikos Liberopoulos,Grigoris Makos,Griechenland
500682,65,Pedro,David Silva,Spanien
500682,67,Fernando Torres,Cesc Fàbregas,Spanien
500682,84,Santi Cazorla,Iniesta,Spanien
500682,64,Jérémy Ménez,Mathieu Debuchy,Frankreich
500682,65,Samir Nasri,Florent Malouda,Frankreich
500682,79,Olivier Giroud,Yann MVila,Frankreich
500688,61,Andy Carroll,Danny Welbeck,England
500688,61,Theo Walcott,James Milner,England
500688,94,Jordan Henderson,Scott Parker,England
500688,78,Alessandro Diamanti,Antonio Cassano,Italien
500688,80,Antonio Nocerino,Daniele De Rossi,Italien
500688,90,Christian Maggio,Ignazio Abate,Italien
500689,81,Nélson Oliveira,Hugo Almeida,Portugal
500689,105,Custódio,Miguel Veloso,Portugal
500689,113,Varela,Raúl Meireles,Portugal
500689,54,Cesc Fàbregas,Álvaro Negredo,Spanien
500689,60,Jesús Navas,David Silva,Spanien
500689,87,Pedro,Xavi,Spanien
500690,46,Miroslav Klose,Mario Gomez,Deutschland
500690,46,Marco Reus,Lukas Podolski,Deutschland
500690,71,Thomas Müller,Jérôme Boateng,Deutschland
500690,58,Alessandro Diamanti,Antonio Cassano,Italien
500690,64,Thiago Motta,Riccardo Montolivo,Italien
500690,70,Antonio Di Natale,Mario Balotelli,Italien
500691,59,Pedro,David Silva,Spanien
500691,75,Fernando Torres,Cesc Fàbregas,Spanien
500691,87,Mata,Iniesta,Spanien
500691,21,Federico Balzaretti,Giorgio Chiellini,Italien
500691,46,Antonio Di Natale,Antonio Cassano,Italien
500691,57,Thiago Motta,Riccardo Montolivo,Italien
