GameID,Minute,Scorer,Team
1690952,3,Will Evans,Hereford United
1690952,12,Ryan Bowman,Hereford United
1690952,73,Ryan Bowman,Hereford United
1690952,30,Luke Summerfield,Shrewsbury Town
1690929,16,Clayton Donaldson,Brentford FC
1690929,44,Harry Forrester,Brentford FC
1690928,52,Cristian Montaño,Oldham Athletic
1690928,65,Jose Baxter,Oldham Athletic
1690930,23,Donovan Simmonds,Chelmsford City
1690930,63,Donovan Simmonds,Chelmsford City
1690930,89,Jamie Slabber,Chelmsford City
1690930,70,Michael Rose,Colchester United
1690931,83,Allan Tait,Metropolitan Police
1690931,36,Josh Simpson,Crawley Town
1690931,69,Billy Clarke,Crawley Town
1690932,45,François Zoko,Notts County
1690932,56,Yoann Arquin,Notts County
1690933,7,Matt Johnson,Bishops Stortford
1690933,70,Sean Ray,Hastings United
1690933,88,Zachary Attwood,Hastings United
1690934,11,David Ball,Fleetwood Town
1690934,17,Jon Parkin,Fleetwood Town
1690934,34,Jon Parkin,Fleetwood Town
1690935,34,James Norwood,Forest Green Rovers
1690935,49,Eddie Oshodi,Forest Green Rovers
1690935,7,Ashley Vincent,Port Vale FC
1690935,12,Clayton McDonald,Port Vale FC
1690935,80,Ben Williamson,Port Vale FC
1690936,20,Chibuzor Chilaka,Harrogate Town
1690937,30,Josh McQuoid,AFC Bournemouth
1690937,59,Marc Pugh,AFC Bournemouth
1690937,79,Josh McQuoid,AFC Bournemouth
1690937,90,Wes Fogden,AFC Bournemouth
1690938,12,Andrew Fleming,Morecambe FC
1690938,72,Jason Kennedy,Rochdale AFC
1690939,90,Louis Thompson,Swindon Town
1690940,65,Kaid Mohamed,Cheltenham Town
1690940,90,Chris Zebroski,Cheltenham Town
1690940,90,Chris Zebroski,Cheltenham Town
1690940,3,Scott Thomas,Yate Town
1690941,28,Callum Ball,Coventry City
1690941,62,Cyrus Christie,Coventry City
1690941,89,Steve Jennings,Coventry City
1690942,62,Jamie Reed,York City
1690942,80,Charlie Strutton,AFC Wimbledon
1690943,35,Efe Sodje,Bury FC
1690944,16,Scott Boden,Chesterfield FC
1690944,29,Mark Randall,Chesterfield FC
1690944,42,Craig Clay,Chesterfield FC
1690944,54,Terrell Forbes,Chesterfield FC
1690944,79,Jack Lester,Chesterfield FC
1690944,90,Craig Westcarr,Chesterfield FC
1690944,78,Antony Sweeney,Hartlepool United
1690945,27,Martin Woods,Doncaster Rovers
1690945,36,Iain Hume,Doncaster Rovers
1690945,76,Chris Brown,Doncaster Rovers
1690945,56,Richard Marshall,Bradford Park Avenue
1690946,59,Matt Fish,Gillingham FC
1690946,65,Deon Burton,Gillingham FC
1690946,76,Danny Kedwell,Gillingham FC
1690946,90,Adam Birchall,Gillingham FC
1690947,57,Danny Hylton,Aldershot Town
1690947,85,Danny Hylton,Aldershot Town
1690947,28,Dean Cracknell,Hendon FC
1690948,45,Jamie Taylor,Lincoln City
1690948,87,George Bowerman,Walsall FC
1690949,2,Neil Ashton,Wrexham FC
1690949,85,Daniel Wright,Wrexham FC
1690949,27,Paul Clayton,Alfreton Town
1690949,60,Daniel Bradley,Alfreton Town
1690949,79,Ben Tomlinson,Alfreton Town
1690949,90,Ben Tomlinson,Alfreton Town
1690950,33,Barry Corr,Southend United
1690950,85,Marc Laird,Southend United
1690950,88,Freddy Eastwood,Southend United
1690951,19,Mathias Pogba,Crewe Alexandra
1690951,40,Mark Ellis,Crewe Alexandra
1690951,62,Chuks Aneke,Crewe Alexandra
1690951,77,Luke Murphy,Crewe Alexandra
1690951,13,Matthew Spring,Wycombe Wanderers
1690954,56,James Constable,Oxford United
1690954,80,Sean Rigg,Oxford United
1690955,30,Mark Bradley,Rotherham United
1690955,53,Lee Frecklington,Rotherham United
1690955,56,Lee Frecklington,Rotherham United
1690955,58,James Dunne,Stevenage FC
1690955,72,Filipe Morais,Stevenage FC
1690956,90,Adam Farrell,AFC Fylde
1690956,32,Will Hatfield,Accrington Stanley
1690956,45,Will Hatfield,Accrington Stanley
1690956,77,Will Hatfield,Accrington Stanley
1690956,86,Will Hatfield,Accrington Stanley
1690959,14,Wayne Brooksby,Guiseley AFC
1690959,35,Danny Boshell,Guiseley AFC
1690959,44,Adam Boyes,Barrow AFC
1690959,48,Garry Hunter,Barrow AFC
1690960,61,Louis Moult,Northampton Town
1690960,32,Will Atkinson,Bradford City
1690961,38,Joel Byrom,Preston North End
1690961,41,David Amoo,Preston North End
1690961,70,Chris Robertson,Preston North End
1690962,45,David Symington,Carlisle United
1690962,61,Liam Noble,Carlisle United
1690962,81,James Berrett,Carlisle United
1690962,87,Joe Garner,Carlisle United
1690962,58,Nathan Elder,Ebbsfleet United
1690962,90,Joe Howe,Ebbsfleet United
1690963,5,David Clarkson,Bristol Rovers
1690963,53,Nick Blackman,Sheffield United
1690963,62,Chris Porter,Sheffield United
1690964,84,Scott Rendell,Luton Town
1690964,20,Tyrell Waite,Nuneaton Town
1690958,34,Nathan Stanton,Burton Albion
1690958,53,Zander Diamond,Burton Albion
1690958,77,Jacques Maghoma,Burton Albion
1690958,85,Damien McCrory,Burton Albion
1690958,90,Calvin Zola,Burton Albion
1690958,29,Carl Rodgers,Altrincham FC
1690966,49,Jake Gosling,Dorchester Town
1690965,24,Joe Thompson,Tranmere Rovers
1690965,53,Cole Stockton,Tranmere Rovers
1690965,90,Max Power,Tranmere Rovers
1690957,87,David Mooney,Leyton Orient
1690957,88,Dean Cox,Leyton Orient
1692070,22,Sebastien Brown,AFC Wimbledon
1692070,34,Charlie Strutton,AFC Wimbledon
1692070,78,Charlie Strutton,AFC Wimbledon
1692070,97,Byron Harrison,AFC Wimbledon
1692070,99,Jack Midson,AFC Wimbledon
1692070,90,Jamie Reed,York City
1692070,119,Jamie Reed,York City
1692066,35,Will Atkinson,Bradford City
1692066,90,Nahki Wells,Bradford City
1692066,120,Carl McHugh,Bradford City
1692066,43,Ishmel Demontagnac,Northampton Town
1692066,90,Clive Platt,Northampton Town
1692066,109,Kelvin Langmead,Northampton Town
1692067,90,Garry Hunter,Barrow AFC
1692068,45,David Woozley,Slough Town
1692068,66,Nathan Bowden-Haase,Slough Town
1692069,81,Richard Taundry,Walsall FC
1692069,120,Jamie Paterson,Walsall FC
1692069,50,Alan Power,Lincoln City
1692069,102,Vadaine Oliver,Lincoln City
1692069,118,Vadaine Oliver,Lincoln City
1692071,44,Gary McDonald,Morecambe FC
1692072,22,Scott Rendell,Luton Town
1692072,72,Scott Rendell,Luton Town
1692073,12,Shaun Williams,Milton Keynes Dons
1692073,43,Jay OShea,Milton Keynes Dons
1692073,45,Dean Bowditch,Milton Keynes Dons
1692073,74,Shaun Williams,Milton Keynes Dons
1692073,75,Dele Alli,Milton Keynes Dons
1692073,77,Adam Chicksen,Milton Keynes Dons
1692073,60,Dave Theobald,Cambridge City
1692065,65,Chris Palmer,Burton Albion
1692065,75,Calvin Zola,Burton Albion
1692079,70,James Hanson,Bradford City
1692079,43,Clayton Donaldson,Brentford FC
1692089,45,Alan Power,Lincoln City
1692089,47,Jamie Taylor,Lincoln City
1692089,66,Alan Power,Lincoln City
1692089,21,Matt Green,Mansfield Town
1692089,53,Louis Briscoe,Mansfield Town
1692089,90,Matt Rhead,Mansfield Town
1692090,41,Tom Platt,Harrogate Town
1692090,61,Jamie Crellin,Hastings United
1692074,12,Jeffrey Monakana,Preston North End
1692074,38,Stuart Beavon,Preston North End
1692075,33,Matt Doherty,Bury FC
1692075,41,Gavin Tomlin,Southend United
1692076,90,Shaun Miller,Sheffield United
1692076,90,Shaun Miller,Sheffield United
1692076,33,Tom Pope,Port Vale FC
1692077,72,Mark Beck,Carlisle United
1692077,30,Wes Fogden,AFC Bournemouth
1692077,36,Eunan OKane,AFC Bournemouth
1692077,90,Marc Pugh,AFC Bournemouth
1692078,5,Calvin Zola,Burton Albion
1692080,30,Andre Gray,Luton Town
1692080,68,Alex Lawless,Luton Town
1692080,71,Arran Pugh,Dorchester Town
1692082,45,Reece Wabara,Oldham Athletic
1692082,70,Matt Derbyshire,Oldham Athletic
1692082,77,Matt Derbyshire,Oldham Athletic
1692082,4,Robert Blake,Doncaster Rovers
1692083,41,Cole Stockton,Tranmere Rovers
1692083,57,Adam McGurk,Tranmere Rovers
1692083,30,Liam Cooper,Chesterfield FC
1692084,42,Ben Pringle,Rotherham United
1692084,32,Yoann Arquin,Notts County
1692087,25,Craig Lindfield,Accrington Stanley
1692087,80,James Beattie,Accrington Stanley
1692087,90,Lee Molyneux,Accrington Stanley
1692087,12,Jon-Paul Pittman,Oxford United
1692087,86,James Constable,Oxford United
1692087,90,Michael Raynes,Oxford United
1692091,38,Gary McSheffrey,Coventry City
1692091,46,Carl Baker,Coventry City
1692091,77,Kevin Ellison,Morecambe FC
1692093,23,Nicky Adams,Crawley Town
1692093,41,Billy Clarke,Crawley Town
1692093,89,Gary Alexander,Crawley Town
1692094,11,Junior Brown,Fleetwood Town
1692094,88,David Ball,Fleetwood Town
1692094,19,Danny Hylton,Aldershot Town
1692094,45,Peter Vincenti,Aldershot Town
1692094,75,Danny Hylton,Aldershot Town
1692092,45,Stephen Gleeson,Milton Keynes Dons
1692092,90,Jon Otsemobor,Milton Keynes Dons
1692092,59,Jack Midson,AFC Wimbledon
1692081,4,Paul Clayton,Alfreton Town
1692081,52,Ben Tomlinson,Alfreton Town
1692081,25,Dean Cox,Leyton Orient
1692081,30,David Mooney,Leyton Orient
1692081,36,David Mooney,Leyton Orient
1692081,86,Dean Cox,Leyton Orient
1692085,16,Shaun Harrad,Cheltenham Town
1692085,20,Josh OKeefe,Hereford United
1692086,29,Richie Baker,Barrow AFC
1692086,19,Kieran Charnock,Macclesfield Town
1698174,63,Gavin Tomlin,Southend United
1698174,59,Zac Thompson,Bury FC
1699100,74,Sam Clucas,Hereford United
1699100,45,Shaun Harrad,Cheltenham Town
1699100,114,Kaid Mohamed,Cheltenham Town
1698172,77,Louis Briscoe,Mansfield Town
1698172,14,Paul Farman,Lincoln City
1698172,41,Adam Smith,Lincoln City
1698176,47,Lee Carey,Hastings United
1698176,90,Tom Platt,Harrogate Town
1698175,9,Ben Pringle,Rotherham United
1698175,22,Mark Bradley,Rotherham United
1698175,41,Daniel Nardiello,Rotherham United
1698177,66,James Constable,Oxford United
1698177,79,Peter Leven,Oxford United
1699501,45,Marcello Trotta,Brentford FC
1699501,102,Marcello Trotta,Brentford FC
1699501,103,Clayton Donaldson,Brentford FC
1699501,106,Harry Forrester,Brentford FC
1699501,34,Kyel Reid,Bradford City
1699501,94,Alan Connell,Bradford City
1700247,7,John Kissock,Macclesfield Town
1700247,16,Chris Holroyd,Macclesfield Town
1700247,67,Matthew Barnes-Homer,Macclesfield Town
1700247,69,Chris Holroyd,Macclesfield Town
1700247,17,Adam Boyes,Barrow AFC
1698200,33,Andrea Orlandi,Brighton & Hove Albion
1698200,87,Will Hoskins,Brighton & Hove Albion
1698192,17,Tony McMahon,Sheffield United
1698192,68,Dave Kitson,Sheffield United
1698192,87,Nick Blackman,Sheffield United
1698193,6,Danny Hylton,Aldershot Town
1698193,23,Danny Hylton,Aldershot Town
1698193,62,Danny Hylton,Aldershot Town
1698193,71,Lee Frecklington,Rotherham United
1698194,46,Darren Bent,Aston Villa
1698194,83,Andreas Weimann,Aston Villa
1698194,31,Michael Chopra,Ipswich Town
1698195,85,Danny Rose,Barnsley FC
1698196,85,Matthew Barnes-Homer,Macclesfield Town
1698196,88,Matthew Barnes-Homer,Macclesfield Town
1698196,57,Nathaniel Jarvis,Cardiff City
1698197,7,Danny Murphy,Blackburn Rovers
1698197,58,Grant Hanley,Blackburn Rovers
1698199,12,Chung-yong Lee,Bolton Wanderers
1698199,48,Marvin Sordell,Bolton Wanderers
1698199,60,Connor Wickham,Sunderland AFC
1698199,75,Craig Gardner,Sunderland AFC
1698202,38,Ryan Cresswell,Southend United
1698202,39,Barry Corr,Southend United
1698202,54,Barry Corr,Southend United
1698202,29,Tom Adeyemi,Brentford FC
1698203,11,Jermaine Beckford,Huddersfield Town
1698205,1,Nicky Adams,Crawley Town
1698205,13,Adam Le Fondre,Reading FC
1698205,44,Noel Hunt,Reading FC
1698205,49,Adam Le Fondre,Reading FC
1698209,42,Ben Davies,Derby County
1698209,54,Conor Sammon,Derby County
1698209,63,John Brayford,Derby County
1698209,72,Jeff Hendrick,Derby County
1698209,87,Mason Bennett,Derby County
1698210,80,Giorgios Karagounis,Fulham FC
1698210,60,Ludovic Sylvestre,Blackpool FC
1698212,90,Nick Proschwitz,Hull City
1698212,78,David Mooney,Leyton Orient
1698213,60,Luciano Becchio,Leeds United
1698213,32,Wade Elliott,Birmingham City
1698214,3,Chris Wood,Leicester City
1698214,21,Ritchie De Laet,Leicester City
1698216,46,Alex Lawless,Luton Town
1698217,25,Carlos Tévez,Manchester City
1698217,44,Gareth Barry,Manchester City
1698217,90,Rony Lopes,Manchester City
1698218,22,Merouane Zemmama,Middlesbrough FC
1698218,47,Andy Halliday,Middlesbrough FC
1698218,68,Merouane Zemmama,Middlesbrough FC
1698218,85,Ishmael Miller,Middlesbrough FC
1698218,69,Bradley Goldberg,Hastings United
1698219,31,Liam Feeney,Millwall FC
1698220,90,Billy Sharp,Nottingham Forest
1698220,13,Matt Smith,Oldham Athletic
1698220,54,Robbie Simpson,Oldham Athletic
1698220,58,Robbie Simpson,Oldham Athletic
1698220,61,Jose Baxter,Oldham Athletic
1698221,30,Elliott Bennett,Norwich City
1698221,41,Simeon Jackson,Norwich City
1698221,70,Robert Snodgrass,Norwich City
1698222,90,Kieron Dyer,Queens Park Rangers
1698222,78,Shane Long,West Bromwich Albion
1698224,22,Jay Rodriguez,Southampton FC
1698224,35,Demba Ba,Chelsea FC
1698224,45,Victor Moses,Chelsea FC
1698224,52,Branislav Ivanović,Chelsea FC
1698224,61,Demba Ba,Chelsea FC
1698224,83,Frank Lampard,Chelsea FC
1698226,14,Clint Dempsey,Tottenham Hotspur
1698226,33,Gareth Bale,Tottenham Hotspur
1698226,37,Clint Dempsey,Tottenham Hotspur
1698228,70,Jordi Gómez,Wigan Athletic
1698228,41,Eunan OKane,AFC Bournemouth
1698227,27,James Collins,West Ham United
1698227,59,James Collins,West Ham United
1698227,23,Tom Cleverley,Manchester United
1698227,90,Robin van Persie,Manchester United
1698225,58,Michu,Swansea City
1698225,87,Danny Graham,Swansea City
1698225,81,Lukas Podolski,Arsenal FC
1698225,83,Kieran Gibbs,Arsenal FC
1698215,79,Matt Green,Mansfield Town
1698215,7,Daniel Sturridge,Liverpool FC
1698215,59,Luis Suárez,Liverpool FC
1698204,51,Russell Penn,Cheltenham Town
1698204,12,Nikica Jelavić,Everton FC
1698204,21,Leighton Baines,Everton FC
1698204,49,Leon Osman,Everton FC
1698204,58,Séamus Coleman,Everton FC
1698204,89,Marouane Fellaini,Everton FC
1705597,63,Marvin Sordell,Bolton Wanderers
1705597,73,Marvin Sordell,Bolton Wanderers
1705598,26,Paul Hayes,Brentford FC
1705598,76,Clayton Donaldson,Brentford FC
1705598,69,Barry Corr,Southend United
1705599,69,Kenwyne Jones,Stoke City
1705599,95,Jon Walters,Stoke City
1705599,110,Jon Walters,Stoke City
1705599,120,Geoff Cameron,Stoke City
1705599,87,Glenn Murray,Crystal Palace
1705601,87,Dean Cox,Leyton Orient
1705601,41,Nick Proschwitz,Hull City
1705601,117,Tom Cairney,Hull City
1705602,36,Wade Elliott,Birmingham City
1705602,70,Ross McCormack,Leeds United
1705602,76,El-Hadji Diouf,Leeds United
1705604,28,Shaun Williams,Milton Keynes Dons
1705604,75,Dean Bowditch,Milton Keynes Dons
1705605,18,Mauro Boselli,Wigan Athletic
1705600,82,Nathan Delfouneso,Blackpool FC
1705600,90,Kieran Richardson,Fulham FC
1705600,116,Brede Hangeland,Fulham FC
1705603,75,Jay Bothroyd,Queens Park Rangers
1705748,86,Jack Wilshere,Arsenal FC
1705607,9,Wayne Rooney,Manchester United
1705834,27,Danny Shittu,Millwall FC
1705834,89,John Marquis,Millwall FC
1705834,22,Darren Bent,Aston Villa
1705836,85,Pablo Zabaleta,Manchester City
1705828,80,Scott Rendell,Luton Town
1705830,7,Jordi Gómez,Wigan Athletic
1705831,44,Colin Kâzım-Richards,Blackburn Rovers
1705831,66,Scott Dann,Blackburn Rovers
1705831,71,Jordan Rhodes,Blackburn Rovers
1705832,70,Chris Dagnall,Barnsley FC
1705833,83,Lukas Jutkiewicz,Middlesbrough FC
1705833,90,Lukas Jutkiewicz,Middlesbrough FC
1705833,89,Danny Hylton,Aldershot Town
1705839,6,Noel Hunt,Reading FC
1705839,40,Mikele Leigertwood,Reading FC
1705839,50,Noel Hunt,Reading FC
1705839,54,Garath McCleary,Reading FC
1705840,74,Lee Novak,Huddersfield Town
1705840,82,Chris Wood,Leicester City
1705841,4,Armand Traoré,Queens Park Rangers
1705841,83,Jay Bothroyd,Queens Park Rangers
1705841,90,Fábio,Queens Park Rangers
1705841,40,Ryan Lowe,Milton Keynes Dons
1705841,50,Ryan Harley,Milton Keynes Dons
1705841,56,Darren Potter,Milton Keynes Dons
1705842,27,Marvin Sordell,Bolton Wanderers
1705842,18,Steven Pienaar,Everton FC
1705842,90,John Heitinga,Everton FC
1705843,33,Ashley Barnes,Brighton & Hove Albion
1705843,62,Leonardo Ulloa,Brighton & Hove Albion
1705843,16,Olivier Giroud,Arsenal FC
1705843,56,Olivier Giroud,Arsenal FC
1705843,85,Theo Walcott,Arsenal FC
1705837,3,Ryan Giggs,Manchester United
1705837,50,Wayne Rooney,Manchester United
1705837,52,Javier Hernández,Manchester United
1705837,66,Javier Hernández,Manchester United
1705837,77,Aaron Hughes,Fulham FC
1705838,43,Marcello Trotta,Brentford FC
1705838,73,Harry Forrester,Brentford FC
1705838,55,Oscar,Chelsea FC
1705838,83,Fernando Torres,Chelsea FC
1705835,15,Luke Varney,Leeds United
1705835,50,Ross McCormack,Leeds United
1705835,58,Clint Dempsey,Tottenham Hotspur
1705829,2,Matt Smith,Oldham Athletic
1705829,45,Matt Smith,Oldham Athletic
1705829,48,Reece Wabara,Oldham Athletic
1705829,17,Luis Suárez,Liverpool FC
1705829,80,Joe Allen,Liverpool FC
1712239,7,Michael Keane,Leicester City
1712239,5,Adam Clayton,Huddersfield Town
1712239,75,Sean Scannell,Huddersfield Town
1712284,54,Mata,Chelsea FC
1712284,68,Oscar,Chelsea FC
1712284,71,Frank Lampard,Chelsea FC
1712284,81,John Terry,Chelsea FC
1712233,12,James Henry,Millwall FC
1712233,36,Rob Hulse,Millwall FC
1712233,86,Dany NGuessan,Millwall FC
1712231,72,Colin Kâzım-Richards,Blackburn Rovers
1712237,62,Dean Bowditch,Milton Keynes Dons
1712237,3,Chris Dagnall,Barnsley FC
1712237,19,Marlon Harewood,Barnsley FC
1712237,90,Chris Dagnall,Barnsley FC
1712238,13,Jordan Obita,Oldham Athletic
1712238,90,Matt Smith,Oldham Athletic
1712238,24,Victor Anichebe,Everton FC
1712238,48,Phil Jagielka,Everton FC
1712234,5,Yaya Touré,Manchester City
1712234,15,Kun Agüero,Manchester City
1712234,52,Carlos Tévez,Manchester City
1712234,74,Kun Agüero,Manchester City
1712232,62,Lee Novak,Huddersfield Town
1712232,31,Callum McManaman,Wigan Athletic
1712232,40,Arouna Koné,Wigan Athletic
1712232,56,James McArthur,Wigan Athletic
1712232,89,Arouna Koné,Wigan Athletic
1712235,69,Nani,Manchester United
1712235,72,Javier Hernández,Manchester United
1712235,81,Joel McAnuff,Reading FC
1712236,51,Ramires,Chelsea FC
1712236,73,Victor Moses,Chelsea FC
1718429,15,Kevin Mirallas,Everton FC
1718429,34,Leighton Baines,Everton FC
1718429,62,Leon Osman,Everton FC
1718429,64,Matt Smith,Oldham Athletic
1718430,30,Maynor Figueroa,Wigan Athletic
1718430,31,Callum McManaman,Wigan Athletic
1718430,33,Jordi Gómez,Wigan Athletic
1718431,11,Carlos Tévez,Manchester City
1718431,27,Aleksandar Kolarov,Manchester City
1718431,31,Carlos Tévez,Manchester City
1718431,50,Carlos Tévez,Manchester City
1718431,65,David Silva,Manchester City
1718432,5,Javier Hernández,Manchester United
1718432,11,Wayne Rooney,Manchester United
1718432,59,Eden Hazard,Chelsea FC
1718432,68,Ramires,Chelsea FC
1723967,42,Danny Shittu,Millwall FC
1723968,49,Demba Ba,Chelsea FC
1724009,25,Shaun Maloney,Wigan Athletic
1724009,78,Callum McManaman,Wigan Athletic
1724010,66,Demba Ba,Chelsea FC
1724010,35,Samir Nasri,Manchester City
1724010,47,Kun Agüero,Manchester City
1735578,90,Ben Watson,Wigan Athletic
