GameID,Minute,Scorer,Team
2294947,7,Craig Robinson,Warrington Town FC
2294910,7,Jordi Hiwula,Yeovil Town
2294911,8,Jake Hyde,York City
2294911,22,Andy Frampton,AFC Wimbledon
2294912,56,Tom Bradshaw,Walsall FC
2294912,90,Tom Bradshaw,Walsall FC
2294912,5,Mark Ellis,Shrewsbury Town
2294912,61,James Collins,Shrewsbury Town
2294915,9,Craig McAllister,Eastleigh FC
2294915,90,Ben Strevens,Eastleigh FC
2294915,73,Delano Sam-Yorke,Lincoln City
2294916,50,Chris Flood,Basingstoke Town
2294916,18,Rod McDonald,AFC Telford United
2294919,42,Christian Burgess,Peterborough United
2294919,90,Christian Burgess,Peterborough United
2294919,8,Derek Asamoah,Carlisle United
2294920,10,Byron Harrison,Cheltenham Town
2294920,36,Terry Gornell,Cheltenham Town
2294920,53,Byron Harrison,Cheltenham Town
2294920,72,Matt Richards,Cheltenham Town
2294920,84,Byron Harrison,Cheltenham Town
2294921,1,Louis Dennis,Bromley FC
2294921,56,Moses Ademola,Bromley FC
2294921,73,Danny Waldren,Bromley FC
2294921,48,Danny Harris,Dartford FC
2294921,55,Ryan Hayes,Dartford FC
2294921,65,Elliot Bradbrook,Dartford FC
2294921,81,Tom Bradbrook,Dartford FC
2294923,3,John Akinde,Barnet FC
2294923,34,Paul Hayes,Wycombe Wanderers
2294923,59,Aaron Pierre,Wycombe Wanderers
2294923,74,Sam Wood,Wycombe Wanderers
2294924,81,Danny Kedwell,Gillingham FC
2294924,40,Greg Cunningham,Bristol City
2294924,77,Jay Emmanuel-Thomas,Bristol City
2294927,80,Shaun Pearson,Grimsby Town
2294927,35,James Roberts,Oxford United
2294927,42,James Roberts,Oxford United
2294927,51,Danny Rose,Oxford United
2294928,54,Max Power,Tranmere Rovers
2294929,31,Barry Corr,Southend United
2294929,5,Ben Heneghan,Chester FC
2294929,51,Craig Mahon,Chester FC
2294930,40,Luke Guttridge,Luton Town
2294930,58,Paul Benson,Luton Town
2294930,77,Ricky Miller,Luton Town
2294930,86,Jake Howells,Luton Town
2294930,51,Yan Klukowski,Newport County
2294930,64,Aaron OConnor,Newport County
2294932,18,Andrew Tutte,Bury FC
2294932,88,Nathan Cameron,Bury FC
2294932,90,Daniel Nardiello,Bury FC
2294932,10,James Potton,Hemel Hempstead Town
2294933,80,Kwesi Appiah,Cambridge United
2294935,45,Stefan Payne,Dover Athletic
2294936,11,Ben Williamson,Port Vale FC
2294936,44,Dany NGuessan,Port Vale FC
2294936,85,Dany NGuessan,Port Vale FC
2294936,31,Benik Afobe,Milton Keynes Dons
2294936,40,Carl Baker,Milton Keynes Dons
2294936,59,Benik Afobe,Milton Keynes Dons
2294936,81,Danny Green,Milton Keynes Dons
2294938,28,Peter Hartley,Plymouth Argyle
2294938,69,Marvin Morgan,Plymouth Argyle
2294939,40,Sam Winnall,Barnsley FC
2294939,42,Sam Winnall,Barnsley FC
2294939,56,Conor Hourihane,Barnsley FC
2294939,74,Sam Winnall,Barnsley FC
2294939,83,Devante Cole,Barnsley FC
2294940,32,Jonathan Franks,Hartlepool United
2294940,86,Jonathan Franks,Hartlepool United
2294942,38,Mike Jones,Oldham Athletic
2294914,3,Lois Meynard,Halifax Town
2294914,50,Jon Stead,Bradford City
2294914,53,Filipe Morais,Bradford City
2294922,74,Remy Clerima,Braintree Town
2294922,20,Eoin Doyle,Chesterfield FC
2294922,30,Jay OShea,Chesterfield FC
2294922,45,Sam Clucas,Chesterfield FC
2294922,53,Gary Roberts,Chesterfield FC
2294922,90,Eoin Doyle,Chesterfield FC
2294925,16,Jed Wallace,Portsmouth FC
2294925,81,Danny Hollands,Portsmouth FC
2294925,45,Jordan Roberts,Aldershot Town
2294925,68,Mark Molesley,Aldershot Town
2294937,19,Neil Ashton,Wrexham FC
2294937,36,Wesley York,Wrexham FC
2294937,43,Andy Bishop,Wrexham FC
2294941,81,Réda Johnson,Coventry City
2294941,41,Sean Geddes,Worcester City
2294941,55,Sean Geddes,Worcester City
2294943,4,Robert Dale,Blyth Spartans
2294943,61,Daniel Maguire,Blyth Spartans
2294943,84,Robert Dale,Blyth Spartans
2294943,88,Daniel Maguire,Blyth Spartans
2294943,72,Kyle Perry,Altrincham FC
2294944,20,Gary McSheffrey,Scunthorpe United
2294944,60,Gary McSheffrey,Scunthorpe United
2294946,39,Justin Bennett,Gosport Borough FC
2294946,53,Justin Bennett,Gosport Borough FC
2294946,90,Lee Wort,Gosport Borough FC
2294946,14,Gavin Massey,Colchester United
2294946,21,Sanchez Watt,Colchester United
2294946,26,Freddie Sears,Colchester United
2294946,45,Alex Gilbey,Colchester United
2294946,78,Freddie Sears,Colchester United
2294946,90,Sammie Szmodics,Colchester United
2294948,11,Alex Rodman,Gateshead FC
2294948,39,Rob Ramshaw,Gateshead FC
2294948,43,Rob Ramshaw,Gateshead FC
2294948,74,Rob Ramshaw,Gateshead FC
2294945,7,Callum Robinson,Preston North End
2294945,30,Callum Robinson,Preston North End
2294945,81,Callum Robinson,Preston North End
2294909,17,Daniel Glozier,Concord Rangers
2294909,18,Jordan Chiedozie,Concord Rangers
2294918,90,Liam Monelle,Weston-super-Mare AFC
2294918,16,Curtis Main,Doncaster Rovers
2294918,36,Theo Robinson,Doncaster Rovers
2294918,45,James Coppinger,Doncaster Rovers
2294918,64,Richie Wellens,Doncaster Rovers
2296311,71,Jack Smith,AFC Wimbledon
2296311,81,Matt Tubbs,AFC Wimbledon
2296311,90,Matt Tubbs,AFC Wimbledon
2296311,5,Wes Fletcher,York City
2296312,53,Liam Lawrence,Shrewsbury Town
2296313,45,Luke Joyce,Accrington Stanley
2296313,49,Marcus Carver,Accrington Stanley
2296313,12,Ronan Murray,Notts County
2296314,11,Andy Parry,AFC Telford United
2296314,33,Tony Gray,AFC Telford United
2296314,52,Louie Soares,Basingstoke Town
2296315,50,John Marsden,Southport FC
2296315,58,Danny Hattersley,Southport FC
2296317,19,Ryan Flynn,Sheffield United
2296317,77,Ryan Flynn,Sheffield United
2296319,85,Reuben Noble-Lazarus,Rochdale AFC
2296319,90,Oliver Lancashire,Rochdale AFC
2296319,4,Ivan Toney,Northampton Town
2296316,81,Mark Molesley,Aldershot Town
2296318,2,Francis Collin,Maidstone United
2296318,87,Francis Collin,Maidstone United
2296318,47,Darius Charles,Stevenage FC
2308989,61,Ollie Palmer,Mansfield Town
2308990,31,Jonathan Franks,Hartlepool United
2308990,56,Stephen Turnbull,Blyth Spartans
2308990,90,Jarret Rivers,Blyth Spartans
2308991,59,Tyrone Barnett,Oxford United
2308991,64,Tyrone Barnett,Oxford United
2308991,33,Cole Stockton,Tranmere Rovers
2308991,76,Jason Koumas,Tranmere Rovers
2308992,90,Daniel Nardiello,Bury FC
2308992,51,Mark Cullen,Luton Town
2308994,64,Tom Aldred,Accrington Stanley
2308994,30,Jordan Clarke,Yeovil Town
2308997,86,George Elokobi,Oldham Athletic
2308998,19,Paul Huntington,Preston North End
2309001,55,Jose Baxter,Sheffield United
2309001,62,Jose Baxter,Sheffield United
2309001,90,Marc McNulty,Sheffield United
2309008,10,Luke Chadwick,Cambridge United
2309008,81,Tom Champion,Cambridge United
2309008,90,Kwesi Appiah,Cambridge United
2309008,3,Rakish Bingham,Mansfield Town
2309007,19,Manny Smith,Wrexham FC
2309007,57,Andy Bishop,Wrexham FC
2309007,87,Andy Bishop,Wrexham FC
2309007,63,Alex Flisher,Maidstone United
2309004,8,Matty Pattison,Gateshead FC
2309004,90,Daniel Wright,Gateshead FC
2308993,35,Paddy Madden,Scunthorpe United
2308993,46,Daniel Nti,Worcester City
2308996,45,Richard Brodie,Southport FC
2308996,71,Micah Evans,Southport FC
2308996,41,James Constable,Eastleigh FC
2309000,10,Billy Clarke,Bradford City
2309000,31,Jon Stead,Bradford City
2309000,58,Filipe Morais,Bradford City
2309000,59,Mark Yeates,Bradford City
2309000,64,Lee Noble,Dartford FC
2309002,83,Connor Essam,Dover Athletic
2309003,90,Kieran Agard,Bristol City
2309005,56,Sean Rigg,AFC Wimbledon
2309006,90,George Moncur,Colchester United
2308995,43,Gary Roberts,Chesterfield FC
2313875,36,Kayode Odejayi,Tranmere Rovers
2313875,76,Max Power,Tranmere Rovers
2313875,29,Alfie Potter,Oxford United
2313876,48,Luke Rooney,Luton Town
2313878,84,Simon Gillett,Yeovil Town
2313878,88,Sam Foley,Yeovil Town
2313879,16,Kane Hemmings,Barnsley FC
2313879,63,Dale Jennings,Barnsley FC
2313879,88,Dale Jennings,Barnsley FC
2313880,10,Sullay Kaikai,Cambridge United
2313881,31,Matt Done,Rochdale AFC
2313881,75,Peter Vincenti,Rochdale AFC
2313881,81,Matt Done,Rochdale AFC
2313881,88,Matt Done,Rochdale AFC
2313881,73,Dan Fitchett,Aldershot Town
2313877,69,Sean Geddes,Worcester City
2313877,45,Paddy Madden,Scunthorpe United
2314007,34,Joe Ralls,Cardiff City
2314007,53,Kadeem Harris,Cardiff City
2314007,60,Kenwyne Jones,Cardiff City
2314007,74,Freddie Sears,Colchester United
2313996,55,Jóhann Guðmundsson,Charlton Athletic
2313996,4,Chris Taylor,Blackburn Rovers
2313996,59,Chris Taylor,Blackburn Rovers
2314000,12,Peter Vincenti,Rochdale AFC
2314001,42,Saido Berahino,West Bromwich Albion
2314001,45,Victor Anichebe,West Bromwich Albion
2314001,46,Saido Berahino,West Bromwich Albion
2314001,53,Saido Berahino,West Bromwich Albion
2314001,55,Chris Brunt,West Bromwich Albion
2314001,79,James Morrison,West Bromwich Albion
2314001,90,Saido Berahino,West Bromwich Albion
2314002,35,Robert Dale,Blyth Spartans
2314002,41,Robert Dale,Blyth Spartans
2314002,52,Lee Novak,Birmingham City
2314002,55,Wes Thomas,Birmingham City
2314002,58,Wes Thomas,Birmingham City
2314004,10,Richard Brindley,Rotherham United
2314004,44,Shaun MacDonald,AFC Bournemouth
2314004,58,Junior Stanislas,AFC Bournemouth
2314004,63,Ryan Fraser,AFC Bournemouth
2314004,67,Yann Kermorgant,AFC Bournemouth
2314004,71,Yann Kermorgant,AFC Bournemouth
2314005,69,Nick Blackman,Reading FC
2314006,70,Max Power,Tranmere Rovers
2314006,83,Cole Stockton,Tranmere Rovers
2314006,34,Nathan Dyer,Swansea City
2314006,49,Tom Carroll,Swansea City
2314006,58,Modou Barrow,Swansea City
2314006,77,Bafétimbi Gomis,Swansea City
2314006,85,Wayne Routledge,Swansea City
2314006,90,Bafétimbi Gomis,Swansea City
2314008,76,Zach Clough,Bolton Wanderers
2314011,36,Scott McDonald,Millwall FC
2314011,66,Ricardo Fuller,Millwall FC
2314011,70,Sid Nelson,Millwall FC
2314011,83,Ricardo Fuller,Millwall FC
2314011,6,Billy Knott,Bradford City
2314011,76,Billy Knott,Bradford City
2314012,90,Chris Martin,Derby County
2314013,88,Lewis Dunk,Brighton & Hove Albion
2314013,90,Chris OGrady,Brighton & Hove Albion
2314016,27,Robbie Simpson,Cambridge United
2314016,66,Ryan Donaldson,Cambridge United
2314016,74,Michael Harriman,Luton Town
2314018,48,Jelle Vossen,Middlesbrough FC
2314018,84,Daniel Ayala,Middlesbrough FC
2314021,71,Paul Gallagher,Preston North End
2314021,84,Paul Gallagher,Preston North End
2314022,50,Luke McCullough,Doncaster Rovers
2314022,75,Matt Smith,Bristol City
2314023,39,Leonardo Ulloa,Leicester City
2313997,10,Scott Dann,Crystal Palace
2313997,34,Scott Dann,Crystal Palace
2313997,68,Dwight Gayle,Crystal Palace
2313997,87,Kevin Doyle,Crystal Palace
2314009,33,Patrick van Aanholt,Sunderland AFC
2314019,36,Marc McNulty,Sheffield United
2314019,49,Jamal Campbell-Ryce,Sheffield United
2314019,90,Jamal Campbell-Ryce,Sheffield United
2313994,33,Morgan Schneiderlin,Southampton FC
2313994,19,Darren Ambrose,Ipswich Town
2313995,80,Marko Arnautović,Stoke City
2313995,88,Stephen Ireland,Stoke City
2313995,90,Stephen Ireland,Stoke City
2313995,73,Mark Carrington,Wrexham FC
2313999,66,James Milner,Manchester City
2313999,90,James Milner,Manchester City
2313999,14,Atdhe Nuhiu,Sheffield Wednesday
2314003,88,Christian Benteke,Aston Villa
2314020,64,Ander Herrera,Manchester United
2314020,90,Ángel Di María,Manchester United
2314017,58,Willian,Chelsea FC
2314017,70,Loïc Rémy,Chelsea FC
2314017,72,Kurt Zouma,Chelsea FC
2313993,20,Per Mertesacker,Arsenal FC
2313993,82,Alexis Sánchez,Arsenal FC
2314010,73,Sam Vokes,Burnley FC
2314010,56,Nacer Chadli,Tottenham Hotspur
2313998,36,Adebayo Akinfenwa,AFC Wimbledon
2313998,12,Steven Gerrard,Liverpool FC
2313998,62,Steven Gerrard,Liverpool FC
2314015,90,Romelu Lukaku,Everton FC
2314015,56,James Collins,West Ham United
2314024,18,Alex Davey,Scunthorpe United
2314024,44,Lyle Taylor,Scunthorpe United
2314024,71,Eoin Doyle,Chesterfield FC
2314024,85,Jay OShea,Chesterfield FC
2325510,71,Dave Edwards,Wolverhampton Wanderers
2325510,73,Rajiv van La Parra,Wolverhampton Wanderers
2325510,109,Dave Edwards,Wolverhampton Wanderers
2325510,27,Cauley Woodrow,Fulham FC
2325510,76,Cauley Woodrow,Fulham FC
2325510,120,Ross McCormack,Fulham FC
2325512,36,Jay Emmanuel-Thomas,Bristol City
2325512,79,Jay Emmanuel-Thomas,Bristol City
2326869,105,Sam Clucas,Chesterfield FC
2326869,116,Sam Clucas,Chesterfield FC
2326870,51,Enner Valencia,West Ham United
2326870,113,Carlton Cole,West Ham United
2326870,82,Kevin Mirallas,Everton FC
2326870,97,Romelu Lukaku,Everton FC
2325514,8,James Hanson,Bradford City
2325514,17,Jon Stead,Bradford City
2325514,39,Andy Halliday,Bradford City
2325514,57,Billy Knott,Bradford City
2325513,19,Shane Long,Southampton FC
2326233,10,Paulinho,Tottenham Hotspur
2326233,45,Étienne Capoue,Tottenham Hotspur
2326233,49,Vlad Chiricheş,Tottenham Hotspur
2326233,52,Danny Rose,Tottenham Hotspur
2326233,3,Marvin Sordell,Burnley FC
2326233,8,Ross Wallace,Burnley FC
2326184,23,Chris Taylor,Blackburn Rovers
2326184,78,Rudy Gestede,Blackburn Rovers
2326184,89,Craig Conway,Blackburn Rovers
2326184,21,Gylfi Sigurðsson,Swansea City
2326183,45,Jonathan Grounds,Birmingham City
2326183,25,Victor Anichebe,West Bromwich Albion
2326183,35,Victor Anichebe,West Bromwich Albion
2326187,25,Kenwyne Jones,Cardiff City
2326187,64,Oliver Norwood,Reading FC
2326187,88,Hal Robson-Kanu,Reading FC
2326188,21,Gary Cahill,Chelsea FC
2326188,38,Ramires,Chelsea FC
2326188,41,Jon Stead,Bradford City
2326188,75,Filipe Morais,Bradford City
2326188,82,Andy Halliday,Bradford City
2326188,90,Mark Yeates,Bradford City
2326189,20,Darren Bent,Derby County
2326189,82,Will Hughes,Derby County
2326190,53,Patrick Bamford,Middlesbrough FC
2326190,90,Kike García,Middlesbrough FC
2326191,19,Paul Gallagher,Preston North End
2326191,68,Diego De Girolamo,Sheffield United
2326196,19,Andros Townsend,Tottenham Hotspur
2326196,83,Leonardo Ulloa,Leicester City
2326196,90,Jeffrey Schlupp,Leicester City
2326197,9,Graziano Pellè,Southampton FC
2326197,11,Marouane Chamakh,Crystal Palace
2326197,16,Scott Dann,Crystal Palace
2326197,21,Yaya Sanogo,Crystal Palace
2326197,39,Marouane Chamakh,Crystal Palace
2326194,81,Diafra Sakho,West Ham United
2326182,51,Carles Gil,Aston Villa
2326182,71,Andreas Weimann,Aston Villa
2326182,90,Callum Wilson,AFC Bournemouth
2326185,50,Chris OGrady,Brighton & Hove Albion
2326185,75,Sam Baldock,Brighton & Hove Albion
2326185,2,Theo Walcott,Arsenal FC
2326185,24,Mesut Özil,Arsenal FC
2326185,59,Tomáš Rosický,Arsenal FC
2326192,78,Rhys Bennett,Rochdale AFC
2326192,4,Bojan,Stoke City
2326192,52,Stephen Ireland,Stoke City
2326192,61,Victor Moses,Stoke City
2326192,90,Jon Walters,Stoke City
2336531,28,Hugo Rodallega,Fulham FC
2336531,61,Marcus Bettinelli,Fulham FC
2336531,75,Ricardo Álvarez,Sunderland AFC
2336531,90,Jordi Gómez,Sunderland AFC
2336532,38,Jamie Murphy,Sheffield United
2336532,63,Paul Gallagher,Preston North End
2336532,69,Paul Huntington,Preston North End
2336532,73,Paul Gallagher,Preston North End
2336466,25,Mata,Manchester United
2336466,32,Marcos Rojo,Manchester United
2336466,73,James Wilson,Manchester United
2336530,59,Eiður Guðjohnsen,Bolton Wanderers
2336530,86,Raheem Sterling,Liverpool FC
2336530,90,Coutinho,Liverpool FC
2337070,20,Brown Ideye,West Bromwich Albion
2337070,42,James Morrison,West Bromwich Albion
2337070,57,Brown Ideye,West Bromwich Albion
2337070,72,Saido Berahino,West Bromwich Albion
2337072,36,Joshua King,Blackburn Rovers
2337072,45,Rudy Gestede,Blackburn Rovers
2337072,50,Joshua King,Blackburn Rovers
2337072,55,Joshua King,Blackburn Rovers
2337072,10,Peter Crouch,Stoke City
2337073,61,Darren Bent,Derby County
2337073,53,Hal Robson-Kanu,Reading FC
2337073,82,Yakubu Ayegbeni,Reading FC
2337067,15,Frazier Campbell,Crystal Palace
2337067,49,Daniel Sturridge,Liverpool FC
2337067,58,Adam Lallana,Liverpool FC
2337069,68,Leandro Bacuna,Aston Villa
2337069,89,Scott Sinclair,Aston Villa
2337069,90,Andrej Kramarić,Leicester City
2337071,61,Jon Stead,Bradford City
2337071,3,John OShea,Sunderland AFC
2337068,27,Olivier Giroud,Arsenal FC
2337068,29,Olivier Giroud,Arsenal FC
2337074,47,Scott Laird,Preston North End
2337074,65,Ander Herrera,Manchester United
2337074,72,Marouane Fellaini,Manchester United
2337074,88,Wayne Rooney,Manchester United
2344299,51,Fabian Delph,Aston Villa
2344299,85,Scott Sinclair,Aston Villa
2344300,29,Wayne Rooney,Manchester United
2344300,25,Nacho Monreal,Arsenal FC
2344300,61,Danny Welbeck,Arsenal FC
2353913,6,Hal Robson-Kanu,Reading FC
2353913,9,Garath McCleary,Reading FC
2353913,68,Jamie Mackie,Reading FC
2354074,70,Coutinho,Liverpool FC
2354283,54,Garath McCleary,Reading FC
2354283,39,Alexis Sánchez,Arsenal FC
2354283,106,Alexis Sánchez,Arsenal FC
2354284,36,Christian Benteke,Aston Villa
2354284,54,Fabian Delph,Aston Villa
2354284,30,Coutinho,Liverpool FC
2361446,40,Theo Walcott,Arsenal FC
2361446,50,Alexis Sánchez,Arsenal FC
2361446,62,Per Mertesacker,Arsenal FC
2361446,90,Olivier Giroud,Arsenal FC
