GameID,Minute,Scorer,Team
8479675,16,Gavin Gunning,Port Vale FC
8479675,53,Tom Pope,Port Vale FC
8479699,30,Ryan Yates,Notts County
8479699,31,Ryan Yates,Notts County
8479699,58,Jon Stead,Notts County
8479699,90,Jorge Grant,Notts County
8479699,8,Liam Sercombe,Bristol Rovers
8479699,12,Stuart Sinclair,Bristol Rovers
8479705,14,Aidan Nesbitt,Milton Keynes Dons
8479705,45,Chuks Aneke,Milton Keynes Dons
8479705,67,Ethan Ebanks-Landell,Milton Keynes Dons
8479705,73,Ed Upson,Milton Keynes Dons
8479691,41,Lee Bennett,Shaw Lane AFC
8479691,34,Krystian Pearce,Mansfield Town
8479691,73,Danny Rose,Mansfield Town
8479691,78,Danny Rose,Mansfield Town
8479673,16,Matt Godden,Stevenage FC
8479673,68,Jonathan Smith,Stevenage FC
8479673,73,Jonathan Smith,Stevenage FC
8479673,76,Matt Godden,Stevenage FC
8479673,89,Matt Godden,Stevenage FC
8479674,4,Alex Gilliead,Bradford City
8479674,44,Alex Jones,Bradford City
8479677,4,Kevin Ellison,Morecambe FC
8479677,67,Andrew Fleming,Morecambe FC
8479677,85,Scott Loach,Hartlepool United
8479678,29,Otis Khan,Yeovil Town
8479679,52,Jack Marriott,Peterborough United
8479679,72,Andy Cook,Tranmere Rovers
8479681,42,Christian Doidge,Forest Green Rovers
8479682,14,Danny Rowe,AFC Fylde
8479682,48,Danny Rowe,AFC Fylde
8479682,54,Jonny Smith,AFC Fylde
8479682,64,Sam Finley,AFC Fylde
8479682,74,Joel Taylor,Kidderminster Harriers
8479682,90,Andre Brown,Kidderminster Harriers
8479683,45,James Collins,Luton Town
8479684,20,Alex Rodman,Shrewsbury Town
8479684,24,Shaun Whalley,Shrewsbury Town
8479684,62,Stefan Payne,Shrewsbury Town
8479684,66,Arthur Gnahoua,Shrewsbury Town
8479684,68,Carlton Morris,Shrewsbury Town
8479685,68,John Mills,Hereford United
8479687,63,Joe Nuttall,Blackburn Rovers
8479687,70,Danny Graham,Blackburn Rovers
8479687,81,Marcus Antonsson,Blackburn Rovers
8479687,31,Simeon Akinola,Barnet FC
8479688,35,Danny Kedwell,Ebbsfleet United
8479688,37,Luke Coulson,Ebbsfleet United
8479688,45,Tommy Rowe,Doncaster Rovers
8479688,45,John Marquis,Doncaster Rovers
8479688,52,James Coppinger,Doncaster Rovers
8479688,78,Jordan Houghton,Doncaster Rovers
8479688,83,James Coppinger,Doncaster Rovers
8479688,85,Tommy Rowe,Doncaster Rovers
8479690,68,Blair Turgott,Boreham Wood
8479690,88,Dan Holman,Boreham Wood
8479690,62,Danny Philliskirk,Blackpool FC
8479692,46,Matt Paterson,Oxford City
8479693,9,Graham Carey,Plymouth Argyle
8479694,7,Lyle Taylor,AFC Wimbledon
8479695,10,Bradden Inman,Rochdale AFC
8479695,31,Ian Henderson,Rochdale AFC
8479695,53,Bradden Inman,Rochdale AFC
8479695,84,Ian Henderson,Rochdale AFC
8479698,22,Richie Bennett,Carlisle United
8479698,36,Hallam Hope,Carlisle United
8479698,60,Richie Bennett,Carlisle United
8479698,64,Peter Clarke,Oldham Athletic
8479698,72,Aaron Holloway,Oldham Athletic
8479701,52,Kevin Dawson,Cheltenham Town
8479701,20,Delano Sam-Yorke,Maidstone United
8479701,21,Joe Pigott,Maidstone United
8479701,43,Zavon Hines,Maidstone United
8479701,53,Delano Sam-Yorke,Maidstone United
8479701,62,Alex Finney,Maidstone United
8479703,47,Brad Walker,Crewe Alexandra
8479703,89,Callum Ainley,Crewe Alexandra
8479703,21,Will Vaulks,Rotherham United
8479704,20,Josh Parker,Gillingham FC
8479704,75,Tom Eaves,Gillingham FC
8479704,79,James Dayton,Leyton Orient
8479706,35,Matthew Lench,Slough Town
8479706,46,Matthew Lench,Slough Town
8479706,52,Chris Flood,Slough Town
8479706,71,Manny Williams,Slough Town
8479706,75,Sean Fraser,Slough Town
8479706,84,Matthew Lench,Slough Town
8479710,29,Ivan Toney,Wigan Athletic
8479710,71,Lee Evans,Wigan Athletic
8479710,20,Jordan Roberts,Crawley Town
8479711,30,Jordan Burrow,Gateshead FC
8479711,34,Danny Johnson,Gateshead FC
8479676,18,Frank Nouble,Newport County
8479676,46,Shawn McCoulsky,Newport County
8479676,77,Amadou Bakayoko,Walsall FC
8479680,45,Jabo Ibehre,Cambridge United
8479689,21,Jack Midson,Leatherhead FC
8479689,67,Billy Bricknell,Billericay
8479696,33,Jordan Ponticelli,Coventry City
8479696,44,Jordan Ponticelli,Coventry City
8479700,83,Richard Sho-Silva,Dartford FC
8479700,12,Timi Elšnik,Swindon Town
8479700,23,Harry Smith,Swindon Town
8479700,26,Timi Elšnik,Swindon Town
8479700,47,Amine Linganzi,Swindon Town
8479700,50,Paul Mullin,Swindon Town
8479702,25,Jamie Philpot,Woking FC
8479702,1,Michael Smith,Bury FC
8479707,16,Nick Freeman,Wycombe Wanderers
8479707,28,Craig Mackail-Smith,Wycombe Wanderers
8479709,10,Ben Reeves,Charlton Athletic
8479709,53,Mark Marshall,Charlton Athletic
8479709,70,Ben Reeves,Charlton Athletic
8479709,59,Tyler Harvey,Truro City
8479712,59,Jayden Stockley,Exeter City
8479712,63,Jayden Stockley,Exeter City
8479712,86,Liam McAlinden,Exeter City
8479712,70,Sam Bantick,Heybridge Swifts FC
8479697,58,Marcus Carver,Chorley FC
8479697,77,Devante Cole,Fleetwood Town
8479697,90,Jack Sowerby,Fleetwood Town
8490715,32,Hakeem Adelakun,Scunthorpe United
8490724,47,Sean McConville,Accrington Stanley
8490724,79,John Rooney,Guiseley AFC
8490726,30,Regan Charles-Cook,Woking FC
8490726,71,Inih Effiong,Woking FC
8490726,86,Jamie Philpot,Woking FC
8490714,16,Danny Lloyd,Peterborough United
8490714,22,Danny Lloyd,Peterborough United
8490714,67,Jack Baldwin,Peterborough United
8490714,73,Danny Lloyd,Peterborough United
8490714,75,Marcus Maddison,Peterborough United
8490725,61,Adam Cunnington,Billericay
8490725,68,Jack Midson,Leatherhead FC
8490725,82,Jack Midson,Leatherhead FC
8490725,90,Sammy Moore,Leatherhead FC
8490922,70,Danny Rowe,AFC Fylde
8490922,44,Will Grigg,Wigan Athletic
8490924,31,Richard Duffy,Notts County
8490924,56,Jon Stead,Notts County
8490924,90,Jorge Grant,Notts County
8490924,53,Robbie Sinclair,Oxford City
8490924,73,Matt Paterson,Oxford City
8490909,54,Aidan Nesbitt,Milton Keynes Dons
8490909,64,Kieran Agard,Milton Keynes Dons
8490909,70,Kieran Agard,Milton Keynes Dons
8490909,89,Peter Pawlett,Milton Keynes Dons
8490909,25,Magnus Okuonghae,Maidstone United
8490912,63,Tom Pope,Port Vale FC
8490912,89,Jordan Green,Yeovil Town
8490913,32,Alex Rodman,Shrewsbury Town
8490913,37,Shaun Whalley,Shrewsbury Town
8490917,18,Alex Samuel,Stevenage FC
8490917,23,Matt Godden,Stevenage FC
8490917,45,Tom Pett,Stevenage FC
8490917,72,Danny Newton,Stevenage FC
8490917,77,Danny Newton,Stevenage FC
8490917,33,Amine Linganzi,Swindon Town
8490917,42,Matthew Taylor,Swindon Town
8490920,38,Romain Vincelot,Bradford City
8490920,50,Nathaniel Knight-Percival,Bradford City
8490920,64,Charlie Wyke,Bradford City
8490920,63,Graham Carey,Plymouth Argyle
8490923,5,Luke ONeill,Gillingham FC
8490923,18,Danny Grainger,Carlisle United
8490925,26,Christian Doidge,Forest Green Rovers
8490925,88,Scott Laird,Forest Green Rovers
8490925,90,Christian Doidge,Forest Green Rovers
8490925,58,Jordan Moore-Taylor,Exeter City
8490925,64,Jayden Stockley,Exeter City
8490925,90,Jayden Stockley,Exeter City
8490926,29,Devante Cole,Fleetwood Town
8490926,23,Calvin Dinsley,Hereford United
8490908,84,Joe Ward,Woking FC
8490908,24,Ryan Tafazolli,Peterborough United
8490910,2,Joss Labadie,Newport County
8490910,82,Joss Labadie,Newport County
8490911,29,Sam Saunders,Wycombe Wanderers
8490911,76,Craig Mackail-Smith,Wycombe Wanderers
8490911,90,Adebayo Akinfenwa,Wycombe Wanderers
8490911,8,Jack Midson,Leatherhead FC
8490914,16,Tommy Rowe,Doncaster Rovers
8490914,67,Tommy Rowe,Doncaster Rovers
8490914,90,Liam Mandeville,Doncaster Rovers
8490916,10,Cody McDonald,AFC Wimbledon
8490916,70,Lyle Taylor,AFC Wimbledon
8490916,81,Lyle Taylor,AFC Wimbledon
8490916,22,Karlan Ahearne-Grant,Charlton Athletic
8490918,31,James Spencer,Mansfield Town
8490918,52,James Spencer,Mansfield Town
8490918,65,James Spencer,Mansfield Town
8490919,40,Oliver Lee,Luton Town
8490919,62,Daniel Potts,Luton Town
8490919,67,Elliot Lee,Luton Town
8490919,90,Danny Hylton,Luton Town
8490919,90,Luke Berry,Luton Town
8490921,11,Dominic Samuel,Blackburn Rovers
8490921,15,Danny Graham,Blackburn Rovers
8490921,20,Dominic Samuel,Blackburn Rovers
8490921,35,Chris Porter,Crewe Alexandra
8490921,63,Eddie Nolan,Crewe Alexandra
8490921,66,Chris Porter,Crewe Alexandra
8490927,27,Duckens Nazon,Coventry City
8490927,40,Marc McNulty,Coventry City
8490927,48,Jordan Shipley,Coventry City
8490915,13,Calvin Andrew,Rochdale AFC
8490915,68,Callum Camps,Rochdale AFC
8490915,89,Ian Henderson,Rochdale AFC
8490915,90,Matt Done,Rochdale AFC
8534363,31,Ivan Toney,Wigan Athletic
8534363,80,Will Grigg,Wigan Athletic
8534363,84,Will Grigg,Wigan Athletic
8534363,40,Simon Grand,AFC Fylde
8534363,65,Danny Rowe,AFC Fylde
8534364,45,Otis Khan,Yeovil Town
8534364,95,Otis Khan,Yeovil Town
8534364,109,François Zoko,Yeovil Town
8534364,83,Marcus Harness,Port Vale FC
8534364,108,Antony Kay,Port Vale FC
8534373,73,Pierce Sweeney,Exeter City
8534373,115,Jayden Stockley,Exeter City
8534373,30,Christian Doidge,Forest Green Rovers
8534413,29,Michael Doughty,Peterborough United
8534413,45,Jack Marriott,Peterborough United
8534413,69,Jack Marriott,Peterborough United
8534413,78,Marcus Maddison,Peterborough United
8534413,90,Gwion Edwards,Peterborough United
8534413,19,Inih Effiong,Woking FC
8534413,68,Matt Young,Woking FC
8534414,24,Danny Graham,Blackburn Rovers
8534366,10,Cian Bolger,Fleetwood Town
8534366,58,Cian Bolger,Fleetwood Town
8534365,7,Hallam Hope,Carlisle United
8534365,37,Hallam Hope,Carlisle United
8534365,90,Shaun Miller,Carlisle United
8534365,47,Scott Wagstaff,Gillingham FC
8534532,35,James Milner,Liverpool FC
8534532,84,Virgil van Dijk,Liverpool FC
8534532,67,Gylfi Sigurðsson,Everton FC
8534543,84,Jesse Lingard,Manchester United
8534543,90,Romelu Lukaku,Manchester United
8534515,10,Rudy Gestede,Middlesbrough FC
8534515,42,Martin Braithwaite,Middlesbrough FC
8534513,18,Calvin Andrew,Rochdale AFC
8534517,58,Ola Aina,Hull City
8534519,56,Kun Agüero,Manchester City
8534519,58,Kun Agüero,Manchester City
8534519,71,Leroy Sané,Manchester City
8534519,82,Bernardo Silva,Manchester City
8534519,25,Ashley Barnes,Burnley FC
8534523,30,Ayoze Pérez,Newcastle United
8534523,36,Ayoze Pérez,Newcastle United
8534523,39,Jonjo Shelvey,Newcastle United
8534523,49,Danny Hylton,Luton Town
8534524,35,Aiden OBrien,Millwall FC
8534524,47,Ben Thompson,Millwall FC
8534524,56,Aiden OBrien,Millwall FC
8534524,61,Fred Onyedinma,Millwall FC
8534524,11,Brad Potts,Barnsley FC
8534525,29,James Ward-Prowse,Southampton FC
8534526,45,Luke ONien,Wycombe Wanderers
8534526,2,Josh Harrop,Preston North End
8534526,38,Alan Browne,Preston North End
8534526,50,Daryl Horgan,Preston North End
8534526,78,Alan Browne,Preston North End
8534526,85,Josh Harrop,Preston North End
8534529,25,Nathan Thomas,Sheffield United
8534530,37,André Carrillo,Watford FC
8534530,57,Troy Deeney,Watford FC
8534530,85,Étienne Capoue,Watford FC
8534531,56,Sam Gallagher,Birmingham City
8534534,8,Keinan Davis,Aston Villa
8534534,75,Jack Marriott,Peterborough United
8534534,83,Ryan Tafazolli,Peterborough United
8534534,90,Jack Marriott,Peterborough United
8534535,29,Emerson Hyndman,AFC Bournemouth
8534535,55,Lys Mousset,AFC Bournemouth
8534535,90,Steve Cook,AFC Bournemouth
8534535,4,Will Grigg,Wigan Athletic
8534536,24,Jordan Willis,Coventry City
8534536,68,Jack Grimmer,Coventry City
8534536,54,Charlie Adam,Stoke City
8534538,64,Derik,Bolton Wanderers
8534538,51,Rajiv van La Parra,Huddersfield Town
8534538,52,Daniel Williams,Huddersfield Town
8534539,61,Marcus Barnes,Yeovil Town
8534539,76,Jordan Green,Yeovil Town
8534541,65,Jon Stead,Notts County
8534542,60,Ousseynou Cissé,Milton Keynes Dons
8534544,2,Salomón Rondón,West Bromwich Albion
8534544,25,Jay Rodriguez,West Bromwich Albion
8534537,89,Shawn McCoulsky,Newport County
8534537,9,Gaetano Berardi,Leeds United
8534537,76,Conor Shaughnessy,Leeds United
8534514,63,Harry Kane,Tottenham Hotspur
8534514,65,Harry Kane,Tottenham Hotspur
8534514,71,Jan Vertonghen,Tottenham Hotspur
8534540,20,Eric Lichaj,Nottingham Forest
8534540,44,Eric Lichaj,Nottingham Forest
8534540,64,Ben Brereton,Nottingham Forest
8534540,85,Kieran Dowell,Nottingham Forest
8534540,23,Per Mertesacker,Arsenal FC
8534540,79,Danny Welbeck,Arsenal FC
8534533,25,Dale Stephens,Brighton & Hove Albion
8534533,87,Glenn Murray,Brighton & Hove Albion
8534533,69,Bakary Sako,Crystal Palace
8609600,43,Kelechi Iheanacho,Leicester City
8609600,77,Kelechi Iheanacho,Leicester City
8609601,35,Danny Rose,Mansfield Town
8609601,34,Bruno Écuélé,Cardiff City
8609601,66,Junior Hoilett,Cardiff City
8609601,71,Anthony Pilkington,Cardiff City
8609601,89,Junior Hoilett,Cardiff City
8609602,112,Reece Burke,West Ham United
8609604,28,Marco Matias,Sheffield Wednesday
8609604,66,Atdhe Nuhiu,Sheffield Wednesday
8609605,32,Jón Böðvarsson,Reading FC
8609605,44,Jón Böðvarsson,Reading FC
8609605,64,Jón Böðvarsson,Reading FC
8609606,11,Jordan Ayew,Swansea City
8609606,69,Wilfried Bony,Swansea City
8609606,66,Diogo Jota,Wolverhampton Wanderers
8609607,9,Sam Morsy,Wigan Athletic
8609607,73,Dan Burn,Wigan Athletic
8609607,76,Callum Elder,Wigan Athletic
8609603,55,Michy Batshuayi,Chelsea FC
8609603,90,Jamal Lewis,Norwich City
8609613,29,Atdhe Nuhiu,Sheffield Wednesday
8609613,53,Atdhe Nuhiu,Sheffield Wednesday
8609613,61,George Boyd,Sheffield Wednesday
8609613,87,Cameron Dawson,Sheffield Wednesday
8609612,41,Marcus Rashford,Manchester United
8609612,61,Ander Herrera,Manchester United
8609612,89,Jesse Lingard,Manchester United
8609612,90,Romelu Lukaku,Manchester United
8609609,58,Andrew Hughes,Peterborough United
8609609,9,Fousséni Diabaté,Leicester City
8609609,12,Kelechi Iheanacho,Leicester City
8609609,29,Kelechi Iheanacho,Leicester City
8609609,87,Fousséni Diabaté,Leicester City
8609609,90,Wilfred Ndidi,Leicester City
8609610,21,Steve Mounié,Huddersfield Town
8609610,54,Lukas Jutkiewicz,Birmingham City
8609611,62,Jon Stead,Notts County
8609611,45,Luciano Narsingh,Swansea City
8609615,64,Maxime Biamou,Coventry City
8609616,17,Jed Wallace,Millwall FC
8609616,90,Ben Thompson,Millwall FC
8609616,32,Ian Henderson,Rochdale AFC
8609616,53,Matt Done,Rochdale AFC
8609617,4,Jack Stephens,Southampton FC
8609618,90,Glenn Murray,Brighton & Hove Albion
8609619,7,Will Grigg,Wigan Athletic
8609619,62,Will Grigg,Wigan Athletic
8609620,18,Jarrod Bowen,Hull City
8609620,40,Nouha Dicko,Hull City
8609620,88,Apostolos Vellios,Nottingham Forest
8609623,80,Billy Sharp,Sheffield United
8609621,38,Pádraig Amond,Newport County
8609621,82,Harry Kane,Tottenham Hotspur
8609608,5,Roberto Firmino,Liverpool FC
8609608,45,Joel Matip,Liverpool FC
8609608,78,Mohamed Salah,Liverpool FC
8609608,7,Jay Rodriguez,West Bromwich Albion
8609608,11,Jay Rodriguez,West Bromwich Albion
8609622,31,Michy Batshuayi,Chelsea FC
8609622,44,Michy Batshuayi,Chelsea FC
8609622,72,Marcos Alonso,Chelsea FC
8609614,8,Kevin De Bruyne,Manchester City
8609614,37,Raheem Sterling,Manchester City
8625816,52,Che Adams,Birmingham City
8625816,60,Marc Roberts,Birmingham City
8625816,94,Steve Mounié,Huddersfield Town
8625816,97,Rajiv van La Parra,Huddersfield Town
8625816,106,Tom Ince,Huddersfield Town
8625818,53,Ian Henderson,Rochdale AFC
8625817,18,Tammy Abraham,Swansea City
8625817,20,Nathan Dyer,Swansea City
8625817,30,Nathan Dyer,Swansea City
8625817,45,Tammy Abraham,Swansea City
8625817,53,Kyle Naughton,Swansea City
8625817,57,Wayne Routledge,Swansea City
8625817,65,Tom Carroll,Swansea City
8625817,82,Daniel James,Swansea City
8625817,35,Noor Husin,Notts County
8625819,34,Érik Lamela,Tottenham Hotspur
8625819,26,Dan Butler,Newport County
8617230,66,Jamie Vardy,Leicester City
8617229,2,Willian,Chelsea FC
8617229,27,Pedro,Chelsea FC
8617229,32,Willian,Chelsea FC
8617229,42,Olivier Giroud,Chelsea FC
8617228,58,Salomón Rondón,West Bromwich Albion
8617228,11,Wesley Hoedt,Southampton FC
8617228,56,Dušan Tadić,Southampton FC
8617231,15,Jürgen Locadia,Brighton & Hove Albion
8617231,34,Connor Goldson,Brighton & Hove Albion
8617231,61,Leonardo Ulloa,Brighton & Hove Albion
8617231,77,Jonson Clarke-Harris,Coventry City
8617233,3,Romelu Lukaku,Manchester United
8617233,55,Romelu Lukaku,Manchester United
8617232,45,Ian Henderson,Rochdale AFC
8617232,90,Steve Davies,Rochdale AFC
8617232,59,Lucas,Tottenham Hotspur
8617232,88,Harry Kane,Tottenham Hotspur
8617234,79,Will Grigg,Wigan Athletic
8668407,55,Jordan Ayew,Swansea City
8668407,80,Nathan Dyer,Swansea City
8668408,23,Heung-min Son,Tottenham Hotspur
8668408,47,Llorente,Tottenham Hotspur
8668408,53,Llorente,Tottenham Hotspur
8668408,59,Llorente,Tottenham Hotspur
8668408,65,Heung-min Son,Tottenham Hotspur
8668408,90,Kyle Walker-Peters,Tottenham Hotspur
8668408,31,Stephen Humphrys,Rochdale AFC
8617223,11,Christian Eriksen,Tottenham Hotspur
8617223,45,Érik Lamela,Tottenham Hotspur
8617223,62,Christian Eriksen,Tottenham Hotspur
8617224,37,Romelu Lukaku,Manchester United
8617224,83,Nemanja Matić,Manchester United
8617226,62,Pierre-Emile Højbjerg,Southampton FC
8617226,90,Cédric Soares,Southampton FC
8617225,76,Jamie Vardy,Leicester City
8617225,42,Morata,Chelsea FC
8617225,105,Pedro,Chelsea FC
8617221,24,Alexis Sánchez,Manchester United
8617221,62,Ander Herrera,Manchester United
8617221,11,Dele Alli,Tottenham Hotspur
8617222,46,Olivier Giroud,Chelsea FC
8617222,82,Morata,Chelsea FC
8617220,22,Eden Hazard,Chelsea FC
