GameID,Minute,Scorer,Team
1701686,8,Geraldo,Angola
1701686,85,Amaro,Angola
1691850,13,Omar Abdulrahman,VA Emirate
1691850,28,Ali Mabkhout,VA Emirate
1691850,66,Mohamed Gharib,VA Emirate
1691850,11,Khalfan Ibrahim,Katar
1701687,17,Boubacar Issoufou,Niger
1701687,19,Mohamed Chikoto,Niger
1701687,60,Mohamed Chikoto,Niger
1701687,90,Moussa Maâzou,Niger
1691851,63,Yousef Al Sulaiman,Kuwait
1691851,82,Bader Al Mutwa,Kuwait
1691852,18,Salam Shakir,Irak
1691852,72,Osama Hawsawi,Saudi-Arabien
1705745,4,Oussama Darragi,Tunesien
1705745,64,Tesfaye Alebechew,Äthiopien
1691854,56,Khalfan Ibrahim,Katar
1691854,88,Mohammed Jeddo,Katar
1691854,71,Hussein Al Hadhri,Oman
1691853,75,Abdulwahab Al Malood,Bahrain
1691853,40,Ali Mabkhout,VA Emirate
1691853,85,Majed Hassan,VA Emirate
1691855,41,Tarik Elyounoussi,Norwegen
1691857,29,Hammadi Al-Daiya,Irak
1691856,32,Yasser Al Qahtani,Saudi-Arabien
1691856,86,Fahad Al Muwallad,Saudi-Arabien
1698169,51,Johan Lengoualama,Gabun
1698169,41,Saber Khalifa,Tunesien
1705817,18,Emmanuel Agyemang-Badu,Ghana
1705817,54,Richmond Boakye,Ghana
1705817,83,Asamoah Gyan,Ghana
1705818,67,Eybir Bonaga,Panama
1705818,77,Marcos Sánchez,Panama
1705818,85,Orlando Rodríguez,Panama
1691858,83,Ahmed Khalil,VA Emirate
1691858,86,Ahmed Khalil,VA Emirate
1691859,25,Faouzi Aaish,Bahrain
1691860,16,Dhurgham Ismail,Irak
1691860,36,Hammadi Al-Daiya,Irak
1691861,13,Yousef Al Sulaiman,Kuwait
1698171,2,Mounir El Hamdaoui,Marokko
1698171,80,Youssef Kaddioui,Marokko
1698171,43,Lazarus Kaimbi,Namibia
1703014,33,Reggie Arosemena,Panama
1703014,45,Blas Pérez,Panama
1709025,5,Euloge Fessou,Togo
1709025,90,Floyd Ayité,Togo
1709025,89,Ali Abdoulrazak,Niger
1698173,63,John Boye,Ghana
1698173,68,Mubarak Wakaso,Ghana
1698173,78,Asamoah Gyan,Ghana
1698173,86,Albert Adomah,Ghana
1698173,19,Issam Jemâa,Tunesien
1698173,52,Issam Jemâa,Tunesien
1709026,38,Guilherme Afonso,Angola
1709026,84,Manucho,Angola
1703015,38,Gervinho,Elfenbeinküste
1703015,40,Lacina Traoré,Elfenbeinküste
1703015,53,Gervinho,Elfenbeinküste
1703015,82,Didier Ya Konan,Elfenbeinküste
1703015,19,Mohamed Abo Treka,Ägypten
1703015,60,Gedo,Ägypten
1709299,89,Ahmed Khalil,VA Emirate
1709300,63,Hussain Ali Baba,Bahrain
1709300,18,Younis Mahmoud,Irak
1703017,52,Carlos Muñoz,Chile
1703017,65,Fernando Meneses,Chile
1703017,10,Pape Sané,Sénégal
1710015,1,Abdulla Helal,Bahrain
1710015,35,Abdulhadi Khamis Khudhair,Kuwait
1710015,38,Abdulhadi Khamis Khudhair,Kuwait
1710015,54,Abdulhadi Khamis Khudhair,Kuwait
1710015,65,Abdulrahman Al Shammari,Kuwait
1710015,66,Bader Al Mutwa,Kuwait
1710015,71,Abdulaziz Al Salimi,Kuwait
1710016,28,Omar Abdulrahman,VA Emirate
1710016,107,Ismail Al Hammadi,VA Emirate
1710016,81,Younis Mahmoud,Irak
1703018,49,Carlos Muñoz,Chile
1703018,58,José Fuenzalida,Chile
1703018,76,Patricio Rubio,Chile
1710786,56,Erton Fejzullahu,Schweden
1710786,48,Kum-song Hong,Nordkorea
1710787,68,Narubadin Weerawatnodom,Thailand
1710787,5,Mikko Sumusalo,Finnland
1710787,12,Mikael Forssell,Finnland
1710787,87,Mikael Forssell,Finnland
8341144,8,Andreas Cornelius,Dänemark
8341144,11,Kasper Lorentzen,Dänemark
8341144,35,Andreas Cornelius,Dänemark
8341144,66,Andreas Cornelius,Dänemark
1710948,26,Teerathep Winothai,Thailand
1710948,61,Datsakorn Thonglao,Thailand
1710948,58,Kwang Jo,Nordkorea
1710948,70,Song-Il Pak,Nordkorea
1710949,23,Tobias Hysén,Schweden
1710949,73,Robin Quaison,Schweden
1710949,90,Anders Svensson,Schweden
1712256,11,Yaqoub Al Qasmi,Oman
8341145,67,Marco Fabián,Mexiko
8341145,84,Andreas Cornelius,Dänemark
1712258,29,Odai Al Saify,Jordanien
1712258,41,Khalil Bani Ateyah,Jordanien
1712258,56,Amer Deeb,Jordanien
1712258,59,Saeed Al Murjan,Jordanien
1712258,90,Khalil Bani Ateyah,Jordanien
1712257,64,Abdelkarim Hassan,Katar
1713822,16,Mustafa Nadhim,Irak
1713822,38,Mohanad Karrar,Irak
1713822,66,Mohanad Karrar,Irak
1703022,15,Szymon Pawłowski,Polen
1703022,24,Łukasz Teodorczyk,Polen
1703022,28,Łukasz Teodorczyk,Polen
1703022,33,Daniel Łukasik,Polen
1703022,41,Gheorghe Grozav,Rumänien
1703023,15,Mario Mutsch,Luxemburg
1703023,43,Edgar Manucharyan,Armenien
1714896,7,Moussa Sow,Sénégal
1714896,22,Abdoul Camara,Guinea
1698182,41,Shinji Okazaki,Japan
1698182,60,Keisuke Honda,Japan
1698182,61,Shinji Okazaki,Japan
1703032,17,Clifford Miranda,Indien
1703032,40,Syed Nabi,Indien
1703032,30,Ashraf Numan,Palästina
1703032,46,Husam Abu Saleh,Palästina
1703032,51,Ashraf Numan,Palästina
1703032,64,Ashraf Numan,Palästina
1703024,74,Vagif Javadov,Aserbaidschan
1703026,32,Mario Mandžukić,Kroatien
1703026,41,Darijo Srna,Kroatien
1703026,57,Nikica Jelavić,Kroatien
1703026,85,Mladen Petrić,Kroatien
1703028,86,Anatoli Doroş,Moldau
1703028,33,Viktor Dmitrenko,Kasachstan
1703028,59,Bauyrzhan Dzholchiev,Kasachstan
1703028,90,Bauyrzhan Dzholchiev,Kasachstan
1703027,32,Imre Szabics,Ungarn
1703027,58,Aleksandr Volodko,Belarus
1713856,19,Konstantinos Makrides,Zypern
1713856,33,Dušan Tadić,Serbien
1713856,48,Dušan Tadić,Serbien
1713856,70,Dušan Basta,Serbien
1698183,17,Mikola Morozyuk,Ukraine
1698183,42,Andrey Yarmolenko,Ukraine
1702969,34,Vedad Ibišević,Bosnien-Herzegowina
1702969,41,Miralem Pjanić,Bosnien-Herzegowina
1702969,80,Muamer Svraka,Bosnien-Herzegowina
1713854,60,Eduardo Vargas,Chile
1713854,66,Carlos Carmona,Chile
1713854,88,Mohamed Salah,Ägypten
1691868,2,Eden Ben Basat,Israel
1691868,90,Lior Refaelov,Israel
1691868,87,Petteri Forsell,Finnland
1698185,15,Cesc Fàbregas,Spanien
1698185,51,Pedro,Spanien
1698185,74,Pedro,Spanien
1698185,31,Cristian Rodríguez,Uruguay
1703030,25,Erjon Bogdani,Albanien
1703030,40,Mate Vatsadze,Georgien
1703030,82,Ucha Lobjanidze,Georgien
1691864,3,Ladislav Krejčí,Tschechien
1691864,28,David Lafata,Tschechien
1703029,8,Goran Pandev,Mazedonien
1703029,17,Agim Ibraimi,Mazedonien
1703029,24,Nikolče Noveski,Mazedonien
638183,33,Jeremain Lens,Niederlande
638183,90,Marco Verratti,Italien
1691866,26,Wayne Rooney,England
1691866,60,Frank Lampard,England
1691866,48,Fred,Brasilien
1691869,3,Mikael Lustig,Schweden
1691869,17,Jonas Olsson,Schweden
1691869,90,Rasmus Elm,Schweden
1691869,19,Kun Agüero,Argentinien
1691869,23,Gonzalo Higuaín,Argentinien
1703033,43,Roman Shirokov,Russland
1703033,66,Oleg Shatov,Russland
638184,10,Eden Hazard,Belgien
638184,90,Dries Mertens,Belgien
638184,88,Richard Lašík,Slowakei
1257381,21,Gareth Bale,Wales
1257381,52,Sam Vokes,Wales
1257381,75,Marc Janko,Österreich
1691865,39,Charlie Mulgrew,Schottland
1691867,35,Ciaran Clark,Irland
1691867,76,Wes Hoolahan,Irland
1707082,35,Cristian Tănase,Rumänien
1707082,80,Bogdan Stancu,Rumänien
1707082,84,Gabriel Torje,Rumänien
1707082,45,Luke Wilkshire,Australien
1707082,54,Robert Cornthwaite,Australien
1706068,44,Mathieu Valbuena,Frankreich
1706068,51,Thomas Müller,Deutschland
1706068,74,Sami Khedira,Deutschland
1703025,23,Cristiano Ronaldo,Portugal
1703025,60,Hélder Postiga,Portugal
1703025,61,João Pereira,Portugal
1703025,2,Antonio Valencia,Ecuador
1703025,70,Felipe Caicedo,Ecuador
1713857,36,Pablo Aguilar,Paraguay
1713857,56,Richard Ortiz,Paraguay
1713857,62,Richard Ortiz,Paraguay
1713859,30,Claudio Pizarro,Peru
1713859,88,Rinaldo Cruzado,Peru
1713860,33,Carlos Saucedo,Bolivien
1713860,57,Gualberto Mojica,Bolivien
1713860,1,Kervens Belfort,Haiti
1713853,81,José Contreras,Guatemala
1713853,21,Jackson Martínez,Kolumbien
1713853,30,Jackson Martínez,Kolumbien
1713853,64,Abel Aguilar,Kolumbien
1713853,86,Luis Muriel,Kolumbien
1721167,27,Abdoulaye Gaye,Mauretanien
1721167,48,Ismail Diakité,Mauretanien
1731973,78,Haitham Dheeb,Palästina
1731955,40,Jewel Raja,Indien
1731955,90,Robin Singh,Indien
1731955,54,Tai-lin Lee,Taiwan
1731968,33,Vilayout Sayyabounsou,Laos
1731968,42,Tsedenbal Tumenjargal,Mongolei
1731956,26,Soe Min Oo,Myanmar
1731956,40,Lin Kyi,Myanmar
1731956,45,Phyo Aung Pyaye,Myanmar
1731956,50,Pai Soe,Myanmar
1731956,80,Zayar Win Kyaw,Myanmar
1731957,49,Sunil Chhetri,Indien
1731957,68,Clifford Miranda,Indien
1731957,79,Jewel Raja,Indien
1731957,90,Sunil Chhetri,Indien
1731974,28,Shakawat Rony,Bangladesch
1731974,57,Shakawat Rony,Bangladesch
1731958,80,Meng-chian Lee,Taiwan
1731958,18,Kyaw Kyaw Soe,Myanmar
1731959,15,Jason Cunliffe,Guam
1731959,54,Ian Mariano,Guam
1731959,78,Jason Cunliffe,Guam
1731960,75,Soe Min Oo,Myanmar
1722002,29,Abdelkarim Hassan,Katar
1722002,54,Ibrahim Majid,Katar
1722002,90,Yousef Ali,Katar
1722002,3,Rami Rabia,Ägypten
1731961,89,Khurshed Makhmudov,Tadschikistan
1713865,71,Safiq Rahim,Malaysia
1713865,7,Yousef Al Salem,Saudi-Arabien
1713865,30,Yahya Al Shehri,Saudi-Arabien
1713865,89,Naif Hazazi,Saudi-Arabien
1713865,90,Hamdan Al Hamdan,Saudi-Arabien
1722006,56,Khalfan Ibrahim,Katar
1727575,20,Abdulaziz Al Muqbali,Oman
1727575,30,Abdulaziz Al Muqbali,Oman
1727575,32,Abdulaziz Al Muqbali,Oman
1727574,88,Mohamed Al Maghriby,Libyen
1722007,33,Amer Deeb,Jordanien
1703035,54,Daniele De Rossi,Italien
1703035,57,Mario Balotelli,Italien
1703035,33,Fred,Brasilien
1703035,41,Oscar,Brasilien
1722008,18,Felipe Caicedo,Ecuador
1722008,35,Christian Benítez,Ecuador
1722008,47,Felipe Caicedo,Ecuador
1722008,64,Jefferson Montero,Ecuador
1722008,89,Joao Rojas,Ecuador
1713866,9,Shinji Okazaki,Japan
1713866,74,Mike Havenaar,Japan
1713866,58,Marcus Haber,Kanada
1729866,18,Kerbi Rodríguez,Dom. Republik
1729866,45,Jonathan Faña,Dom. Republik
1729866,62,Mariano,Dom. Republik
1729866,90,Hérold Charles Jr.,Haiti
1722010,29,Sergey Balanovich,Belarus
1722010,88,Vladimir Khvashchinskiy,Belarus
1713867,90,Fred,Brasilien
1713867,73,Viktor Fayzulin,Russland
1703036,44,Alexander Ring,Finnland
1703036,50,Mikael Forssell,Finnland
1703036,90,Joona Toivio,Finnland
1722011,33,Alban Meha,Albanien
1722011,38,Edgar Çani,Albanien
1722011,43,Migjen Basha,Albanien
1722011,59,Markus Palionis,Litauen
1722011,75,Evaldas Razulis,Litauen
1713868,39,Yordy Reyna,Peru
1713868,81,Paolo Hurtado,Peru
1713868,83,Christofer Gonzáles,Peru
1734258,4,Leandro Damião,Brasilien
1734258,31,Neymar,Brasilien
1734258,42,Neymar,Brasilien
1734258,90,Leandro,Brasilien
1737785,79,Mohammed Kasola,Katar
1737785,89,Yousef Ali,Katar
1739066,24,Eden Charles,St. Lucia
1739066,78,Pernal Williams,St. Lucia
1739516,46,Lisdon Jules,Grenada
1739516,48,Denron Frederick,Grenada
1739516,33,Jamil Joseph,St. Lucia
1731166,25,Réver,Brasilien
1731166,55,Neymar,Brasilien
1731166,8,Marcos González,Chile
1731166,64,Eduardo Vargas,Chile
1739517,76,Denron Frederick,Grenada
1741893,31,Bornwell Mwape,Sambia
1741893,86,Bornwell Mwape,Sambia
1741992,56,César González,Venezuela
1741992,68,Josef Martínez,Venezuela
1741992,24,Darwin Cerén,El Salvador
1741993,36,Ibrahim Majid,Katar
1741993,67,Magid Mohammed,Katar
1741993,82,Jaralla Al Marri,Katar
1741993,22,Jurijs Žigajevs,Lettland
1750988,60,Islam Slimani,Algerien
1751637,12,,Jordanien
1747679,8,Olcay Şahan,Türkei
1747679,23,Selçuk İnan,Türkei
1747679,59,Veysel Sarı,Türkei
1747679,53,Edgars Gauračs,Lettland
1747679,68,Valērijs Šabala,Lettland
1747679,84,Valērijs Šabala,Lettland
1731167,17,Jairo Arrieta,Costa Rica
1741996,33,Khalfan Ibrahim,Katar
1741996,89,Rufat Dadashov,Aserbaidschan
1698186,45,Antonio Valencia,Ecuador
1698186,84,Walter Ayoví,Ecuador
1698186,1,Lukas Podolski,Deutschland
1698186,4,Lars Bender,Deutschland
1698186,17,Lukas Podolski,Deutschland
1698186,24,Lars Bender,Deutschland
1691871,23,Frank Lampard,England
1691871,13,Shane Long,Irland
1726618,23,Geoff Cameron,USA
1726618,80,Clint Dempsey,USA
1726618,7,Kevin Mirallas,Belgien
1726618,56,Christian Benteke,Belgien
1726618,65,Marouane Fellaini,Belgien
1726618,72,Christian Benteke,Belgien
1722012,70,Makoto Hasebe,Japan
1722012,3,Stanislav Manolev,Bulgarien
1747680,11,Milivoje Novakovič,Slowenien
1747680,66,Tim Matavž,Slowenien
1752732,27,Andrea Poli,Italien
1752732,33,Alberto Gilardino,Italien
1752732,49,Andrea Pirlo,Italien
1752732,78,Alberto Aquilani,Italien
1753064,21,Javier Hernández,Mexiko
1753064,69,Javier Hernández,Mexiko
1753064,28,Ayodeyi Brown,Nigeria
1753064,39,John Ogu,Nigeria
1752733,72,Rolando Blackburn,Panama
1752733,49,Yordy Reyna,Peru
1752733,83,Cristián Benavente,Peru
1731169,35,El Arbi Soudani,Algerien
1731169,56,Islam Slimani,Algerien
1731170,42,Richard Keogh,Irland
1731170,48,Simon Cox,Irland
1731170,77,Robbie Keane,Irland
1731170,88,Robbie Keane,Irland
1706067,13,Jozy Altidore,USA
1706067,60,Clint Dempsey,USA
1706067,64,Clint Dempsey,USA
1706067,16,Marc-André ter Stegen,Deutschland
1706067,51,Heiko Westermann,Deutschland
1706067,79,Max Kruse,Deutschland
1706067,81,Julian Draxler,Deutschland
1703038,58,Fred,Brasilien
1703038,83,Paulinho,Brasilien
1703038,67,Alex Oxlade-Chamberlain,England
1703038,79,Wayne Rooney,England
1731171,52,Hen Ezra,Israel
1731171,76,Shimon Abuhazira,Israel
1695722,32,Anton Putsila,Belarus
1695722,80,Vitaliy Rodionov,Belarus
1742000,39,Alexander Kačaniklić,Schweden
1753214,3,Odai Al Saify,Jordanien
1742001,33,James Younghusband,Philippinen
1722015,89,Dmitriy Shomko,Kasachstan
1722015,55,Georgi Iliev,Bulgarien
1722015,58,Ivan Ivanov,Bulgarien
1753215,37,Ahmed Hegazy,Ägypten
1753215,5,Jerome Ramatlhakwane,Botswana
1731173,31,Ciprian Marica,Rumänien
1731173,33,Ciprian Marica,Rumänien
1731173,81,Ciprian Marica,Rumänien
1731173,50,Daneil Cyrus,Trinidad & Tobago
1722014,53,Artur Sobiech,Polen
1722014,72,Maciej Rybus,Polen
1754897,72,Moustapha Salifou,Togo
1742003,77,Nicklas Pedersen,Dänemark
1742003,89,Christian Eriksen,Dänemark
1742003,53,Irakli Dzaria,Georgien
1698187,50,Luis Suárez,Uruguay
1713870,31,Yongpo Wang,China
1713870,45,Ulugbek Bakaev,Usbekistan
1713870,54,Server Djeparov,Usbekistan
1742004,58,Vilmos Vanczák,Ungarn
1731175,53,,Laos
1731175,67,,Laos
1731175,7,,Singapur
1731175,28,,Singapur
1731175,43,,Singapur
1731175,90,,Singapur
1731175,90,,Singapur
1731177,57,Siem de Jong,Niederlande
1731177,67,Siem de Jong,Niederlande
1731177,90,Arjen Robben,Niederlande
1731176,13,Henri Anier,Estland
1731178,8,Santi Cazorla,Spanien
1731178,19,Cesc Fàbregas,Spanien
1731178,75,Wilde Guerrier,Haiti
1703039,54,Oscar,Brasilien
1703039,85,Hernanes,Brasilien
1703039,90,Lucas,Brasilien
1742006,36,Cristiano Ronaldo,Portugal
1731181,11,Robin van Persie,Niederlande
1731181,66,Wesley Sneijder,Niederlande
1722016,9,Per Skjelbred,Norwegen
1722016,79,Daniel Braaten,Norwegen
1731180,45,Sander Puri,Estland
1731180,66,Vadim Kharchenko,Kirgisistan
1755697,1,Emanuele Giaccherini,Italien
1755697,72,Claudio Marchisio,Italien
1755697,85,Olrish Saurel,Haiti
1755697,90,Jean Philippe Peguero,Haiti
1722017,69,Soldado,Spanien
1722017,88,Mata,Spanien
1752742,29,Eugeniu Sidorenco,Moldau
1752742,79,Eugeniu Sidorenco,Moldau
1752742,57,Vadim Kharchenko,Kirgisistan
1742007,13,Lionel Messi,Argentinien
1742007,34,Augusto Fernández,Argentinien
1742007,39,Lionel Messi,Argentinien
1742007,47,Lionel Messi,Argentinien
1752743,33,Yongpo Wang,China
1752743,14,Pokklaw Anan,Thailand
1752743,23,Adisak Kraisorn,Thailand
1752743,51,Adisak Kraisorn,Thailand
1752743,61,Chanatip Songkrasin,Thailand
1752743,87,Sarawut Masuk,Thailand
1769342,42,Hérculez Gómez,USA
1769342,55,Landon Donovan,USA
1769342,71,Chris Wondolowski,USA
1769342,72,Landon Donovan,USA
1769342,85,Clarence Goodson,USA
1769342,88,Alejandro Bedoya,USA
1752759,83,Stéphane Pierre,Mauritius
1752759,19,Petrus Shitembi,Namibia
1752759,44,Pineas Jacob,Namibia
1752750,90,Abdessamad El Moubarki,Marokko
1752763,25,Sadney Urikhob,Namibia
1752763,40,Gebhardt Ananias,Namibia
1752763,46,Gebhardt Ananias,Namibia
1752763,88,Neville Tjiueza,Namibia
1752763,14,Yves Zialor,Seychellen
1752763,38,Yves Zialor,Seychellen
1752766,14,Gurty Calambé,Mauritius
1752766,23,Stéphane Pierre,Mauritius
1752766,37,Fabien Pithia,Mauritius
1752766,73,Stéphane Pierre,Mauritius
1793714,48,Jabulani Shongwe,Südafrika
1793714,64,Hlompho Kekana,Südafrika
1793714,72,Willy Stephanus,Namibia
1752772,14,Bornwell Mwape,Sambia
1752772,28,Jimmy Chisenga,Sambia
1752772,78,Moses Phiri,Sambia
1752772,87,Sonito,Mosambik
1784567,5,Gastin Simkonda,Malawi
1784567,11,Mabululu,Angola
1784567,14,Ito,Angola
1784567,54,Mabululu,Angola
1784567,84,Abdul,Angola
1784568,43,Sonito,Mosambik
1793715,44,Sonito,Mosambik
1722047,32,Yuzo Kurihara,Japan
1722047,59,Yoichiro Kakitani,Japan
1722047,60,Masato Kudo,Japan
1722047,4,Yongpo Wang,China
1722047,80,Yongpo Wang,China
1722047,86,Ke Sun,China
1722049,26,Manabu Saito,Japan
1722049,55,Yuya Osako,Japan
1722049,79,Yuya Osako,Japan
1722049,75,Mitchell Duke,Australien
1722049,78,Tomi Jurić,Australien
1722041,81,Lemponye Tshireletso,Botswana
1722041,79,Festus Mbewe,Sambia
1769344,5,Kévin Zougoula,Elfenbeinküste
1769344,25,Kévin Zougoula,Elfenbeinküste
1722051,29,Aaron Mooy,Australien
1722051,88,Adam Taggart,Australien
1722051,90,Mitchell Duke,Australien
1722051,4,Dabao Yu,China
1722051,56,Ke Sun,China
1722051,86,Xu Yang,China
1722051,87,Lei Wu,China
1722050,33,Il-lok Yun,Südkorea
1722050,25,Yoichiro Kakitani,Japan
1722050,90,Yoichiro Kakitani,Japan
1793766,37,,Jordanien
1793766,39,,Jordanien
1793766,30,,Libyen
1742008,54,Shinji Kagawa,Japan
1742008,72,Keisuke Honda,Japan
1742008,27,Diego Forlán,Uruguay
1742008,29,Diego Forlán,Uruguay
1742008,53,Luis Suárez,Uruguay
1742008,58,Álvaro González,Uruguay
1722053,17,Sergey Khizhnichenko,Kasachstan
1793817,22,Ahmed Hassan,Ägypten
1793817,57,Mohamed Salah,Ägypten
1793817,83,Adam El-Abd,Ägypten
1698188,16,Sergey Kornilenko,Belarus
1698188,62,Mirko Vučinić,Montenegro
1698189,68,Dmitri Kruglov,Estland
1698189,74,Artūrs Zjuzins,Lettland
1703040,35,Niklas Moisander,Finnland
1703040,82,Kasper Hämäläinen,Finnland
1713875,5,Rufat Dadashov,Aserbaidschan
1713875,64,Rauf Aliyev,Aserbaidschan
1713875,71,Rufat Dadashov,Aserbaidschan
1793786,8,Eugenio Mena,Chile
1793786,22,Alexis Sánchez,Chile
1793786,29,Alexis Sánchez,Chile
1793786,37,Jean Beausejour,Chile
1793786,45,Jean Beausejour,Chile
1793786,80,Ángelo Henríquez,Chile
1769351,42,Alexandru Dedov,Moldau
1769351,16,Óscar Sonejee,Andorra
1793823,1,Jacob Mulenga,Sambia
1793823,9,Dame NDoye,Sénégal
1731184,49,Aurélien Joachim,Luxemburg
1731184,80,Stefano Bensi,Luxemburg
1731184,15,Deivydas Matulevičius,Litauen
1257560,2,Zlatan Ibrahimović,Schweden
1257560,28,Zlatan Ibrahimović,Schweden
1257560,57,Zlatan Ibrahimović,Schweden
1257560,75,Anders Svensson,Schweden
1257560,38,Mohammed Abdellaoue,Norwegen
1257560,43,Stefan Johansen,Norwegen
1722052,44,Bogdan Stancu,Rumänien
1722052,56,Stanislav Šesták,Slowakei
1742010,29,Ruslan Rotan,Ukraine
1742010,72,Evgen Seleznyov,Ukraine
1769347,7,Burak Yılmaz,Türkei
1769347,28,Umut Bulut,Türkei
1769347,61,Asamoah Gyan,Ghana
1769347,75,Asamoah Gyan,Ghana
1793797,89,Fredy Guarín,Kolumbien
1742012,31,Mathias Christen,Liechtenstein
1742012,77,Michele Polverino,Liechtenstein
1742012,21,Eduardo,Kroatien
1742012,67,Ante Rebić,Kroatien
1742012,86,Eduardo,Kroatien
1793802,49,Uche Nwofor,Nigeria
1793802,68,Uche Nwofor,Nigeria
638186,57,Balázs Dzsudzsák,Ungarn
638186,23,Libor Kozák,Tschechien
1701173,39,Kostas Mitroglou,Griechenland
1701173,67,Kostas Mitroglou,Griechenland
1769345,8,Edin Džeko,Bosnien-Herzegowina
1769345,30,Vedad Ibišević,Bosnien-Herzegowina
1769345,90,Edin Džeko,Bosnien-Herzegowina
1769345,55,Eddie Johnson,USA
1769345,59,Jozy Altidore,USA
1769345,84,Jozy Altidore,USA
1769345,87,Jozy Altidore,USA
1713705,48,Dani Alves,Brasilien
1713876,4,Mateusz Klich,Polen
1713876,60,Waldemar Sobota,Polen
1713876,61,Piotr Zieliński,Polen
1713876,18,Christian Eriksen,Dänemark
1713876,45,Martin Braithwaite,Dänemark
1718424,18,İlkay Gündoğan,Deutschland
1718424,31,Thomas Müller,Deutschland
1718424,75,Lars Bender,Deutschland
1718424,9,Ariel Núñez,Paraguay
1718424,13,Wilson Pittoni,Paraguay
1718424,45,Miguel Samudio,Paraguay
1742009,83,Agim Ibraimi,Mazedonien
1742009,86,Aleksandar Trajkovski,Mazedonien
1742011,21,Valdet Rama,Albanien
1742011,67,Ergis Kaçe,Albanien
1742013,75,Lorenzo Insigne,Italien
1742013,20,Gonzalo Higuaín,Argentinien
1742013,49,Éver Banega,Argentinien
1257561,29,Theo Walcott,England
1257561,53,Danny Welbeck,England
1257561,70,Rickie Lambert,England
1257561,12,James Morrison,Schottland
1257561,50,Kenny Miller,Schottland
1742015,87,Cristiano Ronaldo,Portugal
1742015,17,Kevin Strootman,Niederlande
1769352,11,Adlène Guédioura,Algerien
1769352,23,Abdelmoumen Djabou,Algerien
1769352,56,Salim Cissé,Guinea
1769352,61,Salim Cissé,Guinea
1793820,7,Wahbi Khazri,Tunesien
1793820,13,Issam Jemâa,Tunesien
1793820,83,Issam Jemâa,Tunesien
1742014,65,Birkir Bjarnason,Island
1722054,25,Álvaro Negredo,Spanien
1722054,63,Santi Cazorla,Spanien
1793821,64,Abdelaziz Barrada,Marokko
1793821,8,Bertrand Traoré,Burkina Faso
1793821,51,Abdou Traoré,Burkina Faso
1793825,16,Josef Martínez,Venezuela
1793825,85,Yohandry Orozco,Venezuela
1793825,18,Rudy Cardozo,Bolivien
1793825,70,José Chávez,Bolivien
1804919,48,Celso Borges,Costa Rica
1804919,71,Celso Borges,Costa Rica
1804919,77,Pablo Herrera,Costa Rica
1804919,87,Mauricio Castillo,Costa Rica
1769346,28,Oribe Peralta,Mexiko
1769346,45,Oribe Peralta,Mexiko
1769346,89,Ángel Reyna,Mexiko
1769346,11,Arthur Boka,Elfenbeinküste
1769346,62,Didier Drogba,Elfenbeinküste
1806869,22,Siphiwe Tshabalala,Südafrika
1806869,90,Luyola Nomandela,Südafrika
1814582,18,Anil Gurung,Nepal
1814582,31,Bharat Khawas,Nepal
1815243,14,Sammar Ishaq,Pakistan
1814665,37,Zohib Amiri,Afghanistan
1814665,76,Mustafa Azadzoy,Afghanistan
1814665,88,Hashmatullah Barakzai,Afghanistan
1814666,5,Assadhulla Abdulla,Malediven
1814666,21,Ali Ashfaq,Malediven
1814666,45,Ali Ashfaq,Malediven
1814666,51,Ali Ashfaq,Malediven
1814666,53,Ali Ashfaq,Malediven
1814666,58,Ali Ashfaq,Malediven
1814666,76,Hassan Adhuham,Malediven
1814666,83,Ali Fasir,Malediven
1814666,86,Ali Umar,Malediven
1814666,87,Ali Ashfaq,Malediven
1814750,82,Atiqur Meshu,Bangladesch
1814750,90,Sunil Chhetri,Indien
1814751,90,Bimal Magar,Nepal
1814751,14,Hassan Bashir,Pakistan
1814755,56,Willis Plaza,Trinidad & Tobago
1814755,87,Kenwyne Jones,Trinidad & Tobago
1814755,90,Kevin Molino,Trinidad & Tobago
1814755,5,Habib Al-Fardan,VA Emirate
1814755,37,Ali Mabkhout,VA Emirate
1814755,54,Ahmed Khalil,VA Emirate
1793827,78,Chris Killen,Neuseeland
1769354,50,Keisuke Honda,Japan
1769354,69,Masato Kudo,Japan
1769354,76,Yasuhito Endō,Japan
1815251,21,Heung-min Son,Südkorea
1815251,50,Ja-cheol Koo,Südkorea
1815251,59,Keun-ho Lee,Südkorea
1815251,73,Heung-min Son,Südkorea
1815251,45,Kervens Belfort,Haiti
1769353,8,Dabao Yu,China
1769353,32,Dabao Yu,China
1769353,43,Xizhe Zhang,China
1769353,45,Ke Sun,China
1769353,70,Long Zheng,China
1769353,86,Long Zheng,China
1769353,17,Shahfiq Ghani,Singapur
1793829,32,Sergey Balanovich,Belarus
1793829,40,Vitaliy Rodionov,Belarus
1793829,68,Pavel Sitko,Belarus
1793829,57,Tursunaly Rustamov,Kirgisistan
1793830,8,Jô,Brasilien
1793830,34,Jô,Brasilien
1793830,35,Neymar,Brasilien
1793830,58,Ramires,Brasilien
1793830,72,Alexandre Pato,Brasilien
1793830,83,Luiz Gustavo,Brasilien
1815257,48,Sebastián Soria,Katar
1815257,34,Bilal Al Najjarine,Libanon
1816632,47,Naif Hazazi,Saudi-Arabien
1816632,4,Kenwyne Jones,Trinidad & Tobago
1816632,5,Kenwyne Jones,Trinidad & Tobago
1816632,85,Andre Boucaud,Trinidad & Tobago
1816633,11,Ahmed Khalil,VA Emirate
1816633,56,Ali Mabkhout,VA Emirate
1752778,50,Shinji Kagawa,Japan
1752778,64,Yasuhito Endō,Japan
1752778,71,Keisuke Honda,Japan
1752778,24,Frank Acheampong,Ghana
1815259,90,Keun-ho Lee,Südkorea
1815259,65,Domagoj Vida,Kroatien
1815259,71,Nikola Kalinić,Kroatien
1742016,43,Long Zheng,China
1742016,57,Xuri Zhao,China
1793831,61,,Hongkong
1815260,39,Soldado,Spanien
1815260,90,Jesús Navas,Spanien
1815260,5,Eduardo Vargas,Chile
1815260,44,Eduardo Vargas,Chile
1815263,90,Bernard Parker,Südafrika
1815263,52,Knowledge Musona,Simbabwe
1815263,90,Cuthbert Malajila,Simbabwe
1741768,23,Thiago Silva,Brasilien
1741768,34,Neymar,Brasilien
1741768,49,Jô,Brasilien
1741768,17,Raúl Meireles,Portugal
1825933,29,Ahmed Eid,Ägypten
1825933,76,Mohamed Abdel-Shafy,Ägypten
1825933,86,Ahmed Samir,Ägypten
1769356,59,Dušan Tadić,Serbien
1769356,90,Miloš Jojić,Serbien
1807181,8,Franck Ribéry,Frankreich
1807181,16,Olivier Giroud,Frankreich
1807181,27,Olivier Giroud,Frankreich
1807181,29,Yohan Cabaye,Frankreich
1807181,47,Mathieu Debuchy,Frankreich
1807181,51,Karim Benzema,Frankreich
1826278,50,Issam El Adoua,Marokko
1826278,9,Tokelo Rantie,Südafrika
1815270,44,Neymar,Brasilien
1815270,49,Oscar,Brasilien
1815272,38,Ja-cheol Koo,Südkorea
1815272,46,Heung-min Son,Südkorea
1815272,57,Bo-kyung Kim,Südkorea
1815272,26,Modibo Maïga,Mali
1826281,60,Oscar,Brasilien
1826281,66,Dedé,Brasilien
1769357,44,Jan Tigorev,Belarus
1815273,1,Joshua Kennedy,Australien
1815273,52,Dario Vidošić,Australien
1815273,79,Mathew Leckie,Australien
2192792,10,Rafael Márquez,Mexiko
2192792,25,Carlos Peña,Mexiko
2192792,48,Oribe Peralta,Mexiko
2192792,64,Alonso Escoboza,Mexiko
2192792,28,Jarkko Hurme,Finnland
2192792,55,Erfan Zeneli,Finnland
1829845,8,Amr Zaki,Ägypten
1829845,23,Rami Rabia,Ägypten
1826285,51,Radamel Falcao,Kolumbien
1826285,66,Víctor Ibarbo,Kolumbien
1831724,14,Stallone Isenia,Curaçao
1831724,31,Stallone Isenia,Curaçao
1828186,58,Jeong-ho Hong,Südkorea
1828186,86,Chung-yong Lee,Südkorea
1828186,6,Pajtim Kasami,Schweiz
1828184,41,Sunil Chhetri,Indien
1828184,42,Phil Younghusband,Philippinen
1829848,3,Ondřej Čelůstka,Tschechien
1829848,81,Tomáš Hořava,Tschechien
1829851,30,Aleksandr Samedov,Russland
1829851,31,Filip Đorđević,Serbien
1722055,54,Sergei Zenjov,Estland
1722055,66,Joel Lindpere,Estland
1722055,44,Rauf Aliyev,Aserbaidschan
1829846,14,William Kvist,Dänemark
1829846,90,Nicolai Boilesen,Dänemark
1829846,78,Marcus Pedersen,Norwegen
1974644,48,Reneilwe Letsholonyane,Südafrika
1974644,49,Bongani Zungu,Südafrika
1974644,63,Thabo Nthethe,Südafrika
1829852,45,Mevlüt Erdinç,Türkei
1826286,28,Ignazio Abate,Italien
1826286,8,Mats Hummels,Deutschland
1829849,31,Juraj Kucka,Slowakei
1829849,39,Róbert Mak,Slowakei
1829855,22,Robbie Keane,Irland
1829855,68,Aiden McGeady,Irland
1829855,80,Shane Long,Irland
1829847,7,Alexis Sánchez,Chile
1829847,90,Alexis Sánchez,Chile
1974643,6,Ataullah Guerra,Trinidad & Tobago
1828187,13,Rafael van der Vaart,Niederlande
1828187,39,Arjen Robben,Niederlande
1828187,44,Yuya Osako,Japan
1828187,60,Keisuke Honda,Japan
1826287,58,Andy King,Wales
1826287,90,Riku Riski,Finnland
1829850,35,Jimmy Bermúdez,Äquatorialguinea
1829850,13,Santi Cazorla,Spanien
1829850,42,Juanfran,Spanien
1828051,23,Bernard,Brasilien
1828051,55,Dante,Brasilien
1828051,66,Maicon,Brasilien
1828051,70,Willian,Brasilien
1828051,74,Hulk,Brasilien
1829857,67,Maurice Deville,Luxemburg
1829857,38,Marko Baša,Montenegro
1829857,59,Elsad Zverotić,Montenegro
1829857,70,Miroje Jovanović,Montenegro
1829857,82,Marko Ćetković,Montenegro
1829859,72,Artur Ioniță,Moldau
1829859,39,Mindaugas Kalonas,Litauen
1828188,12,Giuseppe Rossi,Italien
1828188,47,Emanuele Giaccherini,Italien
1828188,35,Chinedu Dike,Nigeria
1828188,40,Shola Ameobi,Nigeria
1829858,40,Kun Agüero,Argentinien
1829858,66,Kun Agüero,Argentinien
1829866,69,Tim Cahill,Australien
1829862,21,Sunil Chhetri,Indien
1829862,49,Clifford Miranda,Indien
1829868,12,Fedor Smolov,Russland
1829868,59,Dmitriy Tarasov,Russland
1829868,6,Shin-wook Kim,Südkorea
1829867,53,Dejan Lazarevič,Slowenien
1257562,45,Sergei Zenjov,Estland
1257562,61,Henri Anier,Estland
1257562,63,Henri Anier,Estland
1828306,17,Ryan Fenech,Malta
1828306,20,Michael Mifsud,Malta
1828306,41,Jonathan Caruana,Malta
1828306,80,Hallur Hansson,Färöer
1828306,87,Rógvi Baldvinsson,Färöer
1829861,61,Scott Brown,Schottland
1829869,4,Umut Bulut,Türkei
1829869,89,Burak Yılmaz,Türkei
1829869,10,Vitaliy Rodionov,Belarus
1829860,56,Bernard Parker,Südafrika
1827367,33,Marc Janko,Österreich
1828218,39,Per Mertesacker,Deutschland
1829871,16,Kevin Mirallas,Belgien
1829871,79,Toby Alderweireld,Belgien
1829871,37,Yoichiro Kakitani,Japan
1829871,53,Keisuke Honda,Japan
1829871,63,Shinji Okazaki,Japan
1978309,49,Ataullah Guerra,Trinidad & Tobago
1978309,73,Kenwyne Jones,Trinidad & Tobago
1829864,14,Hulk,Brasilien
1829864,79,Robinho,Brasilien
1829864,71,Eduardo Vargas,Chile
1829865,63,Carlos Costly,Honduras
1829865,67,Carlos Costly,Honduras
1829865,16,Jaime Ayoví,Ecuador
1829865,89,Enner Valencia,Ecuador
2185346,41,Christophe Nduwarugira,Burundi
2185346,54,Fiston Razak,Burundi
2185348,6,Ibrahim El Gazoli,Sudan
2185348,27,Ibrahim El Gazoli,Sudan
2185348,30,Muhannad Tahir,Sudan
2185351,70,Eden Charles,St. Lucia
2185308,50,Randolph Peltier,Dominica
2188942,54,Almahdi Ali Mukhtar,Katar
2188942,4,Faisal Bodahoom,Bahrain
2185319,90,Moayad Hassan,Katar
2193497,41,Fahad Al Hajeri,Kuwait
2193497,85,Faisal Zayed,Kuwait
