GameID,Minute,PlayerIn,PlayerOut,Team
2288859,46,Zaid Krouch,Mouhcine Iajour,Moghreb de Tétouan
2288859,94,Salman Ouald El Haj,Faouzi Abdelghani,Moghreb de Tétouan
2288859,97,Said Grada,Nassir El Mimouni,Moghreb de Tétouan
2288859,68,Darren White,Emiliano Tade,Auckland City FC
2288859,107,Sanni Issa,Fabrizio Tavano,Auckland City FC
2288860,46,Akram Djahnit,Eudes Dagoulou,ES Sétif
2288860,65,Abdelmalek Ziaya,Ahmed Gasmi,ES Sétif
2288860,69,Sofiane Younes,El Hedi Belameiri,ES Sétif
2288860,86,Sanni Issa,Fabrizio Tavano,Auckland City FC
2288860,90,Darren White,Ryan de Vries,Auckland City FC
2288861,69,Joao Rojas,Xavier Báez,Cruz Azul
2288861,78,Ismael Valadéz,Maza,Cruz Azul
2288861,106,Alejandro Vela,Marco Fabián,Cruz Azul
2288861,67,Tomi Jurić,Labinot Haliti,Western Sydney Wanderers
2288861,72,Antony Golec,Seyi Adeleke,Western Sydney Wanderers
2288861,78,Shannon Cole,Romeo Castelen,Western Sydney Wanderers
2288862,65,Marco Fabián,Christian Giménez,Cruz Azul
2288862,65,Pablo Barrera,Mariano Pavone,Cruz Azul
2288862,76,Ismael Valadéz,Joao Rojas,Cruz Azul
2288862,64,Raphaël Varane,Sergio Ramos,Real Madrid
2288862,73,Sami Khedira,Toni Kroos,Real Madrid
2288862,76,Jesé,Isco,Real Madrid
2288863,68,Leandro Romagnoli,Gonzalo Verón,San Lorenzo
2288863,77,Mauro Matos,Enzo Kalinski,San Lorenzo
2288863,109,Facundo Quignón,Néstor Ortigoza,San Lorenzo
2288863,90,David Browne,Emiliano Tade,Auckland City FC
2288863,96,Sanni Issa,Marko Đorđević,Auckland City FC
2288863,100,Sam Burfoot,Fabrizio Tavano,Auckland City FC
2288864,64,Mohamed Lagraâ,Sid Ali El Amri,ES Sétif
2288864,77,El Hedi Belameiri,Sofiane Younes,ES Sétif
2288864,67,Tomi Jurić,Kearyn Baccus,Western Sydney Wanderers
2288864,67,Vítor Saba,Jaushua Sotirio,Western Sydney Wanderers
2288864,79,Alusine Fofanah,Mateo Poljak,Western Sydney Wanderers
2288865,46,Christian Giménez,Xavier Báez,Cruz Azul
2288865,85,Mariano Pavone,Marco Fabián,Cruz Azul
2288865,57,Sanni Issa,Sam Burfoot,Auckland City FC
2288865,80,Cameron Lindsay,Ivan Vicelich,Auckland City FC
2288865,90,James Pritchett,Emiliano Tade,Auckland City FC
2288868,44,Fábio Coentrão,Marcelo,Real Madrid
2288868,73,Arbeloa,Dani Carvajal,Real Madrid
2288868,89,Raphaël Varane,Sergio Ramos,Real Madrid
2288868,57,Leandro Romagnoli,Gonzalo Verón,San Lorenzo
2288868,61,Mauro Cetto,Mario Yepes,San Lorenzo
2288868,68,Mauro Matos,Martín Cauteruccio,San Lorenzo
