GameID,League,Season,Date,HomeTeam,AwayTeam,Result
8477746,KlubWM,2017,06.12.2017,Al Jazira Club,Auckland City FC,1:0
8477747,KlubWM,2017,09.12.2017,CF Pachuca,Wydad AC,1:0
8477748,KlubWM,2017,09.12.2017,Al Jazira Club,Urawa Red Diamonds,1:0
8477749,KlubWM,2017,12.12.2017,Wydad AC,Urawa Red Diamonds,2:3
8477750,KlubWM,2017,12.12.2017,Grêmio Porto Alegre,CF Pachuca,1:0
8477751,KlubWM,2017,13.12.2017,Al Jazira Club,Real Madrid,1:2
8477752,KlubWM,2017,16.12.2017,CF Pachuca,Al Jazira Club,4:1
8477753,KlubWM,2017,16.12.2017,Grêmio Porto Alegre,Real Madrid,0:1
