GameID,Minute,Scorer,Team
1616580,66,Toshihiro Aoyama,Sanfrecce Hiroshima
1616542,88,Keun-ho Lee,Ulsan Hyundai
1616542,9,Jesús Corona,CF Monterrey
1616542,77,César Delgado,CF Monterrey
1616542,84,César Delgado,CF Monterrey
1616543,32,Hisato Satō,Sanfrecce Hiroshima
1616543,15,El Sayed Hamdy,Al-Ahly
1616543,57,Mohamed Abo Treka,Al-Ahly
1616540,30,Paolo Guerrero,Corinthians SP
1616541,48,Dárvin Chávez,CF Monterrey
1616541,90,Aldo de Nigris,CF Monterrey
1616541,17,Mata,Chelsea FC
1616541,46,Fernando Torres,Chelsea FC
1616544,90,Yong Lee,Ulsan Hyundai
1616544,17,Hiroki Mizumoto,Sanfrecce Hiroshima
1616544,35,Satoru Yamagishi,Sanfrecce Hiroshima
1616544,56,Hisato Satō,Sanfrecce Hiroshima
1616544,72,Hisato Satō,Sanfrecce Hiroshima
1616582,3,Jesús Corona,CF Monterrey
1616582,66,César Delgado,CF Monterrey
1616583,69,Paolo Guerrero,Corinthians SP
