GameID,Player1Home,Player2Home,Player3Home,Player4Home,Player5Home,Player6Home,Player7Home,Player8Home,Player9Home,Player10Home,Player11Home,Player1Away,Player2Away,Player3Away,Player4Away,Player5Away,Player6Away,Player7Away,Player8Away,Player9Away,Player10Away,Player11Away,Bench1Home,Bench2Home,Bench3Home,Bench4Home,Bench5Home,Bench6Home,Bench7Home,Bench8Home,Bench9Home,Bench10Home,Bench11Home,Bench12Home,Bench1Away,Bench2Away,Bench3Away,Bench4Away,Bench5Away,Bench6Away,Bench7Away,Bench8Away,Bench9Away,Bench10Away,Bench11Away,Bench12Away
2488511,Takuto Hayashi,Hiroki Mizumoto,Kazuhiko Chiba,Tsukasa Shiotani,Toshihiro Aoyama,Yoshifumi Kashiwa,Gakuto Notsuda,Takuya Marutani,Yusuke Minagawa,Kohei Shimizu,Takuma Asano,Jacob Spoonley,Marko Đorđević,Takuya Iwata,Ángel Berlanga,Dae-wook Kim,Mario Bilen,Mikel Álvaro,Te Atawhai Hudson-Wihongi,Ryan de Vries,João Moreira,Micah LeaAlafa,Yusuke Chajima,Douglas,Ryotaro Hironaga,Takuya Masuda,Mihael Mikić,Kazuya Miyahara,Kazuyuki Morisaki,Sho Sasaki,Hisato Satō,Kosei Shibasaki,Soya Takahashi,Satoru Yamagishi,Liam Anderson,Alfie Rogers,Sam Burfoot,Michael den Heijer,Danyon Drake,Jesse Edge,Nathaniel Hailemariam,Clayton Lewis,Adam McGeorge,Andrew Milne,Emiliano Tade,Darren White
2488512,Moisés Muñoz,Paolo Goltz,Miguel Samudio,Pablo Aguilar,Paul Aguilar,Andres Andrade,Rubens Sambueza,Daniel Guerrero,Darío Benedetto,Oribe Peralta,Carlos Quintero,Shuai Li,Linpeng Zhang,Xiaoting Feng,Young-gwon Kim,Elkeson,Zhi Zheng,Ricardo Goulart,Bowen Huang,Zheng Zou,Paulinho,Robinho,Ventura Alvarado,Michael Arroyo,Gil Burón,Hugo González,Osmar Mares,Osvaldo Martínez,Erik Pimentel,Diego Pineda,Luis Pineda,Francisco Rivera,Carlos Rosel,Martín Zúñiga,Alan,Jingqi Fang,Lin Gao,Xuepeng Li,Jian Liu,Fang Mei,Hao Rong,Shangyuan Wang,Hanchao Yu,Cheng Zeng,Xuri Zhao,Long Zheng
2488513,Sylvain Gbohouo,Joël Kimwaki,Nathan Sinkala,Salif Coulibaly,Yaw Frimpong,Richard Boateng,Roger Assalé,Boubacar Diarra,Mbwana Samatta,Given Singuluma,Adama Traoré I,Takuto Hayashi,Kazuhiko Chiba,Sho Sasaki,Tsukasa Shiotani,Toshihiro Aoyama,Kazuyuki Morisaki,Mihael Mikić,Yoshifumi Kashiwa,Yusuke Chajima,Douglas,Hisato Satō,Daniel Nii Adjei,Solomon Asanté,Gladson Awako,Aime Bakula,Bopé Bokadi,Jonathan Bolingi,Kabaso Chongo,Rainford Kalaba,Muteba Kidiaba,Christian Kouamé,Patient Mwepu,Thomas Ulimwengu,Takuma Asano,Ryotaro Hironaga,Takuya Marutani,Takuya Masuda,Yusuke Minagawa,Kazuya Miyahara,Hiroki Mizumoto,Gakuto Notsuda,Kosei Shibasaki,Kohei Shimizu,Soya Takahashi,Satoru Yamagishi
2488515,Takuto Hayashi,Kazuhiko Chiba,Sho Sasaki,Tsukasa Shiotani,Toshihiro Aoyama,Kazuyuki Morisaki,Yoshifumi Kashiwa,Yusuke Chajima,Douglas,Yusuke Minagawa,Kohei Shimizu,Marcelo Barovero,Jonatan Maidana,Éder Balanta,Leonel Vangioni,Gabriel Mercado,Matías Kranevitter,Carlos Sánchez,Leonardo Pisculichi,Leonardo Ponzio,Rodrigo Mora,Lucas Alario,Takuma Asano,Ryotaro Hironaga,Takuya Marutani,Takuya Masuda,Mihael Mikić,Kazuya Miyahara,Hiroki Mizumoto,Hisato Satō,Soya Takahashi,Satoru Yamagishi,None,None,Augusto Batalla,Nicolás Bertolo,Milton Casco,Julio Chiarini,Sebastián Driussi,Lucho González,Emanuel Mammana,Gonzalo Martínez,Camilo Mayada,Javier Saviola,Leandro Vega,Tabaré Viudez
2488514,Claudio Bravo,Piqué,Dani Alves,Javier Mascherano,Jordi Alba,Ivan Rakitić,Busquets,Iniesta,Sergi Roberto,Luis Suárez,Munir,Shuai Li,Linpeng Zhang,Xiaoting Feng,Young-gwon Kim,Elkeson,Zhi Zheng,Ricardo Goulart,Bowen Huang,Zheng Zou,Long Zheng,Paulinho,Adriano,Bartra,Gumbau,Jordi Masip,Jérémy Mathieu,Samper,Sandro,Marc-André ter Stegen,Thomas Vermaelen,None,None,None,Alan,Jingqi Fang,Lin Gao,Xuepeng Li,Jian Liu,Fang Mei,Robinho,Hao Rong,Shangyuan Wang,Hanchao Yu,Cheng Zeng,Xuri Zhao
2488516,Sylvain Gbohouo,Joël Kimwaki,Salif Coulibaly,Bopé Bokadi,Yaw Frimpong,Rainford Kalaba,Daniel Nii Adjei,Patient Mwepu,Mbwana Samatta,Adama Traoré I,Thomas Ulimwengu,Moisés Muñoz,Erik Pimentel,Osmar Mares,Ventura Alvarado,Paul Aguilar,Andres Andrade,Daniel Guerrero,Darío Benedetto,Osvaldo Martínez,Michael Arroyo,Oribe Peralta,Solomon Asanté,Roger Assalé,Gladson Awako,Aime Bakula,Richard Boateng,Jonathan Bolingi,Kabaso Chongo,Boubacar Diarra,Muteba Kidiaba,Christian Kouamé,Given Singuluma,Nathan Sinkala,Pablo Aguilar,Gil Burón,Paolo Goltz,Hugo González,Diego Pineda,Luis Pineda,Carlos Quintero,Francisco Rivera,Carlos Rosel,Rubens Sambueza,Miguel Samudio,Martín Zúñiga
2488517,Takuto Hayashi,Hiroki Mizumoto,Tsukasa Shiotani,Kazuya Miyahara,Toshihiro Aoyama,Mihael Mikić,Yusuke Chajima,Takuya Marutani,Hisato Satō,Kohei Shimizu,Takuma Asano,Shuai Li,Fang Mei,Linpeng Zhang,Young-gwon Kim,Xuepeng Li,Elkeson,Zhi Zheng,Ricardo Goulart,Bowen Huang,Paulinho,Lin Gao,Douglas,Ryotaro Hironaga,Yoshifumi Kashiwa,Takuya Masuda,Yusuke Minagawa,Kazuyuki Morisaki,Sho Sasaki,Soya Takahashi,Satoru Yamagishi,None,None,None,Alan,Jingqi Fang,Jian Liu,Hao Rong,Shangyuan Wang,Hanchao Yu,Cheng Zeng,Xuri Zhao,Long Zheng,None,None,None
2488518,Marcelo Barovero,Jonatan Maidana,Éder Balanta,Leonel Vangioni,Gabriel Mercado,Matías Kranevitter,Carlos Sánchez,Tabaré Viudez,Leonardo Ponzio,Rodrigo Mora,Lucas Alario,Claudio Bravo,Piqué,Dani Alves,Javier Mascherano,Jordi Alba,Ivan Rakitić,Busquets,Iniesta,Luis Suárez,Lionel Messi,Neymar,Augusto Batalla,Nicolás Bertolo,Milton Casco,Julio Chiarini,Sebastián Driussi,Lucho González,Emanuel Mammana,Gonzalo Martínez,Camilo Mayada,Leonardo Pisculichi,Javier Saviola,Leandro Vega,Adriano,Bartra,Gumbau,Jordi Masip,Jérémy Mathieu,Munir,Samper,Sandro,Sergi Roberto,Marc-André ter Stegen,Thomas Vermaelen,None
