GameID,Minute,Scorer,Team
1758547,87,Tom Clarke,Preston North End
1758544,20,Shaun Beeley,Bury FC
1758544,28,Shaun Harrad,Bury FC
1758544,49,Richard Hinds,Bury FC
1758544,5,Chuks Aneke,Crewe Alexandra
1758544,75,Harry Davis,Crewe Alexandra
1758545,29,Aaron Wildig,Shrewsbury Town
1758545,26,Robert Hall,Bolton Wanderers
1758545,43,Sanmi Odelusi,Bolton Wanderers
1758545,52,Sanmi Odelusi,Bolton Wanderers
1758546,89,Bongani Khumalo,Doncaster Rovers
1758549,2,Andy Robinson,Tranmere Rovers
1758549,45,Chris Atkinson,Tranmere Rovers
1758550,12,David Jones,Burnley FC
1758550,61,Junior Stanislas,Burnley FC
1758550,78,Danny Ings,Burnley FC
1758550,82,Scott Arfield,Burnley FC
1758552,64,Michael Doyle,Sheffield United
1758552,50,Chris Hussey,Burton Albion
1758552,90,Chris Hussey,Burton Albion
1758553,20,Michael Jacobs,Derby County
1758555,83,Ryan Williams,Morecambe FC
1758556,32,Radosław Majewski,Nottingham Forest
1758556,64,Greg Halford,Nottingham Forest
1758556,66,Matt Derbyshire,Nottingham Forest
1758556,75,Neil Austin,Hartlepool United
1758558,41,James Vaughan,Huddersfield Town
1758558,53,James Vaughan,Huddersfield Town
1758558,89,Nahki Wells,Bradford City
1758559,9,Ben Pringle,Rotherham United
1758559,37,Lee Frecklington,Rotherham United
1758559,22,Rhys McCabe,Sheffield Wednesday
1758560,59,Chris Robertson,Port Vale FC
1758560,43,Craig Westcarr,Walsall FC
1758560,84,James Baxendale,Walsall FC
1758561,20,Sam Baldock,Bristol City
1758561,65,Jordan Wynter,Bristol City
1758562,53,Eunan OKane,AFC Bournemouth
1758563,20,Jo Kuffour,Wycombe Wanderers
1758563,13,David Nugent,Leicester City
1758563,90,Sean St Ledger,Leicester City
1758564,18,Ben Nugent,Brentford FC
1758564,62,Farid El Alagui,Brentford FC
1758564,64,Martin Fillo,Brentford FC
1758564,90,Farid El Alagui,Brentford FC
1758564,81,Josh Scott,Dagenham & Redbridge
1758565,2,Charlie Austin,Queens Park Rangers
1758565,49,Danny Simpson,Queens Park Rangers
1758566,18,Simon Church,Charlton Athletic
1758566,49,Danny Green,Charlton Athletic
1758566,57,Simon Church,Charlton Athletic
1758566,90,Joe Pigott,Charlton Athletic
1758567,36,Kevin Dawson,Yeovil Town
1758568,52,Andy Keogh,Millwall FC
1758568,76,Martyn Woolford,Millwall FC
1758568,90,Luke Moore,AFC Wimbledon
1758569,83,Andy Williams,Swindon Town
1758570,48,Scott Allan,Birmingham City
1758570,84,Scott Allan,Birmingham City
1758570,92,Kyle Bartley,Birmingham City
1758570,61,Lewis Alessandra,Plymouth Argyle
1758570,90,Lewis Alessandra,Plymouth Argyle
1758571,51,Filipe Morais,Stevenage FC
1758571,76,Jordan Burrow,Stevenage FC
1758572,40,Matt Richards,Cheltenham Town
1758572,70,Terry Gornell,Cheltenham Town
1758572,75,Byron Harrison,Cheltenham Town
1758572,114,Byron Harrison,Cheltenham Town
1758572,23,Gary Alexander,Crawley Town
1758572,59,Nicky Adams,Crawley Town
1758572,64,Nicky Adams,Crawley Town
1758573,41,Elliot Richards,Bristol Rovers
1758573,18,Sean Murray,Watford FC
1758573,30,Gabriele Angella,Watford FC
1758573,35,Sean Murray,Watford FC
1758574,77,Roy O’Donovan,Northampton Town
1758574,12,Ben Reeves,Milton Keynes Dons
1758574,54,Jason Banton,Milton Keynes Dons
1758575,25,Kevin Lisbie,Leyton Orient
1758575,36,Dean Cox,Leyton Orient
1758575,88,Kevin Lisbie,Leyton Orient
1758575,22,Carl Baker,Coventry City
1758575,59,Franck Moussa,Coventry City
1758576,47,Jabo Ibehre,Colchester United
1758576,41,Gabriel Zakuani,Peterborough United
1758576,58,Tyrone Barnett,Peterborough United
1758576,67,Tommy Rowe,Peterborough United
1758576,71,Lee Tomlin,Peterborough United
1758576,80,Lee Tomlin,Peterborough United
1758577,17,Ashley Barnes,Brighton & Hove Albion
1758577,81,Danny Crow,Newport County
1758577,94,Danny Crow,Newport County
1758577,102,Conor Washington,Newport County
1758578,9,Lukas Jutkiewicz,Middlesbrough FC
1758578,40,Marcus Carver,Accrington Stanley
1758578,81,Piero Mingoia,Accrington Stanley
1758551,28,Enoch Showunmi,Notts County
1758551,40,Danny Haynes,Notts County
1758551,73,Callum McGregor,Notts County
1758551,16,Gareth Evans,Fleetwood Town
1758551,88,David Ball,Fleetwood Town
1758554,14,David Amoo,Carlisle United
1758554,62,Lewis Guy,Carlisle United
1758554,114,David Amoo,Carlisle United
1758554,52,Tom Cairney,Blackburn Rovers
1758554,56,Chris Taylor,Blackburn Rovers
1758554,95,Alan Judge,Blackburn Rovers
1758557,28,Michael Brown,Leeds United
1758557,32,Dominic Poleon,Leeds United
1758557,19,Eoin Doyle,Chesterfield FC
1804240,53,Stephen Dawson,Barnsley FC
1804240,26,Steven Davis,Southampton FC
1804240,49,Jay Rodriguez,Southampton FC
1804240,66,Emmanuel Mayuka,Southampton FC
1804240,89,Steven Davis,Southampton FC
1804240,90,Gastón Ramírez,Southampton FC
1804241,59,Jay Emmanuel-Thomas,Bristol City
1804241,71,Scott Wagstaff,Bristol City
1804241,90,Owen Garvan,Crystal Palace
1804242,6,Kieran Trippier,Burnley FC
1804242,34,Danny Ings,Burnley FC
1804243,85,Jack Dyer,Burton Albion
1804243,102,Michael Symes,Burton Albion
1804243,36,Adel Taarabt,Fulham FC
1804243,117,Hugo Rodallega,Fulham FC
1804244,16,David Amoo,Carlisle United
1804244,71,James Berrett,Carlisle United
1804244,38,Chris Wood,Leicester City
1804244,47,Lloyd Dyer,Leicester City
1804244,51,Anthony Knockaert,Leicester City
1804244,59,Chris Wood,Leicester City
1804244,63,Chris Wood,Leicester City
1804245,19,Chris Martin,Derby County
1804245,36,Conor Sammon,Derby County
1804245,38,Will Hughes,Derby County
1804245,71,Conor Sammon,Derby County
1804245,77,Chris Martin,Derby County
1804246,63,Billy Paynter,Doncaster Rovers
1804246,41,Scott Wootton,Leeds United
1804246,77,Matt Smith,Leeds United
1804246,80,Ross McCormack,Leeds United
1804248,40,Joel Lynch,Huddersfield Town
1804248,77,Jonathan Hogg,Huddersfield Town
1804248,82,Adam Hammill,Huddersfield Town
1804248,32,Dale Stephens,Charlton Athletic
1804248,59,Marvin Sordell,Charlton Athletic
1804249,107,Robbie Brady,Hull City
1804250,4,Raheem Sterling,Liverpool FC
1804250,29,Daniel Sturridge,Liverpool FC
1804250,105,Daniel Sturridge,Liverpool FC
1804250,111,Jordan Henderson,Liverpool FC
1804250,62,Yoann Arquin,Notts County
1804250,84,Adam Coombes,Notts County
1804252,23,Martin Olsson,Norwich City
1804252,31,Anthony Pilkington,Norwich City
1804252,52,Johan Elmander,Norwich City
1804252,75,Johan Elmander,Norwich City
1804252,84,Leroy Fer,Norwich City
1804252,90,Steven Whittaker,Norwich City
1804252,72,Anton Forrester,Bury FC
1804252,79,William Edjenguele,Bury FC
1804252,90,Jessy Reindorf,Bury FC
1804254,4,Britt Assombalonga,Peterborough United
1804254,19,Lee Tomlin,Peterborough United
1804254,28,Danny Swanson,Peterborough United
1804254,54,Lee Tomlin,Peterborough United
1804254,79,Lee Tomlin,Peterborough United
1804254,90,Jack Payne,Peterborough United
1804255,38,Nile Ranger,Swindon Town
1804255,90,Alex Pritchard,Swindon Town
1804257,78,Jozy Altidore,Sunderland AFC
1804257,87,Connor Wickham,Sunderland AFC
1804257,89,Connor Wickham,Sunderland AFC
1804257,90,Adam Johnson,Sunderland AFC
1804257,7,Patrick Bamford,Milton Keynes Dons
1804257,55,Izale McLeod,Milton Keynes Dons
1804258,45,Cole Stockton,Tranmere Rovers
1804258,66,Jermaine Beckford,Bolton Wanderers
1804261,42,Ricardo Vaz Tê,West Ham United
1804261,46,Ravel Morrison,West Ham United
1804261,59,Matt Richards,Cheltenham Town
1804262,22,Ed Upson,Yeovil Town
1804262,90,Byron Webster,Yeovil Town
1804262,105,Luke Ayling,Yeovil Town
1804262,20,Kyle Bartley,Birmingham City
1804262,44,Andrew Shinnie,Birmingham City
1804262,106,Lee Novak,Birmingham City
1804260,7,Saido Berahino,West Bromwich Albion
1804260,26,Saido Berahino,West Bromwich Albion
1804260,38,Saido Berahino,West Bromwich Albion
1804238,61,Nicky Maynard,Cardiff City
1804238,62,Rudy Gestede,Cardiff City
1804239,19,Andreas Weimann,Aston Villa
1804239,40,Christian Benteke,Aston Villa
1804239,53,Fabian Delph,Aston Villa
1804247,45,Gerard Deulofeu,Everton FC
1804247,115,Marouane Fellaini,Everton FC
1804247,36,Luke Freeman,Stevenage FC
1804251,84,Shola Ameobi,Newcastle United
1804251,90,Sammy Ameobi,Newcastle United
1804253,59,Matt Derbyshire,Nottingham Forest
1804253,94,Jamaal Lascelles,Nottingham Forest
1804253,86,Liam Feeney,Millwall FC
1804256,22,Kenwyne Jones,Stoke City
1804256,31,Kenwyne Jones,Stoke City
1804256,84,Kenwyne Jones,Stoke City
1804256,57,Ashley Hemmings,Walsall FC
1804259,66,Cristian Battocchio,Watford FC
1804259,15,Elliott Ward,AFC Bournemouth
1812561,32,Emanuele Giaccherini,Sunderland AFC
1812561,74,Valentin Roberge,Sunderland AFC
1812562,1,Ravel Morrison,West Ham United
1812562,7,Matthew Jarvis,West Ham United
1812562,87,Ricardo Vaz Tê,West Ham United
1812562,45,Craig Noone,Cardiff City
1812562,76,Peter Odemwingie,Cardiff City
1812563,33,Edin Džeko,Manchester City
1812563,59,Stevan Jovetić,Manchester City
1812563,76,Yaya Touré,Manchester City
1812563,83,Stevan Jovetić,Manchester City
1812563,86,Jesús Navas,Manchester City
1812564,45,Danny Ings,Burnley FC
1812564,68,Danny Ings,Burnley FC
1812564,24,Matt Derbyshire,Nottingham Forest
1812566,14,Gastón Ramírez,Southampton FC
1812566,83,Jos Hooiveld,Southampton FC
1812568,29,Fernando Torres,Chelsea FC
1812568,35,Ramires,Chelsea FC
1812570,22,Javier Acuña,Watford FC
1812570,55,Davide Faraoni,Watford FC
1812570,77,Josh Murphy,Norwich City
1812570,90,Gary Hooper,Norwich City
1812570,115,Gary Hooper,Norwich City
1812571,45,Jermain Defoe,Tottenham Hotspur
1812571,49,Paulinho,Tottenham Hotspur
1812571,86,Nacer Chadli,Tottenham Hotspur
1812571,90,Jermain Defoe,Tottenham Hotspur
1812572,59,Nick Proschwitz,Hull City
1812573,78,Anthony Knockaert,Leicester City
1812573,81,Danny Drinkwater,Leicester City
1812573,42,Chris Martin,Derby County
1812575,54,Dimitar Berbatov,Fulham FC
1812575,67,Darren Bent,Fulham FC
1812575,11,Steven Naismith,Everton FC
1812560,46,Javier Hernández,Manchester United
1812565,31,Papiss Demba Cissé,Newcastle United
1812565,67,Yoan Gouffran,Newcastle United
1812569,23,Stephen Ireland,Stoke City
1812569,90,Peter Crouch,Stoke City
1812574,57,Dan Burn,Birmingham City
1812574,61,Matt Green,Birmingham City
1812574,81,Tom Adeyemi,Birmingham City
1812574,90,Wilfried Bony,Swansea City
1812567,71,Saido Berahino,West Bromwich Albion
1812567,62,Thomas Eisfeld,Arsenal FC
1825617,41,Wes Morgan,Leicester City
1825617,45,Chris Wood,Leicester City
1825617,53,Ignasi Miquel,Leicester City
1825617,89,Lloyd Dyer,Leicester City
1825617,18,Hugo Rodallega,Fulham FC
1825617,54,Hugo Rodallega,Fulham FC
1825617,87,Giorgios Karagounis,Fulham FC
1825618,28,Tom Adeyemi,Birmingham City
1825618,85,Peter Løvenkrands,Birmingham City
1825618,90,Peter Løvenkrands,Birmingham City
1825618,118,Oliver Lee,Birmingham City
1825618,10,Oussama Assaidi,Stoke City
1825618,55,Peter Crouch,Stoke City
1825618,71,Marko Arnautović,Stoke City
1825618,94,Kenwyne Jones,Stoke City
1825619,20,Javier Hernández,Manchester United
1825619,54,Javier Hernández,Manchester United
1825619,88,Phil Jones,Manchester United
1825619,90,Fábio,Manchester United
1825620,76,Matthew Taylor,West Ham United
1825620,90,Jack Collison,West Ham United
1825621,25,Azpilicueta,Chelsea FC
1825621,66,Mata,Chelsea FC
1825622,16,Gylfi Sigurðsson,Tottenham Hotspur
1825622,53,Brad Friedel,Tottenham Hotspur
1825622,108,Harry Kane,Tottenham Hotspur
1825622,99,Paul McShane,Hull City
1825623,99,Álvaro Negredo,Manchester City
1825623,105,Edin Džeko,Manchester City
1825616,59,Phil Bardsley,Sunderland AFC
1825616,86,Sebastian Larsson,Sunderland AFC
1825616,88,Maya Yoshida,Southampton FC
1829759,77,Lloyd Dyer,Leicester City
1829759,9,Aleksandar Kolarov,Manchester City
1829759,41,Edin Džeko,Manchester City
1829759,53,Edin Džeko,Manchester City
1829761,46,Lee Cattermole,Sunderland AFC
1829761,89,Fabio Borini,Sunderland AFC
1829761,119,Sung-yueng Ki,Sunderland AFC
1829760,62,Ashley Young,Manchester United
1829760,78,Patrice Evra,Manchester United
1829762,67,Emmanuel Adebayor,Tottenham Hotspur
1829762,80,Matthew Jarvis,West Ham United
1829762,85,Modibo Maïga,West Ham United
2186830,65,Fabio Borini,Sunderland AFC
2186830,45,Ryan Giggs,Manchester United
2186830,52,Nemanja Vidić,Manchester United
2186832,12,Álvaro Negredo,Manchester City
2186832,26,Álvaro Negredo,Manchester City
2186832,40,Yaya Touré,Manchester City
2186832,49,Álvaro Negredo,Manchester City
2186832,60,Edin Džeko,Manchester City
2186832,88,Edin Džeko,Manchester City
2186833,3,Álvaro Negredo,Manchester City
2186833,24,Kun Agüero,Manchester City
2186833,59,Álvaro Negredo,Manchester City
2186831,37,Jonny Evans,Manchester United
2186831,120,Javier Hernández,Manchester United
2186831,119,Phil Bardsley,Sunderland AFC
2192329,55,Yaya Touré,Manchester City
2192329,57,Samir Nasri,Manchester City
2192329,90,Jesús Navas,Manchester City
2192329,10,Fabio Borini,Sunderland AFC
