GameID,League,Season,Date,HomeTeam,AwayTeam,Result
2402352,leaguecup,2016,11.08.2015,Carlisle United,Chesterfield FC,3:1
2402353,leaguecup,2016,11.08.2015,Nottingham Forest,Walsall FC,3:4
2402354,leaguecup,2016,11.08.2015,Fleetwood Town,Hartlepool United,0:1
2402355,leaguecup,2016,11.08.2015,Scunthorpe United,Barnsley FC,6:7
2402357,leaguecup,2016,11.08.2015,Accrington Stanley,Hull City,3:4
2402358,leaguecup,2016,11.08.2015,Rochdale AFC,Coventry City,5:3
2402360,leaguecup,2016,11.08.2015,Huddersfield Town,Notts County,1:2
2402361,leaguecup,2016,11.08.2015,Blackburn Rovers,Shrewsbury Town,1:2
2402363,leaguecup,2016,11.08.2015,Wigan Athletic,Bury FC,1:2
2402365,leaguecup,2016,11.08.2015,Northampton Town,Blackpool FC,3:0
2402366,leaguecup,2016,11.08.2015,Sheffield Wednesday,Mansfield Town,4:1
2402367,leaguecup,2016,11.08.2015,Rotherham United,Cambridge United,1:0
2402369,leaguecup,2016,11.08.2015,York City,Bradford City,4:2
2402370,leaguecup,2016,11.08.2015,Port Vale FC,Burnley FC,1:0
2402371,leaguecup,2016,11.08.2015,Peterborough United,Crawley Town,2:0
2402372,leaguecup,2016,11.08.2015,Yeovil Town,Queens Park Rangers,0:3
2402373,leaguecup,2016,11.08.2015,Plymouth Argyle,Gillingham FC,1:2
2402374,leaguecup,2016,11.08.2015,Swindon Town,Exeter City,1:2
2402375,leaguecup,2016,11.08.2015,Bristol Rovers,Birmingham City,1:2
2402376,leaguecup,2016,11.08.2015,Ipswich Town,Stevenage FC,2:1
2402377,leaguecup,2016,11.08.2015,Luton Town,Bristol City,3:1
2402378,leaguecup,2016,11.08.2015,Charlton Athletic,Dagenham & Redbridge,4:1
2402380,leaguecup,2016,11.08.2015,Wolverhampton Wanderers,Newport County,2:1
2402383,leaguecup,2016,11.08.2015,Southend United,Brighton & Hove Albion,0:1
2402384,leaguecup,2016,11.08.2015,Milton Keynes Dons,Leyton Orient,2:1
2402385,leaguecup,2016,11.08.2015,Cardiff City,AFC Wimbledon,1:0
2402386,leaguecup,2016,11.08.2015,Millwall FC,Barnet FC,1:2
2402387,leaguecup,2016,11.08.2015,Wycombe Wanderers,Fulham FC,0:1
2402388,leaguecup,2016,11.08.2015,Colchester United,Reading FC,0:1
2402392,leaguecup,2016,11.08.2015,Morecambe FC,Sheffield United,0:1
2402393,leaguecup,2016,11.08.2015,Brentford FC,Oxford United,0:4
2402356,leaguecup,2016,11.08.2015,Bolton Wanderers,Burton Albion,0:1
2402359,leaguecup,2016,12.08.2015,Oldham Athletic,Middlesbrough FC,1:3
2402368,leaguecup,2016,12.08.2015,Crewe Alexandra,Preston North End,1:3
2402382,leaguecup,2016,12.08.2015,Portsmouth FC,Derby County,2:1
2402362,leaguecup,2016,13.08.2015,Doncaster Rovers,Leeds United,4:2
2463856,leaguecup,2016,25.08.2015,Aston Villa,Notts County,5:3
2463857,leaguecup,2016,25.08.2015,Walsall FC,Brighton & Hove Albion,2:1
2463858,leaguecup,2016,25.08.2015,Crystal Palace,Shrewsbury Town,4:1
2463859,leaguecup,2016,25.08.2015,Sheffield Wednesday,Oxford United,1:0
2463860,leaguecup,2016,25.08.2015,Portsmouth FC,Reading FC,1:2
2463861,leaguecup,2016,25.08.2015,Hartlepool United,AFC Bournemouth,0:4
2463862,leaguecup,2016,25.08.2015,Fulham FC,Sheffield United,3:0
2463863,leaguecup,2016,25.08.2015,Milton Keynes Dons,Cardiff City,2:1
2463864,leaguecup,2016,25.08.2015,Hull City,Rochdale AFC,1:0
2463865,leaguecup,2016,25.08.2015,Sunderland AFC,Exeter City,6:3
2463866,leaguecup,2016,25.08.2015,Bury FC,Leicester City,1:4
2463867,leaguecup,2016,25.08.2015,Doncaster Rovers,Ipswich Town,1:4
2463868,leaguecup,2016,25.08.2015,Rotherham United,Norwich City,1:2
2463869,leaguecup,2016,25.08.2015,Swansea City,York City,3:0
2463870,leaguecup,2016,25.08.2015,Queens Park Rangers,Carlisle United,1:2
2463872,leaguecup,2016,25.08.2015,Peterborough United,Charlton Athletic,1:4
2463873,leaguecup,2016,25.08.2015,Birmingham City,Gillingham FC,2:0
2463874,leaguecup,2016,25.08.2015,Newcastle United,Northampton Town,4:1
2463876,leaguecup,2016,25.08.2015,Wolverhampton Wanderers,Barnet FC,2:1
2463877,leaguecup,2016,25.08.2015,Burton Albion,Middlesbrough FC,1:2
2463878,leaguecup,2016,25.08.2015,Luton Town,Stoke City,7:8
2463879,leaguecup,2016,25.08.2015,Preston North End,Watford FC,1:0
2463875,leaguecup,2016,25.08.2015,West Bromwich Albion,Port Vale FC,5:3
2463871,leaguecup,2016,26.08.2015,Barnsley FC,Everton FC,3:5
2479479,leaguecup,2016,22.09.2015,Middlesbrough FC,Wolverhampton Wanderers,3:0
2479481,leaguecup,2016,22.09.2015,Hull City,Swansea City,1:0
2479482,leaguecup,2016,22.09.2015,Leicester City,West Ham United,2:1
2479483,leaguecup,2016,22.09.2015,Aston Villa,Birmingham City,1:0
2479488,leaguecup,2016,22.09.2015,Fulham FC,Stoke City,0:1
2479489,leaguecup,2016,22.09.2015,Sunderland AFC,Manchester City,1:4
2479492,leaguecup,2016,22.09.2015,Preston North End,AFC Bournemouth,2:3
2479491,leaguecup,2016,22.09.2015,Reading FC,Everton FC,1:2
2479480,leaguecup,2016,23.09.2015,Norwich City,West Bromwich Albion,3:0
2479484,leaguecup,2016,23.09.2015,Tottenham Hotspur,Arsenal FC,1:2
2479487,leaguecup,2016,23.09.2015,Crystal Palace,Charlton Athletic,4:1
2479490,leaguecup,2016,23.09.2015,Newcastle United,Sheffield Wednesday,0:1
2479493,leaguecup,2016,23.09.2015,Walsall FC,Chelsea FC,1:4
2479496,leaguecup,2016,23.09.2015,Milton Keynes Dons,Southampton FC,0:6
2479485,leaguecup,2016,23.09.2015,Manchester United,Ipswich Town,3:0
2479486,leaguecup,2016,23.09.2015,Liverpool FC,Carlisle United,3:2
2488802,leaguecup,2016,27.10.2015,Everton FC,Norwich City,4:3
2488804,leaguecup,2016,27.10.2015,Sheffield Wednesday,Arsenal FC,3:0
2488805,leaguecup,2016,27.10.2015,Hull City,Leicester City,5:4
2488806,leaguecup,2016,27.10.2015,Stoke City,Chelsea FC,5:4
2488800,leaguecup,2016,28.10.2015,Manchester City,Crystal Palace,5:1
2488803,leaguecup,2016,28.10.2015,Southampton FC,Aston Villa,2:1
2488807,leaguecup,2016,28.10.2015,Liverpool FC,AFC Bournemouth,1:0
2488801,leaguecup,2016,28.10.2015,Manchester United,Middlesbrough FC,1:3
2496237,leaguecup,2016,01.12.2015,Middlesbrough FC,Everton FC,0:2
2496239,leaguecup,2016,01.12.2015,Stoke City,Sheffield Wednesday,2:0
2496240,leaguecup,2016,01.12.2015,Manchester City,Hull City,4:1
2496238,leaguecup,2016,02.12.2015,Southampton FC,Liverpool FC,1:6
2506122,leaguecup,2016,05.01.2016,Stoke City,Liverpool FC,0:1
2506116,leaguecup,2016,06.01.2016,Everton FC,Manchester City,2:1
2506123,leaguecup,2016,26.01.2016,Liverpool FC,Stoke City,6:5
2506117,leaguecup,2016,27.01.2016,Manchester City,Everton FC,3:1
2525623,leaguecup,2016,28.02.2016,Liverpool FC,Manchester City,1:3
