GameID,Minute,PlayerIn,PlayerOut,Team
1758547,69,Jack King,Joe Garner,Preston North End
1758547,81,Chris Humphrey,Iain Hume,Preston North End
1758547,90,Kevin Davies,Will Hayhurst,Preston North End
1758547,75,Bobby Grant,Ángel Martínez,Blackpool FC
1758544,71,Anton Forrester,Ashley Grimes,Bury FC
1758544,76,John Rooney,Shaun Harrad,Bury FC
1758544,66,Vadaine Oliver,Anthony Grant,Crewe Alexandra
1758544,66,Oliver Turton,AJ Leitch-Smith,Crewe Alexandra
1758544,89,Michael West,Chuks Aneke,Crewe Alexandra
1758545,17,Alex McQuade,John Marsden,Shrewsbury Town
1758545,53,David McAllister,Jon Taylor,Shrewsbury Town
1758545,58,Connor Goldson,,Shrewsbury Town
1758545,61,André Moritz,David NGog,Bolton Wanderers
1758545,81,Keith Andrews,Robert Hall,Bolton Wanderers
1758545,85,Alex Baptiste,Darren Jones,Bolton Wanderers
1758546,62,Dave Syers,Mark Duffy,Doncaster Rovers
1758546,70,Paul Quinn,Reece Wabara,Doncaster Rovers
1758546,85,Billy Paynter,Chris Brown,Doncaster Rovers
1758546,45,Ian Henderson,Bastien Héry,Rochdale AFC
1758546,63,George Donnelly,Scott Hogan,Rochdale AFC
1758548,54,Jason Scotland,Jacob Mellis,Barnsley FC
1758548,62,Scott Wiseman,Martin Cranie,Barnsley FC
1758548,80,Tomasz Cywka,David Perkins,Barnsley FC
1758548,70,Andy Welsh,Sam Winnall,Scunthorpe United
1758548,71,Chris Iwelumo,Deon Burton,Scunthorpe United
1758548,78,Matt Godden,Sean McAllister,Scunthorpe United
1758549,64,Jason Koumas,James Rowe,Tranmere Rovers
1758549,72,Jean-Louis Akpa-Akpro,Akpo Sodje,Tranmere Rovers
1758549,54,Ritchie Sutton,John McCombe,Mansfield Town
1758549,74,Jake Speight,Louis Briscoe,Mansfield Town
1758549,79,Matt Rhead,Ollie Palmer,Mansfield Town
1758550,22,Michael Coulson,Sander Puri,York City
1758550,67,Lewis Montrose,Tom Platt,York City
1758550,70,Wes Fletcher,Ryan Jarvis,York City
1758550,62,Scott Arfield,Ross Wallace,Burnley FC
1758550,70,David Edgar,David Jones,Burnley FC
1758550,80,Brian Stock,Sam Vokes,Burnley FC
1758552,61,Lyle Taylor,Chris Porter,Sheffield United
1758552,73,Febian Brandy,Ryan Flynn,Sheffield United
1758552,71,Matt Palmer,Robbie Weir,Burton Albion
1758552,81,Billy Kee,Rory Delap,Burton Albion
1758552,81,Alex MacDonald,Michael Symes,Burton Albion
1758553,56,James Wesolowski,Jonson Clarke-Harris,Oldham Athletic
1758553,65,Sidney Schmeltz,James Dayton,Oldham Athletic
1758553,66,Kirk Millar,Adam Rooney,Oldham Athletic
1758553,71,Will Hughes,Michael Jacobs,Derby County
1758553,76,Chris Martin,Conor Sammon,Derby County
1758555,76,Alex Kenyon,Joe Mwasilie,Morecambe FC
1758555,89,Joe McGee,Ryan Williams,Morecambe FC
1758555,56,Kevin Doyle,Jake Cassidy,Wolverhampton Wanderers
1758555,65,Lee Evans,Zeli Ismail,Wolverhampton Wanderers
1758555,87,Liam McAlinden,Anthony Forde,Wolverhampton Wanderers
1758556,26,Matt Derbyshire,Simon Cox,Nottingham Forest
1758556,61,Andy Reid,Jamie Mackie,Nottingham Forest
1758556,70,Ishmael Miller,Darius Henderson,Nottingham Forest
1758556,46,Andy Rafferty,Scott Flinders,Hartlepool United
1758556,61,Steve Howard,Jack Compton,Hartlepool United
1758556,84,Nialle Rodney,Luke James,Hartlepool United
1758558,46,Adam Hammill,Jack Hunt,Huddersfield Town
1758558,63,Jon Stead,James Vaughan,Huddersfield Town
1758558,84,Murray Wallace,Anthony Gerrard,Huddersfield Town
1758558,63,James Hanson,Alan Connell,Bradford City
1758558,63,Nahki Wells,Raffaele De Vita,Bradford City
1758558,64,James Meredith,Matt Taylor,Bradford City
1758559,72,Michael Tidser,Lee Frecklington,Rotherham United
1758559,81,David Worrall,Matt Tubbs,Rotherham United
1758559,90,David Noble,Kieran Agard,Rotherham United
1758559,52,Gary Madine,Atdhe Nuhiu,Sheffield Wednesday
1758559,58,Jermaine Johnson,Jacques Maghoma,Sheffield Wednesday
1758559,70,Chris Maguire,Rafael Floro,Sheffield Wednesday
1758560,63,Kaid Mohamed,Anthony Griffith,Port Vale FC
1758560,85,Lee Hughes,Jennison Myrie-Williams,Port Vale FC
1758560,85,Ben Williamson,Gavin Tomlin,Port Vale FC
1758560,66,Romaine Sawyers,Milan Lalkovič,Walsall FC
1758560,86,Nicky Featherstone,Sam Mantom,Walsall FC
1758561,59,Danny Kedwell,Adebayo Akinfenwa,Gillingham FC
1758561,59,Cody McDonald,Antonio German,Gillingham FC
1758561,69,Myles Weston,Callum Davies,Gillingham FC
1758561,75,Marlon Harewood,Jay Emmanuel-Thomas,Bristol City
1758561,81,Bobby Reid,Neil Kilkenny,Bristol City
1758561,86,Derrick Williams,Greg Cunningham,Bristol City
1758562,73,Charlie Daniels,Wes Thomas,AFC Bournemouth
1758562,83,Harry Arter,Andrew Surman,AFC Bournemouth
1758562,88,Shaun MacDonald,Ryan Fraser,AFC Bournemouth
1758562,65,Simon Ferry,Dan Butler,Portsmouth FC
1758562,71,Andy Barcham,Jed Wallace,Portsmouth FC
1758562,72,Ryan Bird,Patrick Agyemang,Portsmouth FC
1758563,75,Jon-Paul Pittman,Steven Craig,Wycombe Wanderers
1758563,89,Max Kretzschmar,Dean Morgan,Wycombe Wanderers
1758563,90,Paris Cowan-Hall,Jo Kuffour,Wycombe Wanderers
1758563,51,Anthony Knockaert,Matty James,Leicester City
1758563,61,Jeffrey Schlupp,David Nugent,Leicester City
1758564,46,Tony Craig,Kevin OConnor,Brentford FC
1758564,54,Farid El Alagui,Emmanuel Oyeleke,Brentford FC
1758564,68,Afolabi Obafemi,Jake Reed,Dagenham & Redbridge
1758564,72,Brian Woodall,Medy Elito,Dagenham & Redbridge
1758565,46,Arron Davies,Tommy Doherty,Exeter City
1758565,54,John OFlynn,Alan Gow,Exeter City
1758565,54,Sam Parkin,David Wheeler,Exeter City
1758565,46,Andy Johnson,Bobby Zamora,Queens Park Rangers
1758565,63,Shaun Derry,Alejandro Faurlín,Queens Park Rangers
1758565,74,Shaun Wright-Phillips,Suk-Young Yun,Queens Park Rangers
1758566,77,Marvin Sordell,Simon Church,Charlton Athletic
1758566,82,Callum Harriott,Jordan Cook,Charlton Athletic
1758566,88,Jordan Cousins,Dale Stephens,Charlton Athletic
1758566,65,Alfie Potter,James Constable,Oxford United
1758566,65,Deane Smalley,Asa Hall,Oxford United
1758566,76,Sean Rigg,Ryan Williams,Oxford United
1758567,58,Ryan Leonard,Jack Payne,Southend United
1758567,60,Barry Corr,Julian Bennett,Southend United
1758567,71,Ben Coker,Don Cowan,Southend United
1758567,63,Ed Upson,Joe Edwards,Yeovil Town
1758567,69,Paddy Madden,Kevin Dawson,Yeovil Town
1758567,82,Kieffer Moore,Michael Ngoo,Yeovil Town
1758568,71,Josh Wright,Nicky Bailey,Millwall FC
1758568,75,Lee Martin,James Henry,Millwall FC
1758568,78,Scott McDonald,Andy Keogh,Millwall FC
1758568,56,Chris Arthur,George Francomb,AFC Wimbledon
1758568,56,Jack Midson,Peter Sweeney,AFC Wimbledon
1758568,70,Luke Moore,George Porter,AFC Wimbledon
1758569,46,Massimo Luongo,Ryan Mason,Swindon Town
1758569,46,Miles Storey,Tijane,Swindon Town
1758569,87,Alex Smith,Alex Pritchard,Swindon Town
1758569,70,Elliot Benyon,Karl Hawley,Torquay United
1758569,81,Courtney Cameron,Elliot Benyon,Torquay United
1758569,89,Niall Thompson,Dale Tonge,Torquay United
1758570,71,Paul Robinson,Koby Arthur,Birmingham City
1758570,77,Wade Elliott,Tom Adeyemi,Birmingham City
1758570,90,Oliver Lee,Shane Ferguson,Birmingham City
1758570,78,Tyler Harvey,Reuben Reid,Plymouth Argyle
1758570,88,Isaac Vassell,Romuald Boco,Plymouth Argyle
1758570,106,Luke Young,Dominic Blizzard,Plymouth Argyle
1758571,72,Marcus Haber,Filipe Morais,Stevenage FC
1758571,72,Robin Shroot,Oumare Tounkara,Stevenage FC
1758571,90,Luke Jones,Jordan Burrow,Stevenage FC
1758571,34,Carlos Edwards,Jay Tabb,Ipswich Town
1758571,56,David McGoldrick,Frank Nouble,Ipswich Town
1758571,56,Daryl Murphy,Paul Taylor,Ipswich Town
1758572,101,Ashley Vincent,Sam Deering,Cheltenham Town
1758572,104,Keith Lowe,Steven Elliott,Cheltenham Town
1758572,109,Zack Kotwica,Jermaine McGlashan,Cheltenham Town
1758572,71,Billy Clarke,Jamie Proctor,Crawley Town
1758572,79,Andy Drury,Dannie Bulman,Crawley Town
1758572,102,Luke Rooney,James Hurst,Crawley Town
1758573,69,Alefe Santos,David Clarkson,Bristol Rovers
1758573,74,Mitch Harding,Tom Lockyer,Bristol Rovers
1758573,81,Shaquille Hunter,Elliot Richards,Bristol Rovers
1758573,46,Lloyd Doyley,Gabriele Angella,Watford FC
1758573,54,Marco Cassetti,Davide Faraoni,Watford FC
1758573,74,Almen Abdi,Cristian Battocchio,Watford FC
1758574,70,Ishmel Demontagnac,Kevin Amankwaah,Northampton Town
1758574,74,Ivan Toney,Jonathan Hooper,Northampton Town
1758574,85,David Moyo,Danny Emerton,Northampton Town
1758574,62,Luke Chadwick,Dele Alli,Milton Keynes Dons
1758574,69,Izale McLeod,Patrick Bamford,Milton Keynes Dons
1758574,80,Brendan Galloway,Jason Banton,Milton Keynes Dons
1758575,85,Yohann Lasimant,Dean Cox,Leyton Orient
1758576,65,Sanchez Watt,Andy Bond,Colchester United
1758576,65,Drey Wright,Alex Gilbey,Colchester United
1758576,81,Danny Swanson,Tommy Rowe,Peterborough United
1758576,82,Jack Payne,Grant McCann,Peterborough United
1758576,84,Mark Little,Craig Alcock,Peterborough United
1758577,73,Vitālijs Maksimenko,Kazenga LuaLua,Brighton & Hove Albion
1758577,84,Liam Bridcutt,Rohan Ince,Brighton & Hove Albion
1758577,96,Leonardo Ulloa,Jake Forster-Caskey,Brighton & Hove Albion
1758577,66,Danny Crow,Chris Zebroski,Newport County
1758577,69,Conor Washington,Robbie Willmott,Newport County
1758577,72,Andrew Hughes,Byron Anthony,Newport County
1758578,74,Curtis Main,Emmanuel Ledesma,Middlesbrough FC
1758578,78,Luke Williams,Marvin Emnes,Middlesbrough FC
1758578,73,James Gray,Marcus Carver,Accrington Stanley
1758578,73,Shay McCartan,Luke Clark,Accrington Stanley
1758578,90,Laurence Wilson,Piero Mingoia,Accrington Stanley
1758551,89,Yoann Arquin,Enoch Showunmi,Notts County
1758551,90,Andre Boucaud,Callum McGregor,Notts County
1758551,42,Junior Brown,Gareth Evans,Fleetwood Town
1758551,68,Ryan Crowther,Matty Blair,Fleetwood Town
1758551,74,Jamille Matt,Stewart Murdoch,Fleetwood Town
1758554,43,Patrick Brough,Reece James,Carlisle United
1758554,89,David Symington,Josh Gillies,Carlisle United
1758554,101,Alex Salmon,Lewis Guy,Carlisle United
1758554,48,Jason Lowe,Alex Marrow,Blackburn Rovers
1758554,91,Alan Judge,Marcus Olsson,Blackburn Rovers
1758554,93,Jordan Rhodes,David Dunn,Blackburn Rovers
1758557,59,Ross McCormack,David Norris,Leeds United
1758557,59,Luke Murphy,Aidy White,Leeds United
1758557,64,Jay OShea,Tendayi Darikwa,Chesterfield FC
1758557,67,Armand Gnanduillet,Eoin Doyle,Chesterfield FC
1758557,77,Marc Richards,Ritchie Humphreys,Chesterfield FC
1804240,55,Chris Dagnall,Tom Kennedy,Barnsley FC
1804240,55,Jason Scotland,Marcus Pedersen,Barnsley FC
1804240,66,Tomasz Cywka,Kelvin Etuhu,Barnsley FC
1804240,72,Omar Rowe,Lloyd Isgrove,Southampton FC
1804240,81,Harrison Reed,Jay Rodriguez,Southampton FC
1804240,90,Jake Sinclair,Emmanuel Mayuka,Southampton FC
1804241,64,Marlon Pack,Joe Bryan,Bristol City
1804241,72,Marlon Harewood,Sam Baldock,Bristol City
1804241,74,Liam Fontaine,Derrick Williams,Bristol City
1804241,46,Kevin Phillips,Stephen Dobbie,Crystal Palace
1804241,55,Kwesi Appiah,Aaron Wilbraham,Crystal Palace
1804241,68,Kyle De Silva,Alex Wynter,Crystal Palace
1804242,66,Dean Marney,Keith Treacy,Burnley FC
1804242,81,Brian Stock,David Jones,Burnley FC
1804242,84,Junior Stanislas,Danny Ings,Burnley FC
1804242,73,Kevin Davies,Lee Holmes,Preston North End
1804242,73,Nicky Wroe,Iain Hume,Preston North End
1804242,89,Joe Garner,Stuart Beavon,Preston North End
1804243,61,Jimmy Phillips,Lee Bell,Burton Albion
1804243,61,Adam Reed,Robbie Weir,Burton Albion
1804243,78,Michael Symes,Rene Howe,Burton Albion
1804243,46,Alexander Kačaniklić,Adel Taarabt,Fulham FC
1804243,84,Pajtim Kasami,Ashkan Dejagah,Fulham FC
1804243,103,Hugo Rodallega,Giorgios Karagounis,Fulham FC
1804244,56,Lewis Guy,Liam Noble,Carlisle United
1804244,74,David Symington,David Amoo,Carlisle United
1804244,80,Mark Beck,Lee Miller,Carlisle United
1804244,62,Martyn Waghorn,Jamie Vardy,Leicester City
1804244,66,Tom Hopper,Chris Wood,Leicester City
1804244,84,Jeffrey Schlupp,Zoumana Bakayogo,Leicester City
1804245,73,Ben Davies,Craig Bryson,Derby County
1804245,75,Michael Jacobs,Will Hughes,Derby County
1804245,78,Mason Bennett,Chris Martin,Derby County
1804245,46,Aaron Pierre,Scott Barron,Brentford FC
1804245,61,Luke Norris,Farid El Alagui,Brentford FC
1804245,73,Alfie Mawson,Sam Saunders,Brentford FC
1804246,46,Mark Duffy,James Coppinger,Doncaster Rovers
1804246,60,Billy Paynter,Theo Robinson,Doncaster Rovers
1804246,84,Harry Forrester,Dean Furman,Doncaster Rovers
1804246,74,Luke Murphy,Alex Mowatt,Leeds United
1804248,46,Sean Scannell,Martin Paterson,Huddersfield Town
1804248,55,Jack Hunt,Jake Carroll,Huddersfield Town
1804248,71,Jon Stead,Adam Clayton,Huddersfield Town
1804248,79,Leon Cort,Richard Wood,Charlton Athletic
1804248,85,Danny Green,Johnnie Jackson,Charlton Athletic
1804248,85,Yann Kermorgant,Joe Pigott,Charlton Athletic
1804249,66,Yohann Lasimant,Kevin Lisbie,Leyton Orient
1804249,69,Johnny Gorman,Marvin Bartley,Leyton Orient
1804249,55,Conor Townsend,Cameron Stewart,Hull City
1804249,67,Calaum Jahraldo-Martin,Nick Proschwitz,Hull City
1804249,109,Robbie Brady,Aaron McLean,Hull City
1804250,10,Daniel Agger,Aly Cissokho,Liverpool FC
1804250,65,Jordan Henderson,Joe Allen,Liverpool FC
1804250,72,Coutinho,Luis Alberto,Liverpool FC
1804250,71,Curtis Thompson,Jamal Campbell-Ryce,Notts County
1804250,77,Andre Boucaud,Mark Fotheringham,Notts County
1804250,82,Adam Coombes,David Bell,Notts County
1804252,73,Steven Whittaker,Ryan Bennett,Norwich City
1804252,76,Luciano Becchio,Anthony Pilkington,Norwich City
1804252,84,Nathan Redmond,Leroy Fer,Norwich City
1804252,77,Jessy Reindorf,Marlon Jackson,Bury FC
1804252,85,Ashley Grimes,Anton Forrester,Bury FC
1804252,85,Chris Sedgwick,Danny Mayor,Bury FC
1804254,80,Jermaine Anderson,Britt Assombalonga,Peterborough United
1804254,80,Jaanai Gordon,Tommy Rowe,Peterborough United
1804254,81,Nathaniel Mendez-Laing,Lee Tomlin,Peterborough United
1804255,56,Andy Johnson,Samba Diakité,Queens Park Rangers
1804255,56,Mo Shariff,Bobby Zamora,Queens Park Rangers
1804255,89,Tom Hitchcock,Alejandro Faurlín,Queens Park Rangers
1804255,39,Ryan Mason,,Swindon Town
1804255,60,Louis Thompson,Ryan Harley,Swindon Town
1804255,65,Miles Storey,Nile Ranger,Swindon Town
1804257,49,Connor Wickham,Dong-won Ji,Sunderland AFC
1804257,61,Sebastian Larsson,Cabral,Sunderland AFC
1804257,65,Charis Mavrias,David Moberg-Karlsson,Sunderland AFC
1804257,66,Jason Banton,Samir Carruthers,Milton Keynes Dons
1804257,67,Jon Otsemobor,Patrick Bamford,Milton Keynes Dons
1804257,82,Luke Chadwick,Izale McLeod,Milton Keynes Dons
1804258,74,Jake Kirby,Jason Koumas,Tranmere Rovers
1804258,112,Abdulai Bell-Baggie,Chris Atkinson,Tranmere Rovers
1804258,60,Jermaine Beckford,Joshua Vela,Bolton Wanderers
1804258,64,André Moritz,Sanmi Odelusi,Bolton Wanderers
1804258,96,Tom Youngs,Robert Hall,Bolton Wanderers
1804261,34,Momo Diamé,Alou Diarra,West Ham United
1804261,46,Stewart Downing,Joe Cole,West Ham United
1804261,63,Byron Harrison,Sam Deering,Cheltenham Town
1804261,77,Zack Kotwica,Terry Gornell,Cheltenham Town
1804261,83,Ashley Vincent,Russell Penn,Cheltenham Town
1804262,66,Sam Hoskins,Liam Davis,Yeovil Town
1804262,80,Kevin Dawson,James Hayter,Yeovil Town
1804262,80,Alan Tate,Kieffer Moore,Yeovil Town
1804262,77,Scott Allan,Matt Green,Birmingham City
1804262,87,Darren Ambrose,Andrew Shinnie,Birmingham City
1804260,43,Markus Rosenberg,Matěj Vydra,West Bromwich Albion
1804260,65,James Morrison,Claudio Yacob,West Bromwich Albion
1804260,70,Cameron Gayle,Billy Jones,West Bromwich Albion
1804260,53,Michael Flynn,Lee Minshull,Newport County
1804260,63,Tony James,Adam Chapman,Newport County
1804260,72,Chris Zebroski,Danny Crow,Newport County
1804238,72,Marcus Carver,Piero Mingoia,Accrington Stanley
1804238,72,Connor Mahoney,Kal Naismith,Accrington Stanley
1804238,83,Shay McCartan,Peter Murphy,Accrington Stanley
1804238,45,Rudy Gestede,Andreas Cornelius,Cardiff City
1804238,65,Craig Conway,Tommy Smith,Cardiff City
1804238,75,Joe Mason,Nicky Maynard,Cardiff City
1804239,60,Yacouba Sylla,Fabian Delph,Aston Villa
1804239,67,Nicklas Helenius,Gabriel Agbonlahor,Aston Villa
1804239,67,Aleksandar Tonev,Christian Benteke,Aston Villa
1804239,58,Michael Tidser,Robert Milsom,Rotherham United
1804239,84,Richard Brindley,Kieran Agard,Rotherham United
1804239,84,Matt Tubbs,Ben Pringle,Rotherham United
1804247,46,Sylvain Distin,Phil Jagielka,Everton FC
1804247,66,Séamus Coleman,Tony Hibbert,Everton FC
1804247,96,Marouane Fellaini,Ross Barkley,Everton FC
1804247,27,Oumare Tounkara,Darius Charles,Stevenage FC
1804247,53,Greg Tansey,Jimmy Smith,Stevenage FC
1804247,89,Simon Heslop,Michael Doughty,Stevenage FC
1804251,57,Marcus Marshall,Pádraig Amond,Morecambe FC
1804251,77,Alex Kenyon,Andrew Fleming,Morecambe FC
1804251,87,Joe Mwasilie,Stewart Drummond,Morecambe FC
1804251,46,Shola Ameobi,Haris Vučkić,Newcastle United
1804251,71,Hatem Ben Arfa,Yoan Gouffran,Newcastle United
1804251,88,Moussa Sissoko,Sylvain Marveaux,Newcastle United
1804253,60,Dexter Blackstock,Simon Cox,Nottingham Forest
1804253,66,Ishmael Miller,Matt Derbyshire,Nottingham Forest
1804253,77,Greg Halford,Djamel Abdoun,Nottingham Forest
1804253,62,Andy Keogh,Lee Martin,Millwall FC
1804253,62,John Marquis,Scott McDonald,Millwall FC
1804253,72,Richard Chaplow,Nicky Bailey,Millwall FC
1804256,46,Oussama Assaidi,Brek Shea,Stoke City
1804256,50,Marc Wilson,Wilson Palacios,Stoke City
1804256,75,Steven NZonzi,Charlie Adam,Stoke City
1804256,81,Troy Hewitt,James Baxendale,Walsall FC
1804256,81,James McQuilkin,Craig Westcarr,Walsall FC
1804256,86,Kieron Morris,Nicky Featherstone,Walsall FC
1804259,63,Gabriele Angella,Reece Brown,Watford FC
1804259,72,Ikechi Anya,Davide Faraoni,Watford FC
1804259,84,Lewis McGugan,Javier Acuña,Watford FC
1804259,63,Mohamed Coulibaly,Ryan Fraser,AFC Bournemouth
1804259,63,Wes Thomas,Shaun MacDonald,AFC Bournemouth
1804259,83,Donal McDermott,Marc Pugh,AFC Bournemouth
1812561,61,Valentin Roberge,John OShea,Sunderland AFC
1812561,81,Fabio Borini,Emanuele Giaccherini,Sunderland AFC
1812561,85,Connor Wickham,Jozy Altidore,Sunderland AFC
1812561,11,Joe Newell,Lee Tomlin,Peterborough United
1812561,64,Grant McCann,Tommy Rowe,Peterborough United
1812561,76,Nathaniel Mendez-Laing,Jack Payne,Peterborough United
1812562,46,Mladen Petrić,Modibo Maïga,West Ham United
1812562,58,Momo Diamé,Ravel Morrison,West Ham United
1812562,82,Răzvan Raţ,George McCartney,West Ham United
1812562,46,Kevin McNaughton,John Brayford,Cardiff City
1812562,56,Tommy Smith,Joe Mason,Cardiff City
1812562,90,Rudy Gestede,Nicky Maynard,Cardiff City
1812563,46,Yaya Touré,Fernandinho,Manchester City
1812563,71,Jesús Navas,Rony Lopes,Manchester City
1812563,79,Álvaro Negredo,Edin Džeko,Manchester City
1812563,59,Ryan Shotton,Leon Barnett,Wigan Athletic
1812563,68,Daniel Redmond,Stephen Crainey,Wigan Athletic
1812563,80,Nick Powell,Nouha Dicko,Wigan Athletic
1812564,34,Brian Stock,Dean Marney,Burnley FC
1812564,83,Scott Arfield,Keith Treacy,Burnley FC
1812564,88,Michael Kightly,Sam Vokes,Burnley FC
1812564,64,Chris Cohen,Dexter Blackstock,Nottingham Forest
1812564,64,Simon Cox,Guy Moussi,Nottingham Forest
1812564,73,Ishmael Miller,Radosław Majewski,Nottingham Forest
1812566,74,Harrison Reed,Guly,Southampton FC
1812566,74,Jay Rodriguez,Tadanari Lee,Southampton FC
1812566,87,Omar Rowe,Steven Davis,Southampton FC
1812566,70,Marlon Harewood,Joe Bryan,Bristol City
1812566,76,Neil Kilkenny,Scott Wagstaff,Bristol City
1812566,84,Sam Baldock,Bobby Reid,Bristol City
1812568,46,Louis Thompson,Nile Ranger,Swindon Town
1812568,73,Mohamed El Gabbas,Nicky Ajose,Swindon Town
1812568,10,Ramires,Marco van Ginkel,Chelsea FC
1812568,46,John Terry,Ramires,Chelsea FC
1812568,78,Demba Ba,Kevin De Bruyne,Chelsea FC
1812570,39,Connor Smith,Josh McEachran,Watford FC
1812570,52,Troy Deeney,Javier Acuña,Watford FC
1812570,86,Fernando Forestieri,Diego Fabbrini,Watford FC
1812570,46,Johan Elmander,Javi Garrido,Norwich City
1812570,67,Josh Murphy,Bradley Johnson,Norwich City
1812570,74,Leroy Fer,Wes Hoolahan,Norwich City
1812571,46,Jordan Bowery,Karim El Ahmadi,Aston Villa
1812571,46,Nicklas Helenius,Libor Kozák,Aston Villa
1812571,82,Callum Robinson,Aleksandar Tonev,Aston Villa
1812571,64,Mousa Dembélé,Paulinho,Tottenham Hotspur
1812571,73,Nacer Chadli,Harry Kane,Tottenham Hotspur
1812571,80,Michael Dawson,Kyle Walker,Tottenham Hotspur
1812572,68,Gedo,Matty Fryatt,Hull City
1812572,74,Conor Henderson,Stephen Quinn,Hull City
1812572,50,Duane Holmes,Daniel Carr,Huddersfield Town
1812572,53,Cristian,Martin Paterson,Huddersfield Town
1812572,66,Adam Hammill,Oliver Norwood,Huddersfield Town
1812573,46,Lloyd Dyer,Zoumana Bakayogo,Leicester City
1812573,46,David Nugent,Tom Hopper,Leicester City
1812573,62,Anthony Knockaert,Gary Taylor-Fletcher,Leicester City
1812573,27,Ben Davies,Paul Coutts,Derby County
1812573,90,Michael Jacobs,Will Hughes,Derby County
1812575,64,Fernando Amorebieta,John Arne Riise,Fulham FC
1812575,65,Darren Bent,Adel Taarabt,Fulham FC
1812575,69,Gareth Barry,Darron Gibson,Everton FC
1812575,69,Phil Jagielka,John Heitinga,Everton FC
1812575,80,Kevin Mirallas,Steven Naismith,Everton FC
1812560,72,Adnan Januzaj,Shinji Kagawa,Manchester United
1812560,74,Michael Carrick,Javier Hernández,Manchester United
1812560,90,Danny Welbeck,Nani,Manchester United
1812560,67,Martin Kelly,Lucas Leiva,Liverpool FC
1812560,82,Raheem Sterling,Victor Moses,Liverpool FC
1812565,71,Gabriel Obertan,Papiss Demba Cissé,Newcastle United
1812565,80,Dan Gosling,Vurnon Anita,Newcastle United
1812565,63,El-Hadji Diouf,Dominic Poleon,Leeds United
1812565,63,Aidy White,Michael Tonge,Leeds United
1812569,46,Danny Holmes,Evan Horwood,Tranmere Rovers
1812569,74,Abdulai Bell-Baggie,James Rowe,Tranmere Rovers
1812569,61,Oussama Assaidi,Stephen Ireland,Stoke City
1812569,76,Jon Walters,Jermaine Pennant,Stoke City
1812569,77,Matthew Etherington,Marko Arnautović,Stoke City
1812574,83,Andrew Shinnie,Shane Ferguson,Birmingham City
1812574,64,Álvaro,Jonathan de Guzmán,Swansea City
1812574,73,Cañas,Jonjo Shelvey,Swansea City
1812574,82,Wayne Routledge,Roland Lamah,Swansea City
1812567,90,James Morrison,Shane Long,West Bromwich Albion
1812567,90,Markus Rosenberg,Youssuf Mulumbu,West Bromwich Albion
1812567,100,Morgan Amalfitano,Saido Berahino,West Bromwich Albion
1812567,81,Chuba Akpom,Thomas Eisfeld,Arsenal FC
1812567,83,Kristoffer Olsson,Isaac Hayden,Arsenal FC
1812567,94,Héctor Bellerín,Mikel Arteta,Arsenal FC
1825617,45,Lloyd Dyer,Paul Konchesky,Leicester City
1825617,87,David Nugent,Anthony Knockaert,Leicester City
1825617,87,Jamie Vardy,Chris Wood,Leicester City
1825617,56,Bryan Ruiz,Damien Duff,Fulham FC
1825617,65,Darren Bent,Hugo Rodallega,Fulham FC
1825617,80,Steven Sidwell,Derek Boateng,Fulham FC
1825618,68,Demarai Gray,Shane Ferguson,Birmingham City
1825618,68,Oliver Lee,,Birmingham City
1825618,79,Peter Løvenkrands,Tom Adeyemi,Birmingham City
1825618,71,Stephen Ireland,Marko Arnautović,Stoke City
1825618,76,Brek Shea,Jermaine Pennant,Stoke City
1825618,81,Kenwyne Jones,Peter Crouch,Stoke City
1825619,78,Wayne Rooney,Wilfried Zaha,Manchester United
1825619,90,Anderson,Tom Cleverley,Manchester United
1825619,90,Fábio,Adnan Januzaj,Manchester United
1825619,65,Anthony Pilkington,Robert Snodgrass,Norwich City
1825619,76,Josh Murphy,Nathan Redmond,Norwich City
1825619,89,Gary Hooper,Wes Hoolahan,Norwich City
1825620,84,Michael Kightly,Junior Stanislas,Burnley FC
1825620,90,Ryan Noble,David Edgar,Burnley FC
1825620,45,Jack Collison,Momo Diamé,West Ham United
1825620,60,Stewart Downing,Carlton Cole,West Ham United
1825620,71,Kevin Nolan,James Tomkins,West Ham United
1825621,63,Mesut Özil,Ryo Miyaichi,Arsenal FC
1825621,67,Olivier Giroud,Nicklas Bendtner,Arsenal FC
1825621,81,Chu-young Park,Aaron Ramsey,Arsenal FC
1825621,69,Ramires,Kevin De Bruyne,Chelsea FC
1825621,81,Demba Ba,Samuel Etoo,Chelsea FC
1825621,90,Tomáš Kalas,Mata,Chelsea FC
1825622,68,Nacer Chadli,Christian Eriksen,Tottenham Hotspur
1825622,68,Vlad Chiricheş,Kyle Naughton,Tottenham Hotspur
1825622,78,Harry Kane,Nacer Chadli,Tottenham Hotspur
1825622,34,Nick Proschwitz,Alex Bruce,Hull City
1825622,45,Aaron McLean,Danny Graham,Hull City
1825622,81,Gedo,Robert Koren,Hull City
1825623,46,Paul Dummett,Massadio Haïdara,Newcastle United
1825623,67,Yohan Cabaye,Shola Ameobi,Newcastle United
1825623,81,Hatem Ben Arfa,Paul Dummett,Newcastle United
1825623,10,Álvaro Negredo,Stevan Jovetić,Manchester City
1825623,64,David Silva,Jack Rodwell,Manchester City
1825623,83,Pablo Zabaleta,Micah Richards,Manchester City
1825616,70,Sebastian Larsson,Ondřej Čelůstka,Sunderland AFC
1825616,90,Steven Fletcher,Emanuele Giaccherini,Sunderland AFC
1825616,57,James Ward-Prowse,Tadanari Lee,Southampton FC
1825616,70,Adam Lallana,Steven Davis,Southampton FC
1825616,79,Sam Gallagher,Gastón Ramírez,Southampton FC
1829759,46,Matty James,Anthony Knockaert,Leicester City
1829759,46,Jamie Vardy,Gary Taylor-Fletcher,Leicester City
1829759,68,Jeffrey Schlupp,David Nugent,Leicester City
1829759,12,Dedryck Boyata,Pablo Zabaleta,Manchester City
1829759,70,Samir Nasri,David Silva,Manchester City
1829761,62,Sung-yueng Ki,Craig Gardner,Sunderland AFC
1829761,74,Fabio Borini,Adam Johnson,Sunderland AFC
1829761,120,Phil Bardsley,Emanuele Giaccherini,Sunderland AFC
1829761,70,Michael Essien,Azpilicueta,Chelsea FC
1829761,73,Demba Ba,Samuel Etoo,Chelsea FC
1829761,83,Eden Hazard,André Schürrle,Chelsea FC
1829760,62,Marko Arnautović,Oussama Assaidi,Stoke City
1829760,76,Charlie Adam,Ryan Shawcross,Stoke City
1829760,58,Javier Hernández,Anderson,Manchester United
1829760,82,Darren Fletcher,Danny Welbeck,Manchester United
1829762,62,Ezekiel Fryers,Danny Rose,Tottenham Hotspur
1829762,73,Nacer Chadli,Andros Townsend,Tottenham Hotspur
1829762,78,Lewis Holtby,Emmanuel Adebayor,Tottenham Hotspur
1829762,65,Modibo Maïga,Carlton Cole,West Ham United
1829762,70,Momo Diamé,Joe Cole,West Ham United
1829762,79,Ravel Morrison,Alou Diarra,West Ham United
2186830,56,Adam Johnson,Emanuele Giaccherini,Sunderland AFC
2186830,72,Jozy Altidore,Steven Fletcher,Sunderland AFC
2186830,61,Chris Smalling,Jonny Evans,Manchester United
2186830,74,Darren Fletcher,Tom Cleverley,Manchester United
2186830,87,Javier Hernández,Antonio Valencia,Manchester United
2186832,66,Martín Demichelis,Yaya Touré,Manchester City
2186832,73,Rony Lopes,David Silva,Manchester City
2186832,79,Aleksandar Kolarov,Álvaro Negredo,Manchester City
2186832,46,Carlton Cole,Modibo Maïga,West Ham United
2186832,57,Alou Diarra,Mark Noble,West Ham United
2186832,75,Răzvan Raţ,Joey OBrien,West Ham United
2186833,46,Carlton Cole,Andy Carroll,West Ham United
2186833,47,Stewart Downing,Joe Cole,West Ham United
2186833,89,Jack Collison,Momo Diamé,West Ham United
2186833,63,Jack Rodwell,Javi García,Manchester City
2186833,65,Stevan Jovetić,Kun Agüero,Manchester City
2186833,78,Aleksandar Kolarov,Jesús Navas,Manchester City
2186831,61,Antonio Valencia,Shinji Kagawa,Manchester United
2186831,84,Patrice Evra,Alexander Büttner,Manchester United
2186831,95,Phil Jones,Michael Carrick,Manchester United
2186831,82,Craig Gardner,Lee Cattermole,Sunderland AFC
2186831,86,Jozy Altidore,Fabio Borini,Sunderland AFC
2192329,58,Jesús Navas,Kun Agüero,Manchester City
2192329,77,Javi García,David Silva,Manchester City
2192329,87,Álvaro Negredo,Edin Džeko,Manchester City
2192329,59,Craig Gardner,Sebastian Larsson,Sunderland AFC
2192329,59,Steven Fletcher,Adam Johnson,Sunderland AFC
2192329,76,Emanuele Giaccherini,Lee Cattermole,Sunderland AFC
