GameID,Minute,Player,Team,Card
1756773,48,Souleymane Camara,Montpellier HSC,yellow
1756773,71,Siaka Tiéné,Montpellier HSC,yellow
1756773,72,Abdelhamid El-Kaoutari,Montpellier HSC,yellow-red
1756773,32,Marco Verratti,Paris Saint-Germain,yellow
1756773,78,Javier Pastore,Paris Saint-Germain,yellow
1756768,90,Marc Planus,Girondins Bordeaux,yellow
1756769,63,Olivier Sorlin,Évian Thonon Gaillard,yellow
1756769,70,Carlão,FC Sochaux,yellow
1756769,80,Julien Faussurier,FC Sochaux,yellow
1756771,52,Franck Béria,Lille OSC,yellow
1756771,39,Lamine Koné,FC Lorient,yellow
1756771,83,Lamine Gassama,FC Lorient,yellow-red
1756772,84,Miguel Lopes,Olympique Lyon,yellow
1756774,65,Jordan Veretout,FC Nantes,yellow-red
1756774,86,Fernando Aristeguieta,FC Nantes,yellow
1756774,11,Yannick Cahuzac,SC Bastia,yellow
1756774,25,Sambou Yatabaré,SC Bastia,yellow
1756774,45,Florian Raspentino,SC Bastia,yellow
1756774,71,Ilan,SC Bastia,red
1756775,90,Vincent Pajot,Stade Rennes,yellow
1756775,61,Aïssa Mandi,Stade Reims,yellow
1756775,68,Odaïr Fortes,Stade Reims,yellow
1756776,27,Mathieu Dossevi,Valenciennes FC,yellow
1756776,49,Arthur Masuaku,Valenciennes FC,yellow
1756776,35,Uroš Spajić,Toulouse FC,red
1756767,90,Benjamin André,AC Ajaccio,yellow-red
1756767,90,Brandão,AS Saint-Étienne,yellow
1756770,75,Jérémy Sorbon,EA Guingamp,yellow
1756770,85,Reynald Lemaître,EA Guingamp,yellow
1756770,20,Dimitri Payet,Olympique Marseille,yellow
1756770,43,Nicolas NKoulou,Olympique Marseille,yellow
1756770,74,Alaixys Romao,Olympique Marseille,yellow
1756770,77,André Ayew,Olympique Marseille,yellow
1756785,2,Carlão,FC Sochaux,yellow
1756785,5,Sébastien Corchia,FC Sochaux,yellow
1756785,48,Cédric Kanté,FC Sochaux,yellow
1756785,90,Roy Contout,FC Sochaux,yellow
1756785,40,Alexandre Lacazette,Olympique Lyon,yellow
1756779,45,Dimitri Payet,Olympique Marseille,yellow
1756779,51,Benoît Cheyrou,Olympique Marseille,yellow
1756779,82,André Ayew,Olympique Marseille,yellow
1756779,50,Cédric Barbosa,Évian Thonon Gaillard,yellow
1756777,35,Drissa Diakité,SC Bastia,yellow
1756777,58,Sambou Yatabaré,SC Bastia,yellow
1756777,34,David Ducourtioux,Valenciennes FC,yellow
1756777,69,Kenny Lala,Valenciennes FC,yellow
1756781,74,Nélson Oliveira,Stade Rennes,yellow
1756781,90,Vincent Pajot,Stade Rennes,red
1756783,57,Mads Albæk,Stade Reims,yellow
1756784,46,François Clerc,AS Saint-Étienne,yellow
1756784,59,Jonathan Brison,AS Saint-Étienne,yellow
1756784,60,Stéphane Ruffier,AS Saint-Étienne,yellow
1756784,61,Benjamin Corgnet,AS Saint-Étienne,yellow
1756784,37,Jonathan Martins,EA Guingamp,yellow
1756784,55,Reynald Lemaître,EA Guingamp,yellow
1756784,90,Younousse Sankharé,EA Guingamp,yellow
1756786,8,Eden Ben Basat,Toulouse FC,yellow
1756786,58,Aymen Abdennour,Toulouse FC,yellow
1756786,87,Serge Aurier,Toulouse FC,yellow
1756786,11,Maxime Poundje,Girondins Bordeaux,yellow
1756786,29,Marc Planus,Girondins Bordeaux,red
1756780,52,Jérémy Toulalan,AS Monaco,yellow
1756780,90,Delvin NDinga,AS Monaco,yellow
1756780,45,Victor Montaño,Montpellier HSC,yellow
1756780,45,Benjamin Stambouli,Montpellier HSC,yellow
1756780,64,Daniel Congré,Montpellier HSC,red
1756780,84,Siaka Tiéné,Montpellier HSC,yellow
1756778,32,Lamine Koné,FC Lorient,yellow
1756778,31,Birama Touré,FC Nantes,yellow
1756782,69,Alex,Paris Saint-Germain,yellow
1756782,90,Ezequiel Lavezzi,Paris Saint-Germain,yellow
1756782,69,Ronald Zubar,AC Ajaccio,yellow
1756782,73,Guillermo Ochoa,AC Ajaccio,yellow
1756782,90,Paul Lasne,AC Ajaccio,yellow
1756793,50,Emmanuel Rivière,AS Monaco,yellow
1756793,25,Óscar Trejo,Toulouse FC,yellow
1756793,77,Aymen Abdennour,Toulouse FC,yellow
1756793,90,Étienne Didot,Toulouse FC,yellow
1756796,9,David Ducourtioux,Valenciennes FC,yellow
1756796,36,Souleymane Diawara,Olympique Marseille,yellow
1756796,44,Rod Fanni,Olympique Marseille,yellow
1756796,56,Benoît Cheyrou,Olympique Marseille,yellow
1756788,52,Henrique,Girondins Bordeaux,yellow
1756788,80,Cheick Diabaté,Girondins Bordeaux,yellow
1756788,52,Julien Palmieri,SC Bastia,yellow
1756788,88,Sambou Yatabaré,SC Bastia,yellow
1756789,72,Jonathan Mensah,Évian Thonon Gaillard,yellow
1756789,90,Cédric Barbosa,Évian Thonon Gaillard,yellow
1756789,31,Jean Makoun,Stade Rennes,yellow
1756789,67,Kévin Théophile-Catherine,Stade Rennes,yellow
1756789,90,Cheick Diarra,Stade Rennes,yellow
1756790,38,Lionel Mathis,EA Guingamp,yellow
1756790,80,Jonathan Martins,EA Guingamp,yellow
1756790,46,Fabien Robert,FC Lorient,yellow
1756790,80,Bryan Pelé,FC Lorient,yellow
1756792,90,Henri Bédimo,Olympique Lyon,yellow
1756792,49,Kossi Agassa,Stade Reims,yellow
1756792,71,Gaëtan Courtet,Stade Reims,yellow
1756794,42,Joris Marveaux,Montpellier HSC,yellow
1756794,82,Victor Montaño,Montpellier HSC,yellow
1756794,90,Emanuel Herrera,Montpellier HSC,yellow
1756794,43,Roy Contout,FC Sochaux,yellow
1756794,51,Joachim Eickmayer,FC Sochaux,yellow
1756794,54,Sébastien Corchia,FC Sochaux,yellow
1756794,74,Cédric Kanté,FC Sochaux,red
1756791,67,Idrissa Gueye,Lille OSC,yellow
1756791,84,Vincent Enyeama,Lille OSC,yellow
1756791,60,Romain Hamouma,AS Saint-Étienne,yellow
1756795,33,Alejandro Bedoya,FC Nantes,yellow
1756795,88,Gregory van der Wiel,Paris Saint-Germain,yellow
1756798,19,Cédric Mongongu,Évian Thonon Gaillard,yellow
1756798,24,Henri Bédimo,Olympique Lyon,yellow
1756801,58,Thiago Motta,Paris Saint-Germain,yellow
1756801,71,Fatih Atik,EA Guingamp,yellow
1756801,82,Jonathan Martins,EA Guingamp,yellow
1756797,20,Wahbi Khazri,SC Bastia,yellow
1756797,37,Julien Palmieri,SC Bastia,red
1756797,62,Drissa Diakité,SC Bastia,yellow
1756797,33,Serge Aurier,Toulouse FC,yellow
1756797,45,Abel Aguilar,Toulouse FC,yellow
1756797,66,Uroš Spajić,Toulouse FC,yellow
1756797,71,Clément Chantôme,Toulouse FC,yellow
1756799,90,Maxime Baca,FC Lorient,yellow
1756799,42,Anthony Le Tallec,Valenciennes FC,yellow
1756799,85,Rudy Mater,Valenciennes FC,yellow-red
1756803,45,John Boye,Stade Rennes,yellow
1756803,23,Simon Kjær,Lille OSC,yellow
1756803,75,Soualiho Meïté,Lille OSC,yellow
1756805,55,Lionel Zouma,FC Sochaux,yellow
1756805,46,Sigamary Diarra,AC Ajaccio,yellow
1756804,40,Fabien Lemoine,AS Saint-Étienne,yellow
1756804,59,Jérémy Clément,AS Saint-Étienne,yellow
1756804,32,Nicolas Maurice-Belay,Girondins Bordeaux,yellow
1756800,50,Jordan Amavi,OGC Nizza,yellow
1756800,57,Valentin Eysseric,OGC Nizza,yellow
1756800,78,Darío Cvitanich,OGC Nizza,yellow
1756800,38,Anthony Mounier,Montpellier HSC,yellow
1756800,58,Rémy Cabella,Montpellier HSC,yellow
1756800,70,Benjamin Stambouli,Montpellier HSC,yellow
1756800,83,Djamel Bakar,Montpellier HSC,red
1756806,50,André Ayew,Olympique Marseille,yellow
1756806,55,Benjamin Mendy,Olympique Marseille,yellow
1756806,31,Ricardo Carvalho,AS Monaco,yellow
1756806,39,Fabinho,AS Monaco,yellow
1756806,66,Mounir Obbadi,AS Monaco,yellow
1756808,20,Henrique,Girondins Bordeaux,yellow
1756808,41,Ludovic Obraniak,Girondins Bordeaux,yellow
1756808,69,Hervin Ongenda,Paris Saint-Germain,yellow
1756808,80,Marco Verratti,Paris Saint-Germain,yellow
1756815,36,Óscar Trejo,Toulouse FC,yellow
1756815,70,Serge Aurier,Toulouse FC,yellow
1756815,62,Giannelli Imbula,Olympique Marseille,yellow
1756815,70,André-Pierre Gignac,Olympique Marseille,yellow
1756807,21,Jean-Baptiste Pierazzi,AC Ajaccio,yellow
1756807,90,Adrian Mutu,AC Ajaccio,yellow
1756807,21,Facundo Bertoglio,Évian Thonon Gaillard,yellow
1756807,41,Nicolas Benezet,Évian Thonon Gaillard,yellow
1756807,64,Jonathan Mensah,Évian Thonon Gaillard,yellow
1756807,90,Djakaridja Koné,Évian Thonon Gaillard,yellow
1756809,66,Younousse Sankharé,EA Guingamp,yellow
1756809,89,Mustapha Yatabaré,EA Guingamp,yellow
1756809,27,Ilan,SC Bastia,yellow
1756809,88,Drissa Diakité,SC Bastia,yellow
1756809,90,François Modesto,SC Bastia,yellow
1756813,57,Teddy Mézague,Montpellier HSC,yellow
1756813,79,Benjamin Stambouli,Montpellier HSC,yellow
1756813,49,Grzegorz Krychowiak,Stade Reims,yellow
1756813,90,Christopher Glombard,Stade Reims,yellow
1756814,16,Lionel Zouma,FC Sochaux,yellow
1756816,12,Eloge Enza Yamissi,Valenciennes FC,yellow
1756816,70,Opa Nguette,Valenciennes FC,yellow
1756816,48,Faouzi Ghoulam,AS Saint-Étienne,yellow
1756812,22,Layvin Kurzawa,AS Monaco,yellow
1756812,30,Yannick Ferreira-Carrasco,AS Monaco,yellow
1756812,76,Geoffrey Kondogbia,AS Monaco,yellow
1756812,1,Lamine Koné,FC Lorient,yellow
1756812,5,Fabien Audard,FC Lorient,yellow
1756812,60,Rafidine Abdullah,FC Lorient,yellow
1756810,17,Florent Balmont,Lille OSC,yellow
1756810,26,Franck Béria,Lille OSC,yellow
1756810,69,Pape Souaré,Lille OSC,yellow
1756810,35,Timothée Kolodziejczak,OGC Nizza,yellow
1756810,41,Didier Digard,OGC Nizza,yellow
1756810,69,David Ospina,OGC Nizza,yellow
1756811,63,Romain Danzé,Stade Rennes,yellow
1756824,23,Mevlüt Erdinç,AS Saint-Étienne,yellow
1756824,40,Franck Tabanou,AS Saint-Étienne,yellow
1756824,23,Aymen Abdennour,Toulouse FC,yellow
1756824,70,Étienne Didot,Toulouse FC,yellow
1756817,79,Yannick Cahuzac,SC Bastia,yellow
1756817,86,Sébastien Squillaci,SC Bastia,yellow
1756818,37,Djakaridja Koné,Évian Thonon Gaillard,yellow
1756818,78,Modou Sougou,Évian Thonon Gaillard,yellow
1756818,40,Anthony Mounier,Montpellier HSC,yellow
1756818,47,Morgan Sanson,Montpellier HSC,yellow
1756818,72,Geoffrey Jourdren,Montpellier HSC,yellow
1756818,85,Siaka Tiéné,Montpellier HSC,yellow-red
1756822,38,Nicolas de Préville,Stade Reims,yellow
1756822,60,Floyd Ayité,Stade Reims,yellow
1756822,83,Anthony Weber,Stade Reims,yellow
1756822,78,Moustapha Diallo,EA Guingamp,yellow
1756823,26,Nélson Oliveira,Stade Rennes,yellow
1756823,47,Vincent Pajot,Stade Rennes,yellow
1756823,77,Paul Lasne,AC Ajaccio,yellow
1756823,88,Claude Gonçalves,AC Ajaccio,yellow
1756825,45,Carlão,FC Sochaux,yellow
1756825,60,Emmanuel Mayuka,FC Sochaux,yellow
1756825,61,Idrissa Gueye,Lille OSC,yellow
1756819,60,Yann Jouffre,FC Lorient,yellow
1756819,53,Maxime Poundje,Girondins Bordeaux,yellow
1756819,72,Nicolas Maurice-Belay,Girondins Bordeaux,yellow
1756821,88,Timothée Kolodziejczak,OGC Nizza,yellow
1756821,4,Lindsay Rose,Valenciennes FC,yellow
1756821,24,Eloge Enza Yamissi,Valenciennes FC,yellow
1756826,38,Marquinhos,Paris Saint-Germain,yellow
1756826,36,Fabinho,AS Monaco,yellow
1756826,63,Mounir Obbadi,AS Monaco,yellow
1756826,90,Lucas Ocampos,AS Monaco,yellow
1756830,28,Simon Kjær,Lille OSC,yellow
1756830,35,Facundo Bertoglio,Évian Thonon Gaillard,yellow
1756830,60,Cédric Cambon,Évian Thonon Gaillard,yellow
1756831,62,André Ayew,Olympique Marseille,yellow
1756831,77,Renaud Cohade,AS Saint-Étienne,yellow
1756827,11,Claude Gonçalves,AC Ajaccio,yellow
1756827,19,Salim Arrache,AC Ajaccio,yellow
1756827,53,Paul Lasne,AC Ajaccio,yellow
1756827,90,Aboubacar Camara,AC Ajaccio,yellow
1756827,90,Chahir Belghazouani,AC Ajaccio,yellow
1756827,41,Steed Malbranque,Olympique Lyon,yellow
1756827,90,Alexandre Lacazette,Olympique Lyon,yellow-red
1756827,90,Clément Grenier,Olympique Lyon,yellow
1756828,29,Henrique,Girondins Bordeaux,yellow
1756828,31,Bocoundji Cá,Stade Reims,yellow
1756828,87,Antoine Devaux,Stade Reims,yellow
1756829,45,Lionel Mathis,EA Guingamp,yellow
1756829,78,Moustapha Diallo,EA Guingamp,yellow
1756829,32,Cédric Kanté,FC Sochaux,yellow
1756829,43,Sébastien Corchia,FC Sochaux,yellow
1756829,52,Thomas Guerbert,FC Sochaux,yellow
1756829,73,Roy Contout,FC Sochaux,yellow
1756834,2,Issa Cissokho,FC Nantes,yellow
1756834,54,Darío Cvitanich,OGC Nizza,yellow
1756835,71,Issiaga Sylla,Toulouse FC,yellow
1756835,61,Fabien Robert,FC Lorient,yellow
1756835,76,Mathieu Coutadeur,FC Lorient,yellow
1756836,65,David Ducourtioux,Valenciennes FC,yellow
1756836,26,Ezequiel Lavezzi,Paris Saint-Germain,yellow
1756836,36,Marco Verratti,Paris Saint-Germain,yellow
1756836,41,Lucas Digne,Paris Saint-Germain,yellow
1756836,75,Adrien Rabiot,Paris Saint-Germain,yellow
1756832,90,Radamel Falcao,AS Monaco,yellow
1756832,77,Romaric,SC Bastia,yellow
1756833,60,Morgan Sanson,Montpellier HSC,yellow
1756833,63,Abdelhamid El-Kaoutari,Montpellier HSC,yellow
1756833,65,Victor Montaño,Montpellier HSC,yellow
1756833,49,Silvio Romero,Stade Rennes,yellow
1756839,35,Yann Jouffre,FC Lorient,yellow
1756839,12,Nicolas NKoulou,Olympique Marseille,yellow
1756842,32,Serge Aurier,Toulouse FC,yellow
1756842,63,Aymen Abdennour,Toulouse FC,yellow
1756842,69,Abel Aguilar,Toulouse FC,yellow
1756838,49,Nicolas Benezet,Évian Thonon Gaillard,yellow
1756838,58,Cédric Barbosa,Évian Thonon Gaillard,yellow
1756838,90,Facundo Bertoglio,Évian Thonon Gaillard,yellow
1756838,40,Lamine Sané,Girondins Bordeaux,yellow
1756838,74,Nicolas Maurice-Belay,Girondins Bordeaux,yellow
1756838,79,Landry NGuémo,Girondins Bordeaux,yellow
1756838,81,Maxime Poundje,Girondins Bordeaux,red
1756840,20,Medhi Zeffane,Olympique Lyon,yellow
1756840,53,Nabil Fekir,Olympique Lyon,yellow
1756840,58,Anthony Lopes,Olympique Lyon,yellow
1756840,4,Florent Balmont,Lille OSC,yellow
1756840,58,Nolan Roux,Lille OSC,yellow
1756841,34,Nampalys Mendy,OGC Nizza,yellow
1756841,35,Claudio Beauvue,EA Guingamp,yellow
1756841,67,Jérémy Sorbon,EA Guingamp,yellow
1756845,73,Ismaël Diomandé,AS Saint-Étienne,yellow
1756845,88,Romain Hamouma,AS Saint-Étienne,yellow
1756845,23,Gilles Cioni,SC Bastia,yellow
1756845,39,Drissa Diakité,SC Bastia,yellow
1756845,83,Romaric,SC Bastia,yellow
1756845,89,François Modesto,SC Bastia,yellow
1756846,30,Cédric Bakambu,FC Sochaux,yellow
1756846,80,Simon Pouplin,FC Sochaux,yellow
1756846,90,Rafaël Dias,FC Sochaux,yellow
1756846,7,Saliou Ciss,Valenciennes FC,yellow
1756846,71,Lindsay Rose,Valenciennes FC,yellow
1756844,76,Jean Makoun,Stade Rennes,yellow
1756844,64,Filip Đorđević,FC Nantes,yellow
1756844,70,Papy Djilobodji,FC Nantes,yellow
1756837,10,Claude Gonçalves,AC Ajaccio,red
1756837,23,Ronald Zubar,AC Ajaccio,yellow
1756837,56,Ștefan Popescu,AC Ajaccio,yellow
1756837,68,Paul Lasne,AC Ajaccio,yellow
1756837,38,Yassine Jebbour,Montpellier HSC,yellow-red
1756837,58,Souleymane Camara,Montpellier HSC,yellow
1756843,81,Anthony Weber,Stade Reims,yellow
1756843,88,Atila Turan,Stade Reims,yellow-red
1756843,24,Lucas Ocampos,AS Monaco,yellow
1756847,35,Gianni Bruno,SC Bastia,yellow
1756847,82,Julien Palmieri,SC Bastia,yellow
1756847,23,Lamine Gassama,FC Lorient,yellow
1756847,53,Maxime Baca,FC Lorient,yellow
1756847,78,Bruno Écuélé,FC Lorient,yellow
1756847,84,Larry Azouni,FC Lorient,red
1756847,90,Wesley Lautoa,FC Lorient,yellow
1756851,32,Radamel Falcao,AS Monaco,yellow
1756851,38,Faouzi Ghoulam,AS Saint-Étienne,yellow
1756851,58,Romain Hamouma,AS Saint-Étienne,yellow
1756851,65,Yohan Mollo,AS Saint-Étienne,yellow
1756851,87,Max Gradel,AS Saint-Étienne,yellow
1756851,90,Fabien Lemoine,AS Saint-Étienne,yellow
1756851,90,Benjamin Corgnet,AS Saint-Étienne,yellow
1756849,32,Lionel Mathis,EA Guingamp,yellow
1756849,58,Younousse Sankharé,EA Guingamp,yellow
1756849,10,Adrien Hunou,Stade Rennes,yellow
1756849,64,Nélson Oliveira,Stade Rennes,yellow-red
1756850,74,Idrissa Gueye,Lille OSC,yellow
1756850,49,Aboubacar Camara,AC Ajaccio,yellow
1756853,53,Birama Touré,FC Nantes,yellow
1756853,27,Djakaridja Koné,Évian Thonon Gaillard,yellow
1756853,69,Cédric Cambon,Évian Thonon Gaillard,yellow
1756854,38,Serge Aurier,Toulouse FC,yellow
1756854,88,Mahamane Traoré,OGC Nizza,yellow
1756855,25,Grzegorz Krychowiak,Stade Reims,yellow
1756855,90,Prince Oniangué,Stade Reims,yellow
1756852,29,Morgan Sanson,Montpellier HSC,yellow
1756852,39,Victor Montaño,Montpellier HSC,yellow
1756852,27,Henri Bédimo,Olympique Lyon,yellow
1756852,59,Anthony Lopes,Olympique Lyon,yellow
1756852,83,Maxime Gonalons,Olympique Lyon,yellow-red
1756848,13,Henrique,Girondins Bordeaux,yellow
1756848,71,Ludovic Obraniak,Girondins Bordeaux,yellow
1756848,89,Matthieu Chalmé,Girondins Bordeaux,yellow
1756848,21,Simon Pouplin,FC Sochaux,yellow
1756848,67,Sanjin Prcić,FC Sochaux,yellow
1756856,40,Rod Fanni,Olympique Marseille,yellow
1756856,56,Dimitri Payet,Olympique Marseille,yellow
1756856,80,Alaixys Romao,Olympique Marseille,yellow
1756856,31,Thiago Motta,Paris Saint-Germain,red
1756856,32,Marco Verratti,Paris Saint-Germain,yellow
1756856,76,Zlatan Ibrahimović,Paris Saint-Germain,yellow
1756856,81,Edinson Cavani,Paris Saint-Germain,yellow
1756856,90,Maxwell,Paris Saint-Germain,yellow
1756861,74,Nampalys Mendy,OGC Nizza,yellow
1756861,90,Grégoire Puel,OGC Nizza,yellow
1756861,45,Mathieu Valbuena,Olympique Marseille,yellow
1756861,84,André Ayew,Olympique Marseille,yellow
1756863,9,Nicolas de Préville,Stade Reims,yellow
1756863,62,Aïssa Mandi,Stade Reims,yellow
1756863,85,Antoine Devaux,Stade Reims,red
1756863,14,Étienne Didot,Toulouse FC,yellow
1756863,65,Uroš Spajić,Toulouse FC,yellow
1756862,31,Julien Palmieri,SC Bastia,yellow
1756862,88,Mickaël Landreau,SC Bastia,yellow
1756857,14,Johan Cavalli,AC Ajaccio,yellow
1756857,51,Ronald Zubar,AC Ajaccio,yellow
1756857,15,Papy Djilobodji,FC Nantes,yellow
1756857,28,Chaker Alhadhur,FC Nantes,yellow
1756857,65,Oswaldo Vizcarrondo,FC Nantes,yellow
1756858,38,Aldo Angoula,Évian Thonon Gaillard,yellow
1756858,42,Cédric Mongongu,Évian Thonon Gaillard,yellow
1756860,27,Florent Balmont,Lille OSC,yellow
1756860,37,Simon Kjær,Lille OSC,yellow
1756860,84,Franck Béria,Lille OSC,yellow
1756864,64,Cheikh MBengue,Stade Rennes,yellow
1756866,75,Joseph Lopy,FC Sochaux,yellow
1756866,77,Sébastien Roudet,FC Sochaux,yellow
1756866,86,Geoffrey Kondogbia,AS Monaco,yellow
1756866,90,Radamel Falcao,AS Monaco,yellow
1756865,30,Brandão,AS Saint-Étienne,yellow
1756865,45,Yohan Mollo,AS Saint-Étienne,yellow
1756865,62,Fabien Lemoine,AS Saint-Étienne,yellow
1756865,26,Wesley Lautoa,FC Lorient,yellow
1756865,88,Maxime Baca,FC Lorient,yellow
1756859,38,Milan Biševac,Olympique Lyon,yellow
1756859,41,Alexandre Lacazette,Olympique Lyon,yellow
1756859,67,Alexandre Lacazette,Olympique Lyon,yellow-red
1756859,38,Cheick Diabaté,Girondins Bordeaux,yellow
1756859,65,Landry NGuémo,Girondins Bordeaux,yellow
1756873,83,Papy Djilobodji,FC Nantes,yellow-red
1756873,43,Idrissa Gueye,Lille OSC,yellow
1756873,74,Simon Kjær,Lille OSC,yellow
1756873,75,Nolan Roux,Lille OSC,yellow
1756873,90,Pape Souaré,Lille OSC,yellow
1756871,33,Alaixys Romao,Olympique Marseille,yellow
1756871,61,Benjamin Mendy,Olympique Marseille,yellow
1756867,56,Yannick Cahuzac,SC Bastia,yellow
1756867,58,Gianni Bruno,SC Bastia,red
1756867,80,Florian Raspentino,SC Bastia,yellow
1756867,28,Nemanja Pejčinović,OGC Nizza,yellow
1756867,61,Grégoire Puel,OGC Nizza,yellow
1756867,81,Didier Digard,OGC Nizza,yellow
1756867,87,Mahamane Traoré,OGC Nizza,yellow-red
1756869,90,Lionel Mathis,EA Guingamp,yellow
1756869,90,Christophe Mandanne,EA Guingamp,yellow
1756869,37,Dennis Oliech,AC Ajaccio,yellow
1756869,45,Benoît Pedretti,AC Ajaccio,yellow
1756869,57,Junior Tallo,AC Ajaccio,yellow
1756869,90,Chahir Belghazouani,AC Ajaccio,yellow
1756870,65,Vincent Aboubakar,FC Lorient,yellow
1756870,30,Roy Contout,FC Sochaux,yellow
1756874,44,Ali Ahamada,Toulouse FC,yellow
1756874,81,Tiemoué Bakayoko,Stade Rennes,yellow
1756875,71,Jean-Christophe Bahebeck,Valenciennes FC,yellow
1756875,78,Cédric Cambon,Évian Thonon Gaillard,yellow
1756875,85,Fabrice Ehret,Évian Thonon Gaillard,yellow
1756875,90,Modou Sougou,Évian Thonon Gaillard,yellow
1756868,11,Abdou Traoré,Girondins Bordeaux,yellow
1756868,20,Diego Rolán,Girondins Bordeaux,yellow
1756868,45,Mariano,Girondins Bordeaux,yellow
1756868,19,Yassine Jebbour,Montpellier HSC,red
1756872,12,Yannick Ferreira-Carrasco,AS Monaco,yellow
1756872,78,Clément Grenier,Olympique Lyon,yellow
1756872,82,Maxime Gonalons,Olympique Lyon,yellow
1756872,90,Steed Malbranque,Olympique Lyon,yellow
1756876,7,Brandão,AS Saint-Étienne,yellow
1756876,59,Fabien Lemoine,AS Saint-Étienne,yellow-red
1756876,73,Loïc Perrin,AS Saint-Étienne,yellow
1756876,29,Alex,Paris Saint-Germain,yellow
1756876,43,Maxwell,Paris Saint-Germain,yellow
1756876,69,Jérémy Ménez,Paris Saint-Germain,yellow
1756885,57,Tiemoué Bakayoko,Stade Rennes,yellow
1756885,68,Jean-Armel Kana-Biyik,Stade Rennes,yellow
1756885,33,Souleymane Diawara,Olympique Marseille,yellow
1756877,35,Junior Tallo,AC Ajaccio,yellow
1756877,83,Alessandro Crescenzi,AC Ajaccio,yellow
1756877,15,David Ducourtioux,Valenciennes FC,yellow
1756877,16,Maor Melikson,Valenciennes FC,yellow
1756878,39,Youssouf Sabaly,Évian Thonon Gaillard,yellow
1756878,41,Cédric Barbosa,Évian Thonon Gaillard,yellow
1756878,24,Uroš Spajić,Toulouse FC,yellow
1756878,63,Issiaga Sylla,Toulouse FC,yellow
1756878,82,Pavle Ninkov,Toulouse FC,yellow
1756880,75,Jordan Ferri,Olympique Lyon,yellow
1756880,34,Younousse Sankharé,EA Guingamp,yellow
1756880,45,Christophe Mandanne,EA Guingamp,yellow
1756880,53,Moustapha Diallo,EA Guingamp,red
1756884,88,Gaëtan Courtet,Stade Reims,yellow
1756884,88,Wahbi Khazri,SC Bastia,yellow
1756886,34,Sanjin Prcić,FC Sochaux,yellow
1756886,44,Joseph Lopy,FC Sochaux,yellow
1756886,73,Petrus Boumal,FC Sochaux,yellow-red
1756886,29,Kurt Zouma,AS Saint-Étienne,red
1756886,75,Romain Hamouma,AS Saint-Étienne,yellow
1756882,38,Nampalys Mendy,OGC Nizza,yellow
1756882,72,Darío Cvitanich,OGC Nizza,yellow
1756882,83,Mathieu Bodmer,OGC Nizza,yellow
1756882,25,Jussiê,Girondins Bordeaux,yellow
1756882,76,Lucas Orbán,Girondins Bordeaux,yellow
1756881,43,Papy Djilobodji,FC Nantes,yellow
1756879,23,Djibril Sidibé,Lille OSC,yellow
1756879,86,Soualiho Meïté,Lille OSC,yellow
1756879,75,João Moutinho,AS Monaco,yellow
1756879,89,Radamel Falcao,AS Monaco,yellow
1756892,82,Ricardo Carvalho,AS Monaco,yellow
1756892,23,Eric Tié Bi,Évian Thonon Gaillard,yellow
1756892,87,Modou Sougou,Évian Thonon Gaillard,yellow
1756893,57,Lucas Véronèse,OGC Nizza,yellow
1756887,31,Gianni Bruno,SC Bastia,yellow
1756887,36,Cheikh MBengue,Stade Rennes,yellow
1756887,80,Tiemoué Bakayoko,Stade Rennes,yellow
1756889,63,Dorian Lévêque,EA Guingamp,yellow
1756889,80,Lionel Mathis,EA Guingamp,yellow-red
1756889,79,Franck Béria,Lille OSC,yellow
1756889,89,Simon Kjær,Lille OSC,yellow
1756889,90,Nolan Roux,Lille OSC,yellow
1756890,73,Maxime Barthelmé,FC Lorient,red
1756890,83,Franck Signorino,Stade Reims,yellow
1756894,33,Uroš Spajić,Toulouse FC,yellow
1756894,40,Jonathan Zebina,Toulouse FC,yellow
1756894,43,Grenddy Perozo,AC Ajaccio,yellow
1756894,52,Paul Lasne,AC Ajaccio,yellow
1756895,27,Maor Melikson,Valenciennes FC,yellow
1756895,53,Saliou Ciss,Valenciennes FC,yellow
1756895,84,Marco da Silva,Valenciennes FC,yellow
1756895,43,Souleymane Camara,Montpellier HSC,yellow
1756895,45,Jamel Saihi,Montpellier HSC,yellow
1756895,57,Victor Montaño,Montpellier HSC,yellow
1756895,74,Mathieu Deplagne,Montpellier HSC,red
1756895,90,Anthony Mounier,Montpellier HSC,yellow
1756888,68,Grégory Sertić,Girondins Bordeaux,yellow
1756888,15,Chaker Alhadhur,FC Nantes,yellow
1756888,76,Jordan Veretout,FC Nantes,yellow
1756891,88,Joseph Lopy,FC Sochaux,yellow
1756896,8,François Clerc,AS Saint-Étienne,yellow
1756896,24,Brandão,AS Saint-Étienne,yellow
1756896,27,Alexandre Lacazette,Olympique Lyon,yellow
1756896,57,Clément Grenier,Olympique Lyon,yellow
1756896,90,Jimmy Briand,Olympique Lyon,yellow
1756897,18,Johan Cavalli,AC Ajaccio,yellow
1756897,49,Jean-Baptiste Pierazzi,AC Ajaccio,yellow
1756897,53,Grenddy Perozo,AC Ajaccio,yellow
1756897,84,Aboubacar Camara,AC Ajaccio,yellow
1756897,18,Florian Thauvin,Olympique Marseille,yellow
1756904,20,Mickaël Tacalfred,Stade Reims,yellow
1756904,43,Mads Albæk,Stade Reims,yellow
1756904,53,Franck Signorino,Stade Reims,yellow
1756904,47,Thiago Motta,Paris Saint-Germain,yellow
1756904,64,Alex,Paris Saint-Germain,yellow
1756898,58,Fabrice Ehret,Évian Thonon Gaillard,red
1756898,68,Cédric Cambon,Évian Thonon Gaillard,yellow
1756898,70,Daniel Wass,Évian Thonon Gaillard,yellow
1756898,86,Aldo Angoula,Évian Thonon Gaillard,yellow
1756898,67,Wesley Lautoa,FC Lorient,yellow
1756898,73,Cheick Doukouré,FC Lorient,yellow
1756900,26,Milan Biševac,Olympique Lyon,yellow
1756900,21,Loris Néry,Valenciennes FC,yellow
1756900,57,Arthur Masuaku,Valenciennes FC,yellow
1756900,69,David Ducourtioux,Valenciennes FC,yellow
1756901,60,Benjamin Stambouli,Montpellier HSC,yellow
1756901,74,Souleymane Camara,Montpellier HSC,yellow
1756901,44,Fatih Atik,EA Guingamp,yellow
1756901,80,Christophe Mandanne,EA Guingamp,yellow
1756905,90,Henrique,Girondins Bordeaux,yellow
1756906,38,Yannick Cahuzac,SC Bastia,yellow
1756906,40,Gianni Bruno,SC Bastia,yellow
1756906,90,Wahbi Khazri,SC Bastia,yellow
1756899,34,Rio Mavuba,Lille OSC,yellow
1756899,31,Steeve Yago,Toulouse FC,yellow
1756899,47,Óscar Trejo,Toulouse FC,yellow
1756899,56,Óscar Trejo,Toulouse FC,yellow-red
1756899,58,Clément Chantôme,Toulouse FC,yellow
1756899,75,Serge Aurier,Toulouse FC,yellow
1756903,52,Grégoire Puel,OGC Nizza,yellow
1756903,50,Fabien Lemoine,AS Saint-Étienne,yellow
1756902,45,Gabriel Cichero,FC Nantes,yellow
1756902,78,Lucas Deaux,FC Nantes,yellow
1756902,90,Oswaldo Vizcarrondo,FC Nantes,yellow
1756902,39,Jérémy Toulalan,AS Monaco,yellow
1756902,87,Éric Abidal,AS Monaco,yellow
1756902,90,Danijel Subašić,AS Monaco,yellow
1756911,73,Benoît Cheyrou,Olympique Marseille,yellow
1756911,90,Alaixys Romao,Olympique Marseille,yellow
1756913,58,Fabien Lemoine,AS Saint-Étienne,yellow
1756913,26,Grzegorz Krychowiak,Stade Reims,yellow
1756913,89,Floyd Ayité,Stade Reims,yellow
1756912,65,Ricardo Carvalho,AS Monaco,yellow
1756909,43,Christophe Kerbrat,EA Guingamp,yellow
1756909,88,Guy Ndy Assembe,EA Guingamp,yellow
1756909,4,Papy Djilobodji,FC Nantes,yellow
1756909,60,Fernando Aristeguieta,FC Nantes,yellow
1756909,66,Birama Touré,FC Nantes,yellow
1756909,66,Oswaldo Vizcarrondo,FC Nantes,yellow
1756914,29,Wissam Ben Yedder,Toulouse FC,yellow
1756914,49,Issiaga Sylla,Toulouse FC,yellow
1756914,46,Lionel Zouma,FC Sochaux,yellow
1756914,68,Petrus Boumal,FC Sochaux,yellow
1756915,41,Arthur Masuaku,Valenciennes FC,yellow
1756915,80,Maor Melikson,Valenciennes FC,yellow
1756915,52,Franck Béria,Lille OSC,yellow-red
1756908,15,Ludovic Obraniak,Girondins Bordeaux,yellow
1756908,39,Lucas Orbán,Girondins Bordeaux,yellow
1756908,20,Chahir Belghazouani,AC Ajaccio,yellow
1756908,39,Paul Lasne,AC Ajaccio,yellow
1756908,42,Cédric Hengbart,AC Ajaccio,yellow
1756908,89,Johan Cavalli,AC Ajaccio,yellow
1756907,16,Sébastien Squillaci,SC Bastia,yellow
1756907,40,Aldo Angoula,Évian Thonon Gaillard,yellow
1756907,65,Olivier Sorlin,Évian Thonon Gaillard,yellow
1756916,20,Javier Pastore,Paris Saint-Germain,yellow
1756916,39,Zlatan Ibrahimović,Paris Saint-Germain,yellow
1756916,41,Rémy Vercoutre,Olympique Lyon,yellow
1756916,53,Miguel Lopes,Olympique Lyon,yellow
1756916,71,Henri Bédimo,Olympique Lyon,yellow
1756916,82,Samuel Umtiti,Olympique Lyon,yellow
1756923,34,Bănel Nicoliţă,FC Nantes,yellow
1756924,45,Kévin Gomis,OGC Nizza,yellow
1756917,7,Claude Gonçalves,AC Ajaccio,yellow
1756917,37,Claude Dielna,AC Ajaccio,yellow
1756917,62,Joshua Nadeau,AC Ajaccio,red
1756917,80,Julien Palmieri,SC Bastia,yellow
1756919,85,Jonathan Martins,EA Guingamp,yellow
1756919,90,Claudio Beauvue,EA Guingamp,red
1756919,54,Lucas Orbán,Girondins Bordeaux,yellow-red
1756919,90,Hadi Sacko,Girondins Bordeaux,yellow
1756922,53,Joris Marveaux,Montpellier HSC,yellow
1756922,60,Anthony Mounier,Montpellier HSC,yellow
1756922,89,Hilton,Montpellier HSC,red
1756922,90,Abdelhamid El-Kaoutari,Montpellier HSC,red
1756922,89,Fabien Robert,FC Lorient,yellow
1756925,38,Jean Makoun,Stade Rennes,yellow
1756925,70,François Clerc,AS Saint-Étienne,yellow
1756925,73,Ismaël Diomandé,AS Saint-Étienne,yellow
1756926,59,Mohamed Fofana,Stade Reims,yellow
1756918,24,Djakaridja Koné,Évian Thonon Gaillard,yellow
1756921,49,Miguel Lopes,Olympique Lyon,yellow
1756921,90,Milan Biševac,Olympique Lyon,yellow
1756921,65,Jonathan Zebina,Toulouse FC,yellow
1756921,86,Uroš Spajić,Toulouse FC,yellow
1756930,61,Dimitri Payet,Olympique Marseille,yellow
1756930,88,Benjamin Mendy,Olympique Marseille,yellow
1756930,55,Filip Đorđević,FC Nantes,yellow
1756932,55,Alex,Paris Saint-Germain,yellow
1756932,83,Edinson Cavani,Paris Saint-Germain,yellow
1756932,84,Zlatan Ibrahimović,Paris Saint-Germain,yellow
1756932,12,Cédric Kanté,FC Sochaux,yellow
1756932,50,Carlão,FC Sochaux,yellow
1756932,86,Mathieu Peybernes,FC Sochaux,yellow
1756929,17,Sadio Diallo,FC Lorient,yellow
1756929,67,Cheick Doukouré,FC Lorient,yellow
1756929,6,Sylvain Armand,Stade Rennes,red
1756933,30,Gaëtan Charbonnier,Stade Reims,yellow
1756933,27,Grégoire Puel,OGC Nizza,yellow
1756933,41,Timothée Kolodziejczak,OGC Nizza,yellow
1756936,87,Kama Massampu,Valenciennes FC,yellow
1756936,63,Christophe Kerbrat,EA Guingamp,yellow
1756936,67,Reynald Lemaître,EA Guingamp,yellow
1756928,57,Maxime Poundje,Girondins Bordeaux,red
1756928,54,Nolan Roux,Lille OSC,yellow
1756927,55,Adama Bâ,SC Bastia,yellow
1756927,72,Julien Palmieri,SC Bastia,yellow
1756927,80,Gianni Bruno,SC Bastia,yellow
1756927,88,Yannick Cahuzac,SC Bastia,yellow-red
1756927,32,Maxime Gonalons,Olympique Lyon,yellow
1756935,35,Serge Aurier,Toulouse FC,yellow
1756935,68,Jonathan Zebina,Toulouse FC,yellow-red
1756935,84,Jean-Daniel Akpa-Akpro,Toulouse FC,yellow
1756935,87,Aymen Abdennour,Toulouse FC,yellow
1756935,50,Daniel Congré,Montpellier HSC,red
1756935,67,Joris Marveaux,Montpellier HSC,yellow
1756931,81,Valère Germain,AS Monaco,yellow
1756931,62,Jean-Baptiste Pierazzi,AC Ajaccio,yellow-red
1756934,15,Cédric Mongongu,Évian Thonon Gaillard,yellow
1756934,66,Modou Sougou,Évian Thonon Gaillard,yellow
1756934,86,Youssouf Sabaly,Évian Thonon Gaillard,yellow
1756942,32,Teddy Mézague,Montpellier HSC,yellow
1756942,52,Jamel Saihi,Montpellier HSC,yellow
1756942,8,François Clerc,AS Saint-Étienne,yellow
1756942,66,Moustapha Sall,AS Saint-Étienne,yellow
1756942,88,Romain Hamouma,AS Saint-Étienne,yellow
1756945,80,Anders Konradsen,Stade Rennes,yellow
1756945,74,Marco Verratti,Paris Saint-Germain,yellow
1756937,53,Denis Tonucci,AC Ajaccio,yellow
1756937,37,Wesley Lautoa,FC Lorient,yellow
1756937,57,Sadio Diallo,FC Lorient,yellow
1756939,43,Mads Albæk,Stade Reims,yellow
1756940,23,Jonathan Martins,EA Guingamp,yellow-red
1756940,84,Younousse Sankharé,EA Guingamp,yellow
1756940,78,Danijel Subašić,AS Monaco,yellow
1756940,87,Lucas Ocampos,AS Monaco,yellow
1756943,75,Papy Djilobodji,FC Nantes,yellow
1756943,88,Birama Touré,FC Nantes,yellow
1756943,90,Jean-Daniel Akpa-Akpro,Toulouse FC,yellow
1756943,90,Martin Braithwaite,Toulouse FC,yellow
1756944,85,Christian Brüls,OGC Nizza,yellow
1756944,7,Julien Faussurier,FC Sochaux,yellow
1756944,34,Sanjin Prcić,FC Sochaux,yellow
1756944,89,Sébastien Corchia,FC Sochaux,yellow
1756938,66,Henrique,Girondins Bordeaux,yellow
1756938,27,Jean-Christophe Bahebeck,Valenciennes FC,yellow
1756938,66,Nicolas Penneteau,Valenciennes FC,yellow
1756941,27,Marko Baša,Lille OSC,yellow
1756941,52,Marvin Martin,Lille OSC,yellow
1756941,87,Simon Kjær,Lille OSC,yellow
1756941,41,Ludovic Genest,SC Bastia,yellow
1756946,31,Alexandre Lacazette,Olympique Lyon,yellow
1756946,85,Clément Grenier,Olympique Lyon,yellow
1756946,24,Rod Fanni,Olympique Marseille,yellow
1756946,61,Benoît Cheyrou,Olympique Marseille,yellow
1756946,88,Kassim Abdallah,Olympique Marseille,yellow
1756950,72,Éric Abidal,AS Monaco,yellow
1756950,15,Arthur Masuaku,Valenciennes FC,yellow
1756950,52,Saliou Ciss,Valenciennes FC,yellow
1756950,68,Rudy Mater,Valenciennes FC,yellow
1756950,81,Gary Kagelmacher,Valenciennes FC,yellow
1756950,86,José Saez,Valenciennes FC,yellow
1756954,84,Fabien Lemoine,AS Saint-Étienne,yellow
1756954,6,Serge Gakpé,FC Nantes,yellow
1756954,70,Oswaldo Vizcarrondo,FC Nantes,yellow
1756947,53,Claudiu Keșerü,SC Bastia,yellow
1756947,69,Drissa Diakité,SC Bastia,yellow
1756947,90,Mathieu Deplagne,Montpellier HSC,yellow
1756951,42,Mathieu Bodmer,OGC Nizza,yellow
1756951,49,Darío Cvitanich,OGC Nizza,yellow
1756951,76,Éric Bauthéac,OGC Nizza,yellow
1756951,62,Kévin Bérigaud,Évian Thonon Gaillard,yellow
1756951,66,Modou Sougou,Évian Thonon Gaillard,yellow
1756953,49,Grzegorz Krychowiak,Stade Reims,yellow
1756953,19,Alessandro Crescenzi,AC Ajaccio,yellow
1756953,58,Sigamary Diarra,AC Ajaccio,yellow
1756955,34,Sébastien Corchia,FC Sochaux,yellow
1756955,29,Romain Alessandrini,Stade Rennes,yellow
1756955,82,Jonathan Pitroipa,Stade Rennes,yellow
1756956,34,Jonathan Zebina,Toulouse FC,yellow
1756956,25,Younousse Sankharé,EA Guingamp,yellow
1756956,76,Christophe Mandanne,EA Guingamp,yellow
1756949,55,Souleymane Diawara,Olympique Marseille,yellow
1756949,61,Saber Khalifa,Olympique Marseille,yellow
1756949,40,Lamine Sané,Girondins Bordeaux,yellow
1756952,40,Zlatan Ibrahimović,Paris Saint-Germain,yellow
1756952,50,Lucas Digne,Paris Saint-Germain,yellow
1756952,63,Blaise Matuidi,Paris Saint-Germain,yellow
1756952,66,Thiago Motta,Paris Saint-Germain,yellow
1756952,40,Rio Mavuba,Lille OSC,yellow
1756952,60,Florent Balmont,Lille OSC,yellow
1756952,66,Nolan Roux,Lille OSC,yellow
1756952,75,Idrissa Gueye,Lille OSC,yellow
1756963,38,Anthony Mounier,Montpellier HSC,yellow
1756963,31,Radamel Falcao,AS Monaco,yellow
1756963,47,Mounir Obbadi,AS Monaco,yellow
1756963,67,Éric Abidal,AS Monaco,yellow
1756963,89,Jérémy Toulalan,AS Monaco,yellow
1756957,17,Ricardo Faty,AC Ajaccio,yellow
1756957,34,Claude Dielna,AC Ajaccio,yellow
1756957,45,Gregory van der Wiel,Paris Saint-Germain,yellow
1756957,68,Zlatan Ibrahimović,Paris Saint-Germain,yellow
1756958,34,Maxime Poundje,Girondins Bordeaux,red
1756958,44,Mariano,Girondins Bordeaux,yellow
1756958,55,Ludovic Obraniak,Girondins Bordeaux,yellow
1756958,24,Uroš Spajić,Toulouse FC,red
1756958,63,Étienne Didot,Toulouse FC,yellow
1756960,75,Jérémy Clément,AS Saint-Étienne,yellow
1756962,82,Clément Grenier,Olympique Lyon,yellow
1756962,75,Razak Boukari,FC Sochaux,yellow
1756962,77,Stoppila Sunzu,FC Sochaux,yellow
1756965,54,Jean-Armel Kana-Biyik,Stade Rennes,yellow
1756965,61,Nélson Oliveira,Stade Rennes,yellow
1756965,84,Grégoire Puel,OGC Nizza,yellow
1756961,90,Simon Kjær,Lille OSC,yellow
1756961,89,Nicolas de Préville,Stade Reims,yellow
1756974,53,Moustapha Sall,AS Saint-Étienne,yellow
1756974,62,Florent Balmont,Lille OSC,red
1756974,89,Pape Souaré,Lille OSC,yellow
1756967,28,Drissa Diakité,SC Bastia,yellow
1756967,79,Yannick Cahuzac,SC Bastia,yellow
1756967,79,Julien Faubert,Girondins Bordeaux,yellow
1756968,25,Alain Traoré,FC Lorient,yellow
1756968,63,Grégory Bourillon,FC Lorient,yellow
1756968,87,Wesley Lautoa,FC Lorient,yellow
1756970,65,Grégoire Puel,OGC Nizza,yellow
1756970,77,Fabrice Abriel,OGC Nizza,yellow
1756970,87,Darío Cvitanich,OGC Nizza,yellow
1756970,61,Ricardo Faty,AC Ajaccio,yellow
1756970,65,Johan Cavalli,AC Ajaccio,yellow
1756970,81,Dennis Oliech,AC Ajaccio,yellow
1756973,38,Tiemoué Bakayoko,Stade Rennes,yellow
1756973,56,Modou Sougou,Évian Thonon Gaillard,yellow
1756973,90,Aldo Angoula,Évian Thonon Gaillard,yellow
1756975,24,Nathan Sinkala,FC Sochaux,yellow
1756975,34,Nathan Sinkala,FC Sochaux,red
1756972,31,Franck Signorino,Stade Reims,yellow
1756972,90,Nicolas de Préville,Stade Reims,yellow
1756972,9,Alexandre Lacazette,Olympique Lyon,yellow
1756976,58,Étienne Didot,Toulouse FC,yellow
1756976,44,Éric Abidal,AS Monaco,yellow
1756976,50,Jérémy Toulalan,AS Monaco,yellow
1756971,38,Marco Verratti,Paris Saint-Germain,yellow
1756969,81,Saliou Ciss,Valenciennes FC,yellow
1756969,90,David Ducourtioux,Valenciennes FC,yellow
1756980,67,Djibril Sidibé,Lille OSC,yellow
1756979,48,Moustapha Diallo,EA Guingamp,yellow
1756979,40,Marco Verratti,Paris Saint-Germain,yellow
1756977,39,Marco Ilaimaharitra,FC Sochaux,yellow
1756983,51,Joris Marveaux,Montpellier HSC,yellow
1756983,83,Alexy Bosetti,OGC Nizza,yellow
1756984,90,Ismaël Bangoura,FC Nantes,yellow
1756984,90,Olivier Veigneau,FC Nantes,yellow
1756984,32,Mickaël Tacalfred,Stade Reims,yellow
1756984,79,Nicolas de Préville,Stade Reims,yellow
1756984,90,Gaëtan Charbonnier,Stade Reims,yellow
1756986,61,Eloge Enza Yamissi,Valenciennes FC,yellow
1756986,90,Yann Jouffre,FC Lorient,yellow
1756981,40,Jonathan Mensah,Évian Thonon Gaillard,yellow-red
1756978,67,Renaud Cohade,AS Saint-Étienne,yellow
1756978,79,François Clerc,AS Saint-Étienne,yellow
1756978,82,Benjamin Corgnet,AS Saint-Étienne,yellow
1756978,90,Jonathan Brison,AS Saint-Étienne,yellow
1756982,67,Éric Abidal,AS Monaco,yellow
1756982,58,Mario Lemina,Olympique Marseille,yellow
1756982,73,André-Pierre Gignac,Olympique Marseille,yellow
1756985,13,Dany Maury,Toulouse FC,yellow
1756985,41,Steeve Yago,Toulouse FC,yellow
1756985,74,Clément Chantôme,Toulouse FC,yellow-red
1756985,26,Sambou Yatabaré,SC Bastia,yellow
1756985,51,François Modesto,SC Bastia,yellow
1756985,85,Wahbi Khazri,SC Bastia,yellow
1756989,26,Alain Traoré,FC Lorient,yellow
1756989,76,Grégory Bourillon,FC Lorient,yellow
1756989,29,Fabinho,AS Monaco,yellow
1756987,62,Sambou Yatabaré,SC Bastia,yellow
1756987,90,Wahbi Khazri,SC Bastia,yellow
1756987,71,Mustapha Yatabaré,EA Guingamp,yellow
1756987,88,Younousse Sankharé,EA Guingamp,yellow
1756988,45,Olivier Sorlin,Évian Thonon Gaillard,yellow
1756988,90,Cédric Barbosa,Évian Thonon Gaillard,yellow
1756988,18,Mehdi Mostefa,AC Ajaccio,yellow
1756993,8,Grzegorz Krychowiak,Stade Reims,yellow
1756993,25,Antoine Devaux,Stade Reims,yellow
1756993,90,Atila Turan,Stade Reims,yellow
1756993,52,Mathieu Deplagne,Montpellier HSC,yellow
1756993,74,Hilton,Montpellier HSC,yellow
1756995,40,Romain Hamouma,AS Saint-Étienne,yellow
1756995,8,David Ducourtioux,Valenciennes FC,yellow
1756995,25,Eloge Enza Yamissi,Valenciennes FC,yellow
1756995,54,Marco da Silva,Valenciennes FC,yellow
1756996,66,Olivier Veigneau,FC Nantes,yellow
1756991,63,Nemanja Pejčinović,OGC Nizza,yellow
1756991,90,Simon Kjær,Lille OSC,yellow
1756994,42,Samuel Umtiti,Olympique Lyon,red
1756994,45,Milan Biševac,Olympique Lyon,yellow
1756990,76,Rod Fanni,Olympique Marseille,yellow
1756990,60,Étienne Didot,Toulouse FC,yellow
1756990,72,Jean-Daniel Akpa-Akpro,Toulouse FC,yellow
1756990,82,Serge Aurier,Toulouse FC,yellow
1757005,5,Steeve Yago,Toulouse FC,yellow
1757005,34,Abel Aguilar,Toulouse FC,yellow
1757005,73,Óscar Trejo,Toulouse FC,yellow
1757005,79,Uroš Spajić,Toulouse FC,yellow
1757005,59,Renaud Cohade,AS Saint-Étienne,yellow
1757005,81,Benoît Trémoulinas,AS Saint-Étienne,yellow
1757001,17,Alaixys Romao,Olympique Marseille,yellow
1757001,17,Romaric,SC Bastia,yellow
1757001,35,Yannick Cahuzac,SC Bastia,yellow
1756997,52,Sigamary Diarra,AC Ajaccio,yellow
1756997,7,Abdoulaye Doucouré,Stade Rennes,yellow
1756999,84,Moustapha Diallo,EA Guingamp,yellow
1756999,53,Nicolas de Préville,Stade Reims,yellow
1756999,75,Antoine Devaux,Stade Reims,yellow
1757000,34,Jordan Ayew,FC Sochaux,yellow
1757000,45,Sébastien Roudet,FC Sochaux,yellow
1757003,68,Siaka Tiéné,Montpellier HSC,yellow-red
1757003,58,Olivier Sorlin,Évian Thonon Gaillard,yellow
1757003,84,Nicolas Benezet,Évian Thonon Gaillard,yellow
1757006,37,Rudy Mater,Valenciennes FC,yellow
1757006,88,Waris Majeed,Valenciennes FC,yellow
1757006,48,Nampalys Mendy,OGC Nizza,yellow
1757006,57,Romain Genevois,OGC Nizza,yellow
1757006,68,Christian Brüls,OGC Nizza,yellow
1757004,75,Rémy Riou,FC Nantes,yellow
1757004,86,Filip Đorđević,FC Nantes,yellow
1757004,87,Filip Đorđević,FC Nantes,red
1757004,90,Johan Audel,FC Nantes,yellow
1757004,68,Clément Grenier,Olympique Lyon,yellow
1757002,36,Ricardo Carvalho,AS Monaco,yellow
1757002,39,James Rodríguez,AS Monaco,yellow
1757002,40,Marco Verratti,Paris Saint-Germain,yellow
1757012,67,Thiago Silva,Paris Saint-Germain,yellow
1757007,44,Sébastien Squillaci,SC Bastia,yellow
1757007,62,Sambou Yatabaré,SC Bastia,yellow
1757007,85,Gianni Bruno,SC Bastia,yellow
1757007,57,Emmanuel Rivière,AS Monaco,yellow
1757009,24,Alain Traoré,FC Lorient,red
1757009,65,Grégory Bourillon,FC Lorient,yellow
1757009,82,Lamine Gassama,FC Lorient,yellow
1757009,28,Abel Aguilar,Toulouse FC,yellow
1757009,70,Eden Ben Basat,Toulouse FC,yellow
1757011,63,Alexy Bosetti,OGC Nizza,yellow
1757011,14,Johan Audel,FC Nantes,yellow
1757011,40,Alejandro Bedoya,FC Nantes,yellow
1757011,42,Issa Cissokho,FC Nantes,yellow
1757011,90,Oswaldo Vizcarrondo,FC Nantes,yellow
1757013,12,Lamine Sané,Girondins Bordeaux,yellow
1757014,21,Foued Kadir,Stade Rennes,yellow
1757014,61,Romain Danzé,Stade Rennes,yellow
1757014,75,Hilton,Montpellier HSC,yellow
1757016,57,Sébastien Roudet,FC Sochaux,yellow
1757016,76,Cédric Bakambu,FC Sochaux,yellow
1757016,90,Roy Contout,FC Sochaux,yellow
1757016,41,Lionel Mathis,EA Guingamp,yellow
1757016,90,Fatih Atik,EA Guingamp,yellow
1757010,73,Jordan Ferri,Olympique Lyon,yellow
1757010,30,Grenddy Perozo,AC Ajaccio,yellow
1757010,79,Denis Tonucci,AC Ajaccio,yellow
1757008,27,Djakaridja Koné,Évian Thonon Gaillard,yellow
1757008,80,Marco Rubén,Évian Thonon Gaillard,yellow
1757008,89,Aldo Angoula,Évian Thonon Gaillard,yellow
1757008,19,Pape Souaré,Lille OSC,yellow
1757015,83,Fabien Lemoine,AS Saint-Étienne,yellow
1757015,12,Souleymane Diawara,Olympique Marseille,yellow
1757015,53,Lucas Mendes,Olympique Marseille,yellow
1757015,67,Jérémy Morel,Olympique Marseille,yellow
1757015,86,Steve Mandanda,Olympique Marseille,yellow
1757022,90,Ricardo Carvalho,AS Monaco,yellow
1757022,90,Jérémy Toulalan,AS Monaco,yellow
1757022,90,Layvin Kurzawa,AS Monaco,yellow
1757022,70,Mads Albæk,Stade Reims,yellow
1757022,84,Aïssa Mandi,Stade Reims,red
1757021,76,Benjamin Mendy,Olympique Marseille,yellow
1757021,90,André-Pierre Gignac,Olympique Marseille,yellow
1757021,84,Raphaël Guerreiro,FC Lorient,yellow
1757017,45,Ryad Boudebouz,SC Bastia,yellow
1757017,79,Drissa Diakité,SC Bastia,yellow
1757017,41,Loïc Perrin,AS Saint-Étienne,yellow
1757018,59,Théo Pellenard,Girondins Bordeaux,yellow
1757018,53,Aldo Angoula,Évian Thonon Gaillard,yellow
1757018,77,Djakaridja Koné,Évian Thonon Gaillard,yellow
1757019,36,Mustapha Yatabaré,EA Guingamp,yellow
1757019,52,Mana Dembélé,EA Guingamp,yellow
1757019,64,Christophe Kerbrat,EA Guingamp,yellow
1757019,41,Grégoire Puel,OGC Nizza,yellow
1757019,47,Mathieu Bodmer,OGC Nizza,yellow
1757019,66,Darío Cvitanich,OGC Nizza,yellow
1757019,90,Jordan Amavi,OGC Nizza,yellow
1757019,90,David Ospina,OGC Nizza,red
1757023,76,Mathieu Deplagne,Montpellier HSC,yellow
1757023,82,Denis Tonucci,AC Ajaccio,yellow
1757026,76,David Ducourtioux,Valenciennes FC,yellow
1757026,78,Eloge Enza Yamissi,Valenciennes FC,yellow
1757026,45,Mickaël Malsa,FC Sochaux,yellow
1757026,50,Lionel Zouma,FC Sochaux,yellow
1757026,90,Cédric Bakambu,FC Sochaux,yellow
1757025,31,Uroš Spajić,Toulouse FC,yellow
1757025,34,Serge Aurier,Toulouse FC,yellow
1757025,45,Wissam Ben Yedder,Toulouse FC,yellow
1757025,25,Thiago Motta,Paris Saint-Germain,yellow
1757024,14,Lucas Deaux,FC Nantes,yellow
1757024,40,Jean Makoun,Stade Rennes,yellow
1757020,29,Nolan Roux,Lille OSC,yellow
1757020,37,Djibril Sidibé,Lille OSC,yellow
1757020,89,Florent Balmont,Lille OSC,yellow
1757020,38,Bafétimbi Gomis,Olympique Lyon,yellow
1757035,23,François Clerc,AS Saint-Étienne,yellow
1757035,68,Benoît Trémoulinas,AS Saint-Étienne,yellow
1757035,88,Jérémy Toulalan,AS Monaco,yellow
1757031,54,Lloyd Palun,OGC Nizza,red
1757031,62,Darío Cvitanich,OGC Nizza,yellow
1757031,31,Uroš Spajić,Toulouse FC,yellow
1757031,33,Jonathan Zebina,Toulouse FC,yellow
1757033,56,Mickaël Tacalfred,Stade Reims,yellow
1757033,78,Waris Majeed,Valenciennes FC,yellow
1757034,75,Emerson,Stade Rennes,yellow
1757034,88,Anders Konradsen,Stade Rennes,yellow
1757034,90,Benoît Costil,Stade Rennes,yellow
1757034,87,Jonathan Martins,EA Guingamp,yellow
1757036,84,Sébastien Roudet,FC Sochaux,yellow
1757036,27,Henrique,Girondins Bordeaux,yellow
1757036,79,Nicolas Maurice-Belay,Girondins Bordeaux,yellow
1757027,23,Johan Cavalli,AC Ajaccio,yellow
1757027,71,Junior Tallo,AC Ajaccio,yellow
1757027,73,Cédric Hengbart,AC Ajaccio,yellow
1757027,45,Idrissa Gueye,Lille OSC,yellow
1757027,66,Divock Origi,Lille OSC,yellow
1757027,82,Adama Soumaoro,Lille OSC,red
1757030,18,Corentin Tolisso,Olympique Lyon,yellow
1757030,14,MBaye Niang,Montpellier HSC,yellow
1757030,63,Daniel Congré,Montpellier HSC,yellow
1757030,74,Benjamin Stambouli,Montpellier HSC,yellow
1757032,40,Thiago Motta,Paris Saint-Germain,yellow
1757032,43,Blaise Matuidi,Paris Saint-Germain,yellow
1757032,49,Lucas,Paris Saint-Germain,yellow
1757032,30,Dimitri Payet,Olympique Marseille,yellow
1757032,66,Lucas Mendes,Olympique Marseille,yellow
1757032,75,Rod Fanni,Olympique Marseille,yellow
1757042,23,Florian Thauvin,Olympique Marseille,yellow
1757042,71,Saber Khalifa,Olympique Marseille,yellow
1757042,29,Jordan Amavi,OGC Nizza,yellow
1757037,16,Yannick Cahuzac,SC Bastia,yellow
1757037,70,Féthi Harek,SC Bastia,yellow
1757037,26,Alex,Paris Saint-Germain,yellow
1757037,47,Zlatan Ibrahimović,Paris Saint-Germain,yellow
1757037,63,Lucas,Paris Saint-Germain,yellow
1757039,67,Mustapha Yatabaré,EA Guingamp,yellow
1757039,68,Claudio Beauvue,EA Guingamp,yellow
1757039,90,Younousse Sankharé,EA Guingamp,yellow
1757039,56,Marco Rubén,Évian Thonon Gaillard,yellow
1757039,57,Ilan Boccara,Évian Thonon Gaillard,yellow
1757039,80,Youssouf Sabaly,Évian Thonon Gaillard,yellow
1757039,90,Clarck NSikulu,Évian Thonon Gaillard,yellow
1757043,90,Layvin Kurzawa,AS Monaco,yellow
1757043,19,Carlão,FC Sochaux,yellow
1757043,54,Julien Faussurier,FC Sochaux,yellow
1757043,85,Jordan Ayew,FC Sochaux,red
1757044,44,Ricardo Faty,AC Ajaccio,yellow
1757044,62,Claude Gonçalves,AC Ajaccio,yellow
1757044,78,Joshua Nadeau,AC Ajaccio,yellow
1757045,35,Issiaga Sylla,Toulouse FC,yellow
1757045,67,Étienne Didot,Toulouse FC,yellow
1757045,36,Nicolas de Préville,Stade Reims,yellow
1757046,58,Loris Néry,Valenciennes FC,yellow
1757046,90,Rudy Mater,Valenciennes FC,yellow
1757046,50,Romain Danzé,Stade Rennes,yellow
1757046,62,Cheikh MBengue,Stade Rennes,yellow
1757046,75,Jean-Armel Kana-Biyik,Stade Rennes,red
1757046,85,Ola Toivonen,Stade Rennes,yellow
1757046,90,Kamil Grosicki,Stade Rennes,yellow
1757040,24,Idrissa Gueye,Lille OSC,yellow
1757040,26,Jonathan Delaplace,Lille OSC,yellow
1757040,48,Joris Marveaux,Montpellier HSC,yellow
1757041,51,Lamine Gassama,FC Lorient,yellow
1757041,64,Vincent Aboubakar,FC Lorient,yellow
1757041,32,Franck Tabanou,AS Saint-Étienne,yellow
1757041,51,Romain Hamouma,AS Saint-Étienne,yellow
1757041,90,Josuha Guilavogui,AS Saint-Étienne,yellow
1757038,12,Lucas Orbán,Girondins Bordeaux,yellow
1757038,86,Marc Planus,Girondins Bordeaux,yellow
1757038,27,Bafétimbi Gomis,Olympique Lyon,yellow
1757038,90,Corentin Tolisso,Olympique Lyon,yellow
1757054,90,Grzegorz Krychowiak,Stade Reims,yellow
1757054,71,André Ayew,Olympique Marseille,yellow
1757049,30,Birama Touré,FC Nantes,yellow
1757049,60,Bănel Nicoliţă,FC Nantes,yellow
1757049,90,Serge Gakpé,FC Nantes,yellow
1757047,20,Sigamary Diarra,AC Ajaccio,yellow
1757047,46,Benjamin André,AC Ajaccio,yellow
1757047,43,Christophe Kerbrat,EA Guingamp,yellow
1757047,90,Moustapha Diallo,EA Guingamp,yellow
1757048,65,Cédric Barbosa,Évian Thonon Gaillard,yellow
1757048,88,Marco Rubén,Évian Thonon Gaillard,yellow
1757052,29,Neal Maupay,OGC Nizza,yellow
1757052,26,Drissa Diakité,SC Bastia,yellow
1757052,29,François Modesto,SC Bastia,yellow
1757052,40,Yannick Cahuzac,SC Bastia,yellow-red
1757055,88,Nélson Oliveira,Stade Rennes,yellow
1757055,45,Abel Aguilar,Toulouse FC,yellow
1757056,60,Florian Marange,FC Sochaux,yellow
1757056,82,Nathan Sinkala,FC Sochaux,yellow
1757056,12,Bruno Écuélé,FC Lorient,yellow
1757051,39,Joris Marveaux,Montpellier HSC,yellow
1757051,65,Hilton,Montpellier HSC,yellow
1757051,33,Henrique,Girondins Bordeaux,yellow
1757051,61,Jussiê,Girondins Bordeaux,yellow
1757051,73,André Biyogo Poko,Girondins Bordeaux,yellow
1757050,31,Alexandre Lacazette,Olympique Lyon,yellow
1757050,57,Nicolas Isimat-Mirin,AS Monaco,yellow
1757050,72,Geoffrey Kondogbia,AS Monaco,yellow
1757050,90,Ricardo Carvalho,AS Monaco,yellow
1757050,90,Emmanuel Rivière,AS Monaco,yellow
1757053,58,Yohan Cabaye,Paris Saint-Germain,yellow
1757053,23,Brandão,AS Saint-Étienne,yellow
1757053,85,Loïc Perrin,AS Saint-Étienne,yellow
1757053,90,Yohan Mollo,AS Saint-Étienne,yellow
1757060,60,Marco Verratti,Paris Saint-Germain,yellow
1757061,84,Jérémy Morel,Olympique Marseille,yellow
1757057,49,Julien Sablé,SC Bastia,yellow
1757057,76,Sambou Yatabaré,SC Bastia,red
1757057,68,Antoine Devaux,Stade Reims,yellow
1757057,83,Gaëtan Charbonnier,Stade Reims,yellow
1757058,14,Mariano,Girondins Bordeaux,yellow
1757058,51,Henrique,Girondins Bordeaux,yellow
1757058,86,Abdou Traoré,Girondins Bordeaux,yellow-red
1757063,68,Itay Shechter,FC Nantes,yellow
1757063,86,Bănel Nicoliţă,FC Nantes,yellow
1757063,90,Rémi Gomis,FC Nantes,yellow
1757063,45,Joris Marveaux,Montpellier HSC,red
1757063,83,Daniel Congré,Montpellier HSC,red
1757063,84,Rémy Cabella,Montpellier HSC,yellow
1757063,85,Geoffrey Jourdren,Montpellier HSC,yellow
1757065,90,Dušan Veškovac,Toulouse FC,yellow
1757066,41,Mickaël Leca,AC Ajaccio,yellow
1757066,43,Aboubacar Camara,AC Ajaccio,yellow
1757066,71,Joshua Nadeau,AC Ajaccio,yellow
1757064,72,Yohan Mollo,AS Saint-Étienne,yellow
1757064,81,Cédric Bakambu,FC Sochaux,yellow-red
1757059,53,Jonathan Martins,EA Guingamp,yellow
1757059,76,Moustapha Diallo,EA Guingamp,yellow
1757059,13,Jordan Ferri,Olympique Lyon,yellow
1757059,50,Maxime Gonalons,Olympique Lyon,yellow
1757059,51,Rémy Vercoutre,Olympique Lyon,yellow
1757062,16,Elderson Echiéjilé,AS Monaco,yellow
1757062,34,Simon Kjær,Lille OSC,yellow
1757062,68,Florent Balmont,Lille OSC,yellow
1757073,74,Mathieu Bodmer,OGC Nizza,yellow
1757073,12,Christophe Jallet,Paris Saint-Germain,yellow
1757073,68,Marquinhos,Paris Saint-Germain,yellow
1757076,54,Nathan Sinkala,FC Sochaux,yellow
1757076,62,Carlão,FC Sochaux,yellow
1757076,28,Mario Lemina,Olympique Marseille,yellow
1757076,41,Mathieu Valbuena,Olympique Marseille,yellow
1757076,45,Dimitri Payet,Olympique Marseille,yellow
1757067,31,Mehdi Mostefa,AC Ajaccio,yellow
1757067,66,Ricardo Faty,AC Ajaccio,yellow
1757067,28,Uroš Spajić,Toulouse FC,yellow
1757067,82,Dominik Furman,Toulouse FC,yellow
1757067,87,Jonathan Zebina,Toulouse FC,yellow
1757068,24,Facundo Bertoglio,Évian Thonon Gaillard,yellow
1757068,36,Geoffrey Kondogbia,AS Monaco,yellow
1757068,51,Andrea Raggi,AS Monaco,yellow
1757068,82,Mounir Obbadi,AS Monaco,yellow
1757068,83,Ricardo Carvalho,AS Monaco,yellow
1757068,88,Aymen Abdennour,AS Monaco,yellow
1757071,45,Benjamin Stambouli,Montpellier HSC,yellow
1757071,27,Saliou Ciss,Valenciennes FC,yellow
1757071,71,Tongo Doumbia,Valenciennes FC,yellow
1757071,85,Novaes,Valenciennes FC,yellow
1757072,37,Bănel Nicoliţă,FC Nantes,yellow
1757072,82,Grégory Sertić,Girondins Bordeaux,yellow
1757074,45,Kossi Agassa,Stade Reims,yellow
1757074,87,Grzegorz Krychowiak,Stade Reims,yellow
1757075,55,Julien Sablé,SC Bastia,yellow
1757069,42,Marvin Martin,Lille OSC,yellow
1757069,19,Jonathan Martins,EA Guingamp,yellow
1757069,47,Christophe Mandanne,EA Guingamp,yellow
1757069,68,Jérémy Sorbon,EA Guingamp,yellow
1757069,88,Moustapha Diallo,EA Guingamp,yellow
1757070,45,Arnold Mvuemba,Olympique Lyon,yellow
1757070,12,Benoît Trémoulinas,AS Saint-Étienne,yellow
1757070,41,Renaud Cohade,AS Saint-Étienne,yellow
1757070,70,Brandão,AS Saint-Étienne,yellow
1757081,90,Jérémy Morel,Olympique Marseille,yellow
1757083,69,Grzegorz Krychowiak,Stade Reims,yellow
1757083,80,Odaïr Fortes,Stade Reims,yellow
1757077,87,Sébastien Squillaci,SC Bastia,yellow
1757077,34,Stoppila Sunzu,FC Sochaux,yellow
1757077,58,Sanjin Prcić,FC Sochaux,yellow
1757077,84,Lionel Zouma,FC Sochaux,yellow
1757078,90,Cheick Diabaté,Girondins Bordeaux,yellow
1757078,47,Abdoulaye Doucouré,Stade Rennes,yellow
1757078,85,Ola Toivonen,Stade Rennes,yellow
1757078,87,Kamil Grosicki,Stade Rennes,yellow
1757079,22,Younousse Sankharé,EA Guingamp,yellow
1757079,34,Jonathan Martins,EA Guingamp,yellow
1757079,72,Siaka Tiéné,Montpellier HSC,yellow
1757080,44,Yann Jouffre,FC Lorient,yellow
1757080,80,Marco Rubén,Évian Thonon Gaillard,yellow
1757080,81,Eric Tié Bi,Évian Thonon Gaillard,yellow
1757085,17,Steeve Yago,Toulouse FC,yellow
1757085,65,Abel Aguilar,Toulouse FC,yellow
1757085,6,Florent Balmont,Lille OSC,yellow
1757085,68,Franck Béria,Lille OSC,yellow-red
1757085,70,Pape Souaré,Lille OSC,yellow-red
1757084,27,Moustapha Sall,AS Saint-Étienne,yellow
1757084,31,Fabien Lemoine,AS Saint-Étienne,yellow
1757084,80,François Clerc,AS Saint-Étienne,yellow
1757084,85,Benoît Trémoulinas,AS Saint-Étienne,yellow
1757084,44,Didier Digard,OGC Nizza,yellow
1757084,58,Nampalys Mendy,OGC Nizza,yellow
1757084,66,Valentin Eysseric,OGC Nizza,yellow
1757084,89,Didier Digard,OGC Nizza,red
1757086,24,Kenny Lala,Valenciennes FC,yellow
1757086,51,David Ducourtioux,Valenciennes FC,yellow
1757086,74,Marco da Silva,Valenciennes FC,yellow
1757086,84,Marco da Silva,Valenciennes FC,red
1757086,90,Tongo Doumbia,Valenciennes FC,yellow
1757086,26,Jordan Ferri,Olympique Lyon,yellow
1757086,82,Rémy Vercoutre,Olympique Lyon,yellow-red
1757086,85,Gaël Danic,Olympique Lyon,yellow
1757082,62,João Moutinho,AS Monaco,yellow
1757082,72,Andrea Raggi,AS Monaco,yellow
1757082,60,Issa Cissokho,FC Nantes,yellow
1757082,71,Koffi Djidji,FC Nantes,yellow
1757082,75,Maxime Dupé,FC Nantes,yellow
1757091,76,Karim Aït Fana,Montpellier HSC,yellow
1757091,76,Alaixys Romao,Olympique Marseille,yellow
1757089,11,Rudy Mater,Valenciennes FC,yellow
1757089,12,David Ducourtioux,Valenciennes FC,yellow
1757089,78,Eloge Enza Yamissi,Valenciennes FC,yellow
1757087,47,Denis Tonucci,AC Ajaccio,yellow
1757087,38,Lamine Sané,Girondins Bordeaux,yellow
1757088,58,Olivier Sorlin,Évian Thonon Gaillard,yellow
1757088,69,Eric Tié Bi,Évian Thonon Gaillard,yellow
1757088,90,Cédric Cambon,Évian Thonon Gaillard,yellow
1757088,48,Romaric,SC Bastia,yellow
1757093,31,Éric Bauthéac,OGC Nizza,yellow
1757093,65,Valentin Eysseric,OGC Nizza,yellow
1757093,40,Lamine Gassama,FC Lorient,yellow
1757093,82,Lamine Koné,FC Lorient,yellow
1757093,82,Bruno Écuélé,FC Lorient,yellow
1757095,82,Vincent Pajot,Stade Rennes,yellow
1757096,53,Carlão,FC Sochaux,yellow
1757096,58,Jordan Ayew,FC Sochaux,yellow
1757096,25,Jean-Daniel Akpa-Akpro,Toulouse FC,yellow
1757096,48,Clément Chantôme,Toulouse FC,yellow
1757092,30,Alejandro Bedoya,FC Nantes,yellow
1757092,37,Olivier Veigneau,FC Nantes,yellow
1757094,80,Gaëtan Charbonnier,Stade Reims,yellow
1757094,61,Max Gradel,AS Saint-Étienne,yellow
1757090,54,Thiago Motta,Paris Saint-Germain,yellow
1757090,80,Jérémy Ménez,Paris Saint-Germain,yellow
1757104,29,Vincent Pajot,Stade Rennes,yellow
1757104,36,John Boye,Stade Rennes,yellow
1757104,85,Romain Alessandrini,Stade Rennes,yellow
1757101,47,João Moutinho,AS Monaco,yellow
1757101,80,Timothée Kolodziejczak,OGC Nizza,yellow
1757101,87,Darío Cvitanich,OGC Nizza,yellow
1757097,17,Drissa Diakité,SC Bastia,yellow
1757097,28,François Modesto,SC Bastia,yellow
1757097,40,Ricardo Faty,AC Ajaccio,yellow
1757097,67,Cédric Hengbart,AC Ajaccio,yellow
1757098,63,Grégory Sertić,Girondins Bordeaux,yellow
1757098,52,Laurent Dos Santos,EA Guingamp,yellow
1757098,60,Moustapha Diallo,EA Guingamp,yellow
1757098,70,Grégory Cerdan,EA Guingamp,yellow
1757099,37,Wesley Lautoa,FC Lorient,yellow
1757099,66,Grégory Bourillon,FC Lorient,yellow
1757099,29,Geoffrey Jourdren,Montpellier HSC,red
1757099,49,Siaka Tiéné,Montpellier HSC,yellow
1757099,53,Mathieu Deplagne,Montpellier HSC,yellow
1757103,84,Nicolas de Préville,Stade Reims,yellow
1757103,48,Nathan Sinkala,FC Sochaux,yellow
1757106,53,Carl Medjani,Valenciennes FC,yellow
1757100,50,Lucas Mendes,Olympique Marseille,yellow
1757102,49,Marco Verratti,Paris Saint-Germain,yellow
1757102,79,Blaise Matuidi,Paris Saint-Germain,yellow
1757102,87,Yohan Cabaye,Paris Saint-Germain,yellow
1757102,52,Kassim Abdallah,Évian Thonon Gaillard,yellow
1757102,61,Kassim Abdallah,Évian Thonon Gaillard,yellow-red
1757102,82,Olivier Sorlin,Évian Thonon Gaillard,yellow
1757105,77,Abel Aguilar,Toulouse FC,yellow
1757113,90,Serge Gakpé,FC Nantes,yellow
1757113,90,André-Pierre Gignac,Olympique Marseille,yellow
1757107,33,Claude Dielna,AC Ajaccio,yellow
1757107,67,Ricardo Faty,AC Ajaccio,yellow
1757107,81,Denis Tonucci,AC Ajaccio,yellow
1757107,85,Éric Abidal,AS Monaco,yellow
1757108,51,Modou Sougou,Évian Thonon Gaillard,yellow
1757108,74,Marco Rubén,Évian Thonon Gaillard,yellow
1757108,89,Cédric Barbosa,Évian Thonon Gaillard,yellow
1757108,90,Youssouf Sabaly,Évian Thonon Gaillard,red
1757108,90,Cédric Cambon,Évian Thonon Gaillard,yellow-red
1757108,90,François Clerc,AS Saint-Étienne,yellow
1757109,46,Jonathan Martins,EA Guingamp,yellow
1757112,71,Jean Deza,Montpellier HSC,yellow
1757112,48,Jean-Daniel Akpa-Akpro,Toulouse FC,yellow
1757112,71,Serge Aurier,Toulouse FC,yellow
1757112,82,Dušan Veškovac,Toulouse FC,yellow
1757114,59,Mathieu Bodmer,OGC Nizza,yellow
1757114,45,Atila Turan,Stade Reims,yellow
1757114,58,Antoine Devaux,Stade Reims,yellow
1757115,56,Sylvain Armand,Stade Rennes,yellow
1757115,57,Jean Makoun,Stade Rennes,yellow
1757115,85,Wesley Lautoa,FC Lorient,yellow
1757116,45,Nathan Sinkala,FC Sochaux,yellow
1757116,79,Thiago Motta,Paris Saint-Germain,yellow
1757111,23,Nabil Fekir,Olympique Lyon,yellow
1757111,71,Bakary Koné,Olympique Lyon,yellow
1757111,39,Wahbi Khazri,SC Bastia,yellow
1757110,49,Pape Souaré,Lille OSC,yellow
1757110,83,Marko Baša,Lille OSC,yellow
1757110,34,Cheick Diabaté,Girondins Bordeaux,yellow
1757117,41,Wahbi Khazri,SC Bastia,yellow
1757117,73,Pape Souaré,Lille OSC,yellow
1757123,49,Jonathan Brison,AS Saint-Étienne,yellow
1757123,5,Jonas Martin,Montpellier HSC,yellow
1757123,27,Mathieu Deplagne,Montpellier HSC,yellow
1757123,75,Garry Bocaly,Montpellier HSC,yellow
1757118,26,Bruno Écuélé,FC Lorient,red
1757118,30,Aboubacar Camara,AC Ajaccio,yellow
1757118,82,Grenddy Perozo,AC Ajaccio,yellow
1757122,22,Grzegorz Krychowiak,Stade Reims,yellow
1757122,60,Nicolas de Préville,Stade Reims,yellow
1757122,67,Mickaël Tacalfred,Stade Reims,yellow
1757122,84,Kossi Agassa,Stade Reims,yellow
1757122,14,Clarck NSikulu,Évian Thonon Gaillard,yellow
1757124,30,Jordan Ayew,FC Sochaux,yellow
1757124,35,Sanjin Prcić,FC Sochaux,yellow
1757124,78,Razak Boukari,FC Sochaux,yellow
1757124,31,Éric Bauthéac,OGC Nizza,yellow
1757124,63,Grégoire Puel,OGC Nizza,yellow
1757124,79,Darío Cvitanich,OGC Nizza,yellow-red
1757125,27,Pavle Ninkov,Toulouse FC,yellow
1757125,88,Óscar Trejo,Toulouse FC,yellow
1757125,36,Bănel Nicoliţă,FC Nantes,yellow
1757125,59,Alejandro Bedoya,FC Nantes,yellow
1757125,69,Papy Djilobodji,FC Nantes,red
1757126,51,Eloge Enza Yamissi,Valenciennes FC,yellow
1757126,77,Grégory Pujol,Valenciennes FC,yellow
1757126,5,André Biyogo Poko,Girondins Bordeaux,yellow
1757119,34,Alaixys Romao,Olympique Marseille,yellow
1757119,88,Clément Grenier,Olympique Lyon,yellow
1757119,90,Jordan Ferri,Olympique Lyon,yellow
1757120,40,Emmanuel Rivière,AS Monaco,yellow
1757120,86,Ricardo Carvalho,AS Monaco,yellow
1757120,90,Andrea Raggi,AS Monaco,yellow
1757120,37,Mustapha Yatabaré,EA Guingamp,yellow
1757120,44,Jérémy Sorbon,EA Guingamp,yellow
1757120,82,Lionel Mathis,EA Guingamp,yellow
1757120,88,Moustapha Diallo,EA Guingamp,red
1757120,90,Younousse Sankharé,EA Guingamp,yellow
1757121,18,Alex,Paris Saint-Germain,yellow
1757121,68,Blaise Matuidi,Paris Saint-Germain,yellow
1757128,73,Julien Faubert,Girondins Bordeaux,yellow
1757128,90,Henrique,Girondins Bordeaux,yellow
1757128,23,Alaixys Romao,Olympique Marseille,yellow
1757130,11,Serge Aurier,Toulouse FC,yellow
1757131,37,Marvin Martin,Lille OSC,red
1757131,90,Rio Mavuba,Lille OSC,yellow
1757131,4,Adrien Rabiot,Paris Saint-Germain,yellow
1757131,58,Lucas Digne,Paris Saint-Germain,yellow
1757131,61,Marquinhos,Paris Saint-Germain,yellow
1757131,90,Zlatan Ibrahimović,Paris Saint-Germain,yellow
1757132,14,Mouhamadou Dabo,Olympique Lyon,red
1757132,88,Bakary Koné,Olympique Lyon,yellow
1757132,90,Jordan Ferri,Olympique Lyon,red
1757132,90,Samuel Umtiti,Olympique Lyon,yellow
1757132,71,Lamine Gassama,FC Lorient,yellow
1757132,90,Kévin Monnet-Paquet,FC Lorient,red
1757133,26,Jonas Martin,Montpellier HSC,yellow
1757133,82,Sambou Yatabaré,SC Bastia,yellow
1757134,23,Koffi Djidji,FC Nantes,yellow
1757134,51,Jordan Veretout,FC Nantes,yellow
1757134,83,Fernando Aristeguieta,FC Nantes,yellow
1757134,60,Loïc Perrin,AS Saint-Étienne,yellow
1757134,83,Stéphane Ruffier,AS Saint-Étienne,yellow
1757135,52,Steven Moreira,Stade Rennes,yellow
1757135,85,Ola Toivonen,Stade Rennes,yellow
1757135,35,Roy Contout,FC Sochaux,yellow
1757135,44,Florian Marange,FC Sochaux,yellow
1757135,52,Jordan Ayew,FC Sochaux,yellow
1757136,48,Lindsay Rose,Valenciennes FC,yellow
1757136,73,Aymen Abdennour,AS Monaco,yellow
1757136,76,Elderson Echiéjilé,AS Monaco,yellow
1757138,4,Bruno Écuélé,FC Lorient,yellow
1757138,38,Fabien Audard,FC Lorient,yellow
1757138,45,Salomon Kalou,Lille OSC,yellow
1757139,54,Younousse Sankharé,EA Guingamp,yellow
1757140,30,Dimitar Berbatov,AS Monaco,yellow
1757141,90,Luigi Bruins,OGC Nizza,yellow
1757141,90,Timothée Kolodziejczak,OGC Nizza,yellow
1757141,27,Bafétimbi Gomis,Olympique Lyon,yellow
1757141,49,Samuel Umtiti,Olympique Lyon,yellow
1757141,73,Arnold Mvuemba,Olympique Lyon,yellow
1757142,36,Hilton,Montpellier HSC,yellow
1757143,36,Vincent Pajot,Stade Rennes,yellow
1757145,5,Sanjin Prcić,FC Sochaux,yellow
1757145,27,Stoppila Sunzu,FC Sochaux,yellow
1757145,65,Eric Tié Bi,Évian Thonon Gaillard,yellow
1757146,9,Steeve Yago,Toulouse FC,yellow
1757146,34,Rudy Mater,Valenciennes FC,yellow
1757146,42,David Ducourtioux,Valenciennes FC,yellow
