GameID,Minute,Player,Team,Card
8405053,49,João Moutinho,AS Monaco,yellow
8405053,25,Ibrahim Sangaré,Toulouse FC,yellow
8405053,30,Zinédine Machach,Toulouse FC,yellow
8405053,81,François Moubandje,Toulouse FC,yellow
8405061,69,Guessouma Fofana,Amiens SC,yellow
8405054,12,Kévin Théophile-Catherine,AS Saint-Étienne,yellow
8405054,66,Ole Selnæs,AS Saint-Étienne,yellow
8405054,70,Dante,OGC Nizza,yellow
8405055,53,Johann Obiang,ESTAC Troyes,yellow
8405056,39,Milan Biševac,FC Metz,yellow
8405056,41,Lebogang Phiri,EA Guingamp,yellow
8405056,45,Yannis Salibur,EA Guingamp,yellow
8405057,81,Jérôme Roussillon,Montpellier HSC,yellow
8405057,90,Isaac Mbenza,Montpellier HSC,yellow
8405057,38,Alexander Djiku,SM Caen,yellow
8405059,28,Mariano,Olympique Lyon,yellow
8405059,43,Lucas Tousart,Olympique Lyon,yellow
8405059,45,Nuno Da Costa,RC Strasbourg,yellow
8405059,64,Yoann Salmier,RC Strasbourg,yellow
8405059,78,Ihsan Sacko,RC Strasbourg,yellow
8405060,61,Yassine Benzia,Lille OSC,yellow
8405060,71,Anwar el Ghazi,Lille OSC,yellow
8405060,40,Nicolas Pallois,FC Nantes,yellow
8405060,58,Préjuce Nakoulma,FC Nantes,yellow
8405060,75,Guillaume Gillet,FC Nantes,yellow
8405062,63,Pierrick Capelle,Angers SCO,yellow
8405062,73,Flavien Tait,Angers SCO,yellow
8405062,90,Karl Toko Ekambi,Angers SCO,yellow
8405062,86,François Kamano,Girondins Bordeaux,yellow
8405062,90,Younousse Sankharé,Girondins Bordeaux,yellow
8405058,36,Luiz Gustavo,Olympique Marseille,yellow
8405068,63,Vincent Koziello,OGC Nizza,yellow
8405068,90,Dante,OGC Nizza,yellow
8405068,62,Oswaldo Vizcarrondo,ESTAC Troyes,yellow
8405068,62,Mamadou Samassa,ESTAC Troyes,yellow
8405068,77,Christophe Hérelle,ESTAC Troyes,yellow
8405072,14,Ramy Bensebaini,Stade Rennes,yellow
8405072,9,Marçal,Olympique Lyon,yellow
8405072,68,Lucas Tousart,Olympique Lyon,yellow
8405072,84,Sergi Darder,Olympique Lyon,yellow
8405065,15,Lucas Lima,FC Nantes,yellow
8405065,60,Morgan Sanson,Olympique Marseille,yellow
8405065,90,Rolando,Olympique Marseille,yellow
8405065,90,Luiz Gustavo,Olympique Marseille,yellow
8405066,7,Christopher Jullien,Toulouse FC,yellow
8405066,34,Zinédine Machach,Toulouse FC,yellow
8405066,53,François Moubandje,Toulouse FC,yellow
8405066,56,Yannick Cahuzac,Toulouse FC,yellow
8405066,12,Souleymane Camara,Montpellier HSC,yellow
8405066,55,Giovanni Sio,Montpellier HSC,yellow
8405066,90,Pedro Mendes,Montpellier HSC,yellow
8405067,55,Youssouf Sabaly,Girondins Bordeaux,yellow
8405067,31,Nolan Roux,FC Metz,yellow
8405067,45,Benoît Assou-Ekotto,FC Metz,yellow
8405070,39,Mathieu Bodmer,Amiens SC,yellow
8405070,43,Khaled Adenon,Amiens SC,yellow
8405070,90,Brighton Labeau,Amiens SC,yellow
8405070,10,Enzo Crivelli,Angers SCO,yellow
8405070,69,Baptiste Guillaume,Angers SCO,yellow
8405071,78,Jonathan Delaplace,SM Caen,yellow
8405071,51,Kévin Théophile-Catherine,AS Saint-Étienne,yellow
8405069,63,Benjamin Corgnet,RC Strasbourg,yellow
8405069,33,Fodé Toure,Lille OSC,yellow
8405069,63,Mike Maignan,Lille OSC,red
8405069,81,Edgar Ié,Lille OSC,yellow
8405063,62,João Moutinho,AS Monaco,yellow
8405063,66,Djibril Sidibé,AS Monaco,yellow
8405064,11,Jordan Ikoko,EA Guingamp,yellow
8405064,77,Lucas Deaux,EA Guingamp,yellow
8405064,32,Thiago Motta,Paris Saint-Germain,yellow
8405064,67,Marco Verratti,Paris Saint-Germain,yellow
8405075,21,Gerónimo Poblete,FC Metz,yellow
8405075,64,Jonathan Rivierez,FC Metz,yellow
8405075,37,Jorge,AS Monaco,yellow
8405078,36,Sergi Darder,Olympique Lyon,yellow-red
8405078,39,Bertrand Traoré,Olympique Lyon,yellow
8405078,82,Jérémy Morel,Olympique Lyon,yellow
8405078,59,Lukas Lerager,Girondins Bordeaux,yellow
8405078,64,Jérémy Toulalan,Girondins Bordeaux,yellow
8405073,44,Saidy Janko,AS Saint-Étienne,yellow
8405073,68,Bryan Dabo,AS Saint-Étienne,yellow
8405073,39,Régis Gurtner,Amiens SC,yellow
8405073,82,Bakaye Dibassy,Amiens SC,yellow
8405074,79,Stéphane Darbion,ESTAC Troyes,yellow
8405074,34,Chidozie Awaziem,FC Nantes,red
8405076,37,Facundo Píriz,Montpellier HSC,yellow
8405076,41,Daniel Congré,Montpellier HSC,yellow
8405076,27,Yoann Salmier,RC Strasbourg,yellow
8405076,37,Jonas Martin,RC Strasbourg,yellow
8405076,39,Benjamin Corgnet,RC Strasbourg,yellow
8405077,74,Dante,OGC Nizza,yellow
8405077,83,Christophe Jallet,OGC Nizza,yellow
8405077,68,Étienne Didot,EA Guingamp,yellow
8405082,69,Benjamin André,Stade Rennes,yellow
8405082,90,Mexer,Stade Rennes,yellow
8405082,32,Cédric Yamberé,Dijon FCO,yellow
8405082,66,Fouad Chafik,Dijon FCO,yellow
8405082,88,Júlio Tavares,Dijon FCO,yellow
8405082,90,Oussema Haddadi,Dijon FCO,yellow
8405080,64,Nicolas Pépé,Lille OSC,yellow
8405080,65,Ibrahim Amadou,Lille OSC,yellow
8405080,37,Damien Da Silva,SM Caen,yellow
8405080,79,Frédéric Guilbert,SM Caen,yellow
8405079,14,Florian Thauvin,Olympique Marseille,yellow
8405079,62,Jordan Amavi,Olympique Marseille,yellow
8405079,90,Valère Germain,Olympique Marseille,yellow
8405079,90,Lucas Ocampos,Olympique Marseille,red
8405079,27,Baptiste Santamaría,Angers SCO,yellow
8405079,68,Mateo Pavlović,Angers SCO,yellow
8405081,69,Marco Verratti,Paris Saint-Germain,yellow-red
8405081,54,Issa Diop,Toulouse FC,yellow
8405081,67,Alexis Blin,Toulouse FC,yellow
8405081,81,Clément Michelin,Toulouse FC,yellow
8405081,90,Corentin Jean,Toulouse FC,yellow
8405089,39,Thomas Meunier,Paris Saint-Germain,yellow
8405089,45,Presnel Kimpembe,Paris Saint-Germain,yellow
8405089,19,Saidy Janko,AS Saint-Étienne,yellow
8405089,50,Kévin Théophile-Catherine,AS Saint-Étienne,yellow
8405089,86,Oussama Tannane,AS Saint-Étienne,yellow
8405086,31,Andrei,FC Nantes,yellow
8405086,68,Kenny Tete,Olympique Lyon,yellow
8405084,4,Benjamin Jeannot,Dijon FCO,yellow
8405084,43,Wesley Saïd,Dijon FCO,yellow
8405084,7,Facundo Píriz,Montpellier HSC,yellow
8405084,18,Paul Lasne,Montpellier HSC,yellow
8405087,8,Issa Diop,Toulouse FC,yellow
8405087,36,Yannick Cahuzac,Toulouse FC,yellow
8405087,43,Jimmy Durmaz,Toulouse FC,yellow
8405087,52,Andy Delort,Toulouse FC,yellow
8405087,26,Ndombe Mubele,Stade Rennes,yellow
8405087,41,Benjamin Bourigeaud,Stade Rennes,yellow
8405087,70,Morgan Amalfitano,Stade Rennes,yellow-red
8405087,87,Ismaïla Sarr,Stade Rennes,yellow
8405088,81,Tristan Dingomé,ESTAC Troyes,yellow
8405090,42,Julien Ielsch,Amiens SC,yellow
8405090,57,Thomas Monconduit,Amiens SC,yellow
8405090,90,Bakaye Dibassy,Amiens SC,yellow
8405090,48,Alassane Pléa,OGC Nizza,yellow
8405090,54,Yoan Cardinale,OGC Nizza,yellow
8405090,67,Malang Sarr,OGC Nizza,yellow
8405092,60,Youssef Aït Bennasser,SM Caen,yellow
8405092,66,Damien Da Silva,SM Caen,yellow
8405092,33,Opa Nguette,FC Metz,yellow
8405092,90,Florent Mollet,FC Metz,yellow
8405085,19,Marcus Coco,EA Guingamp,yellow
8405085,29,Kader Mangane,RC Strasbourg,yellow
8405085,39,Martin Terrier,RC Strasbourg,yellow
8405091,21,Mateo Pavlović,Angers SCO,yellow
8405091,52,Yoann Andreu,Angers SCO,yellow
8405091,16,Nicolas Pépé,Lille OSC,yellow
8405091,23,Luiz Araujo,Lille OSC,yellow
8405091,44,Anwar el Ghazi,Lille OSC,yellow
8405091,51,Ibrahim Amadou,Lille OSC,yellow
8405091,80,Ezequiel Ponce,Lille OSC,yellow
8405083,28,Kamil Glik,AS Monaco,yellow
8405083,56,Fabinho,AS Monaco,yellow
8405083,4,Morgan Sanson,Olympique Marseille,yellow
8405083,34,Luiz Gustavo,Olympique Marseille,yellow
8405083,43,Tomáš Hubočan,Olympique Marseille,yellow
8405100,32,Thiago Maia,Lille OSC,yellow-red
8405100,36,Yassine Benzia,Lille OSC,yellow
8405100,83,Yves Bissouma,Lille OSC,yellow
8405100,5,Otavio,Girondins Bordeaux,yellow
8405100,44,Vukašin Jovanović,Girondins Bordeaux,yellow
8405100,64,François Kamano,Girondins Bordeaux,yellow
8405100,74,Valentín Vada,Girondins Bordeaux,yellow
8405095,56,Benoît Assou-Ekotto,FC Metz,red
8405095,41,Julian Draxler,Paris Saint-Germain,yellow
8405097,11,Christophe Jallet,OGC Nizza,yellow
8405097,69,Mario Balotelli,OGC Nizza,yellow
8405097,5,Djibril Sidibé,AS Monaco,yellow
8405097,14,Jorge,AS Monaco,yellow
8405094,19,Charles Traoré,ESTAC Troyes,yellow
8405094,48,Adama Niane,ESTAC Troyes,yellow
8405094,7,Andy Delort,Toulouse FC,yellow
8405094,17,Jimmy Durmaz,Toulouse FC,yellow
8405094,18,Kelvin Amian Adou,Toulouse FC,yellow
8405096,33,Nordi Mukiele,Montpellier HSC,yellow
8405096,84,Giovanni Sio,Montpellier HSC,red
8405096,42,Emiliano Sala,FC Nantes,yellow
8405096,69,Najib Gandi,FC Nantes,yellow
8405101,62,Nuno Da Costa,RC Strasbourg,yellow
8405101,78,Kenny Lala,RC Strasbourg,yellow-red
8405101,5,Thomas Monconduit,Amiens SC,yellow
8405101,17,Guy NGosso,Amiens SC,yellow
8405101,61,Oualid El Hajjam,Amiens SC,yellow
8405102,65,Vincent Bessat,SM Caen,yellow
8405102,79,Adama Mbengue,SM Caen,red
8405102,4,Cédric Yamberé,Dijon FCO,yellow
8405102,67,Papy Djilobodji,Dijon FCO,yellow
8405093,9,Ronaël Pierre-Gabriel,AS Saint-Étienne,yellow
8405093,34,Vincent Pajot,AS Saint-Étienne,yellow
8405093,48,Vincent Pajot,AS Saint-Étienne,red
8405093,62,Bryan Dabo,AS Saint-Étienne,yellow
8405093,5,Baptiste Santamaría,Angers SCO,yellow
8405093,11,Yoann Andreu,Angers SCO,yellow
8405093,83,Enzo Crivelli,Angers SCO,red
8405098,29,Christopher Martins,Olympique Lyon,yellow
8405098,83,Marcelo,Olympique Lyon,yellow
8405098,32,Rebocho,EA Guingamp,yellow
8405098,82,Ludovic Blas,EA Guingamp,yellow
8405099,15,Morgan Sanson,Olympique Marseille,yellow
8405099,27,Patrice Evra,Olympique Marseille,yellow
8405099,29,Adil Rami,Olympique Marseille,yellow
8405099,61,Aymen Abdennour,Olympique Marseille,yellow
8405099,88,Grégory Sertić,Olympique Marseille,yellow
8405099,90,Rolando,Olympique Marseille,yellow
8405099,83,Benjamin André,Stade Rennes,yellow
8405108,10,Jimmy Durmaz,Toulouse FC,yellow
8405108,62,Issa Diop,Toulouse FC,yellow
8405108,86,Issiaga Sylla,Toulouse FC,yellow
8405108,85,Youssouf Sabaly,Girondins Bordeaux,yellow
8405103,73,Djibril Sidibé,AS Monaco,yellow
8405103,84,Jorge,AS Monaco,yellow
8405103,1,Jonas Martin,RC Strasbourg,yellow
8405103,63,Kader Mangane,RC Strasbourg,yellow
8405104,48,Fouad Chafik,Dijon FCO,yellow
8405104,57,Jordan Marié,Dijon FCO,yellow
8405104,79,Xeka,Dijon FCO,yellow
8405104,55,Ole Selnæs,AS Saint-Étienne,yellow
8405104,65,Habib Maïga,AS Saint-Étienne,yellow
8405104,76,Bryan Dabo,AS Saint-Étienne,yellow
8405105,87,Lucas Deaux,EA Guingamp,yellow
8405105,56,Yassine Benzia,Lille OSC,yellow
8405106,40,Karim Azamoum,ESTAC Troyes,yellow
8405106,71,Samuel Grandsir,ESTAC Troyes,yellow
8405106,87,Christophe Hérelle,ESTAC Troyes,yellow
8405106,90,Oswaldo Vizcarrondo,ESTAC Troyes,yellow-red
8405106,19,Salomon Sambia,Montpellier HSC,yellow
8405106,79,Pedro Mendes,Montpellier HSC,yellow
8405106,81,Benjamin Lecomte,Montpellier HSC,yellow
8405107,26,Jan Repas,SM Caen,yellow
8405107,87,Youssef Aït Bennasser,SM Caen,yellow
8405110,3,Oualid El Hajjam,Amiens SC,yellow
8405110,14,Prince Gouano,Amiens SC,yellow
8405110,32,Luiz Gustavo,Olympique Marseille,yellow
8405110,40,Clinton NJie,Olympique Marseille,yellow
8405110,81,André Zambo,Olympique Marseille,yellow
8405111,90,Thomas Mangani,Angers SCO,yellow
8405111,62,Chris Philipps,FC Metz,yellow
8405111,77,Balliu,FC Metz,yellow
8405111,90,Cafú,FC Metz,yellow
8405112,35,Sanjin Prcić,Stade Rennes,yellow
8405112,45,Allan Saint-Maximin,OGC Nizza,yellow
8405112,49,Christophe Jallet,OGC Nizza,yellow
8405112,69,Jean Michaël Seri,OGC Nizza,yellow
8405112,85,Pierre Lees-Melou,OGC Nizza,yellow
8405112,90,Arnaud Souquet,OGC Nizza,yellow
8405109,45,Thiago Motta,Paris Saint-Germain,yellow
8405109,76,Neymar,Paris Saint-Germain,yellow
8405109,81,Thiago Silva,Paris Saint-Germain,yellow
8405109,55,Nabil Fekir,Olympique Lyon,yellow
8405109,79,Ferland Mendy,Olympique Lyon,yellow
8405117,46,Maxime Le Marchand,OGC Nizza,yellow
8405117,62,Mario Balotelli,OGC Nizza,yellow
8405117,71,Yoan Cardinale,OGC Nizza,yellow
8405117,90,Dante,OGC Nizza,yellow
8405117,40,Mehdi Tahrat,Angers SCO,yellow
8405117,75,Mateo Pavlović,Angers SCO,yellow
8405120,88,Ezequiel Ponce,Lille OSC,yellow
8405120,60,Rachid Ghezzal,AS Monaco,yellow
8405120,70,Jemerson,AS Monaco,yellow
8405116,31,Rodrigue Ninga,Montpellier HSC,yellow
8405116,41,Pedro Mendes,Montpellier HSC,yellow
8405116,12,Marquinhos,Paris Saint-Germain,yellow
8405116,75,Lucas,Paris Saint-Germain,yellow
8405114,28,Balliu,FC Metz,yellow
8405114,42,Chris Philipps,FC Metz,yellow
8405114,87,Renaud Cohade,FC Metz,yellow
8405114,63,Jimmy Giraudon,ESTAC Troyes,yellow
8405114,67,Mathieu Deplagne,ESTAC Troyes,yellow-red
8405115,2,Jérémy Toulalan,Girondins Bordeaux,yellow
8405115,35,Théo Pellenard,Girondins Bordeaux,yellow
8405115,42,Malcom,Girondins Bordeaux,yellow
8405115,44,Lukas Lerager,Girondins Bordeaux,yellow
8405115,19,Jordan Ikoko,EA Guingamp,yellow
8405115,40,Christophe Kerbrat,EA Guingamp,yellow
8405118,58,Tanguy NDombèlé,Olympique Lyon,yellow
8405118,3,Cédric Yamberé,Dijon FCO,yellow
8405118,40,Romain Amalfitano,Dijon FCO,yellow
8405118,59,Baptiste Reynet,Dijon FCO,yellow
8405118,75,Valentin Rosier,Dijon FCO,yellow
8405118,89,Wesley Saïd,Dijon FCO,yellow
8405122,59,Jonathan Delaplace,SM Caen,yellow
8405122,57,Moussa Konaté,Amiens SC,yellow
8405122,73,Thomas Monconduit,Amiens SC,yellow
8405113,4,Assane Dioussé,AS Saint-Étienne,yellow
8405113,31,Kévin Théophile-Catherine,AS Saint-Étienne,yellow
8405113,34,Saidy Janko,AS Saint-Étienne,yellow
8405113,90,Gabriel Silva,AS Saint-Étienne,red
8405113,59,Morgan Amalfitano,Stade Rennes,yellow
8405113,69,Benjamin André,Stade Rennes,yellow
8405113,75,Hamari Traoré,Stade Rennes,yellow
8405121,46,Ernest Seka,RC Strasbourg,yellow
8405121,41,Andrei,FC Nantes,yellow
8405119,24,Luiz Gustavo,Olympique Marseille,yellow
8405119,84,André Zambo,Olympique Marseille,yellow
8405123,36,Fabinho,AS Monaco,yellow
8405123,52,Jemerson,AS Monaco,yellow
8405123,55,Almamy Touré,AS Monaco,yellow
8405123,18,Ellyes Skhiri,Montpellier HSC,yellow
8405129,45,Thomas Meunier,Paris Saint-Germain,yellow
8405129,39,Vukašin Jovanović,Girondins Bordeaux,yellow
8405129,64,Younousse Sankharé,Girondins Bordeaux,yellow
8405124,85,Cédric Yamberé,Dijon FCO,red
8405124,57,Dimitri Liénard,RC Strasbourg,yellow
8405124,90,Jean-Eudes Aholou,RC Strasbourg,yellow
8405125,63,Lucas Deaux,EA Guingamp,yellow
8405125,45,Christopher Jullien,Toulouse FC,yellow
8405125,60,Issiaga Sylla,Toulouse FC,yellow
8405127,90,Lucas Lima,FC Nantes,yellow
8405127,90,Andrei,FC Nantes,yellow
8405127,52,Benoît Assou-Ekotto,FC Metz,yellow-red
8405127,63,Renaud Cohade,FC Metz,yellow
8405127,90,Balliu,FC Metz,yellow
8405132,1,Ramy Bensebaini,Stade Rennes,yellow
8405132,24,Hamari Traoré,Stade Rennes,yellow
8405132,45,Wahbi Khazri,Stade Rennes,yellow
8405132,75,Benjamin Bourigeaud,Stade Rennes,yellow
8405132,21,Ivan Santini,SM Caen,yellow
8405126,34,Karim Azamoum,ESTAC Troyes,red
8405126,74,Tristan Dingomé,ESTAC Troyes,yellow
8405126,86,François Bellugou,ESTAC Troyes,yellow
8405126,89,Adama Niane,ESTAC Troyes,yellow
8405126,79,Rémy Cabella,AS Saint-Étienne,yellow
8405126,84,Hernani,AS Saint-Étienne,red
8405131,59,Romain Thomas,Angers SCO,yellow
8405131,78,Baptiste Santamaría,Angers SCO,yellow
8405131,50,Marcelo,Olympique Lyon,red
8405131,64,Rafael,Olympique Lyon,yellow
8405131,90,Jordan Ferri,Olympique Lyon,yellow
8405128,32,Pierre Lees-Melou,OGC Nizza,yellow
8405128,50,Alassane Pléa,OGC Nizza,yellow
8405128,36,Dimitri Payet,Olympique Marseille,yellow
8405128,61,Jordan Amavi,Olympique Marseille,yellow
8405128,66,Luiz Gustavo,Olympique Marseille,red
8405128,88,Lucas Ocampos,Olympique Marseille,yellow
8405130,60,Julien Ielsch,Amiens SC,yellow
8405130,64,Khaled Adenon,Amiens SC,yellow
8405130,78,Guy NGosso,Amiens SC,yellow
8405130,21,Ibrahim Amadou,Lille OSC,yellow
8405130,78,Fodé Toure,Lille OSC,yellow
8405139,45,Nabil Fekir,Olympique Lyon,yellow
8405139,48,Mapou Yanga-Mbiwa,Olympique Lyon,yellow
8405139,52,Anthony Lopes,Olympique Lyon,yellow
8405139,68,Mouctar Diakhaby,Olympique Lyon,yellow
8405139,55,Adama Traoré,AS Monaco,yellow
8405134,42,Naïm Sliti,Dijon FCO,yellow
8405134,50,Valentin Rosier,Dijon FCO,yellow
8405134,77,Jordan Marié,Dijon FCO,yellow
8405134,87,Benjamin Jeannot,Dijon FCO,yellow
8405134,40,Neymar,Paris Saint-Germain,yellow
8405134,48,Presnel Kimpembe,Paris Saint-Germain,yellow
8405134,52,Dani Alves,Paris Saint-Germain,yellow
8405134,75,Adrien Rabiot,Paris Saint-Germain,yellow
8405133,45,Romain Hamouma,AS Saint-Étienne,yellow
8405133,90,Bryan Dabo,AS Saint-Étienne,yellow
8405133,21,Fallou Diagné,FC Metz,yellow
8405135,17,Moustapha Diallo,EA Guingamp,yellow
8405135,38,Nicolas Benezet,EA Guingamp,yellow
8405135,90,Étienne Didot,EA Guingamp,yellow
8405135,5,Hamari Traoré,Stade Rennes,yellow
8405135,45,James Lea Siliki,Stade Rennes,yellow
8405135,62,Romain Danzé,Stade Rennes,yellow
8405135,66,Wahbi Khazri,Stade Rennes,yellow-red
8405135,90,Afonso Figueiredo,Stade Rennes,yellow
8405136,88,Yaya Sanogo,Toulouse FC,yellow
8405136,22,Oualid El Hajjam,Amiens SC,yellow
8405136,45,Guy NGosso,Amiens SC,yellow
8405136,87,Khaled Adenon,Amiens SC,yellow
8405136,90,Prince Gouano,Amiens SC,yellow-red
8405140,66,Nicolas Pépé,Lille OSC,yellow
8405140,90,Edgar Ié,Lille OSC,red
8405140,50,Tristan Dingomé,ESTAC Troyes,yellow
8405140,69,Charles Traoré,ESTAC Troyes,yellow
8405142,60,Stef Peeters,SM Caen,yellow
8405142,14,Mehdi Tahrat,Angers SCO,yellow
8405142,32,Flavien Tait,Angers SCO,yellow
8405142,58,Karl Toko Ekambi,Angers SCO,yellow
8405142,75,Angelo Fulgini,Angers SCO,yellow
8405137,24,Théo Pellenard,Girondins Bordeaux,yellow
8405137,26,Nicolas de Préville,Girondins Bordeaux,yellow
8405137,84,Igor Lewczuk,Girondins Bordeaux,yellow
8405137,19,Rene Krhin,FC Nantes,yellow
8405137,72,Adrien Thomasson,FC Nantes,yellow
8405138,61,Jérôme Roussillon,Montpellier HSC,yellow
8405138,76,Isaac Mbenza,Montpellier HSC,yellow
8405138,87,Hilton,Montpellier HSC,yellow
8405138,33,Dante,OGC Nizza,yellow
8405141,30,Dimitri Liénard,RC Strasbourg,yellow
8405141,67,Jean-Eudes Aholou,RC Strasbourg,yellow
8405141,89,Bingourou Kamara,RC Strasbourg,yellow
8405141,62,Jordan Amavi,Olympique Marseille,yellow
8405141,67,Florian Thauvin,Olympique Marseille,yellow
8405141,89,Morgan Sanson,Olympique Marseille,yellow
8405144,74,Romain Hamouma,AS Saint-Étienne,yellow
8405144,85,Léo Lacroix,AS Saint-Étienne,yellow
8405144,53,Ellyes Skhiri,Montpellier HSC,yellow
8405144,68,Daniel Congré,Montpellier HSC,yellow
8405144,90,Paul Lasne,Montpellier HSC,yellow
8405143,63,Keita Baldé,AS Monaco,yellow
8405143,68,Fabinho,AS Monaco,yellow
8405143,86,Jemerson,AS Monaco,yellow
8405143,50,Frédéric Guilbert,SM Caen,yellow
8405143,62,Julien Féret,SM Caen,yellow
8405146,56,Nolan Roux,FC Metz,yellow
8405146,70,Fallou Diagné,FC Metz,red
8405146,41,Naïm Sliti,Dijon FCO,yellow
8405146,85,Oussema Haddadi,Dijon FCO,yellow
8405147,43,Préjuce Nakoulma,FC Nantes,yellow
8405147,49,Abdoulaye Touré,FC Nantes,yellow
8405147,71,Diego Carlos,FC Nantes,yellow
8405147,26,Christophe Kerbrat,EA Guingamp,yellow
8405150,32,Gaël Kakuta,Amiens SC,yellow
8405150,73,Régis Gurtner,Amiens SC,yellow
8405150,87,Julien Ielsch,Amiens SC,yellow
8405150,37,Lukas Lerager,Girondins Bordeaux,yellow
8405151,70,Enzo Crivelli,Angers SCO,yellow
8405151,74,Yoann Andreu,Angers SCO,yellow
8405151,20,Christopher Jullien,Toulouse FC,yellow
8405151,60,Giannelli Imbula,Toulouse FC,yellow
8405151,68,Somália,Toulouse FC,yellow
8405151,90,Alban Lafont,Toulouse FC,yellow
8405152,78,Ramy Bensebaini,Stade Rennes,yellow
8405152,20,Thiago Mendes,Lille OSC,yellow
8405152,38,Fodé Toure,Lille OSC,yellow
8405152,85,Hamza Mendyl,Lille OSC,red
8405148,53,Ernest Seka,RC Strasbourg,red
8405148,58,Dimitri Liénard,RC Strasbourg,yellow
8405145,18,Samuel Grandsir,ESTAC Troyes,yellow
8405145,59,Tristan Dingomé,ESTAC Troyes,yellow
8405145,69,Christophe Hérelle,ESTAC Troyes,red
8405145,15,Jérémy Morel,Olympique Lyon,yellow
8405145,33,Rafael,Olympique Lyon,yellow
8405149,45,Kostas Mitroglou,Olympique Marseille,yellow
8405149,52,Hiroki Sakai,Olympique Marseille,yellow
8405149,87,Lucas Ocampos,Olympique Marseille,yellow
8405149,90,Morgan Sanson,Olympique Marseille,yellow
8405149,54,Kylian Mbappé,Paris Saint-Germain,yellow
8405149,87,Neymar,Paris Saint-Germain,yellow-red
8405156,67,Valentín Vada,Girondins Bordeaux,yellow
8405156,86,Alexandre Mendy,Girondins Bordeaux,yellow
8405153,60,Romain Amalfitano,Dijon FCO,yellow
8405153,65,Cédric Yamberé,Dijon FCO,yellow
8405153,90,Oussema Haddadi,Dijon FCO,yellow
8405153,71,Abdoulaye Touré,FC Nantes,yellow
8405153,86,Emiliano Sala,FC Nantes,yellow
8405153,90,Léo Dubois,FC Nantes,yellow
8405154,78,Ludovic Blas,EA Guingamp,yellow
8405154,5,Khaled Adenon,Amiens SC,yellow
8405154,31,Serge Gakpé,Amiens SC,yellow
8405154,58,Prince Gouano,Amiens SC,yellow-red
8405154,85,Moussa Konaté,Amiens SC,yellow
8405157,4,Ruben Aguilar,Montpellier HSC,yellow
8405157,55,Ellyes Skhiri,Montpellier HSC,yellow
8405157,61,Isaac Mbenza,Montpellier HSC,yellow
8405157,90,Daniel Congré,Montpellier HSC,yellow
8405157,25,Faitout Maouassa,Stade Rennes,yellow
8405157,66,Benjamin Bourigeaud,Stade Rennes,yellow
8405161,57,Martin Terrier,RC Strasbourg,yellow
8405161,64,Anthony Gonçalves,RC Strasbourg,yellow
8405161,89,Bingourou Kamara,RC Strasbourg,yellow
8405161,7,Mateo Pavlović,Angers SCO,yellow
8405161,33,Baptiste Santamaría,Angers SCO,yellow
8405162,37,Frédéric Guilbert,SM Caen,yellow
8405162,26,Charles Traoré,ESTAC Troyes,yellow
8405162,51,Oswaldo Vizcarrondo,ESTAC Troyes,yellow
8405162,70,Jérémy Cordoval,ESTAC Troyes,yellow
8405158,42,Cafú,FC Metz,yellow
8405158,48,Chris Philipps,FC Metz,yellow
8405158,62,Jonathan Rivierez,FC Metz,yellow
8405155,45,Christopher Jullien,Toulouse FC,yellow
8405155,79,Ola Toivonen,Toulouse FC,yellow
8405155,35,Cheikh MBengue,AS Saint-Étienne,yellow
8405155,66,Habib Maïga,AS Saint-Étienne,yellow
8405155,74,Kévin Théophile-Catherine,AS Saint-Étienne,yellow
8405159,69,Edgar Ié,Lille OSC,yellow
8405159,84,Thiago Mendes,Lille OSC,yellow
8405159,10,Patrice Evra,Olympique Marseille,yellow
8405159,44,Luiz Gustavo,Olympique Marseille,yellow
8405159,51,Adil Rami,Olympique Marseille,yellow
8405172,43,Benjamin André,Stade Rennes,yellow
8405172,80,Wahbi Khazri,Stade Rennes,yellow
8405172,41,Otavio,Girondins Bordeaux,yellow
8405172,47,François Kamano,Girondins Bordeaux,yellow
8405172,68,Nicolas de Préville,Girondins Bordeaux,yellow
8405172,70,Vukašin Jovanović,Girondins Bordeaux,yellow
8405172,90,Younousse Sankharé,Girondins Bordeaux,yellow
8405171,41,Gilles Sunu,Angers SCO,yellow
8405171,75,Kylian Mbappé,Paris Saint-Germain,yellow
8405171,80,Marco Verratti,Paris Saint-Germain,yellow
8405171,90,Presnel Kimpembe,Paris Saint-Germain,yellow
8405163,70,Almamy Touré,AS Monaco,yellow
8405163,34,Lucas Deaux,EA Guingamp,yellow
8405165,23,Saîf-Eddine Khaoui,ESTAC Troyes,yellow
8405165,77,Aloïs Confais,ESTAC Troyes,yellow
8405165,90,Chaouki Ben Saada,ESTAC Troyes,yellow
8405165,26,Martin Terrier,RC Strasbourg,yellow
8405165,31,Nuno Da Costa,RC Strasbourg,red
8405167,40,Rene Krhin,FC Nantes,yellow
8405167,57,Jules Iloki,FC Nantes,yellow
8405167,4,Steeve Yago,Toulouse FC,yellow
8405167,31,Giannelli Imbula,Toulouse FC,yellow
8405167,55,Yaya Sanogo,Toulouse FC,yellow
8405167,58,Issa Diop,Toulouse FC,yellow
8405168,70,Nordi Mukiele,Montpellier HSC,yellow
8405168,90,Pedro Mendes,Montpellier HSC,yellow
8405168,85,Khaled Adenon,Amiens SC,yellow
8405169,47,Vincent Koziello,OGC Nizza,yellow
8405169,89,Mario Balotelli,OGC Nizza,red
8405169,66,Xeka,Dijon FCO,yellow
8405166,33,Renaud Cohade,FC Metz,yellow
8405166,37,Opa Nguette,FC Metz,yellow
8405166,87,Balliu,FC Metz,yellow
8405166,35,Farès Bahlouli,Lille OSC,yellow
8405166,44,Luiz Araujo,Lille OSC,yellow
8405164,47,Léo Lacroix,AS Saint-Étienne,red
8405164,60,Ole Selnæs,AS Saint-Étienne,yellow
8405164,54,Lucas Tousart,Olympique Lyon,yellow
8405164,85,Nabil Fekir,Olympique Lyon,yellow
8405178,25,Kévin Malcuit,Lille OSC,yellow
8405178,81,Fodé Toure,Lille OSC,yellow
8405178,12,Loïc Perrin,AS Saint-Étienne,yellow
8405178,19,Ronaël Pierre-Gabriel,AS Saint-Étienne,yellow
8405178,76,Bryan Dabo,AS Saint-Étienne,yellow
8405181,2,Bongani Zungu,Amiens SC,yellow
8405181,90,Moussa Konaté,Amiens SC,yellow
8405181,21,Jemerson,AS Monaco,yellow
8405181,76,Kamil Glik,AS Monaco,yellow
8405181,90,Jorge,AS Monaco,yellow
8405179,48,Yuri,Paris Saint-Germain,yellow
8405179,74,Marco Verratti,Paris Saint-Germain,yellow
8405179,48,Nicolas Pallois,FC Nantes,yellow
8405179,63,Chidozie Awaziem,FC Nantes,yellow
8405179,65,Koffi Djidji,FC Nantes,yellow
8405173,9,Chang-hoon Kwon,Dijon FCO,yellow
8405173,38,Hyun-jun Suk,ESTAC Troyes,yellow
8405174,26,Marcus Thuram,EA Guingamp,yellow
8405174,43,Franck Tabanou,EA Guingamp,yellow
8405174,61,Lucas Deaux,EA Guingamp,yellow-red
8405174,17,Mateo Pavlović,Angers SCO,yellow
8405174,53,Enzo Crivelli,Angers SCO,yellow
8405174,58,Karl Toko Ekambi,Angers SCO,yellow
8405174,89,Gilles Sunu,Angers SCO,yellow
8405175,39,Alexis Blin,Toulouse FC,yellow
8405175,72,Kelvin Amian Adou,Toulouse FC,yellow
8405175,17,Moussa Niakhate,FC Metz,yellow
8405175,23,Fallou Diagné,FC Metz,red
8405175,41,Mathieu Dossevi,FC Metz,yellow
8405175,51,Nolan Roux,FC Metz,yellow
8405180,61,Stéphane Bahoken,RC Strasbourg,yellow
8405180,63,Morgan Amalfitano,Stade Rennes,red
8405182,25,Baïssama Sankoh,SM Caen,yellow
8405182,82,Alexander Djiku,SM Caen,yellow
8405182,55,Adrien Tameze,OGC Nizza,yellow
8405182,75,Walter Benítez,OGC Nizza,yellow
8405182,78,Alassane Pléa,OGC Nizza,yellow
8405177,23,Kenny Tete,Olympique Lyon,yellow
8405177,77,Bertrand Traoré,Olympique Lyon,yellow
8405177,5,Facundo Píriz,Montpellier HSC,yellow
8405176,22,Nicolas de Préville,Girondins Bordeaux,yellow
8405176,65,Igor Lewczuk,Girondins Bordeaux,yellow
8405176,67,François Kamano,Girondins Bordeaux,yellow
8405176,73,Lukas Lerager,Girondins Bordeaux,yellow
8405176,45,Florian Thauvin,Olympique Marseille,yellow
8405176,54,Maxime Lopez,Olympique Marseille,yellow
8405184,10,Assane Dioussé,AS Saint-Étienne,yellow
8405184,43,Hernani,AS Saint-Étienne,yellow
8405184,63,Florentin Pogba,AS Saint-Étienne,yellow
8405184,82,Vincent Pajot,AS Saint-Étienne,yellow
8405184,32,Jérémy Grimm,RC Strasbourg,yellow
8405184,65,Stéphane Bahoken,RC Strasbourg,yellow
8405192,3,Hamari Traoré,Stade Rennes,yellow
8405192,67,James Lea Siliki,Stade Rennes,yellow
8405192,90,Wahbi Khazri,Stade Rennes,yellow
8405192,31,Préjuce Nakoulma,FC Nantes,yellow
8405192,40,Léo Dubois,FC Nantes,yellow
8405192,57,Nicolas Pallois,FC Nantes,yellow-red
8405192,59,Diego Carlos,FC Nantes,yellow
8405192,82,Adrien Thomasson,FC Nantes,yellow
8405185,8,Cédric Yamberé,Dijon FCO,yellow
8405185,48,Xeka,Dijon FCO,yellow
8405185,79,Valentin Rosier,Dijon FCO,yellow
8405185,16,Christopher Jullien,Toulouse FC,yellow
8405185,34,Alexis Blin,Toulouse FC,yellow
8405186,18,Charles Traoré,ESTAC Troyes,yellow
8405186,64,Samuel Grandsir,ESTAC Troyes,yellow
8405186,44,Lassana Coulibaly,Angers SCO,yellow
8405186,45,Enzo Crivelli,Angers SCO,yellow
8405186,62,Thomas Mangani,Angers SCO,yellow
8405186,83,Romain Thomas,Angers SCO,yellow
8405187,72,Nolan Roux,FC Metz,yellow
8405188,38,Hilton,Montpellier HSC,yellow
8405188,35,Luiz Araujo,Lille OSC,yellow
8405188,45,Nicolas Pépé,Lille OSC,yellow
8405188,49,Yves Bissouma,Lille OSC,yellow
8405188,74,Adama Soumaoro,Lille OSC,yellow
8405188,75,Junior Alonso,Lille OSC,yellow
8405188,81,Edgar Ié,Lille OSC,yellow
8405191,62,Romain Genevois,SM Caen,yellow
8405191,68,Adama Mbengue,SM Caen,yellow
8405191,45,Youssouf Sabaly,Girondins Bordeaux,yellow
8405191,83,Théo Pellenard,Girondins Bordeaux,yellow
8405191,88,Alexandre Mendy,Girondins Bordeaux,yellow
8405191,90,Vukašin Jovanović,Girondins Bordeaux,yellow
8405189,22,Jean Michaël Seri,OGC Nizza,yellow
8405189,61,Dante,OGC Nizza,yellow
8405189,70,Marlon,OGC Nizza,yellow-red
8405189,74,Nampalys Mendy,OGC Nizza,yellow
8405189,22,Maxwel Cornet,Olympique Lyon,yellow
8405189,35,Marcelo,Olympique Lyon,yellow
8405189,87,Jordan Ferri,Olympique Lyon,yellow
8405190,71,Dimitri Payet,Olympique Marseille,yellow
8405190,75,Aymen Abdennour,Olympique Marseille,yellow
8405190,30,Franck Tabanou,EA Guingamp,yellow
8405190,83,Félix Eboa Eboa,EA Guingamp,yellow
8405183,9,Jorge,AS Monaco,yellow
8405183,30,Jemerson,AS Monaco,yellow
8405183,51,Almamy Touré,AS Monaco,yellow
8405183,25,Layvin Kurzawa,Paris Saint-Germain,yellow
8405183,45,Neymar,Paris Saint-Germain,yellow
8405183,90,Dani Alves,Paris Saint-Germain,yellow
8405183,90,Yuri,Paris Saint-Germain,yellow
8405200,80,Bakary Koné,RC Strasbourg,yellow
8405200,45,Alexander Djiku,SM Caen,yellow
8405200,51,Romain Genevois,SM Caen,yellow
8405201,78,Mehdi Abeid,Dijon FCO,yellow
8405201,89,Oussema Haddadi,Dijon FCO,yellow
8405201,90,Frédéric Sammaritano,Dijon FCO,yellow
8405197,34,Jonathan Cafú,Girondins Bordeaux,yellow
8405197,38,Vincent Pajot,AS Saint-Étienne,yellow
8405197,64,Saidy Janko,AS Saint-Étienne,yellow
8405193,90,Yannis Salibur,EA Guingamp,yellow
8405193,31,Giovanni Sio,Montpellier HSC,yellow
8405193,61,Pedro Mendes,Montpellier HSC,yellow
8405193,90,Isaac Mbenza,Montpellier HSC,yellow
8405194,15,Nicolas Basin,FC Metz,yellow
8405196,29,François Moubandje,Toulouse FC,yellow
8405196,75,Yannick Cahuzac,Toulouse FC,yellow
8405196,79,Kelvin Amian Adou,Toulouse FC,red
8405196,90,Max Gradel,Toulouse FC,yellow
8405196,40,Dante,OGC Nizza,yellow-red
8405196,48,Maxime Le Marchand,OGC Nizza,yellow
8405196,58,Christophe Jallet,OGC Nizza,yellow
8405198,46,Fodé Toure,Lille OSC,yellow
8405202,43,Hamari Traoré,Stade Rennes,yellow
8405199,60,Adama Niane,ESTAC Troyes,yellow
8405205,50,Fouad Chafik,Dijon FCO,yellow
8405205,57,Benjamin Jeannot,Dijon FCO,yellow
8405205,60,Valentín Vada,Girondins Bordeaux,yellow
8405205,90,Jaroslav Plašil,Girondins Bordeaux,yellow
8405210,50,Nuno Da Costa,RC Strasbourg,yellow
8405210,90,Idriss Saâdi,RC Strasbourg,yellow
8405210,90,Dimitri Liénard,RC Strasbourg,yellow
8405210,90,Jonas Martin,RC Strasbourg,yellow
8405210,44,Yuri,Paris Saint-Germain,yellow
8405210,90,Neymar,Paris Saint-Germain,yellow
8405210,90,Presnel Kimpembe,Paris Saint-Germain,yellow
8405203,49,Kévin NDoram,AS Monaco,yellow
8405203,87,João Moutinho,AS Monaco,yellow
8405203,90,Danijel Subašić,AS Monaco,yellow
8405203,47,Thomas Mangani,Angers SCO,yellow
8405203,57,Enzo Crivelli,Angers SCO,yellow
8405203,84,Angelo Fulgini,Angers SCO,yellow
8405206,44,Christophe Hérelle,ESTAC Troyes,yellow
8405206,45,François Bellugou,ESTAC Troyes,red
8405206,90,Charles Traoré,ESTAC Troyes,yellow
8405206,62,Ludovic Blas,EA Guingamp,yellow-red
8405208,38,Balliu,FC Metz,yellow
8405208,76,Opa Nguette,FC Metz,yellow
8405209,45,Adama Soumaoro,Lille OSC,yellow
8405209,81,Farès Bahlouli,Lille OSC,yellow
8405209,49,Quentin Boisgard,Toulouse FC,yellow
8405209,61,Alexis Blin,Toulouse FC,yellow
8405209,71,Steeve Yago,Toulouse FC,yellow
8405212,59,James Lea Siliki,Stade Rennes,yellow
8405212,27,Thomas Monconduit,Amiens SC,yellow
8405212,40,Bongani Zungu,Amiens SC,yellow
8405212,50,Issa Cissokho,Amiens SC,yellow
8405212,52,Harisson Manzala,Amiens SC,yellow
8405212,56,Avelar,Amiens SC,yellow
8405204,50,Saidy Janko,AS Saint-Étienne,yellow
8405204,59,Léo Lacroix,AS Saint-Étienne,yellow
8405204,80,Ole Selnæs,AS Saint-Étienne,yellow
8405204,89,Bryan Dabo,AS Saint-Étienne,yellow
8405204,73,Chidozie Awaziem,FC Nantes,yellow
8405211,60,Adama Mbengue,SM Caen,yellow
8405211,36,Nabil Fekir,Olympique Lyon,yellow
8405211,59,Mariano,Olympique Lyon,yellow
8405211,90,Rafael,Olympique Lyon,yellow
8405207,2,Paul Lasne,Montpellier HSC,yellow
8405207,32,Nordi Mukiele,Montpellier HSC,yellow
8405207,42,Stéphane Sessegnon,Montpellier HSC,yellow
8405207,45,Pedro Mendes,Montpellier HSC,yellow
8405207,20,Dimitri Payet,Olympique Marseille,yellow
8405207,52,Jordan Amavi,Olympique Marseille,yellow
8405218,11,Otavio,Girondins Bordeaux,yellow
8405218,57,Jérémy Toulalan,Girondins Bordeaux,yellow
8405218,59,Younousse Sankharé,Girondins Bordeaux,yellow
8405218,18,Ernest Seka,RC Strasbourg,yellow
8405220,66,Marco Verratti,Paris Saint-Germain,yellow
8405220,75,Dani Alves,Paris Saint-Germain,yellow
8405220,79,Yassine Benzia,Lille OSC,yellow
8405220,90,Edgar Ié,Lille OSC,yellow
8405213,21,Kamil Glik,AS Monaco,yellow
8405213,42,Jorge,AS Monaco,yellow
8405213,72,Radamel Falcao,AS Monaco,yellow
8405213,72,Fabinho,AS Monaco,yellow
8405213,7,Hyun-jun Suk,ESTAC Troyes,yellow
8405213,64,Stéphane Darbion,ESTAC Troyes,yellow
8405213,72,Christophe Hérelle,ESTAC Troyes,yellow
8405213,72,Adama Niane,ESTAC Troyes,yellow
8405213,90,Oswaldo Vizcarrondo,ESTAC Troyes,yellow
8405214,12,Oussema Haddadi,Dijon FCO,red
8405215,5,Fallou Diagné,FC Metz,yellow
8405215,34,Chris Philipps,FC Metz,yellow
8405215,73,Ibrahima Niane,FC Metz,yellow
8405215,16,Adrien Hunou,Stade Rennes,yellow
8405215,28,James Lea Siliki,Stade Rennes,yellow
8405215,56,Joris Gnagnon,Stade Rennes,yellow
8405217,13,Issa Diop,Toulouse FC,yellow
8405217,68,Alexander Djiku,SM Caen,yellow
8405217,88,Damien Da Silva,SM Caen,yellow
8405222,10,Pierrick Capelle,Angers SCO,yellow
8405222,32,Ismaël Traoré,Angers SCO,yellow
8405222,83,Mateo Pavlović,Angers SCO,yellow
8405222,25,Hilton,Montpellier HSC,yellow
8405222,42,Salomon Sambia,Montpellier HSC,yellow
8405221,27,Thomas Monconduit,Amiens SC,yellow
8405221,85,Nabil Fekir,Olympique Lyon,yellow
8405221,88,Lucas Tousart,Olympique Lyon,yellow
8405216,68,Diego Carlos,FC Nantes,yellow
8405216,21,Pierre Lees-Melou,OGC Nizza,yellow
8405216,37,Adrien Tameze,OGC Nizza,yellow
8405216,40,Mario Balotelli,OGC Nizza,yellow
8405216,85,Arnaud Souquet,OGC Nizza,yellow
8405219,21,Aymen Abdennour,Olympique Marseille,yellow
8405219,30,Bryan Dabo,AS Saint-Étienne,yellow
8405219,51,Ronaël Pierre-Gabriel,AS Saint-Étienne,red
8405219,60,Léo Lacroix,AS Saint-Étienne,yellow
8405223,53,Stéphane Ruffier,AS Saint-Étienne,red
8405223,73,Vincent Pajot,AS Saint-Étienne,yellow
8405232,32,Hamari Traoré,Stade Rennes,yellow
8405232,63,Benjamin André,Stade Rennes,yellow-red
8405232,78,Wahbi Khazri,Stade Rennes,yellow
8405232,73,Giovani Lo Celso,Paris Saint-Germain,yellow
8405232,89,Presnel Kimpembe,Paris Saint-Germain,yellow-red
8405224,80,Jordan Marié,Dijon FCO,yellow
8405224,88,Luiz Araujo,Lille OSC,yellow
8405225,45,Karim Azamoum,ESTAC Troyes,yellow
8405225,74,Hyun-jun Suk,ESTAC Troyes,yellow
8405225,83,Mathieu Deplagne,ESTAC Troyes,yellow
8405225,90,Adama Niane,ESTAC Troyes,yellow
8405225,56,Khaled Adenon,Amiens SC,yellow
8405225,76,Moussa Konaté,Amiens SC,yellow
8405227,80,Paul Lasne,Montpellier HSC,yellow
8405227,66,Jonathan Rivierez,FC Metz,yellow
8405227,76,Nolan Roux,FC Metz,yellow
8405230,29,Kader Mangane,RC Strasbourg,yellow
8405230,48,Bakary Koné,RC Strasbourg,yellow
8405230,19,Christopher Jullien,Toulouse FC,yellow
8405230,23,Max Gradel,Toulouse FC,yellow
8405230,40,Yannick Cahuzac,Toulouse FC,yellow
8405230,59,Giannelli Imbula,Toulouse FC,yellow
8405231,57,Frédéric Guilbert,SM Caen,yellow
8405231,59,Damien Da Silva,SM Caen,yellow
8405231,12,Moustapha Diallo,EA Guingamp,yellow
8405231,38,Lucas Deaux,EA Guingamp,yellow
8405231,69,Marcus Coco,EA Guingamp,yellow
8405231,72,Rebocho,EA Guingamp,yellow
8405226,13,Andrei,FC Nantes,yellow
8405226,68,Yacine Bammou,FC Nantes,yellow-red
8405226,9,Romain Thomas,Angers SCO,yellow
8405226,25,Flavien Tait,Angers SCO,yellow
8405226,63,Enzo Crivelli,Angers SCO,yellow
8405228,42,Mario Balotelli,OGC Nizza,yellow
8405228,80,Maxime Poundje,Girondins Bordeaux,yellow
8405228,82,Vukašin Jovanović,Girondins Bordeaux,yellow
8405229,26,Rolando,Olympique Marseille,yellow
8405229,66,Maxime Lopez,Olympique Marseille,yellow
8405233,58,Djibril Sidibé,AS Monaco,yellow
8405233,64,Fabinho,AS Monaco,yellow
8405233,90,Kamil Glik,AS Monaco,yellow
8405233,49,Jérémy Gelin,Stade Rennes,yellow
8405233,88,Joris Gnagnon,Stade Rennes,yellow
8405234,45,Lucas Deaux,EA Guingamp,yellow
8405234,88,Nicolas Benezet,EA Guingamp,yellow
8405234,90,Jimmy Briand,EA Guingamp,yellow
8405234,17,Bryan Dabo,AS Saint-Étienne,yellow
8405234,24,Alexander Søderlund,AS Saint-Étienne,red
8405234,29,Cheikh MBengue,AS Saint-Étienne,yellow
8405235,52,Julien Palmieri,FC Metz,yellow
8405235,54,Moussa Niakhate,FC Metz,yellow
8405235,62,Florent Mollet,FC Metz,yellow
8405235,77,Jonathan Rivierez,FC Metz,yellow
8405235,63,Kenny Lala,RC Strasbourg,yellow
8405240,23,Alban Lafont,Toulouse FC,yellow
8405240,55,Giannelli Imbula,Toulouse FC,yellow
8405240,72,Ibrahim Sangaré,Toulouse FC,yellow
8405240,43,Mariano,Olympique Lyon,yellow
8405240,74,Jordan Ferri,Olympique Lyon,yellow
8405241,28,Théo Pellenard,Girondins Bordeaux,yellow
8405241,56,Malcom,Girondins Bordeaux,yellow
8405241,86,Jaroslav Plašil,Girondins Bordeaux,yellow
8405241,16,Giovanni Sio,Montpellier HSC,yellow
8405241,51,Facundo Píriz,Montpellier HSC,yellow
8405241,79,Ellyes Skhiri,Montpellier HSC,yellow
8405242,54,Florian Thauvin,Olympique Marseille,yellow
8405243,19,Thiago Maia,Lille OSC,yellow
8405243,44,Edgar Ié,Lille OSC,yellow
8405243,54,Marlon,OGC Nizza,yellow
8405243,61,Bassem Srarfi,OGC Nizza,yellow
8405243,80,Nampalys Mendy,OGC Nizza,yellow
8405243,90,Vincent Koziello,OGC Nizza,yellow
8405244,19,Yuri,Paris Saint-Germain,yellow
8405244,90,Thiago Silva,Paris Saint-Germain,yellow
8405244,13,Stef Peeters,SM Caen,yellow
8405244,36,Jonathan Delaplace,SM Caen,yellow
8405245,13,Prince Gouano,Amiens SC,yellow
8405245,79,Harisson Manzala,Amiens SC,yellow
8405245,86,Oualid El Hajjam,Amiens SC,yellow
8405245,40,Lucas Lima,FC Nantes,yellow
8405245,89,Léo Dubois,FC Nantes,yellow
8405246,32,Mehdi Tahrat,Angers SCO,yellow
8405246,45,Angelo Fulgini,Angers SCO,yellow
8405246,79,Thomas Mangani,Angers SCO,yellow
8405246,24,Wesley Saïd,Dijon FCO,yellow
8405246,54,Xeka,Dijon FCO,yellow
8405246,90,Ádám Lang,Dijon FCO,yellow-red
8405254,15,Anthony Gonçalves,RC Strasbourg,yellow
8405254,14,Moustapha Diallo,EA Guingamp,yellow
8405254,34,Rebocho,EA Guingamp,yellow
8405256,35,Benjamin André,Stade Rennes,yellow
8405256,63,Luiz Gustavo,Olympique Marseille,yellow
8405256,65,Morgan Sanson,Olympique Marseille,yellow
8405248,38,Benjamin Jeannot,Dijon FCO,yellow
8405248,65,Florent Balmont,Dijon FCO,yellow
8405248,90,Papy Djilobodji,Dijon FCO,red
8405248,27,Fallou Diagné,FC Metz,yellow
8405248,78,Vahid Selimović,FC Metz,yellow
8405249,39,Oswaldo Vizcarrondo,ESTAC Troyes,yellow
8405249,59,François Bellugou,ESTAC Troyes,yellow
8405249,65,Charles Traoré,ESTAC Troyes,yellow
8405249,86,Mathieu Deplagne,ESTAC Troyes,yellow
8405251,30,Ellyes Skhiri,Montpellier HSC,yellow
8405251,72,Pedro Mendes,Montpellier HSC,yellow
8405251,85,Ruben Aguilar,Montpellier HSC,yellow
8405251,89,Hilton,Montpellier HSC,yellow
8405251,90,Keagan Dolly,Montpellier HSC,yellow
8405251,61,Jorge,AS Monaco,yellow
8405252,37,Patrick Burner,OGC Nizza,yellow
8405255,36,Alexander Djiku,SM Caen,yellow
8405255,43,Youssef Aït Bennasser,SM Caen,yellow
8405255,44,Rémy Vercoutre,SM Caen,red
8405255,68,Damien Da Silva,SM Caen,yellow
8405255,41,Thiago Maia,Lille OSC,yellow
8405255,53,Fodé Toure,Lille OSC,red
8405255,62,Yassine Benzia,Lille OSC,yellow
8405255,69,Boubakary Soumaré,Lille OSC,yellow
8405247,46,Gabriel Silva,AS Saint-Étienne,yellow
8405247,80,Bryan Dabo,AS Saint-Étienne,yellow
8405247,38,Max Gradel,Toulouse FC,yellow
8405247,45,Andy Delort,Toulouse FC,yellow
8405247,90,Kelvin Amian Adou,Toulouse FC,yellow
8405253,21,Lucas Tousart,Olympique Lyon,yellow
8405253,53,Rafael,Olympique Lyon,yellow
8405253,39,Abdoulaye Bamba,Angers SCO,yellow
8405253,45,Angelo Fulgini,Angers SCO,yellow
8405253,84,Flavien Tait,Angers SCO,yellow-red
8405250,37,Nicolas Pallois,FC Nantes,yellow
8405250,90,Diego Carlos,FC Nantes,yellow-red
8405250,15,Marco Verratti,Paris Saint-Germain,yellow
8405250,60,Dani Alves,Paris Saint-Germain,yellow
8405261,2,Nicolas de Préville,Girondins Bordeaux,yellow
8405261,9,Jérémy Toulalan,Girondins Bordeaux,yellow
8405261,85,Zaydou Youssouf,Girondins Bordeaux,yellow
8405261,89,Paul Baysse,Girondins Bordeaux,red
8405261,24,Timo Stavitski,SM Caen,yellow
8405261,31,Vincent Bessat,SM Caen,yellow
8405261,52,Frédéric Guilbert,SM Caen,yellow
8405261,67,Alexander Djiku,SM Caen,yellow
8405261,83,Baïssama Sankoh,SM Caen,yellow
8405262,39,Adil Rami,Olympique Marseille,yellow
8405262,78,André Zambo,Olympique Marseille,yellow
8405262,30,Anthony Gonçalves,RC Strasbourg,yellow
8405262,61,Jean-Eudes Aholou,RC Strasbourg,yellow
8405262,83,Jonas Martin,RC Strasbourg,yellow
8405257,18,Kamil Glik,AS Monaco,yellow
8405257,53,Keita Baldé,AS Monaco,yellow
8405257,63,João Moutinho,AS Monaco,yellow
8405257,75,Adama Diakhaby,AS Monaco,yellow
8405257,34,Wylan Cyprien,OGC Nizza,yellow
8405257,57,Maxime Le Marchand,OGC Nizza,yellow
8405257,61,Mario Balotelli,OGC Nizza,yellow
8405258,39,Moustapha Diallo,EA Guingamp,yellow
8405258,45,Franck Tabanou,EA Guingamp,yellow
8405258,9,Tanguy NDombèlé,Olympique Lyon,yellow
8405258,18,Lucas Tousart,Olympique Lyon,yellow
8405259,37,Renaud Cohade,FC Metz,yellow
8405259,12,Jessy Moulin,AS Saint-Étienne,yellow
8405259,37,Bryan Dabo,AS Saint-Étienne,yellow
8405259,85,Hernani,AS Saint-Étienne,yellow-red
8405260,5,Issa Diop,Toulouse FC,yellow
8405260,40,Ibrahim Sangaré,Toulouse FC,yellow
8405260,60,Issiaga Sylla,Toulouse FC,yellow
8405260,14,Rene Krhin,FC Nantes,yellow
8405260,38,Abdoulaye Touré,FC Nantes,yellow
8405260,54,Diego Carlos,FC Nantes,yellow
8405260,90,Andrei,FC Nantes,yellow
8405263,90,Junior Alonso,Lille OSC,yellow
8405265,49,Moussa Konaté,Amiens SC,yellow
8405265,90,Mathieu Bodmer,Amiens SC,yellow
8405265,52,Paul Lasne,Montpellier HSC,yellow
8405266,8,Adama Niane,ESTAC Troyes,yellow
8405266,61,Oswaldo Vizcarrondo,ESTAC Troyes,yellow
8405266,72,Mathieu Deplagne,ESTAC Troyes,yellow
8405266,84,Jimmy Giraudon,ESTAC Troyes,yellow
8405266,90,François Bellugou,ESTAC Troyes,yellow
8405264,63,Eden Massouema,Dijon FCO,yellow
8405275,38,Frédéric Guilbert,SM Caen,yellow
8405275,58,Damien Da Silva,SM Caen,yellow
8405275,29,Bouna Sarr,Olympique Marseille,yellow
8405275,42,Rolando,Olympique Marseille,yellow
8405275,53,Florian Thauvin,Olympique Marseille,yellow
8405269,88,Nicolas Pallois,FC Nantes,yellow
8405269,36,Gaëtan Laborde,Girondins Bordeaux,yellow
8405269,80,Lukas Lerager,Girondins Bordeaux,yellow
8405268,45,Yassine Benzia,Lille OSC,yellow
8405268,77,Luiz Araujo,Lille OSC,yellow
8405270,53,Paul Lasne,Montpellier HSC,yellow
8405270,17,Christopher Jullien,Toulouse FC,yellow
8405270,41,Max Gradel,Toulouse FC,red
8405270,45,Issiaga Sylla,Toulouse FC,yellow
8405270,72,Andy Delort,Toulouse FC,yellow
8405270,80,Alban Lafont,Toulouse FC,yellow
8405273,72,Dimitri Liénard,RC Strasbourg,yellow
8405273,18,Baptiste Reynet,Dijon FCO,yellow
8405274,62,Yannis Salibur,EA Guingamp,yellow
8405274,62,Christophe Kerbrat,EA Guingamp,yellow
8405276,6,Benjamin André,Stade Rennes,yellow
8405276,8,Ramy Bensebaini,Stade Rennes,yellow
8405276,25,Hamari Traoré,Stade Rennes,yellow
8405276,39,Prince Oniangué,Angers SCO,yellow-red
8405276,43,Thomas Mangani,Angers SCO,yellow
8405276,75,Yoann Andreu,Angers SCO,yellow
8405276,90,Mateo Pavlović,Angers SCO,yellow
8405271,19,Pierre Lees-Melou,OGC Nizza,yellow
8405271,59,Jean Michaël Seri,OGC Nizza,yellow
8405271,70,Mario Balotelli,OGC Nizza,yellow
8405271,73,Assane Dioussé,AS Saint-Étienne,yellow
8405267,65,Andrea Raggi,AS Monaco,yellow
8405267,41,Moussa Niakhate,FC Metz,yellow
8405267,50,Eiji Kawashima,FC Metz,red
8405272,60,Ferland Mendy,Olympique Lyon,yellow
8405272,90,Memphis Depay,Olympique Lyon,yellow
8405272,53,Giovani Lo Celso,Paris Saint-Germain,yellow
8405272,57,Dani Alves,Paris Saint-Germain,red
8405272,77,Marco Verratti,Paris Saint-Germain,yellow
8405272,80,Edinson Cavani,Paris Saint-Germain,yellow
8405278,13,Florent Balmont,Dijon FCO,yellow
8405278,43,Valentin Rosier,Dijon FCO,yellow
8405278,52,Mehdi Abeid,Dijon FCO,yellow
8405278,34,Wahbi Khazri,Stade Rennes,yellow
8405278,89,Benjamin André,Stade Rennes,yellow
8405285,12,Edinson Cavani,Paris Saint-Germain,yellow
8405285,39,Pedro Mendes,Montpellier HSC,yellow
8405285,55,Ellyes Skhiri,Montpellier HSC,yellow
8405277,64,Yann MVila,AS Saint-Étienne,yellow
8405277,90,Gabriel Silva,AS Saint-Étienne,yellow
8405277,83,Stef Peeters,SM Caen,yellow
8405279,50,Moustapha Diallo,EA Guingamp,yellow
8405279,64,Jordan Ikoko,EA Guingamp,yellow
8405279,17,Diego Carlos,FC Nantes,yellow
8405279,30,Rene Krhin,FC Nantes,yellow
8405279,40,Nicolas Pallois,FC Nantes,yellow
8405280,33,Fallou Diagné,FC Metz,yellow
8405280,51,Nolan Roux,FC Metz,yellow
8405280,57,Moussa Niakhate,FC Metz,yellow
8405280,67,Renaud Cohade,FC Metz,yellow
8405280,15,Jean Michaël Seri,OGC Nizza,yellow
8405280,31,Patrick Burner,OGC Nizza,yellow
8405280,38,Pierre Lees-Melou,OGC Nizza,red
8405280,45,Mario Balotelli,OGC Nizza,yellow
8405280,79,Dante,OGC Nizza,yellow
8405280,87,Ignatius Ganago,OGC Nizza,yellow
8405281,47,Ibrahim Sangaré,Toulouse FC,yellow
8405281,3,Jimmy Giraudon,ESTAC Troyes,red
8405281,38,Gabriel,ESTAC Troyes,yellow
8405281,44,Oswaldo Vizcarrondo,ESTAC Troyes,yellow
8405281,87,Karim Azamoum,ESTAC Troyes,yellow
8405281,90,Jonathan Tinhan,ESTAC Troyes,yellow
8405286,60,Mateo Pavlović,Angers SCO,yellow
8405286,37,Bakaye Dibassy,Amiens SC,yellow
8405286,54,Bongani Zungu,Amiens SC,yellow
8405286,90,Khaled Adenon,Amiens SC,yellow
8405284,28,Yves Dabila,Lille OSC,yellow
8405284,52,Kenny Lala,RC Strasbourg,yellow
8405282,61,Nicolas de Préville,Girondins Bordeaux,yellow
8405282,76,Otavio,Girondins Bordeaux,yellow-red
8405282,11,Nabil Fekir,Olympique Lyon,yellow
8405282,19,Rafael,Olympique Lyon,yellow
8405282,84,Marcelo,Olympique Lyon,yellow
8405283,36,Dimitri Payet,Olympique Marseille,yellow
8405283,70,Morgan Sanson,Olympique Marseille,yellow
8405283,85,Bouna Sarr,Olympique Marseille,yellow
8405283,33,Kamil Glik,AS Monaco,yellow
8405283,45,Rachid Ghezzal,AS Monaco,yellow
8405291,44,Bouna Sarr,Olympique Marseille,yellow
8405292,74,Junior Alonso,Lille OSC,yellow
8405292,56,Marco Verratti,Paris Saint-Germain,yellow
8405289,5,Baptiste Santamaría,Angers SCO,yellow
8405289,75,Ismaël Traoré,Angers SCO,yellow
8405290,52,Racine Coly,OGC Nizza,yellow
8405290,59,Adrien Tameze,OGC Nizza,yellow
8405290,21,Yaya Sanogo,Toulouse FC,yellow
8405290,61,Clément Michelin,Toulouse FC,yellow
8405293,25,Jérémy Grimm,RC Strasbourg,yellow
8405293,5,Maxime Poundje,Girondins Bordeaux,yellow
8405293,30,Pablo Castro,Girondins Bordeaux,yellow
8405293,48,Younousse Sankharé,Girondins Bordeaux,yellow
8405293,90,Martin Braithwaite,Girondins Bordeaux,yellow
8405294,24,Moussa Konaté,Amiens SC,yellow
8405294,54,Khaled Adenon,Amiens SC,yellow
8405294,57,Jonathan Bamba,AS Saint-Étienne,yellow
8405296,10,Joris Gnagnon,Stade Rennes,yellow
8405296,27,Hamari Traoré,Stade Rennes,yellow
8405296,4,Félix Eboa Eboa,EA Guingamp,yellow
8405296,31,Marcus Coco,EA Guingamp,yellow
8405296,47,Christophe Kerbrat,EA Guingamp,yellow
8405296,87,Jimmy Briand,EA Guingamp,yellow
8405295,22,Alexander Djiku,SM Caen,yellow
8405295,33,Léo Dubois,FC Nantes,yellow
8405295,48,Diego Carlos,FC Nantes,yellow
8405287,44,Keita Baldé,AS Monaco,yellow-red
8405287,90,Seydou Sy,AS Monaco,yellow
8405287,31,Kenny Tete,Olympique Lyon,yellow
8405287,35,Ferland Mendy,Olympique Lyon,yellow
8405287,41,Tanguy NDombèlé,Olympique Lyon,yellow
8405288,28,Bryan Pelé,ESTAC Troyes,yellow
8405288,84,Chaouki Ben Saada,ESTAC Troyes,yellow
8405288,84,Oussema Haddadi,Dijon FCO,yellow
8405302,40,Corentin Jean,Toulouse FC,yellow
8405302,41,Max Gradel,Toulouse FC,yellow
8405302,45,Yaya Sanogo,Toulouse FC,yellow
8405302,59,Steeve Yago,Toulouse FC,yellow
8405302,20,Adrien Rabiot,Paris Saint-Germain,yellow
8405302,55,Lassana Diarra,Paris Saint-Germain,yellow
8405298,33,Papy Djilobodji,Dijon FCO,yellow
8405298,80,Romain Amalfitano,Dijon FCO,yellow
8405298,42,Dante,OGC Nizza,yellow
8405298,74,Mario Balotelli,OGC Nizza,yellow
8405298,80,Marlon,OGC Nizza,yellow
8405299,34,Jimmy Briand,EA Guingamp,yellow
8405299,56,Baïssama Sankoh,SM Caen,yellow
8405299,87,Romain Genevois,SM Caen,yellow
8405300,36,Georges Mandjeck,FC Metz,yellow
8405300,75,Julien Palmieri,FC Metz,yellow
8405300,26,Nordi Mukiele,Montpellier HSC,yellow
8405303,50,Thomas Monconduit,Amiens SC,yellow
8405306,13,Romain Thomas,Angers SCO,yellow
8405305,37,Anthony Gonçalves,RC Strasbourg,yellow
8405305,47,Jonas Martin,RC Strasbourg,yellow
8405305,28,François Bellugou,ESTAC Troyes,yellow
8405305,90,Christophe Hérelle,ESTAC Troyes,yellow
8405301,43,Yassine Benzia,Lille OSC,yellow
8405304,58,Bertrand Traoré,Olympique Lyon,yellow
8405304,58,Nabil Fekir,Olympique Lyon,yellow
8405304,7,Hamari Traoré,Stade Rennes,yellow
8405307,39,Youri Tielemans,AS Monaco,yellow
8405307,56,Kamil Glik,AS Monaco,yellow
8405307,65,Cédric Yamberé,Dijon FCO,yellow
8405313,24,Dani Alves,Paris Saint-Germain,yellow
8405313,68,Thiago Silva,Paris Saint-Germain,yellow
8405313,45,Nuno Da Costa,RC Strasbourg,yellow
8405313,57,Dimitri Foulquier,RC Strasbourg,yellow
8405313,74,Kenny Lala,RC Strasbourg,yellow
8405308,58,Jimmy Giraudon,ESTAC Troyes,yellow
8405308,34,Julien Palmieri,FC Metz,yellow
8405308,84,Georges Mandjeck,FC Metz,yellow
8405309,72,Paul Lasne,Montpellier HSC,yellow
8405309,32,Clément Grenier,EA Guingamp,yellow
8405314,44,Oualid El Hajjam,Amiens SC,yellow
8405314,76,Guessouma Fofana,Amiens SC,red
8405315,47,Flavien Tait,Angers SCO,yellow
8405315,34,Ole Selnæs,AS Saint-Étienne,yellow
8405315,57,Rémy Cabella,AS Saint-Étienne,yellow
8405316,58,Ismaël Diomandé,SM Caen,yellow
8405316,87,Enzo Crivelli,SM Caen,yellow
8405310,63,Alassane Pléa,OGC Nizza,yellow
8405310,77,Pierre Lees-Melou,OGC Nizza,yellow
8405312,28,Rafael,Olympique Lyon,yellow
8405312,60,Mouctar Diakhaby,Olympique Lyon,yellow
8405312,87,Nabil Fekir,Olympique Lyon,yellow
8405312,90,Houssem Aouar,Olympique Lyon,yellow
8405311,60,André Zambo,Olympique Marseille,yellow
8405311,81,Lucas Ocampos,Olympique Marseille,yellow
8405311,42,Lukas Lerager,Girondins Bordeaux,yellow
8405311,86,Martin Braithwaite,Girondins Bordeaux,yellow
8405325,37,Stéphane Bahoken,RC Strasbourg,yellow
8405325,81,Pablo Martinez,RC Strasbourg,yellow
8405325,31,Hilton,Montpellier HSC,yellow
8405325,35,Giovanni Sio,Montpellier HSC,yellow
8405325,39,Pedro Mendes,Montpellier HSC,yellow
8405320,85,Andy Delort,Toulouse FC,yellow
8405320,83,Thomas Lemar,AS Monaco,yellow
8405320,90,Fabinho,AS Monaco,yellow
8405320,90,Stevan Jovetić,AS Monaco,yellow
8405317,11,Florent Balmont,Dijon FCO,yellow
8405317,34,Damien Da Silva,SM Caen,yellow
8405317,45,Ivan Santini,SM Caen,yellow
8405317,70,Julien Féret,SM Caen,yellow
8405317,89,Frédéric Guilbert,SM Caen,yellow
8405318,31,Yeni NGbakoto,EA Guingamp,yellow
8405318,76,Yannis Salibur,EA Guingamp,yellow
8405318,77,Jordan Ikoko,EA Guingamp,yellow
8405318,20,Balliu,FC Metz,yellow
8405318,45,Georges Mandjeck,FC Metz,yellow
8405318,69,Vahid Selimović,FC Metz,yellow
8405318,83,Mathieu Dossevi,FC Metz,yellow
8405319,11,Andrei,FC Nantes,yellow
8405319,61,Nicolas Pallois,FC Nantes,yellow
8405319,38,Thomas Monconduit,Amiens SC,yellow
8405319,67,Gaël Kakuta,Amiens SC,yellow
8405323,80,Thomas Mangani,Angers SCO,yellow
8405323,82,Pierrick Capelle,Angers SCO,yellow
8405326,56,Ismaïla Sarr,Stade Rennes,yellow
8405326,57,Sanjin Prcić,Stade Rennes,yellow
8405326,78,Benjamin André,Stade Rennes,yellow
8405326,43,François Bellugou,ESTAC Troyes,yellow
8405326,90,Charles Traoré,ESTAC Troyes,red
8405321,78,Valentín Vada,Girondins Bordeaux,yellow
8405321,78,Pablo Castro,Girondins Bordeaux,yellow
8405321,26,Racine Coly,OGC Nizza,yellow
8405321,38,Jean-Victor Makengo,OGC Nizza,yellow
8405322,77,Mariano,Olympique Lyon,yellow
8405322,42,Ole Selnæs,AS Saint-Étienne,yellow
8405322,84,Neven Subotić,AS Saint-Étienne,yellow
8405322,90,Romain Hamouma,AS Saint-Étienne,yellow
8405324,34,Thiago Silva,Paris Saint-Germain,yellow
8405324,45,Edinson Cavani,Paris Saint-Germain,yellow
8405324,58,Lassana Diarra,Paris Saint-Germain,yellow
8405324,75,Dani Alves,Paris Saint-Germain,yellow
8405324,80,Thiago Motta,Paris Saint-Germain,yellow
8405324,89,Ángel Di María,Paris Saint-Germain,yellow
8405324,20,Lucas Ocampos,Olympique Marseille,yellow
8405324,33,Rolando,Olympique Marseille,yellow
8405324,49,Valère Germain,Olympique Marseille,yellow
8405324,60,Jordan Amavi,Olympique Marseille,yellow
8405324,75,Clinton NJie,Olympique Marseille,yellow
8405332,21,Marlon,OGC Nizza,yellow
8405332,28,Wylan Cyprien,OGC Nizza,yellow
8405332,73,Racine Coly,OGC Nizza,yellow
8405332,35,Lebo Mothiba,Lille OSC,yellow
8405327,73,Zaydou Youssouf,Girondins Bordeaux,yellow
8405329,36,Hyun-jun Suk,ESTAC Troyes,yellow
8405329,55,Karim Azamoum,ESTAC Troyes,yellow
8405329,78,Erwin Zelazny,ESTAC Troyes,yellow
8405329,67,Lassana Diarra,Paris Saint-Germain,yellow
8405328,38,Papy Djilobodji,Dijon FCO,yellow
8405328,53,Romain Amalfitano,Dijon FCO,yellow
8405328,73,Wesley Lautoa,Dijon FCO,yellow
8405328,89,Júlio Tavares,Dijon FCO,yellow
8405330,43,Julien Palmieri,FC Metz,red
8405330,18,Corentin Jean,Toulouse FC,yellow
8405330,45,François Moubandje,Toulouse FC,yellow
8405330,87,Ola Toivonen,Toulouse FC,yellow
8405330,90,Jimmy Durmaz,Toulouse FC,yellow
8405334,14,Lacina Traoré,Amiens SC,yellow
8405334,39,Julien Ielsch,Amiens SC,yellow
8405334,2,James Lea Siliki,Stade Rennes,yellow
8405334,78,Wahbi Khazri,Stade Rennes,yellow
8405334,90,Hamari Traoré,Stade Rennes,yellow
8405335,83,Gilles Sunu,Angers SCO,yellow
8405335,6,Étienne Didot,EA Guingamp,yellow
8405336,50,Ronny Rodelin,SM Caen,yellow
8405336,79,Jessy Deminguet,SM Caen,yellow
8405336,83,Enzo Crivelli,SM Caen,yellow
8405336,86,Durel Avounou,SM Caen,yellow
8405336,55,Kenny Lala,RC Strasbourg,yellow
8405336,86,Jérémy Blayac,RC Strasbourg,yellow
8405331,27,Nordi Mukiele,Montpellier HSC,yellow
8405331,60,Ellyes Skhiri,Montpellier HSC,yellow
8405331,50,Marcelo,Olympique Lyon,yellow
8405331,65,Memphis Depay,Olympique Lyon,yellow
8405333,4,Luiz Gustavo,Olympique Marseille,yellow
8405333,55,Adil Rami,Olympique Marseille,yellow
8405333,69,Jordan Amavi,Olympique Marseille,yellow
8405333,35,Léo Dubois,FC Nantes,yellow
8405333,87,Andrei,FC Nantes,yellow
8405333,90,Nicolas Pallois,FC Nantes,yellow-red
8405345,68,Rony Lopes,AS Monaco,yellow
8405344,40,Fallou Diagné,FC Metz,yellow
8405337,64,Arnold Bouka Moutou,Dijon FCO,yellow
8405337,83,Papy Djilobodji,Dijon FCO,yellow
8405337,85,Jordan Marié,Dijon FCO,yellow
8405339,7,Rémi Walter,ESTAC Troyes,yellow
8405343,32,Yassine Benzia,Lille OSC,yellow
8405343,87,Thiago Mendes,Lille OSC,yellow
8405343,34,Daniel Congré,Montpellier HSC,yellow
8405343,87,Pedro Mendes,Montpellier HSC,yellow
8405346,56,Romain Hamouma,AS Saint-Étienne,yellow
8405346,75,Assane Dioussé,AS Saint-Étienne,yellow
8405346,77,Mathieu Debuchy,AS Saint-Étienne,yellow
8405346,89,Loïc Perrin,AS Saint-Étienne,yellow
8405338,40,Jimmy Briand,EA Guingamp,yellow
8405338,61,Franck Tabanou,EA Guingamp,yellow
8405338,75,Jonathan Martins,EA Guingamp,yellow
8405338,28,Ihsan Sacko,OGC Nizza,yellow
8405342,46,Mariano,Olympique Lyon,yellow
8405342,14,Stef Peeters,SM Caen,yellow
8405340,50,Issiaga Sylla,Toulouse FC,yellow
8405340,79,Max Gradel,Toulouse FC,yellow
8405340,86,Steeve Yago,Toulouse FC,yellow
8405340,90,Alban Lafont,Toulouse FC,yellow
8405340,43,André Zambo,Olympique Marseille,yellow
8405340,63,Jordan Amavi,Olympique Marseille,yellow
8405340,90,Dimitri Payet,Olympique Marseille,yellow
8405347,67,João Moutinho,AS Monaco,yellow
8405347,90,Danijel Subašić,AS Monaco,yellow
8405351,34,Pablo Castro,Girondins Bordeaux,yellow
8405351,71,Nicolas de Préville,Girondins Bordeaux,yellow
8405351,45,Benjamin André,Stade Rennes,yellow
8405350,11,Issa Diop,Toulouse FC,yellow
8405350,23,Steeve Yago,Toulouse FC,yellow
8405350,87,Abdallah NDour,RC Strasbourg,yellow
8405352,56,Paul Lasne,Montpellier HSC,yellow
8405352,23,Wesley Saïd,Dijon FCO,yellow
8405352,44,Jordan Marié,Dijon FCO,yellow
8405352,87,Júlio Tavares,Dijon FCO,yellow
8405352,89,Cédric Yamberé,Dijon FCO,yellow
8405355,60,Avelar,Amiens SC,yellow
8405355,90,Christophe Hérelle,ESTAC Troyes,yellow
8405356,78,Baptiste Guillaume,Angers SCO,yellow
8405356,11,Rémy Vercoutre,SM Caen,yellow
8405356,14,Frédéric Guilbert,SM Caen,yellow
8405353,90,Alassane Pléa,OGC Nizza,yellow
8405353,74,Marco Verratti,Paris Saint-Germain,yellow
8405349,13,Jonathan Rivierez,FC Metz,yellow
8405349,54,Fallou Diagné,FC Metz,yellow
8405348,52,Loïc Perrin,AS Saint-Étienne,yellow
8405348,75,Vincent Pajot,AS Saint-Étienne,yellow
8405348,25,Jonathan Martins,EA Guingamp,yellow
8405348,35,Marcus Coco,EA Guingamp,yellow
8405348,65,Marcus Thuram,EA Guingamp,yellow
8405348,79,Moustapha Diallo,EA Guingamp,yellow
8405354,18,Florian Thauvin,Olympique Marseille,yellow
8405354,89,Kostas Mitroglou,Olympique Marseille,yellow
8405354,22,Rafael,Olympique Lyon,yellow
8405354,48,Mariano,Olympique Lyon,yellow
8405354,90,Memphis Depay,Olympique Lyon,yellow
8405363,16,Thiago Motta,Paris Saint-Germain,red
8405363,58,Dani Alves,Paris Saint-Germain,yellow
8405363,34,Abdoulaye Bamba,Angers SCO,yellow
8405363,80,Romain Thomas,Angers SCO,yellow
8405357,10,Frédéric Sammaritano,Dijon FCO,yellow
8405357,90,Cédric Yamberé,Dijon FCO,red
8405357,90,Baptiste Reynet,Dijon FCO,yellow
8405357,62,Lucas Ocampos,Olympique Marseille,yellow
8405357,68,Morgan Sanson,Olympique Marseille,yellow
8405357,84,Bouna Sarr,Olympique Marseille,yellow
8405358,86,Étienne Didot,EA Guingamp,yellow
8405358,7,Maxime Poundje,Girondins Bordeaux,yellow
8405358,58,Otavio,Girondins Bordeaux,yellow
8405359,29,Mathieu Deplagne,ESTAC Troyes,yellow
8405360,56,Adrien Thomasson,FC Nantes,yellow
8405360,61,Valentin Rongier,FC Nantes,yellow
8405360,67,Yacine Bammou,FC Nantes,yellow
8405362,66,Khaled Adenon,Amiens SC,yellow
8405362,76,Issa Cissokho,Amiens SC,yellow
8405364,41,Pablo Martinez,RC Strasbourg,yellow
8405364,56,Jonas Martin,RC Strasbourg,yellow
8405364,64,Abdallah NDour,RC Strasbourg,red
8405364,70,Dimitri Liénard,RC Strasbourg,yellow
8405364,77,Stéphane Bahoken,RC Strasbourg,yellow
8405364,28,Nolan Roux,FC Metz,yellow
8405364,61,Moussa Niakhate,FC Metz,yellow
8405364,77,Vahid Selimović,FC Metz,yellow-red
8405365,29,Hervé Bazile,SM Caen,yellow
8405365,90,Frédéric Guilbert,SM Caen,yellow
8405365,25,Salomon Sambia,Montpellier HSC,yellow
8405365,30,Ellyes Skhiri,Montpellier HSC,yellow
8405361,69,Lucas Tousart,Olympique Lyon,yellow
8405361,77,Yannick Cahuzac,Toulouse FC,yellow
8405366,75,Jemerson,AS Monaco,yellow
8405366,88,Kévin NDoram,AS Monaco,yellow
8405368,67,Ole Selnæs,AS Saint-Étienne,yellow
8405368,29,Layvin Kurzawa,Paris Saint-Germain,yellow
8405368,41,Presnel Kimpembe,Paris Saint-Germain,yellow-red
8405368,44,Javier Pastore,Paris Saint-Germain,yellow
8405368,45,Lassana Diarra,Paris Saint-Germain,yellow
8405367,38,Jorge,AS Monaco,yellow
8405367,58,Kamil Glik,AS Monaco,yellow
8405367,73,Jemerson,AS Monaco,yellow
8405367,90,Danijel Subašić,AS Monaco,yellow
8405367,48,Rene Krhin,FC Nantes,yellow
8405367,87,Léo Dubois,FC Nantes,yellow
8405367,90,Emiliano Sala,FC Nantes,yellow
8405369,3,Moustapha Diallo,EA Guingamp,yellow
8405369,25,Charles Traoré,ESTAC Troyes,yellow
8405371,80,Steven Fortès,Toulouse FC,yellow
8405371,86,Alexis Blin,Toulouse FC,yellow
8405371,35,Valentin Rosier,Dijon FCO,yellow
8405372,72,Maxime Poundje,Girondins Bordeaux,yellow
8405372,24,Hamza Mendyl,Lille OSC,yellow
8405372,63,Thiago Mendes,Lille OSC,yellow-red
8405375,15,Moussa Konaté,Amiens SC,yellow
8405375,34,Gaël Kakuta,Amiens SC,yellow
8405375,72,Bakaye Dibassy,Amiens SC,yellow
8405375,23,Romain Genevois,SM Caen,yellow
8405376,35,Thomas Mangani,Angers SCO,yellow
8405376,49,Pablo Martinez,RC Strasbourg,yellow
8405373,37,Arnaud Souquet,OGC Nizza,yellow
8405373,69,Pierre Lees-Melou,OGC Nizza,yellow
8405373,78,Maxime Le Marchand,OGC Nizza,yellow
8405373,90,Dante,OGC Nizza,yellow
8405373,9,Jérémy Gelin,Stade Rennes,yellow
8405373,45,Wahbi Khazri,Stade Rennes,yellow
8405373,82,Ismaïla Sarr,Stade Rennes,yellow
8405373,90,Benjamin André,Stade Rennes,yellow
8405370,32,Florent Mollet,FC Metz,yellow
8405370,59,Moussa Niakhate,FC Metz,yellow
8405374,76,Lucas Ocampos,Olympique Marseille,yellow
8405374,77,Luiz Gustavo,Olympique Marseille,yellow
8405374,51,Paul Lasne,Montpellier HSC,yellow
8405383,90,Baptiste Guillaume,Angers SCO,yellow
8405383,38,Pierre Lees-Melou,OGC Nizza,yellow
8405383,77,Walter Benítez,OGC Nizza,yellow
8405383,86,Alassane Pléa,OGC Nizza,yellow
8405381,23,Kévin Malcuit,Lille OSC,yellow
8405381,45,Edgar Ié,Lille OSC,yellow
8405381,20,Marcus Coco,EA Guingamp,yellow
8405385,90,Ramy Bensebaini,Stade Rennes,yellow
8405385,15,Jonathan Rivierez,FC Metz,yellow
8405385,48,Vahid Selimović,FC Metz,yellow
8405385,62,Emmanuel Rivière,FC Metz,yellow
8405385,74,Julien Palmieri,FC Metz,yellow
8405436,45,Jérémy Grimm,RC Strasbourg,yellow
8405436,80,Dimitri Foulquier,RC Strasbourg,yellow
8405436,90,Jérémy Blayac,RC Strasbourg,yellow
8405436,90,Rémy Cabella,AS Saint-Étienne,yellow
8405379,43,Giovanni Sio,Montpellier HSC,yellow
8405379,48,Nicolas Cozza,Montpellier HSC,yellow
8405379,56,Paul Lasne,Montpellier HSC,yellow
8405379,3,Jules Koundé,Girondins Bordeaux,yellow
8405379,28,Martin Braithwaite,Girondins Bordeaux,yellow
8405377,27,Jimmy Giraudon,ESTAC Troyes,yellow
8405377,75,Erwin Zelazny,ESTAC Troyes,yellow
8405377,45,Adil Rami,Olympique Marseille,yellow
8405377,60,Dimitri Payet,Olympique Marseille,yellow
8405377,66,Florian Thauvin,Olympique Marseille,yellow
8405382,40,Javier Pastore,Paris Saint-Germain,yellow
8405382,61,Fabinho,AS Monaco,yellow
8405382,61,Andrea Raggi,AS Monaco,yellow
8405382,78,João Moutinho,AS Monaco,yellow
8405384,59,Alexander Djiku,SM Caen,yellow
8405384,90,Frédéric Guilbert,SM Caen,yellow
8405384,90,François Moubandje,Toulouse FC,yellow
8405390,29,Préjuce Nakoulma,FC Nantes,yellow
8405390,43,Adrien Thomasson,FC Nantes,yellow
8405390,43,Andrei,FC Nantes,yellow
8405390,46,Emiliano Sala,FC Nantes,yellow-red
8405390,90,Santy Ngom,FC Nantes,yellow
8405390,68,Diafra Sakho,Stade Rennes,yellow
8405390,71,Sanjin Prcić,Stade Rennes,yellow
8405387,37,Chang-hoon Kwon,Dijon FCO,yellow
8405387,31,Rafael,Olympique Lyon,yellow
8405387,70,Tanguy NDombèlé,Olympique Lyon,yellow
8405394,29,Hamza Mendyl,Lille OSC,yellow
8405388,21,Jemerson,AS Monaco,red
8405388,23,Adama Diakhaby,AS Monaco,yellow
8405388,64,Fabinho,AS Monaco,yellow
8405389,81,Fallou Diagné,FC Metz,yellow
8405389,90,Nolan Roux,FC Metz,yellow
8405389,90,Alexander Djiku,SM Caen,yellow
8405391,30,Yaya Sanogo,Toulouse FC,yellow
8405391,52,Baptiste Santamaría,Angers SCO,yellow
8405391,78,Thomas Touré,Angers SCO,yellow
8405395,22,Issa Cissokho,Amiens SC,yellow
8405395,62,Moussa Konaté,Amiens SC,yellow
8405395,76,Quentin Cornette,Amiens SC,yellow
8405395,79,Harisson Manzala,Amiens SC,yellow
8405395,61,Jean-Eudes Aholou,RC Strasbourg,yellow
8405395,62,Ernest Seka,RC Strasbourg,yellow
8405386,63,François Bellugou,ESTAC Troyes,yellow
8405386,80,Charles Traoré,ESTAC Troyes,yellow
8405392,89,Presnel Kimpembe,Paris Saint-Germain,yellow
8405399,40,Stéphane Ruffier,AS Saint-Étienne,yellow
8405399,90,Paul-Georges Ntep,AS Saint-Étienne,yellow
8405400,59,Jérémy Morel,Olympique Lyon,yellow
8405400,77,Yassine El Ghanassi,FC Nantes,yellow
8405396,87,Moussa Sylla,AS Monaco,yellow
8405396,90,Adama Diakhaby,AS Monaco,red
8405396,70,Oualid El Hajjam,Amiens SC,yellow
8405396,76,Bongani Zungu,Amiens SC,yellow
8405396,90,Prince Gouano,Amiens SC,red
8405397,82,Chaouki Ben Saada,ESTAC Troyes,yellow
8405397,6,Alexander Djiku,SM Caen,yellow
8405397,29,Youssef Aït Bennasser,SM Caen,yellow
8405398,57,Lukas Lerager,Girondins Bordeaux,yellow
8405401,22,Moussa Niakhate,FC Metz,yellow
8405401,86,Fallou Diagné,FC Metz,yellow
8405403,60,Dimitri Liénard,RC Strasbourg,yellow
8405403,64,Ernest Seka,RC Strasbourg,yellow
8405403,29,Marlon,OGC Nizza,yellow
8405403,60,Mario Balotelli,OGC Nizza,yellow
8405403,76,Arnaud Souquet,OGC Nizza,yellow
8405403,79,Jean Michaël Seri,OGC Nizza,yellow
8405405,70,James Lea Siliki,Stade Rennes,yellow-red
8405405,50,Max Gradel,Toulouse FC,yellow
8405404,61,Karl Toko Ekambi,Angers SCO,yellow
8405404,27,Bouna Sarr,Olympique Marseille,yellow
8405404,74,Yohann Pelé,Olympique Marseille,yellow
8405404,90,Luiz Gustavo,Olympique Marseille,yellow
8405402,73,Thiago Silva,Paris Saint-Germain,yellow
8405402,88,Thomas Meunier,Paris Saint-Germain,yellow
8405413,59,Bongani Zungu,Amiens SC,yellow
8405413,83,Guessouma Fofana,Amiens SC,yellow
8405406,45,Ole Selnæs,AS Saint-Étienne,yellow
8405406,88,Paul-Georges Ntep,AS Saint-Étienne,yellow
8405406,68,Lukas Lerager,Girondins Bordeaux,yellow
8405406,85,Igor Lewczuk,Girondins Bordeaux,yellow
8405406,90,Benoît Costil,Girondins Bordeaux,yellow
8405411,4,Lucas Tousart,Olympique Lyon,yellow
8405411,78,Ferland Mendy,Olympique Lyon,yellow
8405411,20,Karim Azamoum,ESTAC Troyes,yellow
8405411,81,Hyun-jun Suk,ESTAC Troyes,yellow
8405407,72,Fouad Chafik,Dijon FCO,yellow
8405407,47,Jordan Ikoko,EA Guingamp,yellow
8405408,81,Florent Mollet,FC Metz,yellow
8405409,41,Nicolas Cozza,Montpellier HSC,yellow
8405409,82,Pedro Mendes,Montpellier HSC,yellow
8405409,86,Morgan Poaty,Montpellier HSC,yellow
8405410,73,Steeve Yago,Toulouse FC,yellow
8405410,78,Issa Diop,Toulouse FC,yellow
8405410,90,François Moubandje,Toulouse FC,yellow-red
8405410,23,Yves Bissouma,Lille OSC,yellow
8405410,83,Nicolas Pépé,Lille OSC,yellow
8405414,33,Ivan Santini,SM Caen,yellow
8405414,77,Romain Genevois,SM Caen,red
8405414,50,Kévin NDoram,AS Monaco,yellow
8405414,66,Andrea Raggi,AS Monaco,yellow
8405415,54,Romain Danzé,Stade Rennes,yellow
8405415,12,Bakary Koné,RC Strasbourg,yellow
8405412,39,Boubacar Kamara,Olympique Marseille,yellow
8405412,40,Mario Balotelli,OGC Nizza,yellow
8405417,21,Clément Grenier,EA Guingamp,yellow
8405417,55,Jérémy Sorbon,EA Guingamp,yellow
8405417,66,Steve Mandanda,Olympique Marseille,red
8405416,7,Julien Serrano,AS Monaco,yellow
8405416,90,Rachid Ghezzal,AS Monaco,red
8405416,41,Kévin Théophile-Catherine,AS Saint-Étienne,yellow
8405418,36,Maxime Poundje,Girondins Bordeaux,yellow
8405418,24,Ibrahim Sangaré,Toulouse FC,yellow
8405418,45,Somália,Toulouse FC,yellow
8405418,66,Yaya Sanogo,Toulouse FC,yellow
8405420,35,Frédéric Guilbert,SM Caen,yellow
8405420,54,Ismaël Diomandé,SM Caen,red
8405421,10,Oussema Haddadi,Dijon FCO,yellow
8405421,34,Chang-hoon Kwon,Dijon FCO,yellow
8405422,49,Presnel Kimpembe,Paris Saint-Germain,yellow
8405423,12,Stéphane Bahoken,RC Strasbourg,yellow
8405423,48,Pablo Martinez,RC Strasbourg,yellow
8405423,70,Anthony Gonçalves,RC Strasbourg,yellow
8405423,85,Kader Mangane,RC Strasbourg,yellow
8405423,90,Alexandre Oukidja,RC Strasbourg,yellow
8405423,83,Tanguy NDombèlé,Olympique Lyon,yellow
8405424,76,Guessouma Fofana,Amiens SC,yellow
8405424,21,Georges Mandjeck,FC Metz,yellow
8405424,23,Renaud Cohade,FC Metz,yellow
8405425,4,Koffi Djidji,FC Nantes,yellow
8405426,58,Ole Selnæs,AS Saint-Étienne,yellow
8405426,61,Lebo Mothiba,Lille OSC,yellow
8405427,45,Romain Amalfitano,Dijon FCO,yellow
8405427,28,Mateo Pavlović,Angers SCO,yellow
8405427,48,Gilles Sunu,Angers SCO,yellow
8405428,68,Christophe Hérelle,ESTAC Troyes,yellow
8405428,89,Rony Lopes,AS Monaco,yellow
8405429,52,Moussa Niakhate,FC Metz,yellow
8405429,67,Georges Mandjeck,FC Metz,yellow
8405429,82,Florent Mollet,FC Metz,yellow
8405431,16,Steeve Yago,Toulouse FC,yellow
8405431,68,Jimmy Durmaz,Toulouse FC,yellow
8405431,75,Ibrahim Sangaré,Toulouse FC,yellow
8405431,31,Rebocho,EA Guingamp,yellow
8405431,47,Franck Tabanou,EA Guingamp,yellow
8405432,40,Jérémy Morel,Olympique Lyon,yellow
8405432,70,Rafael,Olympique Lyon,yellow
8405432,71,Jordan Ferri,Olympique Lyon,yellow
8405432,20,Mario Balotelli,OGC Nizza,yellow
8405432,53,Walter Benítez,OGC Nizza,yellow
8405432,70,Alassane Pléa,OGC Nizza,yellow
8405433,55,Thomas Monconduit,Amiens SC,red
8405434,34,Julien Féret,SM Caen,yellow
8405434,45,Frédéric Guilbert,SM Caen,yellow
8405434,90,Jessy Deminguet,SM Caen,yellow
8405434,9,Timothy Weah,Paris Saint-Germain,yellow
8405435,53,Jérémie Porsan-Clémenté,Montpellier HSC,yellow
