GameID,Minute,Player,Team,Card
2403188,69,Bastian Schweinsteiger,Manchester United,yellow
2403188,90,Mata,Manchester United,yellow
2403188,28,Jan Vertonghen,Tottenham Hotspur,yellow
2403188,76,Eric Dier,Tottenham Hotspur,yellow
2403188,90,Dele Alli,Tottenham Hotspur,yellow
2403176,24,Joshua King,AFC Bournemouth,yellow
2403176,42,Steve Cook,AFC Bournemouth,yellow
2403176,80,Dan Gosling,AFC Bournemouth,yellow
2403176,45,Ciaran Clark,Aston Villa,yellow
2403176,74,Leandro Bacuna,Aston Villa,yellow
2403176,75,Idrissa Gueye,Aston Villa,yellow
2403176,90,Ashley Westwood,Aston Villa,yellow
2403181,54,Séamus Coleman,Everton FC,yellow
2403181,42,Troy Deeney,Watford FC,yellow
2403181,66,José Holebas,Watford FC,yellow
2403185,49,Jamie Vardy,Leicester City,yellow
2403185,90,Jeffrey Schlupp,Leicester City,yellow
2403185,17,Jack Rodwell,Sunderland AFC,yellow
2403185,42,Billy Jones,Sunderland AFC,yellow
2403185,73,Younès Kaboul,Sunderland AFC,yellow
2403185,85,Sebastián Coates,Sunderland AFC,yellow
2403194,23,Alexander Tettey,Norwich City,yellow
2403179,52,Thibaut Courtois,Chelsea FC,red
2403179,53,John Terry,Chelsea FC,yellow
2403179,19,Jonjo Shelvey,Swansea City,yellow
2403179,45,Jack Cork,Swansea City,yellow
2403179,90,Ashley Williams,Swansea City,yellow
2403177,69,Nacho Monreal,Arsenal FC,yellow
2403177,5,Mark Noble,West Ham United,yellow
2403177,7,Angelo Ogbonna,West Ham United,yellow
2403177,37,James Tomkins,West Ham United,yellow
2403191,55,Jack Colback,Newcastle United,yellow
2403191,75,Aleksandar Mitrović,Newcastle United,yellow
2403191,12,Cédric Soares,Southampton FC,yellow
2403191,60,José Fonte,Southampton FC,yellow
2403191,87,Steven Davis,Southampton FC,yellow
2403191,90,Graziano Pellè,Southampton FC,yellow
2403197,4,Ibrahim Afellay,Stoke City,yellow
2403197,73,Charlie Adam,Stoke City,yellow
2403197,28,Martin Škrtel,Liverpool FC,yellow
2403197,40,James Milner,Liverpool FC,yellow
2403197,50,Dejan Lovren,Liverpool FC,yellow
2403197,63,Joe Gomez,Liverpool FC,yellow
2403200,39,Darren Fletcher,West Bromwich Albion,yellow
2403200,57,Craig Gardner,West Bromwich Albion,yellow
2403200,58,James Chester,West Bromwich Albion,yellow
2403200,62,Claudio Yacob,West Bromwich Albion,yellow
2403200,51,Fernandinho,Manchester City,yellow
2403210,71,Jordan Ayew,Aston Villa,yellow
2403210,90,Idrissa Gueye,Aston Villa,yellow
2403210,74,Ander Herrera,Manchester United,yellow
2403210,84,Matteo Darmian,Manchester United,yellow
2403224,6,Matt Targett,Southampton FC,yellow
2403224,38,Graziano Pellè,Southampton FC,yellow
2403224,49,Oriol Romeu,Southampton FC,yellow
2403224,77,Steven Davis,Southampton FC,yellow
2403224,45,Ross Barkley,Everton FC,yellow
2403224,75,James McCarthy,Everton FC,yellow
2403229,9,Jeremain Lens,Sunderland AFC,yellow
2403229,7,Sébastien Bassong,Norwich City,yellow
2403229,48,Alexander Tettey,Norwich City,yellow
2403232,49,André Ayew,Swansea City,yellow
2403232,61,Kyle Naughton,Swansea City,yellow
2403232,41,Daryl Janmaat,Newcastle United,yellow-red
2403232,84,Aleksandar Mitrović,Newcastle United,yellow
2403234,24,Kyle Walker,Tottenham Hotspur,yellow
2403234,48,Ben Davies,Tottenham Hotspur,yellow
2403234,8,Glenn Whelan,Stoke City,yellow
2403234,74,Muniesa,Stoke City,yellow
2403236,90,Allan Nyom,Watford FC,yellow
2403236,32,Jonas Olsson,West Bromwich Albion,yellow
2403236,66,Rickie Lambert,West Bromwich Albion,yellow
2403239,40,Carl Jenkinson,West Ham United,yellow
2403239,90,Adrián,West Ham United,red
2403239,11,Jamie Vardy,Leicester City,yellow
2403239,54,Shinji Okazaki,Leicester City,yellow
2403239,88,Yohan Benalouane,Leicester City,yellow
2403212,45,James McArthur,Crystal Palace,yellow
2403212,41,Francis Coquelin,Arsenal FC,yellow
2403220,33,Vincent Kompany,Manchester City,yellow
2403220,45,Fernandinho,Manchester City,yellow
2403220,51,Yaya Touré,Manchester City,yellow
2403220,90,Eliaquim Mangala,Manchester City,yellow
2403220,48,Branislav Ivanović,Chelsea FC,yellow
2403220,81,Eden Hazard,Chelsea FC,yellow
2403215,75,Joe Gomez,Liverpool FC,yellow
2403215,34,Eunan OKane,AFC Bournemouth,yellow
2403215,76,Matt Ritchie,AFC Bournemouth,yellow
2403215,77,Lee Tomlin,AFC Bournemouth,yellow
2403215,90,Steve Cook,AFC Bournemouth,yellow
2403280,18,Matteo Darmian,Manchester United,yellow
2403280,70,Luke Shaw,Manchester United,yellow
2403280,20,Massadio Haïdara,Newcastle United,yellow
2403280,57,Gabriel Obertan,Newcastle United,yellow
2403247,18,Joel Ward,Crystal Palace,yellow
2403247,50,Yohan Cabaye,Crystal Palace,yellow
2403247,90,Jason Puncheon,Crystal Palace,yellow
2403247,55,Rudy Gestede,Aston Villa,yellow
2403247,84,Ciaran Clark,Aston Villa,yellow
2403247,86,Leandro Bacuna,Aston Villa,yellow
2403253,90,Andy King,Leicester City,yellow
2403253,29,Mousa Dembélé,Tottenham Hotspur,yellow
2403253,31,Érik Lamela,Tottenham Hotspur,yellow
2403253,60,Eric Dier,Tottenham Hotspur,yellow
2403253,84,Ryan Mason,Tottenham Hotspur,yellow
2403284,45,Russell Martin,Norwich City,yellow
2403284,47,Sébastien Bassong,Norwich City,yellow
2403284,62,Alexander Tettey,Norwich City,yellow
2403284,82,Steven Whittaker,Norwich City,yellow
2403284,85,Erik Pieters,Stoke City,yellow
2403288,18,Jeremain Lens,Sunderland AFC,yellow
2403288,22,Lee Cattermole,Sunderland AFC,yellow
2403288,47,Sebastián Coates,Sunderland AFC,yellow
2403288,82,Patrick van Aanholt,Sunderland AFC,yellow
2403288,54,André Ayew,Swansea City,yellow
2403288,90,Gylfi Sigurðsson,Swansea City,yellow
2403296,79,Carl Jenkinson,West Ham United,red
2403296,77,Artur Boruc,AFC Bournemouth,yellow
2403293,37,James McClean,West Bromwich Albion,yellow
2403293,71,Callum McManaman,West Bromwich Albion,yellow
2403293,17,Nemanja Matić,Chelsea FC,yellow
2403293,54,John Terry,Chelsea FC,red
2403249,42,Eliaquim Mangala,Manchester City,yellow
2403249,45,Fernandinho,Manchester City,yellow
2403249,86,Samir Nasri,Manchester City,yellow
2403291,28,Victor Wanyama,Southampton FC,yellow
2403291,57,Oriol Romeu,Southampton FC,yellow
2403244,65,Gabriel Paulista,Arsenal FC,yellow
2403244,61,Martin Škrtel,Liverpool FC,yellow
2403244,66,Emre Can,Liverpool FC,yellow
2403244,79,Joe Gomez,Liverpool FC,yellow
2403244,85,Simon Mignolet,Liverpool FC,yellow
2403320,3,Moussa Sissoko,Newcastle United,yellow
2403320,16,Aleksandar Mitrović,Newcastle United,red
2403320,19,Chancel Mbemba,Newcastle United,yellow
2403320,27,Florian Thauvin,Newcastle United,yellow
2403320,48,Vurnon Anita,Newcastle United,yellow
2403320,49,Georginio Wijnaldum,Newcastle United,yellow
2403320,90,Fabricio Coloccini,Newcastle United,yellow
2403320,49,Santi Cazorla,Arsenal FC,yellow
2403303,1,Max Gradel,AFC Bournemouth,yellow
2403303,75,Eunan OKane,AFC Bournemouth,yellow
2403303,13,Ritchie De Laet,Leicester City,yellow
2403303,36,Andy King,Leicester City,yellow
2403303,49,Robert Huth,Leicester City,yellow
2403303,90,Jeffrey Schlupp,Leicester City,yellow
2403306,37,Ciaran Clark,Aston Villa,yellow
2403306,79,Carles Gil,Aston Villa,yellow
2403306,90,Costel Pantilimon,Sunderland AFC,yellow
2403309,71,Gary Cahill,Chelsea FC,yellow
2403309,73,Yohan Cabaye,Crystal Palace,yellow
2403312,52,Coutinho,Liverpool FC,yellow-red
2403312,70,Lucas Leiva,Liverpool FC,yellow
2403312,86,Danny Ings,Liverpool FC,yellow
2403312,90,Nathaniel Clyne,Liverpool FC,yellow
2403312,78,Mark Noble,West Ham United,red
2403312,81,Manuel Lanzini,West Ham United,yellow
2403317,40,Vincent Kompany,Manchester City,yellow
2403317,43,Allan Nyom,Watford FC,yellow
2403317,63,Sebastian Prödl,Watford FC,yellow
2403327,26,Ibrahim Afellay,Stoke City,red
2403327,32,Charlie Adam,Stoke City,red
2403327,66,Erik Pieters,Stoke City,yellow
2403327,25,Craig Gardner,West Bromwich Albion,yellow
2403327,69,Cristian Gamboa,West Bromwich Albion,yellow
2403327,85,Gareth McAuley,West Bromwich Albion,yellow
2403327,90,Rickie Lambert,West Bromwich Albion,yellow
2403336,56,Dele Alli,Tottenham Hotspur,yellow
2403336,59,Nabil Bentaleb,Tottenham Hotspur,yellow
2403336,61,Eric Dier,Tottenham Hotspur,yellow
2403336,90,Nacer Chadli,Tottenham Hotspur,yellow
2403336,38,Gareth Barry,Everton FC,yellow
2403323,31,Steven Whittaker,Norwich City,yellow-red
2403333,43,Wayne Routledge,Swansea City,yellow
2403333,80,Jonjo Shelvey,Swansea City,yellow
2403333,38,Morgan Schneiderlin,Manchester United,yellow
2403333,42,Memphis Depay,Manchester United,yellow
2403348,65,Brendan Galloway,Everton FC,yellow
2403348,87,John Stones,Everton FC,yellow
2403348,88,Azpilicueta,Chelsea FC,yellow
2403348,90,Diego Costa,Chelsea FC,yellow
2403342,38,Mesut Özil,Arsenal FC,yellow
2403342,81,Phil Bardsley,Stoke City,yellow
2403346,18,Scott Dann,Crystal Palace,yellow
2403346,72,Brede Hangeland,Crystal Palace,yellow
2403346,26,Yaya Touré,Manchester City,yellow
2403346,70,Samir Nasri,Manchester City,yellow
2403346,81,Eliaquim Mangala,Manchester City,yellow
2403362,20,Alexander Tettey,Norwich City,yellow
2403362,30,Wes Hoolahan,Norwich City,yellow
2403362,23,Simon Francis,AFC Bournemouth,yellow
2403362,25,Adam Smith,AFC Bournemouth,yellow
2403362,60,Matt Ritchie,AFC Bournemouth,yellow
2403369,64,Valon Behrami,Watford FC,red
2403369,90,Étienne Capoue,Watford FC,yellow
2403369,67,Sung-yueng Ki,Swansea City,yellow
2403374,79,Chris Brunt,West Bromwich Albion,yellow
2403357,73,Matteo Darmian,Manchester United,yellow
2403357,48,Nathaniel Clyne,Liverpool FC,yellow
2403357,75,James Milner,Liverpool FC,yellow
2403365,21,Fabio Borini,Sunderland AFC,yellow
2403365,42,Billy Jones,Sunderland AFC,yellow
2403365,16,Jan Vertonghen,Tottenham Hotspur,yellow
2403353,45,Marc Albrighton,Leicester City,yellow
2403353,77,Nathan Dyer,Leicester City,yellow
2403353,81,Jordan Amavi,Aston Villa,yellow
2403377,30,Jack Colback,Newcastle United,yellow
2403377,57,Daryl Janmaat,Newcastle United,yellow
2403391,45,Diego Costa,Chelsea FC,yellow
2403391,49,Branislav Ivanović,Chelsea FC,yellow
2403391,64,Oscar,Chelsea FC,yellow
2403391,45,Gabriel Paulista,Arsenal FC,red
2403391,72,Calum Chambers,Arsenal FC,yellow
2403391,79,Santi Cazorla,Arsenal FC,yellow-red
2403383,80,Dan Gosling,AFC Bournemouth,yellow
2403383,90,Glenn Murray,AFC Bournemouth,yellow
2403383,15,Sebastián Coates,Sunderland AFC,yellow
2403383,24,Billy Jones,Sunderland AFC,yellow
2403383,63,Fabio Borini,Sunderland AFC,yellow
2403383,74,Younès Kaboul,Sunderland AFC,yellow-red
2403383,84,Ola Toivonen,Sunderland AFC,yellow
2403387,62,Carles Gil,Aston Villa,yellow
2403387,82,Jordan Amavi,Aston Villa,yellow
2403387,21,Chris Brunt,West Bromwich Albion,yellow
2403387,34,James Morrison,West Bromwich Albion,yellow
2403387,78,Claudio Yacob,West Bromwich Albion,yellow
2403402,89,Jack Colback,Newcastle United,yellow
2403402,37,Almen Abdi,Watford FC,yellow
2403402,80,Étienne Capoue,Watford FC,yellow
2403411,71,Bojan,Stoke City,yellow
2403411,58,Riyad Mahrez,Leicester City,yellow
2403411,60,NGolo Kanté,Leicester City,yellow
2403411,78,Danny Drinkwater,Leicester City,yellow
2403411,81,Jeffrey Schlupp,Leicester City,yellow
2403416,45,Jack Cork,Swansea City,yellow
2403416,80,André Ayew,Swansea City,yellow
2403416,57,Gareth Barry,Everton FC,yellow
2403416,74,Tyias Browning,Everton FC,yellow
2403416,90,Kevin Mirallas,Everton FC,red
2403398,54,Aleksandar Kolarov,Manchester City,yellow
2403398,22,Manuel Lanzini,West Ham United,yellow
2403398,45,Pedro Obiang,West Ham United,yellow
2403418,76,Érik Lamela,Tottenham Hotspur,yellow
2403418,45,Martin Kelly,Crystal Palace,yellow
2403418,62,Yannick Bolasie,Crystal Palace,yellow
2403394,3,James Milner,Liverpool FC,yellow
2403394,53,Alexander Tettey,Norwich City,yellow
2403394,78,Graham Dorrans,Norwich City,yellow
2403407,73,Virgil van Dijk,Southampton FC,yellow
2403407,78,José Fonte,Southampton FC,yellow
2403451,56,Érik Lamela,Tottenham Hotspur,yellow
2403451,59,Eric Dier,Tottenham Hotspur,yellow
2403451,65,Christian Eriksen,Tottenham Hotspur,yellow
2403451,88,Dele Alli,Tottenham Hotspur,yellow
2403451,90,Harry Kane,Tottenham Hotspur,yellow
2403451,45,Martín Demichelis,Manchester City,yellow
2403424,72,Danny Drinkwater,Leicester City,yellow
2403424,69,Mikel Arteta,Arsenal FC,yellow
2403433,38,Adam Johnson,Sunderland AFC,yellow
2403433,50,Billy Jones,Sunderland AFC,yellow
2403433,85,Lee Cattermole,Sunderland AFC,yellow
2403442,43,Victor Wanyama,Southampton FC,yellow
2403442,81,Oriol Romeu,Southampton FC,yellow
2403442,83,José Fonte,Southampton FC,yellow
2403442,76,Jonjo Shelvey,Swansea City,yellow
2403448,89,Glenn Whelan,Stoke City,yellow
2403437,34,Jack Colback,Newcastle United,yellow
2403437,68,Branislav Ivanović,Chelsea FC,yellow
2403437,90,Pedro,Chelsea FC,yellow
2403453,39,Almen Abdi,Watford FC,yellow
2403453,70,Jurado,Watford FC,yellow
2403453,79,Sebastian Prödl,Watford FC,yellow
2403453,82,Craig Cathcart,Watford FC,yellow
2403453,76,Yohan Cabaye,Crystal Palace,yellow
2403453,81,Jason Puncheon,Crystal Palace,yellow
2403453,88,Wilfried Zaha,Crystal Palace,yellow
2403453,90,Wayne Hennessey,Crystal Palace,yellow
2403456,64,Steven Naismith,Everton FC,yellow
2403456,70,James McCarthy,Everton FC,yellow
2403456,77,Arouna Koné,Everton FC,yellow
2403480,25,Pape Souaré,Crystal Palace,yellow
2403480,79,Frazier Campbell,Crystal Palace,yellow
2403480,87,Wilfried Zaha,Crystal Palace,yellow
2403480,16,James McClean,West Bromwich Albion,yellow
2403480,61,James Chester,West Bromwich Albion,yellow
2403480,87,Claudio Yacob,West Bromwich Albion,yellow
2403465,43,Glenn Murray,AFC Bournemouth,yellow
2403465,84,Gomes,Watford FC,yellow
2403472,44,Ashley Westwood,Aston Villa,yellow
2403486,45,Fernandinho,Manchester City,yellow
2403486,82,Pablo Zabaleta,Manchester City,yellow
2403486,88,Eliaquim Mangala,Manchester City,yellow
2403486,36,Vurnon Anita,Newcastle United,yellow
2403490,63,Robert Huth,Leicester City,yellow
2403494,43,Lee Cattermole,Sunderland AFC,yellow
2403494,57,Jeremain Lens,Sunderland AFC,yellow-red
2403494,74,Sebastián Coates,Sunderland AFC,yellow
2403494,2,Mark Noble,West Ham United,yellow
2403494,24,Winston Reid,West Ham United,yellow
2403494,36,Aaron Cresswell,West Ham United,yellow
2403494,72,Carl Jenkinson,West Ham United,yellow
2403475,43,Ramires,Chelsea FC,yellow
2403475,57,Radamel Falcao,Chelsea FC,yellow
2403475,9,Oriol Romeu,Southampton FC,yellow
2403475,26,Ryan Bertrand,Southampton FC,yellow
2403475,34,Sadio Mané,Southampton FC,yellow
2403475,79,James Ward-Prowse,Southampton FC,yellow
2403475,86,Graziano Pellè,Southampton FC,yellow
2403483,35,Ross Barkley,Everton FC,yellow
2403483,65,James McCarthy,Everton FC,yellow
2403483,90,Romelu Lukaku,Everton FC,yellow
2403483,35,Emre Can,Liverpool FC,yellow
2403483,69,Lucas Leiva,Liverpool FC,yellow
2403483,90,Mamadou Sakho,Liverpool FC,yellow
2403469,51,Francis Coquelin,Arsenal FC,yellow
2403469,22,Ashley Young,Manchester United,yellow
2403469,30,Matteo Darmian,Manchester United,yellow
2403469,55,Wayne Rooney,Manchester United,yellow
2403497,26,Federico Fernández,Swansea City,yellow
2403497,53,Ben Davies,Tottenham Hotspur,yellow
2403497,79,Eric Dier,Tottenham Hotspur,yellow
2403497,84,Jan Vertonghen,Tottenham Hotspur,yellow
2403497,90,Kyle Walker,Tottenham Hotspur,yellow
2403525,59,Érik Lamela,Tottenham Hotspur,yellow
2403525,35,James Milner,Liverpool FC,yellow
2403525,90,Lucas Leiva,Liverpool FC,yellow
2403502,76,Willian,Chelsea FC,yellow
2403502,49,Jordan Ayew,Aston Villa,yellow
2403502,62,Kieran Richardson,Aston Villa,yellow
2403502,86,Jack Grealish,Aston Villa,yellow
2403505,44,Dwight Gayle,Crystal Palace,yellow-red
2403505,69,Mile Jedinak,Crystal Palace,yellow
2403505,20,James Tomkins,West Ham United,yellow
2403505,40,Dimitri Payet,West Ham United,yellow
2403505,90,Nikica Jelavić,West Ham United,yellow
2403510,23,Séamus Coleman,Everton FC,yellow
2403510,70,Romelu Lukaku,Everton FC,yellow
2403510,50,Bastian Schweinsteiger,Manchester United,yellow
2403510,52,Marcos Rojo,Manchester United,yellow
2403513,26,Bacary Sagna,Manchester City,yellow
2403513,42,Nicolás Otamendi,Manchester City,yellow
2403513,87,Matt Ritchie,AFC Bournemouth,yellow
2403519,22,Victor Wanyama,Southampton FC,yellow
2403519,76,Ryan Bertrand,Southampton FC,yellow
2403529,9,Craig Dawson,West Bromwich Albion,yellow
2403529,56,Claudio Yacob,West Bromwich Albion,yellow
2403529,55,Costel Pantilimon,Sunderland AFC,yellow
2403529,84,Fabio Borini,Sunderland AFC,yellow
2403526,47,Allan Nyom,Watford FC,yellow
2403526,63,Gomes,Watford FC,yellow
2403526,58,Per Mertesacker,Arsenal FC,yellow
2403516,6,Cheick Tioté,Newcastle United,yellow
2403516,66,Graham Dorrans,Norwich City,yellow
2403522,41,Ashley Williams,Swansea City,yellow
2403522,57,Jonjo Shelvey,Swansea City,yellow
2403522,45,Erik Pieters,Stoke City,yellow
2403522,66,Xherdan Shaqiri,Stoke City,yellow
2403539,31,Micah Richards,Aston Villa,yellow
2403539,77,Kieran Richardson,Aston Villa,yellow
2403539,29,Kyle Naughton,Swansea City,yellow
2403539,31,Ashley Williams,Swansea City,yellow
2403539,73,Gylfi Sigurðsson,Swansea City,yellow
2403541,65,Danny Simpson,Leicester City,yellow
2403541,67,Jeffrey Schlupp,Leicester City,yellow
2403541,90,Jamie Vardy,Leicester City,yellow
2403541,87,Wilfried Zaha,Crystal Palace,yellow
2403552,22,Jonny Howson,Norwich City,yellow
2403552,72,Chris Brunt,West Bromwich Albion,yellow
2403552,78,James McClean,West Bromwich Albion,yellow
2403553,77,Glenn Whelan,Stoke City,yellow
2403553,89,Erik Pieters,Stoke City,yellow
2403553,90,Charlie Adam,Stoke City,yellow
2403553,89,Odion Ighalo,Watford FC,yellow
2403556,74,Cheikhou Kouyaté,West Ham United,yellow
2403556,24,Azpilicueta,Chelsea FC,yellow
2403556,45,Nemanja Matić,Chelsea FC,yellow-red
2403556,45,Cesc Fàbregas,Chelsea FC,yellow
2403556,45,Diego Costa,Chelsea FC,yellow
2403556,82,Willian,Chelsea FC,yellow
2403556,90,John Mikel,Chelsea FC,yellow
2403536,25,Francis Coquelin,Arsenal FC,yellow
2403536,70,Olivier Giroud,Arsenal FC,yellow
2403536,90,Gareth Barry,Everton FC,yellow-red
2403555,14,Cheick Tioté,Newcastle United,yellow
2403555,45,Fabricio Coloccini,Newcastle United,red
2403555,45,Jack Colback,Newcastle United,yellow
2403533,32,Danny Rose,Tottenham Hotspur,yellow
2403548,39,Mata,Manchester United,yellow
2403548,89,Morgan Schneiderlin,Manchester United,yellow
2403548,15,Fernandinho,Manchester City,yellow
2403548,45,Vincent Kompany,Manchester City,yellow
2403544,85,James Milner,Liverpool FC,yellow
2403544,90,Sadio Mané,Southampton FC,yellow-red
2403178,66,John Mikel,Chelsea FC,yellow
2403178,24,Coutinho,Liverpool FC,yellow
2403178,58,Lucas Leiva,Liverpool FC,yellow
2403178,65,Emre Can,Liverpool FC,yellow
2403178,86,Christian Benteke,Liverpool FC,yellow
2403180,18,Yohan Cabaye,Crystal Palace,yellow
2403180,26,Martin Kelly,Crystal Palace,yellow
2403180,80,Dwight Gayle,Crystal Palace,yellow
2403180,47,Chris Smalling,Manchester United,yellow
2403180,53,Matteo Darmian,Manchester United,yellow
2403180,90,Marcos Rojo,Manchester United,yellow
2403184,34,Kevin De Bruyne,Manchester City,yellow
2403184,90,Fernando,Manchester City,yellow
2403184,76,Cameron Jerome,Norwich City,yellow
2403184,88,Russell Martin,Norwich City,red
2403184,90,Alexander Tettey,Norwich City,yellow
2403187,63,Aleksandar Mitrović,Newcastle United,yellow
2403187,63,Philipp Wollscheid,Stoke City,yellow
2403187,83,Marko Arnautović,Stoke City,yellow
2403187,90,Charlie Adam,Stoke City,yellow
2403193,57,Sung-yueng Ki,Swansea City,yellow
2403193,89,Ashley Williams,Swansea City,yellow
2403201,66,Allan Nyom,Watford FC,yellow
2403201,81,Nathan Aké,Watford FC,yellow
2403201,85,Étienne Capoue,Watford FC,yellow
2403201,84,James Collins,West Ham United,red
2403204,89,Robert Huth,Leicester City,yellow
2403204,90,Kasper Schmeichel,Leicester City,yellow
2403182,53,John Stones,Everton FC,yellow
2403182,54,Gerard Deulofeu,Everton FC,yellow
2403182,90,Brendan Galloway,Everton FC,yellow
2403182,18,Jermain Defoe,Sunderland AFC,yellow
2403182,58,Jack Rodwell,Sunderland AFC,yellow
2403190,78,Victor Wanyama,Southampton FC,yellow-red
2403190,57,Simon Francis,AFC Bournemouth,yellow
2403190,64,Dan Gosling,AFC Bournemouth,yellow
2403198,42,Jordan Ayew,Aston Villa,yellow
2403198,67,Kieran Richardson,Aston Villa,yellow
2403198,90,Alan Hutton,Aston Villa,yellow
2403216,69,Harry Arter,AFC Bournemouth,yellow
2403216,82,Adam Smith,AFC Bournemouth,yellow
2403216,44,Daryl Janmaat,Newcastle United,yellow
2403216,88,Cheick Tioté,Newcastle United,yellow
2403227,65,Gomes,Watford FC,yellow
2403235,61,Marcos Rojo,Manchester United,yellow
2403235,43,Craig Dawson,West Bromwich Albion,yellow
2403235,60,Salomón Rondón,West Bromwich Albion,yellow
2403235,65,Chris Brunt,West Bromwich Albion,yellow
2403235,90,Gareth McAuley,West Bromwich Albion,red
2403238,90,Gary ONeil,Norwich City,yellow
2403243,44,Adam Johnson,Sunderland AFC,yellow
2403243,11,Sadio Mané,Southampton FC,yellow
2403243,74,Ryan Bertrand,Southampton FC,yellow
2403243,90,Graziano Pellè,Southampton FC,yellow
2403246,90,Mauro Zárate,West Ham United,yellow
2403246,34,James McCarthy,Everton FC,yellow
2403246,59,Ramiro Funes Mori,Everton FC,yellow
2403241,44,Glenn Whelan,Stoke City,yellow
2403241,57,Ryan Shawcross,Stoke City,yellow
2403241,90,Glen Johnson,Stoke City,yellow
2403241,45,Abdul Rahman Baba,Chelsea FC,yellow
2403222,90,Brad Guzan,Aston Villa,yellow
2403222,39,Nicolás Otamendi,Manchester City,yellow
2403219,55,Érik Lamela,Tottenham Hotspur,yellow
2403231,76,Nathaniel Clyne,Liverpool FC,yellow
2403231,56,Jason Puncheon,Crystal Palace,yellow
2403231,67,Pape Souaré,Crystal Palace,yellow
2403281,68,Ben Watson,Watford FC,yellow
2403281,74,Ashley Young,Manchester United,yellow
2403281,75,Jesse Lingard,Manchester United,yellow
2403254,35,Willian,Chelsea FC,yellow
2403254,31,Youssuf Mulumbu,Norwich City,yellow
2403254,47,Gary ONeil,Norwich City,yellow
2403254,61,Sébastien Bassong,Norwich City,yellow
2403254,69,Martin Olsson,Norwich City,yellow
2403268,36,Vurnon Anita,Newcastle United,yellow
2403268,48,Paul Dummett,Newcastle United,yellow
2403268,76,Ayoze Pérez,Newcastle United,yellow
2403268,79,Moussa Sissoko,Newcastle United,yellow
2403268,31,Robert Huth,Leicester City,yellow
2403272,77,James Ward-Prowse,Southampton FC,yellow
2403272,90,Graziano Pellè,Southampton FC,yellow
2403275,72,Kyle Bartley,Swansea City,yellow
2403275,87,Gylfi Sigurðsson,Swansea City,yellow
2403275,88,Jonjo Shelvey,Swansea City,yellow
2403275,30,Matt Ritchie,AFC Bournemouth,yellow
2403275,51,Junior Stanislas,AFC Bournemouth,yellow
2403287,43,James Morrison,West Bromwich Albion,yellow
2403287,83,Chris Brunt,West Bromwich Albion,yellow
2403287,90,Boaz Myhill,West Bromwich Albion,yellow
2403287,32,Héctor Bellerín,Arsenal FC,yellow
2403287,42,Olivier Giroud,Arsenal FC,yellow
2403265,38,Lucas Leiva,Liverpool FC,yellow
2403265,47,Emre Can,Liverpool FC,yellow
2403265,85,Nathaniel Clyne,Liverpool FC,yellow
2403277,67,Dele Alli,Tottenham Hotspur,yellow
2403277,75,Kyle Walker,Tottenham Hotspur,yellow
2403277,67,Mark Noble,West Ham United,yellow
2403277,75,Diafra Sakho,West Ham United,yellow
2403257,66,Scott Dann,Crystal Palace,yellow
2403257,53,Billy Jones,Sunderland AFC,yellow
2403257,57,Jermain Defoe,Sunderland AFC,yellow
2403257,67,Yann MVila,Sunderland AFC,yellow
2403295,82,Dan Gosling,AFC Bournemouth,yellow
2403295,90,Charlie Daniels,AFC Bournemouth,yellow
2403297,88,Ciaran Clark,Aston Villa,yellow
2403297,90,Carlos Sánchez,Aston Villa,yellow
2403297,40,Ben Watson,Watford FC,yellow
2403297,74,Étienne Capoue,Watford FC,yellow
2403297,86,Troy Deeney,Watford FC,yellow
2403297,90,Nathan Aké,Watford FC,yellow
2403302,38,Wilfried Zaha,Crystal Palace,yellow
2403302,82,Chancel Mbemba,Newcastle United,yellow
2403315,57,Martín Demichelis,Manchester City,yellow
2403315,90,Aleksandar Kolarov,Manchester City,yellow
2403315,55,James Ward-Prowse,Southampton FC,yellow
2403326,33,Charlie Adam,Stoke City,yellow
2403326,47,Ryan Shawcross,Stoke City,yellow-red
2403326,81,Erik Pieters,Stoke City,yellow
2403307,14,Ashley Young,Manchester United,yellow
2403330,32,Danny Rose,Tottenham Hotspur,yellow
2403330,40,Harry Kane,Tottenham Hotspur,yellow
2403330,45,Kyle Walker,Tottenham Hotspur,yellow
2403330,53,Jan Vertonghen,Tottenham Hotspur,yellow
2403330,59,Nemanja Matić,Chelsea FC,yellow
2403330,90,Azpilicueta,Chelsea FC,yellow
2403335,17,Jonas Olsson,West Bromwich Albion,yellow
2403335,81,Claudio Yacob,West Bromwich Albion,yellow
2403311,25,James Milner,Liverpool FC,yellow
2403311,65,Martin Škrtel,Liverpool FC,yellow
2403311,90,Simon Mignolet,Liverpool FC,yellow
2403311,70,Kyle Bartley,Swansea City,yellow
2403319,57,Gary ONeil,Norwich City,yellow
2403319,54,Santi Cazorla,Arsenal FC,yellow
2403364,51,Nicolás Otamendi,Manchester City,yellow
2403341,44,Laurent Koscielny,Arsenal FC,yellow
2403341,80,DeAndre Yedlin,Sunderland AFC,yellow
2403351,85,Michael Carrick,Manchester United,yellow
2403360,30,James Ward-Prowse,Southampton FC,yellow
2403360,89,Alan Hutton,Aston Villa,yellow
2403360,90,Brad Guzan,Aston Villa,yellow
2403368,47,Leon Britton,Swansea City,yellow
2403368,74,Sung-yueng Ki,Swansea City,yellow
2403368,24,NGolo Kanté,Leicester City,yellow
2403368,70,Danny Simpson,Leicester City,yellow
2403368,90,Marc Albrighton,Leicester City,yellow
2403375,56,Troy Deeney,Watford FC,yellow
2403375,60,Ben Watson,Watford FC,yellow
2403375,90,Odion Ighalo,Watford FC,yellow
2403375,29,Alexander Tettey,Norwich City,yellow
2403375,76,Ryan Bennett,Norwich City,yellow
2403375,87,Robbie Brady,Norwich City,yellow
2403378,58,James Morrison,West Bromwich Albion,yellow
2403378,73,Craig Gardner,West Bromwich Albion,yellow
2403378,83,James McClean,West Bromwich Albion,yellow
2403378,76,Harry Kane,Tottenham Hotspur,yellow
2403378,81,Mousa Dembélé,Tottenham Hotspur,yellow
2403345,21,Pedro,Chelsea FC,yellow
2403345,63,Diego Costa,Chelsea FC,yellow
2403345,23,Andrew Surman,AFC Bournemouth,yellow
2403356,34,Jack Colback,Newcastle United,yellow
2403356,60,Vurnon Anita,Newcastle United,yellow
2403356,63,Papiss Demba Cissé,Newcastle United,yellow
2403356,44,Lucas Leiva,Liverpool FC,yellow
2403347,88,Ramiro Funes Mori,Everton FC,yellow
2403347,54,Connor Wickham,Crystal Palace,yellow
2403347,87,James McArthur,Crystal Palace,yellow
2403413,90,Russell Martin,Norwich City,yellow
2403409,58,Wilfried Bony,Manchester City,yellow
2403409,60,Bacary Sagna,Manchester City,yellow
2403409,77,Eliaquim Mangala,Manchester City,yellow
2403409,43,Neil Taylor,Swansea City,yellow
2403417,60,Jack Rodwell,Sunderland AFC,yellow
2403421,67,Cheikhou Kouyaté,West Ham United,yellow
2403421,38,Erik Pieters,Stoke City,yellow
2403421,63,Ibrahim Afellay,Stoke City,yellow
2403386,84,Harry Arter,AFC Bournemouth,yellow
2403386,90,Artur Boruc,AFC Bournemouth,yellow
2403386,41,Andreas Pereira,Manchester United,yellow
2403419,68,Tom Carroll,Tottenham Hotspur,yellow
2403419,73,Danny Rose,Tottenham Hotspur,yellow
2403419,30,Jack Colback,Newcastle United,yellow
2403419,80,Ayoze Pérez,Newcastle United,yellow
2403400,46,Jamie Vardy,Leicester City,yellow
2403400,51,Robert Huth,Leicester City,yellow
2403439,88,Nemanja Matić,Chelsea FC,yellow
2403439,48,Costel Pantilimon,Sunderland AFC,yellow
2403439,62,Jack Rodwell,Sunderland AFC,yellow
2403439,89,John OShea,Sunderland AFC,yellow
2403444,61,Ramiro Funes Mori,Everton FC,yellow
2403444,65,Tim Howard,Everton FC,yellow
2403444,82,Marcin Wasilewski,Leicester City,yellow
2403454,27,Gary ONeil,Norwich City,yellow
2403454,52,Robbie Brady,Norwich City,yellow
2403463,40,José Fonte,Southampton FC,yellow
2403463,72,Dele Alli,Tottenham Hotspur,yellow
2403468,52,Xherdan Shaqiri,Stoke City,yellow
2403468,68,Ibrahim Afellay,Stoke City,yellow
2403481,34,James McClean,West Bromwich Albion,red
2403481,39,Jonny Evans,West Bromwich Albion,yellow
2403481,64,Darren Fletcher,West Bromwich Albion,yellow
2403481,90,Salomón Rondón,West Bromwich Albion,red
2403481,90,Adam Smith,AFC Bournemouth,yellow
2403458,41,Paul Dummett,Newcastle United,yellow
2403458,77,Leandro Bacuna,Aston Villa,yellow
2403458,79,Jordan Ayew,Aston Villa,yellow
2403458,84,Ashley Westwood,Aston Villa,yellow
2403474,78,Miguel Britos,Watford FC,yellow
2403471,87,Carl Jenkinson,West Ham United,yellow
2403434,31,David Silva,Manchester City,yellow
2403434,48,Nicolás Otamendi,Manchester City,yellow
2403515,49,Bojan,Stoke City,yellow
2403515,25,Ashley Young,Manchester United,yellow
2403515,84,Andreas Pereira,Manchester United,yellow
2403489,36,Harry Arter,AFC Bournemouth,yellow
2403493,11,Leandro Bacuna,Aston Villa,yellow
2403493,78,Alan Hutton,Aston Villa,yellow
2403493,90,Joleon Lescott,Aston Villa,yellow
2403493,12,Angelo Ogbonna,West Ham United,yellow
2403493,58,James Collins,West Ham United,yellow
2403493,74,Cheikhou Kouyaté,West Ham United,yellow
2403496,88,Diego Costa,Chelsea FC,yellow
2403496,43,Miguel Britos,Watford FC,yellow
2403496,48,Craig Cathcart,Watford FC,yellow
2403496,81,José Holebas,Watford FC,yellow
2403496,83,Valon Behrami,Watford FC,yellow
2403500,45,Adam Lallana,Liverpool FC,yellow
2403500,53,Emre Can,Liverpool FC,yellow
2403500,62,Robert Huth,Leicester City,yellow
2403504,4,Raheem Sterling,Manchester City,yellow
2403504,36,Billy Jones,Sunderland AFC,yellow
2403520,86,Àngel Rangel,Swansea City,yellow
2403520,41,Jonas Olsson,West Bromwich Albion,yellow
2403520,64,Claudio Yacob,West Bromwich Albion,yellow
2403520,87,Callum McManaman,West Bromwich Albion,yellow
2403524,74,Eric Dier,Tottenham Hotspur,yellow
2403524,45,Alexander Tettey,Norwich City,yellow
2403524,77,Jonny Howson,Norwich City,yellow
2403509,11,Daryl Janmaat,Newcastle United,yellow
2403509,82,Jack Colback,Newcastle United,yellow
2403509,36,Gareth Barry,Everton FC,yellow
2403509,63,Ross Barkley,Everton FC,yellow
2403512,34,Shane Long,Southampton FC,yellow
2403531,34,Yohan Cabaye,Crystal Palace,yellow
2403531,57,Pape Souaré,Crystal Palace,yellow
2403531,90,Brede Hangeland,Crystal Palace,yellow
2403531,59,Neil Taylor,Swansea City,yellow
2403531,65,Sung-yueng Ki,Swansea City,yellow
2403535,40,Gerard Deulofeu,Everton FC,yellow
2403535,90,John Stones,Everton FC,yellow
2403535,24,Philipp Wollscheid,Stoke City,yellow
2403545,61,Ryan Bennett,Norwich City,yellow
2403545,90,Russell Martin,Norwich City,yellow
2403545,42,Jordan Veretout,Aston Villa,yellow
2403545,77,Idrissa Gueye,Aston Villa,yellow
2403545,90,Jordan Ayew,Aston Villa,yellow
2403545,90,Micah Richards,Aston Villa,yellow
2403545,90,Ashley Westwood,Aston Villa,yellow
2403551,52,Miguel Britos,Watford FC,yellow
2403551,58,Jurado,Watford FC,yellow
2403551,63,Nathan Aké,Watford FC,red
2403551,64,Troy Deeney,Watford FC,yellow
2403551,65,Odion Ighalo,Watford FC,yellow
2403551,6,Dele Alli,Tottenham Hotspur,yellow
2403551,81,Toby Alderweireld,Tottenham Hotspur,yellow
2403528,30,Aaron Ramsey,Arsenal FC,yellow
2403528,61,Calum Chambers,Arsenal FC,yellow
2403542,30,Morgan Schneiderlin,Manchester United,yellow
2403542,39,Chris Smalling,Manchester United,yellow
2403542,81,Bastian Schweinsteiger,Manchester United,yellow
2403542,90,Wayne Rooney,Manchester United,yellow
2403542,27,John Mikel,Chelsea FC,yellow
2403542,72,Eden Hazard,Chelsea FC,yellow
2403557,58,James Tomkins,West Ham United,yellow
2403557,52,Cuco Martina,Southampton FC,yellow
2403557,56,Oriol Romeu,Southampton FC,yellow
2403557,66,Ryan Bertrand,Southampton FC,yellow
2403538,81,Marc Albrighton,Leicester City,yellow
2403538,66,Aleksandar Kolarov,Manchester City,yellow
2403538,76,Eliaquim Mangala,Manchester City,yellow
2403538,90,Kevin De Bruyne,Manchester City,yellow
2403549,86,Jeremain Lens,Sunderland AFC,yellow
2403549,19,Christian Benteke,Liverpool FC,yellow
2403549,58,Emre Can,Liverpool FC,yellow
2403549,77,Alberto Moreno,Liverpool FC,yellow
2403571,18,Manuel Lanzini,West Ham United,yellow
2403571,24,Lucas Leiva,Liverpool FC,yellow
2403558,82,Mathieu Flamini,Arsenal FC,yellow
2403558,90,Mesut Özil,Arsenal FC,yellow
2403558,35,Jack Colback,Newcastle United,yellow
2403558,68,Daryl Janmaat,Newcastle United,yellow
2403563,62,Marc Albrighton,Leicester City,yellow
2403563,34,Harry Arter,AFC Bournemouth,yellow
2403563,57,Simon Francis,AFC Bournemouth,red
2403564,42,Chris Smalling,Manchester United,yellow
2403564,85,Daley Blind,Manchester United,yellow
2403564,65,Àngel Rangel,Swansea City,yellow
2403565,87,Declan Rudd,Norwich City,yellow
2403565,73,Victor Wanyama,Southampton FC,yellow-red
2403566,0,Lee Cattermole,Sunderland AFC,yellow
2403566,26,Wes Brown,Sunderland AFC,yellow
2403566,33,Fabio Borini,Sunderland AFC,yellow
2403566,43,Alan Hutton,Aston Villa,yellow
2403566,69,Adama Traoré,Aston Villa,yellow
2403566,87,Carles Gil,Aston Villa,yellow
2403566,90,Rudy Gestede,Aston Villa,yellow
2403570,90,Chris Brunt,West Bromwich Albion,yellow
2403570,75,Marko Arnautović,Stoke City,yellow
2403570,83,Geoff Cameron,Stoke City,red
2403567,38,Allan Nyom,Watford FC,yellow
2403559,13,Damien Delaney,Crystal Palace,yellow
2403559,57,Mile Jedinak,Crystal Palace,yellow
2403559,80,Scott Dann,Crystal Palace,yellow
2403562,35,Séamus Coleman,Everton FC,yellow
2403562,69,Érik Lamela,Tottenham Hotspur,yellow
2403562,72,Tom Carroll,Tottenham Hotspur,yellow
2403199,66,Adam Smith,AFC Bournemouth,yellow
2403199,68,Dimitri Payet,West Ham United,yellow
2403203,68,Jordan Veretout,Aston Villa,yellow
2403203,80,Idrissa Gueye,Aston Villa,yellow
2403203,79,Joel Ward,Crystal Palace,yellow
2403218,35,Cheick Tioté,Newcastle United,yellow
2403218,25,Marouane Fellaini,Manchester United,yellow
2403218,30,Ander Herrera,Manchester United,yellow
2403218,66,Chris Smalling,Manchester United,yellow
2403208,37,Kyle Naughton,Swansea City,red
2403208,67,Vito Mannone,Sunderland AFC,yellow
2403208,79,Patrick van Aanholt,Sunderland AFC,yellow
2403211,49,Diego Costa,Chelsea FC,yellow
2403211,70,Thibaut Courtois,Chelsea FC,yellow
2403211,85,Azpilicueta,Chelsea FC,yellow
2403211,26,Claudio Yacob,West Bromwich Albion,yellow
2403211,68,Boaz Myhill,West Bromwich Albion,yellow
2403211,70,James McClean,West Bromwich Albion,yellow
2403214,50,Muhamed Bešić,Everton FC,yellow
2403221,24,Cédric Soares,Southampton FC,yellow
2403221,67,Sebastian Prödl,Watford FC,yellow
2403221,77,Troy Deeney,Watford FC,yellow
2403223,31,Gary ONeil,Norwich City,red
2403223,77,Alexander Tettey,Norwich City,yellow
2403205,10,Roberto Firmino,Liverpool FC,yellow
2403205,53,Nathaniel Clyne,Liverpool FC,yellow
2403228,79,Eric Dier,Tottenham Hotspur,yellow
2403274,46,Lee Cattermole,Sunderland AFC,yellow
2403274,55,Adam Johnson,Sunderland AFC,yellow
2403252,48,Harry Arter,AFC Bournemouth,yellow
2403252,43,Declan Rudd,Norwich City,yellow
2403258,90,John Terry,Chelsea FC,yellow
2403258,90,Ramiro Funes Mori,Everton FC,yellow
2403262,72,Marouane Chamakh,Crystal Palace,yellow
2403262,90,Yohan Cabaye,Crystal Palace,yellow
2403264,90,Rob Elliot,Newcastle United,yellow
2403256,14,Mark Bunn,Aston Villa,yellow
2403256,32,Aly Cissokho,Aston Villa,yellow
2403256,85,Leandro Bacuna,Aston Villa,yellow
2403256,77,Robert Huth,Leicester City,yellow
2403256,85,Jamie Vardy,Leicester City,yellow
2403259,65,Chris Smalling,Manchester United,yellow
2403259,75,Marouane Fellaini,Manchester United,yellow
2403271,62,Leon Britton,Swansea City,yellow
2403271,90,Gylfi Sigurðsson,Swansea City,yellow
2403271,22,Jurado,Watford FC,yellow
2403271,33,Allan Nyom,Watford FC,yellow
2403294,90,Adam Lallana,Liverpool FC,yellow
2403282,61,James McArthur,Crystal Palace,yellow
2403282,90,Mile Jedinak,Crystal Palace,yellow
2403282,79,Kieran Trippier,Tottenham Hotspur,yellow
2403282,90,Harry Kane,Tottenham Hotspur,yellow
2403289,59,Xherdan Shaqiri,Stoke City,yellow
2403299,89,Billy Jones,Sunderland AFC,yellow
2403299,18,Andrew Surman,AFC Bournemouth,yellow
2403300,56,Valon Behrami,Watford FC,yellow
2403300,68,Miguel Britos,Watford FC,yellow
2403300,51,Chancel Mbemba,Newcastle United,yellow
2403304,42,Micah Richards,Aston Villa,yellow
2403308,39,Mark Noble,West Ham United,yellow
2403308,70,Sam Byram,West Ham United,yellow
2403308,32,Martín Demichelis,Manchester City,yellow
2403308,89,Yaya Touré,Manchester City,yellow
2403308,90,Fernando,Manchester City,yellow
2403285,43,Àngel Rangel,Swansea City,yellow
2403285,53,Łukasz Fabiański,Swansea City,yellow
2403285,66,Gylfi Sigurðsson,Swansea City,yellow
2403279,18,Per Mertesacker,Arsenal FC,red
2403279,45,Mathieu Flamini,Arsenal FC,yellow
2403279,11,Oscar,Chelsea FC,yellow
2403279,60,Nemanja Matić,Chelsea FC,yellow
2403279,72,John Mikel,Chelsea FC,yellow
2403314,87,Francis Coquelin,Arsenal FC,yellow
2403314,89,Gabriel Paulista,Arsenal FC,yellow
2403314,61,Cédric Soares,Southampton FC,yellow
2403322,86,Lucas Leiva,Liverpool FC,yellow
2403329,29,Sébastien Bassong,Norwich City,yellow
2403329,89,Alexander Tettey,Norwich City,yellow
2403329,58,Toby Alderweireld,Tottenham Hotspur,yellow
2403329,88,Danny Rose,Tottenham Hotspur,yellow
2403331,59,Billy Jones,Sunderland AFC,yellow
2403331,80,Nicolás Otamendi,Manchester City,yellow
2403331,90,Kun Agüero,Manchester City,yellow
2403331,90,Fernandinho,Manchester City,yellow
2403331,90,Bacary Sagna,Manchester City,yellow
2403339,48,Alex Song,West Ham United,yellow
2403339,67,James Collins,West Ham United,yellow
2403339,69,Mark Noble,West Ham United,yellow
2403339,17,Jordan Ayew,Aston Villa,red
2403318,43,Wilfried Zaha,Crystal Palace,yellow
2403318,51,Scott Dann,Crystal Palace,yellow
2403318,68,Mile Jedinak,Crystal Palace,yellow
2403318,65,Simon Francis,AFC Bournemouth,yellow
2403318,76,Steve Cook,AFC Bournemouth,yellow
2403318,81,Adam Smith,AFC Bournemouth,yellow
2403318,90,Lewis Grabban,AFC Bournemouth,yellow
2403325,55,Matteo Darmian,Manchester United,yellow
2403325,60,Anthony Martial,Manchester United,yellow
2403325,85,Stephen Ireland,Stoke City,yellow
2403334,19,Sebastian Prödl,Watford FC,yellow
2403334,45,Juan Paredes,Watford FC,yellow
2403334,45,Diego Costa,Chelsea FC,yellow
2403344,74,Séamus Coleman,Everton FC,yellow
2403344,61,Jonjo Shelvey,Newcastle United,yellow
2403344,90,Jamaal Lascelles,Newcastle United,red
2403366,69,Pablo Zabaleta,Manchester City,yellow
2403366,72,Fernando,Manchester City,yellow
2403366,36,Wes Morgan,Leicester City,yellow
2403366,46,Danny Simpson,Leicester City,yellow
2403354,12,Jonny Howson,Norwich City,yellow
2403354,77,Timm Klose,Norwich City,yellow
2403359,81,Alberto Moreno,Liverpool FC,yellow
2403359,39,Dame NDoye,Sunderland AFC,yellow
2403370,48,Gareth McAuley,West Bromwich Albion,yellow
2403370,64,James Chester,West Bromwich Albion,yellow
2403370,85,Jonas Olsson,West Bromwich Albion,yellow
2403376,59,Mame Diouf,Stoke City,yellow
2403380,75,Federico Fernández,Swansea City,yellow
2403380,54,Damien Delaney,Crystal Palace,yellow
2403380,56,Mile Jedinak,Crystal Palace,yellow
2403381,60,Étienne Capoue,Watford FC,yellow
2403373,54,Victor Wanyama,Southampton FC,red
2403373,86,Jordy Clasie,Southampton FC,yellow
2403373,67,Enner Valencia,West Ham United,yellow
2403373,87,Sam Byram,West Ham United,yellow
2403350,9,Mathieu Flamini,Arsenal FC,yellow
2403358,63,Daley Blind,Manchester United,yellow
2403358,79,Jesse Lingard,Manchester United,yellow
2403358,83,Chris Smalling,Manchester United,yellow
2403412,38,DeAndre Yedlin,Sunderland AFC,yellow
2403412,45,John OShea,Sunderland AFC,yellow
2403412,46,Wayne Rooney,Manchester United,yellow
2403412,58,Mata,Manchester United,yellow
2403412,59,Michael Carrick,Manchester United,yellow
2403385,36,Marc Pugh,AFC Bournemouth,yellow
2403385,74,Andrew Surman,AFC Bournemouth,yellow
2403385,85,Simon Francis,AFC Bournemouth,yellow
2403385,90,Harry Arter,AFC Bournemouth,yellow
2403385,21,Mame Diouf,Stoke City,yellow
2403385,90,Giannelli Imbula,Stoke City,yellow
2403399,90,Pape Souaré,Crystal Palace,red
2403399,77,Mario Suárez,Watford FC,yellow
2403401,64,Gareth Barry,Everton FC,yellow
2403401,51,Darren Fletcher,West Bromwich Albion,yellow
2403401,51,James McClean,West Bromwich Albion,yellow
2403401,75,Ben Foster,West Bromwich Albion,yellow
2403401,83,Chris Brunt,West Bromwich Albion,yellow
2403408,33,Steven Naismith,Norwich City,yellow
2403408,90,Jonny Howson,Norwich City,yellow
2403408,23,James Collins,West Ham United,yellow
2403408,32,Pedro Obiang,West Ham United,yellow
2403414,32,Oriol Romeu,Southampton FC,yellow
2403414,64,Jordy Clasie,Southampton FC,yellow
2403414,90,James Ward-Prowse,Southampton FC,yellow
2403396,19,Steven Taylor,Newcastle United,yellow
2403396,61,Jonjo Shelvey,Newcastle United,yellow
2403388,36,Francis Coquelin,Arsenal FC,yellow
2403388,44,Laurent Koscielny,Arsenal FC,yellow
2403388,45,Aaron Ramsey,Arsenal FC,yellow
2403388,90,Danny Welbeck,Arsenal FC,yellow
2403388,52,Christian Fuchs,Leicester City,yellow
2403388,54,Danny Simpson,Leicester City,yellow-red
2403388,57,NGolo Kanté,Leicester City,yellow
2403388,90,Marcin Wasilewski,Leicester City,yellow
2403392,42,Leandro Bacuna,Aston Villa,yellow
2403392,65,Ashley Westwood,Aston Villa,yellow
2403392,77,Jordan Veretout,Aston Villa,yellow
2403392,84,Kevin Stewart,Liverpool FC,yellow
2403405,46,Vincent Kompany,Manchester City,yellow
2403405,45,Eric Dier,Tottenham Hotspur,yellow
2403405,56,Kevin Wimmer,Tottenham Hotspur,yellow
2403405,76,Tom Carroll,Tottenham Hotspur,yellow
2403452,71,Sam Byram,West Ham United,yellow
2403422,48,Steven Naismith,Norwich City,yellow
2403422,52,Ryan Bennett,Norwich City,yellow
2403435,19,Steven Davis,Southampton FC,yellow
2403435,64,Ryan Bertrand,Southampton FC,yellow
2403435,65,Jordy Clasie,Southampton FC,yellow
2403435,63,Diego Costa,Chelsea FC,yellow
2403438,36,Idrissa Gueye,Aston Villa,yellow
2403438,45,Alan Hutton,Aston Villa,yellow
2403438,90,Jores Okore,Aston Villa,yellow
2403443,77,Ben Watson,Watford FC,yellow
2403443,82,Valon Behrami,Watford FC,yellow
2403443,87,Craig Cathcart,Watford FC,yellow
2403443,85,Andrew Surman,AFC Bournemouth,yellow
2403449,17,Craig Dawson,West Bromwich Albion,yellow
2403449,78,James Chester,West Bromwich Albion,yellow
2403449,25,Emmanuel Adebayor,Crystal Palace,yellow
2403449,64,Yohan Cabaye,Crystal Palace,yellow
2403427,9,Guillermo Varela,Manchester United,yellow
2403427,22,Michael Carrick,Manchester United,yellow
2403427,71,Ander Herrera,Manchester United,yellow
2403427,90,Adnan Januzaj,Manchester United,yellow
2403427,71,Aaron Ramsey,Arsenal FC,yellow
2403427,73,Mohamed Elneny,Arsenal FC,yellow
2403427,90,Mesut Özil,Arsenal FC,yellow
2403440,56,Danny Rose,Tottenham Hotspur,yellow
2403440,90,Kyle Walker,Tottenham Hotspur,yellow
2403440,28,Ashley Williams,Swansea City,yellow
2403440,43,Alberto Paloschi,Swansea City,yellow
2403440,58,André Ayew,Swansea City,yellow
2403432,44,Vurnon Anita,Newcastle United,yellow
2403432,56,Ayoze Pérez,Newcastle United,yellow
2403432,90,Moussa Sissoko,Newcastle United,yellow
2403432,67,Vincent Kompany,Manchester City,yellow
2403432,89,Eliaquim Mangala,Manchester City,yellow
2403425,8,James Milner,Liverpool FC,yellow
2403425,42,Aaron Lennon,Everton FC,yellow
2403425,50,Ramiro Funes Mori,Everton FC,red
2403466,13,Ciaran Clark,Aston Villa,yellow
2403466,20,Idrissa Gueye,Aston Villa,yellow
2403466,27,Leandro Bacuna,Aston Villa,yellow
2403466,44,Romelu Lukaku,Everton FC,yellow
2403473,33,Stéphane Sessegnon,West Bromwich Albion,yellow
2403473,89,Claudio Yacob,West Bromwich Albion,yellow
2403482,13,Jonny Howson,Norwich City,yellow
2403482,39,Ryan Bennett,Norwich City,yellow
2403482,76,Timm Klose,Norwich City,yellow
2403482,44,Oscar,Chelsea FC,yellow
2403482,73,Cesc Fàbregas,Chelsea FC,yellow
2403485,18,Jack Rodwell,Sunderland AFC,yellow
2403485,45,Scott Dann,Crystal Palace,yellow
2403464,40,André Ayew,Swansea City,yellow
2403464,77,Wayne Routledge,Swansea City,yellow
2403488,30,Toby Alderweireld,Tottenham Hotspur,yellow
2403488,41,Kevin Wimmer,Tottenham Hotspur,yellow
2403488,65,Ben Davies,Tottenham Hotspur,yellow
2403491,45,Muniesa,Stoke City,yellow
2403477,67,Jesús Navas,Manchester City,yellow
2403478,23,Timothy Fosu-Mensah,Manchester United,yellow
2403478,82,Miguel Britos,Watford FC,yellow
2403478,90,Nordin Amrabat,Watford FC,yellow
2403518,28,Érik Lamela,Tottenham Hotspur,yellow
2403518,73,Eric Dier,Tottenham Hotspur,yellow
2403518,26,Héctor Bellerín,Arsenal FC,yellow
2403518,55,Francis Coquelin,Arsenal FC,yellow-red
2403518,66,Alexis Sánchez,Arsenal FC,yellow
2403499,45,Oscar,Chelsea FC,yellow
2403499,53,Erik Pieters,Stoke City,yellow
2403499,73,Glenn Whelan,Stoke City,yellow
2403506,34,Kevin Mirallas,Everton FC,yellow-red
2403506,75,Joel,Everton FC,yellow
2403506,90,Ross Barkley,Everton FC,yellow
2403506,37,Michail Antonio,West Ham United,yellow
2403506,80,Angelo Ogbonna,West Ham United,yellow
2403506,90,Diafra Sakho,West Ham United,yellow
2403508,45,Jordan Veretout,Aston Villa,yellow
2403511,56,Ayoze Pérez,Newcastle United,yellow
2403511,45,Steve Cook,AFC Bournemouth,yellow
2403511,75,Dan Gosling,AFC Bournemouth,yellow
2403511,89,Lewis Grabban,AFC Bournemouth,yellow
2403514,8,Ryan Bertrand,Southampton FC,yellow
2403514,31,Virgil van Dijk,Southampton FC,yellow
2403514,79,José Fonte,Southampton FC,red
2403514,11,Wahbi Khazri,Sunderland AFC,yellow
2403517,34,Neil Taylor,Swansea City,yellow
2403517,90,Àngel Rangel,Swansea City,yellow
2403517,13,Cameron Jerome,Norwich City,yellow
2403517,17,Robbie Brady,Norwich City,yellow
2403517,46,Ryan Bennett,Norwich City,yellow
2403517,50,Russell Martin,Norwich City,yellow
2403517,57,Gary ONeil,Norwich City,yellow
2403521,30,Nordin Amrabat,Watford FC,yellow
2403521,58,Nathan Aké,Watford FC,yellow
2403521,74,Christian Fuchs,Leicester City,yellow
2403521,90,Wes Morgan,Leicester City,yellow
2403503,11,Scott Dann,Crystal Palace,yellow
2403503,10,Jordan Henderson,Liverpool FC,yellow
2403503,62,James Milner,Liverpool FC,yellow-red
2403503,86,Alberto Moreno,Liverpool FC,yellow
2403523,58,Jonas Olsson,West Bromwich Albion,yellow
2403523,26,Mata,Manchester United,yellow-red
2403543,12,Ryan Bennett,Norwich City,yellow
2403543,50,Gary ONeil,Norwich City,yellow
2403543,74,Jonny Howson,Norwich City,yellow
2403543,26,Nicolás Otamendi,Manchester City,yellow
2403527,35,Dan Gosling,AFC Bournemouth,yellow
2403546,55,Erik Pieters,Stoke City,yellow
2403546,47,Jordy Clasie,Southampton FC,yellow
2403546,90,Sadio Mané,Southampton FC,red
2403546,90,Steven Davis,Southampton FC,yellow
2403550,22,Sebastian Prödl,Watford FC,yellow
2403550,71,Mario Suárez,Watford FC,yellow
2403550,90,Nordin Amrabat,Watford FC,yellow-red
2403540,62,Matteo Darmian,Manchester United,yellow
2403540,6,Martin Kelly,Crystal Palace,yellow
2403540,44,Pape Souaré,Crystal Palace,yellow
2403530,42,Gareth McAuley,West Bromwich Albion,yellow
2403547,67,Lee Cattermole,Sunderland AFC,yellow
2403537,44,Emre Can,Liverpool FC,yellow
2403537,48,Kolo Touré,Liverpool FC,yellow
2403537,73,James Milner,Liverpool FC,yellow
2403537,87,Azpilicueta,Chelsea FC,yellow
2403467,16,Branislav Ivanović,Chelsea FC,yellow
2403467,90,Cesc Fàbregas,Chelsea FC,yellow
2403467,90,Willian,Chelsea FC,yellow
2403467,45,Winston Reid,West Ham United,yellow
2403467,45,Angelo Ogbonna,West Ham United,yellow
2403467,64,Cheikhou Kouyaté,West Ham United,yellow
2403467,89,Michail Antonio,West Ham United,yellow
2403467,89,Adrián,West Ham United,yellow
2403470,42,Pape Souaré,Crystal Palace,yellow
2403470,31,Kasper Schmeichel,Leicester City,yellow
2403498,41,Étienne Capoue,Watford FC,yellow
2403498,45,Allan Nyom,Watford FC,yellow
2403498,83,Adlène Guédioura,Watford FC,yellow
2403498,76,Jon Walters,Stoke City,yellow
2403501,90,Gareth McAuley,West Bromwich Albion,yellow
2403501,81,Vadis Odjidja-Ofoe,Norwich City,yellow
2403501,90,Jonny Howson,Norwich City,yellow
2403492,59,Gylfi Sigurðsson,Swansea City,yellow
2403492,87,Wayne Routledge,Swansea City,yellow
2403492,90,Leon Britton,Swansea City,yellow
2403492,27,Aly Cissokho,Aston Villa,yellow
2403492,90,Joleon Lescott,Aston Villa,yellow
2403484,18,Jack Colback,Newcastle United,yellow
2403484,36,Daryl Janmaat,Newcastle United,yellow
2403484,52,Jonjo Shelvey,Newcastle United,yellow
2403484,83,Aleksandar Mitrović,Newcastle United,yellow
2403484,90,Vito Mannone,Sunderland AFC,yellow
2403487,86,Sadio Mané,Southampton FC,yellow
2403487,25,Dejan Lovren,Liverpool FC,yellow
2403487,48,Emre Can,Liverpool FC,yellow
2403487,49,Martin Škrtel,Liverpool FC,yellow
2403479,76,Eliaquim Mangala,Manchester City,yellow
2403479,10,Chris Smalling,Manchester United,yellow
2403495,59,Simon Francis,AFC Bournemouth,yellow
2403426,28,Idrissa Gueye,Aston Villa,yellow
2403426,45,Aly Cissokho,Aston Villa,yellow
2403426,61,Carlos Sánchez,Aston Villa,yellow
2403426,85,Alan Hutton,Aston Villa,yellow-red
2403426,87,Ashley Westwood,Aston Villa,yellow
2403426,29,Cesc Fàbregas,Chelsea FC,yellow
2403420,89,Fernando,Manchester City,yellow
2403423,84,Mohamed Elneny,Arsenal FC,yellow
2403423,61,Allan Nyom,Watford FC,yellow
2403450,22,Ashley Williams,Swansea City,yellow
2403455,18,Younès Kaboul,Sunderland AFC,yellow
2403455,47,Craig Gardner,West Bromwich Albion,yellow
2403457,28,Mark Noble,West Ham United,yellow
2403457,30,Winston Reid,West Ham United,yellow
2403457,67,Cheikhou Kouyaté,West Ham United,red
2403457,90,Joel Ward,Crystal Palace,yellow
2403457,90,Bakary Sako,Crystal Palace,yellow
2403436,24,Coutinho,Liverpool FC,yellow
2403436,64,Emre Can,Liverpool FC,yellow
2403431,51,Danny Drinkwater,Leicester City,yellow
2403431,88,Christian Fuchs,Leicester City,yellow
2403431,46,Victor Wanyama,Southampton FC,yellow
2403431,75,Dušan Tadić,Southampton FC,yellow
2403441,61,Chris Smalling,Manchester United,yellow
2403441,90,Jesse Lingard,Manchester United,yellow
2403415,4,Andy Carroll,West Ham United,yellow
2403415,90,Michail Antonio,West Ham United,yellow
2403379,36,Idrissa Gueye,Aston Villa,yellow
2403379,90,Jordan Ayew,Aston Villa,yellow
2403379,27,Steve Cook,AFC Bournemouth,yellow
2403379,32,Charlie Daniels,AFC Bournemouth,yellow
2403382,21,Yannick Bolasie,Crystal Palace,yellow
2403382,70,Mile Jedinak,Crystal Palace,yellow
2403382,38,Timm Klose,Norwich City,yellow
2403403,30,Àngel Rangel,Swansea City,yellow
2403403,43,Neil Taylor,Swansea City,yellow
2403403,70,Alberto Paloschi,Swansea City,yellow
2403403,79,Leroy Fer,Swansea City,yellow
2403403,79,Ashley Williams,Swansea City,yellow
2403403,36,Azpilicueta,Chelsea FC,yellow
2403403,40,Matt Miazga,Chelsea FC,yellow
2403403,71,Pedro,Chelsea FC,yellow
2403403,76,Cesc Fàbregas,Chelsea FC,yellow
2403410,13,Étienne Capoue,Watford FC,yellow
2403410,90,Odion Ighalo,Watford FC,yellow
2403410,43,James McCarthy,Everton FC,yellow
2403389,33,Craig Gardner,West Bromwich Albion,yellow
2403397,21,Fabio Borini,Sunderland AFC,yellow
2403397,30,Christian Fuchs,Leicester City,yellow
2403384,25,Erik Pieters,Stoke City,yellow
2403384,82,Ryan Shawcross,Stoke City,yellow
2403406,72,Danny Rose,Tottenham Hotspur,yellow
2403406,83,Kyle Walker,Tottenham Hotspur,yellow
2403406,90,Dele Alli,Tottenham Hotspur,yellow
2403406,73,Matteo Darmian,Manchester United,yellow
2403406,83,Memphis Depay,Manchester United,yellow
2403406,84,Ashley Young,Manchester United,yellow
2403363,40,Andre Wisdom,Norwich City,yellow
2403363,59,Martin Olsson,Norwich City,yellow
2403363,32,Wahbi Khazri,Sunderland AFC,yellow
2403363,58,Lee Cattermole,Sunderland AFC,yellow
2403349,42,Darron Gibson,Everton FC,yellow
2403349,84,Jay Rodriguez,Southampton FC,yellow
2403355,65,Kieran Richardson,Aston Villa,yellow
2403361,22,Chancel Mbemba,Newcastle United,yellow
2403361,73,Vurnon Anita,Newcastle United,yellow
2403361,9,Leroy Fer,Swansea City,yellow
2403372,33,Miguel Britos,Watford FC,yellow
2403372,67,Gomes,Watford FC,yellow
2403372,86,Troy Deeney,Watford FC,yellow
2403343,62,Azpilicueta,Chelsea FC,yellow
2403343,72,John Mikel,Chelsea FC,yellow
2403343,78,Thibaut Courtois,Chelsea FC,red
2403343,29,Pablo Zabaleta,Manchester City,yellow
2403343,45,Nicolás Otamendi,Manchester City,yellow
2403343,47,Samir Nasri,Manchester City,yellow
2403352,56,Jamie Vardy,Leicester City,yellow-red
2403352,77,Wes Morgan,Leicester City,yellow
2403352,30,Winston Reid,West Ham United,yellow
2403352,40,Mark Noble,West Ham United,yellow
2403352,42,Dimitri Payet,West Ham United,yellow
2403340,58,Joe Ledley,Crystal Palace,yellow
2403340,73,Scott Dann,Crystal Palace,yellow
2403367,61,Giannelli Imbula,Stoke City,yellow
2403367,79,Charlie Adam,Stoke City,yellow
2403305,52,James McCarthy,Everton FC,yellow-red
2403305,90,Gareth Barry,Everton FC,yellow
2403298,89,Matt Ritchie,AFC Bournemouth,yellow
2403301,58,Alan Hutton,Aston Villa,yellow
2403301,83,Idrissa Gueye,Aston Villa,yellow
2403313,53,James Milner,Liverpool FC,yellow
2403313,22,Cheick Tioté,Newcastle United,yellow
2403324,58,Fabio Borini,Sunderland AFC,yellow
2403324,90,Wahbi Khazri,Sunderland AFC,yellow
2403324,40,Aaron Ramsey,Arsenal FC,yellow
2403324,49,Héctor Bellerín,Arsenal FC,yellow
2403324,76,Mohamed Elneny,Arsenal FC,yellow
2403324,90,Laurent Koscielny,Arsenal FC,yellow
2403310,81,Robert Huth,Leicester City,yellow
2403310,63,Federico Fernández,Swansea City,yellow
2403310,72,Ashley Williams,Swansea City,yellow
2403328,60,Jonny Evans,West Bromwich Albion,yellow
2403332,69,Andy Carroll,West Ham United,yellow
2403332,58,Anthony Martial,Manchester United,yellow
2403332,70,Antonio Valencia,Manchester United,yellow
2403332,75,Ander Herrera,Manchester United,yellow
2403321,47,Ryan Bennett,Norwich City,yellow
2403321,84,Vadis Odjidja-Ofoe,Norwich City,yellow
2403321,43,Almen Abdi,Watford FC,yellow
2403321,67,Ben Watson,Watford FC,yellow
2403321,83,Nathan Aké,Watford FC,yellow
2403266,62,Darron Gibson,Everton FC,yellow
2403273,7,Chancel Mbemba,Newcastle United,yellow
2403273,66,Jack Colback,Newcastle United,yellow
2403278,74,Charlie Adam,Stoke City,yellow
2403278,83,Giannelli Imbula,Stoke City,yellow
2403278,79,Dame NDoye,Sunderland AFC,yellow
2403278,90,Sebastian Larsson,Sunderland AFC,yellow
2403286,78,Steven Berghuis,Watford FC,yellow
2403286,82,Almen Abdi,Watford FC,yellow
2403286,41,Leandro Bacuna,Aston Villa,yellow
2403286,45,Idrissa Gueye,Aston Villa,yellow
2403286,73,Aly Cissokho,Aston Villa,red
2403286,78,Mark Bunn,Aston Villa,yellow
2403261,85,Mesut Özil,Arsenal FC,yellow
2403283,40,Jack Cork,Swansea City,yellow
2403283,74,Àngel Rangel,Swansea City,yellow
2403283,38,Nathaniel Clyne,Liverpool FC,yellow
2403283,76,Brad Smith,Liverpool FC,yellow-red
2403283,77,Martin Škrtel,Liverpool FC,yellow
2403269,53,Jesse Lingard,Manchester United,yellow
2403269,57,Michael Carrick,Manchester United,yellow
2403269,67,Wayne Rooney,Manchester United,yellow
2403269,86,Danny Drinkwater,Leicester City,yellow-red
2403276,30,Jordy Clasie,Southampton FC,yellow
2403276,54,Dušan Tadić,Southampton FC,yellow
2403276,20,Fernandinho,Manchester City,yellow
2403263,45,Willian,Chelsea FC,yellow
2403263,71,Branislav Ivanović,Chelsea FC,yellow
2403263,88,John Mikel,Chelsea FC,yellow
2403263,27,Kyle Walker,Tottenham Hotspur,yellow
2403263,38,Jan Vertonghen,Tottenham Hotspur,yellow
2403263,45,Danny Rose,Tottenham Hotspur,yellow
2403263,51,Érik Lamela,Tottenham Hotspur,yellow
2403263,70,Christian Eriksen,Tottenham Hotspur,yellow
2403263,88,Eric Dier,Tottenham Hotspur,yellow
2403263,90,Harry Kane,Tottenham Hotspur,yellow
2403263,90,Mousa Dembélé,Tottenham Hotspur,yellow
2403263,90,Ryan Mason,Tottenham Hotspur,yellow
2403245,90,Gary ONeil,Norwich City,yellow
2403225,43,Tommy Elphick,AFC Bournemouth,yellow
2403225,70,Harry Arter,AFC Bournemouth,yellow
2403225,63,Claudio Yacob,West Bromwich Albion,yellow
2403230,60,Ciaran Clark,Aston Villa,yellow
2403230,90,Paul Dummett,Newcastle United,yellow
2403233,33,James McArthur,Crystal Palace,yellow
2403233,90,Pape Souaré,Crystal Palace,yellow
2403233,3,Glenn Whelan,Stoke City,yellow
2403233,21,Erik Pieters,Stoke City,yellow
2403233,88,Stephen Ireland,Stoke City,yellow
2403248,52,Lee Cattermole,Sunderland AFC,yellow
2403248,71,Jermain Defoe,Sunderland AFC,yellow
2403248,88,Younès Kaboul,Sunderland AFC,yellow
2403248,88,Sebastian Larsson,Sunderland AFC,yellow
2403248,1,Gary Cahill,Chelsea FC,yellow
2403248,90,John Terry,Chelsea FC,yellow-red
2403255,72,Diafra Sakho,West Ham United,yellow
2403255,81,Winston Reid,West Ham United,yellow
2403255,85,Angelo Ogbonna,West Ham United,yellow
2403237,44,Matthew Pennington,Everton FC,yellow
2403237,49,Tom Cleverley,Everton FC,yellow
2403237,71,Darron Gibson,Everton FC,yellow
2403250,51,Sadio Mané,Southampton FC,yellow
2403250,74,Oriol Romeu,Southampton FC,yellow
2403250,83,Shane Long,Southampton FC,yellow
2403240,63,Jon Flanagan,Liverpool FC,yellow
2403240,59,Miguel Britos,Watford FC,yellow
2403240,74,Steven Berghuis,Watford FC,yellow
2403242,90,Nicolás Otamendi,Manchester City,yellow
2403242,90,Fernandinho,Manchester City,yellow
2403242,72,Gabriel Paulista,Arsenal FC,yellow
2403183,39,Carlos Sánchez,Aston Villa,yellow
2403196,67,Aleksandar Mitrović,Newcastle United,red
2403196,85,Rolando Aarons,Newcastle United,yellow
2403196,45,Ryan Mason,Tottenham Hotspur,yellow
2403196,62,Érik Lamela,Tottenham Hotspur,yellow
2403202,72,Graziano Pellè,Southampton FC,yellow
2403202,54,Joel Ward,Crystal Palace,yellow
2403202,59,James McArthur,Crystal Palace,yellow
2403206,40,Giannelli Imbula,Stoke City,yellow
2403206,90,Mame Diouf,Stoke City,yellow
2403206,90,Shay Given,Stoke City,yellow
2403206,20,Cheikhou Kouyaté,West Ham United,yellow
2403209,74,Leon Britton,Swansea City,yellow
2403209,41,Kelechi Iheanacho,Manchester City,yellow
2403209,44,Nicolás Otamendi,Manchester City,yellow
2403209,67,Bacary Sagna,Manchester City,yellow
2403213,80,Adlène Guédioura,Watford FC,yellow
2403217,45,James McClean,West Bromwich Albion,yellow
2403217,75,Tyler Roberts,West Bromwich Albion,yellow
2403217,89,Jonny Evans,West Bromwich Albion,yellow
2403217,41,Brad Smith,Liverpool FC,yellow
2403192,66,Mata,Manchester United,yellow
