GameID,League,Season,Date,HomeTeam,AwayTeam,Result
8243940,PremierLeague,2016-2017,13.08.2016,Hull City,Leicester City,2:1
8243927,PremierLeague,2016-2017,13.08.2016,Burnley FC,Swansea City,0:1
8243935,PremierLeague,2016-2017,13.08.2016,Crystal Palace,West Bromwich Albion,0:1
8243938,PremierLeague,2016-2017,13.08.2016,Everton FC,Tottenham Hotspur,1:1
8243951,PremierLeague,2016-2017,13.08.2016,Middlesbrough FC,Stoke City,1:1
8243955,PremierLeague,2016-2017,13.08.2016,Southampton FC,Watford FC,1:1
8243946,PremierLeague,2016-2017,13.08.2016,Manchester City,Sunderland AFC,2:1
8243925,PremierLeague,2016-2017,14.08.2016,AFC Bournemouth,Manchester United,1:3
8243926,PremierLeague,2016-2017,14.08.2016,Arsenal FC,Liverpool FC,3:4
8243928,PremierLeague,2016-2017,15.08.2016,Chelsea FC,West Ham United,2:1
8243970,PremierLeague,2016-2017,19.08.2016,Manchester United,Southampton FC,2:0
8243973,PremierLeague,2016-2017,20.08.2016,Stoke City,Manchester City,1:4
8243965,PremierLeague,2016-2017,20.08.2016,Burnley FC,Liverpool FC,2:0
8243981,PremierLeague,2016-2017,20.08.2016,Swansea City,Hull City,0:2
8243984,PremierLeague,2016-2017,20.08.2016,Tottenham Hotspur,Crystal Palace,1:0
8243988,PremierLeague,2016-2017,20.08.2016,Watford FC,Chelsea FC,1:2
8243994,PremierLeague,2016-2017,20.08.2016,West Bromwich Albion,Everton FC,1:2
8243962,PremierLeague,2016-2017,20.08.2016,Leicester City,Arsenal FC,0:0
8243977,PremierLeague,2016-2017,21.08.2016,Sunderland AFC,Middlesbrough FC,1:2
8243998,PremierLeague,2016-2017,21.08.2016,West Ham United,AFC Bournemouth,1:0
8244037,PremierLeague,2016-2017,27.08.2016,Tottenham Hotspur,Liverpool FC,1:1
8244005,PremierLeague,2016-2017,27.08.2016,Chelsea FC,Burnley FC,3:0
8244010,PremierLeague,2016-2017,27.08.2016,Crystal Palace,AFC Bournemouth,1:1
8244015,PremierLeague,2016-2017,27.08.2016,Everton FC,Stoke City,1:0
8244023,PremierLeague,2016-2017,27.08.2016,Leicester City,Swansea City,2:1
8244033,PremierLeague,2016-2017,27.08.2016,Southampton FC,Sunderland AFC,1:1
8244040,PremierLeague,2016-2017,27.08.2016,Watford FC,Arsenal FC,1:3
8244020,PremierLeague,2016-2017,27.08.2016,Hull City,Manchester United,0:1
8244046,PremierLeague,2016-2017,28.08.2016,West Bromwich Albion,Middlesbrough FC,0:0
8244029,PremierLeague,2016-2017,28.08.2016,Manchester City,West Ham United,3:1
8244072,PremierLeague,2016-2017,10.09.2016,Manchester United,Manchester City,1:2
8244056,PremierLeague,2016-2017,10.09.2016,AFC Bournemouth,West Bromwich Albion,1:0
8244060,PremierLeague,2016-2017,10.09.2016,Arsenal FC,Southampton FC,2:1
8244064,PremierLeague,2016-2017,10.09.2016,Burnley FC,Hull City,1:1
8244076,PremierLeague,2016-2017,10.09.2016,Middlesbrough FC,Crystal Palace,1:2
8244079,PremierLeague,2016-2017,10.09.2016,Stoke City,Tottenham Hotspur,0:4
8244087,PremierLeague,2016-2017,10.09.2016,West Ham United,Watford FC,2:4
8244067,PremierLeague,2016-2017,10.09.2016,Liverpool FC,Leicester City,4:1
8244084,PremierLeague,2016-2017,11.09.2016,Swansea City,Chelsea FC,2:2
8244081,PremierLeague,2016-2017,12.09.2016,Sunderland AFC,Everton FC,0:3
8244098,PremierLeague,2016-2017,16.09.2016,Chelsea FC,Liverpool FC,1:2
8244110,PremierLeague,2016-2017,17.09.2016,Hull City,Arsenal FC,1:4
8244113,PremierLeague,2016-2017,17.09.2016,Leicester City,Burnley FC,3:0
8244114,PremierLeague,2016-2017,17.09.2016,Manchester City,AFC Bournemouth,4:0
8244131,PremierLeague,2016-2017,17.09.2016,West Bromwich Albion,West Ham United,4:2
8244106,PremierLeague,2016-2017,17.09.2016,Everton FC,Middlesbrough FC,3:1
8244125,PremierLeague,2016-2017,18.09.2016,Watford FC,Manchester United,3:1
8244103,PremierLeague,2016-2017,18.09.2016,Crystal Palace,Stoke City,4:1
8244117,PremierLeague,2016-2017,18.09.2016,Southampton FC,Swansea City,1:0
8244121,PremierLeague,2016-2017,18.09.2016,Tottenham Hotspur,Sunderland AFC,1:0
8244154,PremierLeague,2016-2017,24.09.2016,Manchester United,Leicester City,4:1
8244140,PremierLeague,2016-2017,24.09.2016,AFC Bournemouth,Everton FC,1:0
8244150,PremierLeague,2016-2017,24.09.2016,Liverpool FC,Hull City,5:1
8244160,PremierLeague,2016-2017,24.09.2016,Middlesbrough FC,Tottenham Hotspur,1:2
8244163,PremierLeague,2016-2017,24.09.2016,Stoke City,West Bromwich Albion,1:1
8244169,PremierLeague,2016-2017,24.09.2016,Sunderland AFC,Crystal Palace,2:3
8244174,PremierLeague,2016-2017,24.09.2016,Swansea City,Manchester City,1:3
8244144,PremierLeague,2016-2017,24.09.2016,Arsenal FC,Chelsea FC,3:0
8244181,PremierLeague,2016-2017,25.09.2016,West Ham United,Southampton FC,0:3
8244148,PremierLeague,2016-2017,26.09.2016,Burnley FC,Watford FC,2:0
8244190,PremierLeague,2016-2017,30.09.2016,Everton FC,Crystal Palace,1:1
8244210,PremierLeague,2016-2017,01.10.2016,Swansea City,Liverpool FC,1:2
8244193,PremierLeague,2016-2017,01.10.2016,Hull City,Chelsea FC,0:2
8244206,PremierLeague,2016-2017,01.10.2016,Sunderland AFC,West Bromwich Albion,1:1
8244219,PremierLeague,2016-2017,01.10.2016,Watford FC,AFC Bournemouth,2:2
8244223,PremierLeague,2016-2017,01.10.2016,West Ham United,Middlesbrough FC,1:1
8244200,PremierLeague,2016-2017,02.10.2016,Manchester United,Stoke City,1:1
8244196,PremierLeague,2016-2017,02.10.2016,Leicester City,Southampton FC,0:0
8244215,PremierLeague,2016-2017,02.10.2016,Tottenham Hotspur,Manchester City,2:0
8244187,PremierLeague,2016-2017,02.10.2016,Burnley FC,Arsenal FC,0:1
8244234,PremierLeague,2016-2017,15.10.2016,Chelsea FC,Leicester City,3:0
8244228,PremierLeague,2016-2017,15.10.2016,AFC Bournemouth,Hull City,6:1
8244231,PremierLeague,2016-2017,15.10.2016,Arsenal FC,Swansea City,3:2
8244246,PremierLeague,2016-2017,15.10.2016,Manchester City,Everton FC,1:1
8244254,PremierLeague,2016-2017,15.10.2016,Stoke City,Sunderland AFC,2:0
8244256,PremierLeague,2016-2017,15.10.2016,West Bromwich Albion,Tottenham Hotspur,1:1
8244238,PremierLeague,2016-2017,15.10.2016,Crystal Palace,West Ham United,0:1
8244248,PremierLeague,2016-2017,16.10.2016,Middlesbrough FC,Watford FC,0:1
8244251,PremierLeague,2016-2017,16.10.2016,Southampton FC,Burnley FC,3:1
8244242,PremierLeague,2016-2017,17.10.2016,Liverpool FC,Manchester United,0:0
8244261,PremierLeague,2016-2017,22.10.2016,AFC Bournemouth,Tottenham Hotspur,0:0
8244265,PremierLeague,2016-2017,22.10.2016,Arsenal FC,Middlesbrough FC,0:0
8244269,PremierLeague,2016-2017,22.10.2016,Burnley FC,Everton FC,2:1
8244276,PremierLeague,2016-2017,22.10.2016,Hull City,Stoke City,0:2
8244280,PremierLeague,2016-2017,22.10.2016,Leicester City,Crystal Palace,3:1
8244292,PremierLeague,2016-2017,22.10.2016,Swansea City,Watford FC,0:0
8244294,PremierLeague,2016-2017,22.10.2016,West Ham United,Sunderland AFC,1:0
8244285,PremierLeague,2016-2017,22.10.2016,Liverpool FC,West Bromwich Albion,2:1
8244289,PremierLeague,2016-2017,23.10.2016,Manchester City,Southampton FC,1:1
8244273,PremierLeague,2016-2017,23.10.2016,Chelsea FC,Manchester United,4:0
8244302,PremierLeague,2016-2017,29.10.2016,Sunderland AFC,Arsenal FC,1:4
8244298,PremierLeague,2016-2017,29.10.2016,Manchester United,Burnley FC,0:0
8244299,PremierLeague,2016-2017,29.10.2016,Middlesbrough FC,AFC Bournemouth,2:0
8244303,PremierLeague,2016-2017,29.10.2016,Tottenham Hotspur,Leicester City,1:1
8244304,PremierLeague,2016-2017,29.10.2016,Watford FC,Hull City,1:0
8244305,PremierLeague,2016-2017,29.10.2016,West Bromwich Albion,Manchester City,0:4
8244296,PremierLeague,2016-2017,29.10.2016,Crystal Palace,Liverpool FC,2:4
8244297,PremierLeague,2016-2017,30.10.2016,Everton FC,West Ham United,2:0
8244300,PremierLeague,2016-2017,30.10.2016,Southampton FC,Chelsea FC,0:2
8244301,PremierLeague,2016-2017,31.10.2016,Stoke City,Swansea City,3:1
8243942,PremierLeague,2016-2017,05.11.2016,AFC Bournemouth,Sunderland AFC,1:2
8243948,PremierLeague,2016-2017,05.11.2016,Burnley FC,Crystal Palace,3:2
8243960,PremierLeague,2016-2017,05.11.2016,Manchester City,Middlesbrough FC,1:1
8243966,PremierLeague,2016-2017,05.11.2016,West Ham United,Stoke City,1:1
8243950,PremierLeague,2016-2017,05.11.2016,Chelsea FC,Everton FC,5:0
8243945,PremierLeague,2016-2017,06.11.2016,Arsenal FC,Tottenham Hotspur,1:1
8243954,PremierLeague,2016-2017,06.11.2016,Hull City,Southampton FC,2:1
8243958,PremierLeague,2016-2017,06.11.2016,Liverpool FC,Watford FC,6:1
8243963,PremierLeague,2016-2017,06.11.2016,Swansea City,Manchester United,1:3
8243956,PremierLeague,2016-2017,06.11.2016,Leicester City,West Bromwich Albion,1:2
8243978,PremierLeague,2016-2017,19.11.2016,Manchester United,Arsenal FC,1:1
8243974,PremierLeague,2016-2017,19.11.2016,Crystal Palace,Manchester City,1:2
8243976,PremierLeague,2016-2017,19.11.2016,Everton FC,Swansea City,1:1
8243983,PremierLeague,2016-2017,19.11.2016,Southampton FC,Liverpool FC,0:0
8243985,PremierLeague,2016-2017,19.11.2016,Stoke City,AFC Bournemouth,0:1
8243989,PremierLeague,2016-2017,19.11.2016,Sunderland AFC,Hull City,3:0
8243995,PremierLeague,2016-2017,19.11.2016,Watford FC,Leicester City,2:1
8243992,PremierLeague,2016-2017,19.11.2016,Tottenham Hotspur,West Ham United,3:2
8243980,PremierLeague,2016-2017,20.11.2016,Middlesbrough FC,Chelsea FC,0:1
8243996,PremierLeague,2016-2017,21.11.2016,West Bromwich Albion,Burnley FC,4:0
8244004,PremierLeague,2016-2017,26.11.2016,Burnley FC,Manchester City,1:2
8244012,PremierLeague,2016-2017,26.11.2016,Hull City,West Bromwich Albion,1:1
8244016,PremierLeague,2016-2017,26.11.2016,Leicester City,Middlesbrough FC,2:2
8244019,PremierLeague,2016-2017,26.11.2016,Liverpool FC,Sunderland AFC,2:0
8244027,PremierLeague,2016-2017,26.11.2016,Swansea City,Crystal Palace,5:4
8244008,PremierLeague,2016-2017,26.11.2016,Chelsea FC,Tottenham Hotspur,2:1
8244030,PremierLeague,2016-2017,27.11.2016,Watford FC,Stoke City,0:1
8244001,PremierLeague,2016-2017,27.11.2016,Arsenal FC,AFC Bournemouth,3:1
8244022,PremierLeague,2016-2017,27.11.2016,Manchester United,West Ham United,1:1
8244024,PremierLeague,2016-2017,27.11.2016,Southampton FC,Everton FC,1:0
8244048,PremierLeague,2016-2017,03.12.2016,Manchester City,Chelsea FC,1:3
8244041,PremierLeague,2016-2017,03.12.2016,Crystal Palace,Southampton FC,3:0
8244054,PremierLeague,2016-2017,03.12.2016,Stoke City,Burnley FC,2:0
8244059,PremierLeague,2016-2017,03.12.2016,Sunderland AFC,Leicester City,2:1
8244061,PremierLeague,2016-2017,03.12.2016,Tottenham Hotspur,Swansea City,5:0
8244065,PremierLeague,2016-2017,03.12.2016,West Bromwich Albion,Watford FC,3:1
8244068,PremierLeague,2016-2017,03.12.2016,West Ham United,Arsenal FC,1:5
8244038,PremierLeague,2016-2017,04.12.2016,AFC Bournemouth,Liverpool FC,4:3
8244044,PremierLeague,2016-2017,04.12.2016,Everton FC,Manchester United,1:1
8244050,PremierLeague,2016-2017,05.12.2016,Middlesbrough FC,Hull City,1:0
8244111,PremierLeague,2016-2017,10.12.2016,Watford FC,Everton FC,3:2
8244074,PremierLeague,2016-2017,10.12.2016,Arsenal FC,Stoke City,3:1
8244088,PremierLeague,2016-2017,10.12.2016,Burnley FC,AFC Bournemouth,3:2
8244094,PremierLeague,2016-2017,10.12.2016,Hull City,Crystal Palace,3:3
8244107,PremierLeague,2016-2017,10.12.2016,Swansea City,Sunderland AFC,3:0
8244096,PremierLeague,2016-2017,10.12.2016,Leicester City,Manchester City,4:2
8244091,PremierLeague,2016-2017,11.12.2016,Chelsea FC,West Bromwich Albion,1:0
8244102,PremierLeague,2016-2017,11.12.2016,Manchester United,Tottenham Hotspur,1:0
8244105,PremierLeague,2016-2017,11.12.2016,Southampton FC,Middlesbrough FC,1:0
8244099,PremierLeague,2016-2017,11.12.2016,Liverpool FC,West Ham United,2:2
8244119,PremierLeague,2016-2017,13.12.2016,AFC Bournemouth,Leicester City,1:0
8244139,PremierLeague,2016-2017,13.12.2016,Everton FC,Arsenal FC,2:1
8244126,PremierLeague,2016-2017,14.12.2016,Middlesbrough FC,Liverpool FC,0:3
8244130,PremierLeague,2016-2017,14.12.2016,Sunderland AFC,Chelsea FC,0:1
8244135,PremierLeague,2016-2017,14.12.2016,West Ham United,Burnley FC,1:0
8244124,PremierLeague,2016-2017,14.12.2016,Crystal Palace,Manchester United,1:2
8244132,PremierLeague,2016-2017,14.12.2016,West Bromwich Albion,Swansea City,3:1
8244143,PremierLeague,2016-2017,14.12.2016,Manchester City,Watford FC,2:0
8244146,PremierLeague,2016-2017,14.12.2016,Stoke City,Southampton FC,0:0
8244149,PremierLeague,2016-2017,14.12.2016,Tottenham Hotspur,Hull City,3:0
8244155,PremierLeague,2016-2017,17.12.2016,Crystal Palace,Chelsea FC,0:1
8244165,PremierLeague,2016-2017,17.12.2016,Middlesbrough FC,Swansea City,3:0
8244168,PremierLeague,2016-2017,17.12.2016,Stoke City,Leicester City,2:2
8244172,PremierLeague,2016-2017,17.12.2016,Sunderland AFC,Watford FC,1:0
8244180,PremierLeague,2016-2017,17.12.2016,West Ham United,Hull City,1:0
8244177,PremierLeague,2016-2017,17.12.2016,West Bromwich Albion,Manchester United,0:2
8244151,PremierLeague,2016-2017,18.12.2016,AFC Bournemouth,Southampton FC,1:3
8244161,PremierLeague,2016-2017,18.12.2016,Manchester City,Arsenal FC,2:1
8244173,PremierLeague,2016-2017,18.12.2016,Tottenham Hotspur,Burnley FC,2:1
8244158,PremierLeague,2016-2017,19.12.2016,Everton FC,Liverpool FC,0:1
8244216,PremierLeague,2016-2017,26.12.2016,Watford FC,Crystal Palace,1:1
8244184,PremierLeague,2016-2017,26.12.2016,Arsenal FC,West Bromwich Albion,1:0
8244189,PremierLeague,2016-2017,26.12.2016,Burnley FC,Middlesbrough FC,1:0
8244192,PremierLeague,2016-2017,26.12.2016,Chelsea FC,AFC Bournemouth,3:0
8244199,PremierLeague,2016-2017,26.12.2016,Leicester City,Everton FC,0:2
8244204,PremierLeague,2016-2017,26.12.2016,Manchester United,Sunderland AFC,3:1
8244213,PremierLeague,2016-2017,26.12.2016,Swansea City,West Ham United,1:4
8244195,PremierLeague,2016-2017,26.12.2016,Hull City,Manchester City,0:3
8244201,PremierLeague,2016-2017,27.12.2016,Liverpool FC,Stoke City,4:1
8244209,PremierLeague,2016-2017,28.12.2016,Southampton FC,Tottenham Hotspur,1:4
8244237,PremierLeague,2016-2017,30.12.2016,Hull City,Everton FC,2:2
8244232,PremierLeague,2016-2017,31.12.2016,Burnley FC,Sunderland AFC,4:1
8244235,PremierLeague,2016-2017,31.12.2016,Chelsea FC,Stoke City,4:2
8244241,PremierLeague,2016-2017,31.12.2016,Leicester City,West Ham United,1:0
8244245,PremierLeague,2016-2017,31.12.2016,Manchester United,Middlesbrough FC,2:1
8244249,PremierLeague,2016-2017,31.12.2016,Southampton FC,West Bromwich Albion,1:2
8244250,PremierLeague,2016-2017,31.12.2016,Swansea City,AFC Bournemouth,0:3
8244243,PremierLeague,2016-2017,31.12.2016,Liverpool FC,Manchester City,1:0
8244252,PremierLeague,2016-2017,01.01.2017,Watford FC,Tottenham Hotspur,1:4
8244222,PremierLeague,2016-2017,01.01.2017,Arsenal FC,Crystal Palace,2:0
8244274,PremierLeague,2016-2017,02.01.2017,Middlesbrough FC,Leicester City,0:0
8244267,PremierLeague,2016-2017,02.01.2017,Everton FC,Southampton FC,3:0
8244270,PremierLeague,2016-2017,02.01.2017,Manchester City,Burnley FC,2:1
8244281,PremierLeague,2016-2017,02.01.2017,Sunderland AFC,Liverpool FC,2:2
8244287,PremierLeague,2016-2017,02.01.2017,West Bromwich Albion,Hull City,3:1
8244288,PremierLeague,2016-2017,02.01.2017,West Ham United,Manchester United,0:2
8244260,PremierLeague,2016-2017,03.01.2017,AFC Bournemouth,Arsenal FC,3:3
8244263,PremierLeague,2016-2017,03.01.2017,Crystal Palace,Swansea City,1:2
8244277,PremierLeague,2016-2017,03.01.2017,Stoke City,Watford FC,2:0
8244283,PremierLeague,2016-2017,04.01.2017,Tottenham Hotspur,Chelsea FC,2:0
8243944,PremierLeague,2016-2017,14.01.2017,Tottenham Hotspur,West Bromwich Albion,4:0
8243930,PremierLeague,2016-2017,14.01.2017,Burnley FC,Southampton FC,1:0
8243934,PremierLeague,2016-2017,14.01.2017,Hull City,AFC Bournemouth,3:1
8243941,PremierLeague,2016-2017,14.01.2017,Sunderland AFC,Stoke City,1:3
8243943,PremierLeague,2016-2017,14.01.2017,Swansea City,Arsenal FC,0:4
8243949,PremierLeague,2016-2017,14.01.2017,Watford FC,Middlesbrough FC,0:0
8243952,PremierLeague,2016-2017,14.01.2017,West Ham United,Crystal Palace,3:0
8243936,PremierLeague,2016-2017,14.01.2017,Leicester City,Chelsea FC,0:3
8243932,PremierLeague,2016-2017,15.01.2017,Everton FC,Manchester City,4:0
8243939,PremierLeague,2016-2017,15.01.2017,Manchester United,Liverpool FC,1:1
8243971,PremierLeague,2016-2017,21.01.2017,Liverpool FC,Swansea City,2:3
8243959,PremierLeague,2016-2017,21.01.2017,AFC Bournemouth,Watford FC,2:2
8243969,PremierLeague,2016-2017,21.01.2017,Crystal Palace,Everton FC,0:1
8243979,PremierLeague,2016-2017,21.01.2017,Middlesbrough FC,West Ham United,1:3
8243986,PremierLeague,2016-2017,21.01.2017,Stoke City,Manchester United,1:1
8243990,PremierLeague,2016-2017,21.01.2017,West Bromwich Albion,Sunderland AFC,2:0
8243975,PremierLeague,2016-2017,21.01.2017,Manchester City,Tottenham Hotspur,2:2
8243982,PremierLeague,2016-2017,22.01.2017,Southampton FC,Leicester City,3:0
8243964,PremierLeague,2016-2017,22.01.2017,Arsenal FC,Burnley FC,2:1
8243967,PremierLeague,2016-2017,22.01.2017,Chelsea FC,Hull City,2:0
8244000,PremierLeague,2016-2017,31.01.2017,AFC Bournemouth,Crystal Palace,0:2
8244002,PremierLeague,2016-2017,31.01.2017,Arsenal FC,Watford FC,1:2
8244006,PremierLeague,2016-2017,31.01.2017,Burnley FC,Leicester City,1:0
8244014,PremierLeague,2016-2017,31.01.2017,Middlesbrough FC,West Bromwich Albion,1:1
8244018,PremierLeague,2016-2017,31.01.2017,Sunderland AFC,Tottenham Hotspur,0:0
8244021,PremierLeague,2016-2017,31.01.2017,Swansea City,Southampton FC,2:1
8244031,PremierLeague,2016-2017,31.01.2017,Liverpool FC,Chelsea FC,1:1
8244026,PremierLeague,2016-2017,01.02.2017,West Ham United,Manchester City,0:4
8244011,PremierLeague,2016-2017,01.02.2017,Manchester United,Hull City,0:0
8244035,PremierLeague,2016-2017,01.02.2017,Stoke City,Everton FC,1:1
8244042,PremierLeague,2016-2017,04.02.2017,Chelsea FC,Arsenal FC,3:1
8244045,PremierLeague,2016-2017,04.02.2017,Crystal Palace,Sunderland AFC,0:4
8244049,PremierLeague,2016-2017,04.02.2017,Everton FC,AFC Bournemouth,6:3
8244052,PremierLeague,2016-2017,04.02.2017,Hull City,Liverpool FC,2:0
8244063,PremierLeague,2016-2017,04.02.2017,Southampton FC,West Ham United,1:3
8244069,PremierLeague,2016-2017,04.02.2017,Watford FC,Burnley FC,2:1
8244071,PremierLeague,2016-2017,04.02.2017,West Bromwich Albion,Stoke City,1:0
8244066,PremierLeague,2016-2017,04.02.2017,Tottenham Hotspur,Middlesbrough FC,1:0
8244058,PremierLeague,2016-2017,05.02.2017,Manchester City,Swansea City,2:1
8244055,PremierLeague,2016-2017,05.02.2017,Leicester City,Manchester United,0:3
8244080,PremierLeague,2016-2017,11.02.2017,Arsenal FC,Hull City,2:0
8244090,PremierLeague,2016-2017,11.02.2017,Manchester United,Watford FC,2:0
8244092,PremierLeague,2016-2017,11.02.2017,Middlesbrough FC,Everton FC,0:0
8244097,PremierLeague,2016-2017,11.02.2017,Stoke City,Crystal Palace,1:0
8244101,PremierLeague,2016-2017,11.02.2017,Sunderland AFC,Southampton FC,0:4
8244109,PremierLeague,2016-2017,11.02.2017,West Ham United,West Bromwich Albion,2:2
8244085,PremierLeague,2016-2017,11.02.2017,Liverpool FC,Tottenham Hotspur,2:0
8244083,PremierLeague,2016-2017,12.02.2017,Burnley FC,Chelsea FC,1:1
8244104,PremierLeague,2016-2017,12.02.2017,Swansea City,Leicester City,2:0
8244077,PremierLeague,2016-2017,13.02.2017,AFC Bournemouth,Manchester City,0:2
8244116,PremierLeague,2016-2017,25.02.2017,Chelsea FC,Swansea City,3:1
8244120,PremierLeague,2016-2017,25.02.2017,Crystal Palace,Middlesbrough FC,1:0
8244123,PremierLeague,2016-2017,25.02.2017,Everton FC,Sunderland AFC,2:0
8244127,PremierLeague,2016-2017,25.02.2017,Hull City,Burnley FC,1:1
8244147,PremierLeague,2016-2017,25.02.2017,West Bromwich Albion,AFC Bournemouth,2:1
8244142,PremierLeague,2016-2017,25.02.2017,Watford FC,West Ham United,1:1
8244138,PremierLeague,2016-2017,26.02.2017,Tottenham Hotspur,Stoke City,4:0
8244129,PremierLeague,2016-2017,27.02.2017,Leicester City,Liverpool FC,3:1
8244134,PremierLeague,2016-2017,27.04.2017,Manchester City,Manchester United,0:0
8244136,PremierLeague,2016-2017,10.05.2017,Southampton FC,Arsenal FC,0:2
8244159,PremierLeague,2016-2017,04.03.2017,Manchester United,AFC Bournemouth,1:1
8244152,PremierLeague,2016-2017,04.03.2017,Leicester City,Hull City,3:1
8244164,PremierLeague,2016-2017,04.03.2017,Stoke City,Middlesbrough FC,2:0
8244171,PremierLeague,2016-2017,04.03.2017,Swansea City,Burnley FC,3:2
8244178,PremierLeague,2016-2017,04.03.2017,Watford FC,Southampton FC,3:4
8244182,PremierLeague,2016-2017,04.03.2017,West Bromwich Albion,Crystal Palace,0:2
8244156,PremierLeague,2016-2017,04.03.2017,Liverpool FC,Arsenal FC,3:1
8244176,PremierLeague,2016-2017,05.03.2017,Tottenham Hotspur,Everton FC,3:2
8244167,PremierLeague,2016-2017,05.03.2017,Sunderland AFC,Manchester City,0:2
8244185,PremierLeague,2016-2017,06.03.2017,West Ham United,Chelsea FC,1:2
8244212,PremierLeague,2016-2017,08.03.2017,Manchester City,Stoke City,0:0
8244191,PremierLeague,2016-2017,11.03.2017,AFC Bournemouth,West Ham United,3:2
8244205,PremierLeague,2016-2017,11.03.2017,Everton FC,West Bromwich Albion,3:0
8244208,PremierLeague,2016-2017,11.03.2017,Hull City,Swansea City,2:1
8244198,PremierLeague,2016-2017,12.03.2017,Liverpool FC,Burnley FC,2:1
8244194,PremierLeague,2016-2017,26.04.2017,Arsenal FC,Leicester City,1:0
8244217,PremierLeague,2016-2017,26.04.2017,Middlesbrough FC,Sunderland AFC,1:0
8244478,PremierLeague,2016-2017,26.04.2017,Crystal Palace,Tottenham Hotspur,0:1
8244202,PremierLeague,2016-2017,15.05.2017,Chelsea FC,Watford FC,4:3
8244220,PremierLeague,2016-2017,17.05.2017,Southampton FC,Manchester United,0:0
8244255,PremierLeague,2016-2017,18.03.2017,West Bromwich Albion,Arsenal FC,3:1
8244229,PremierLeague,2016-2017,18.03.2017,Crystal Palace,Watford FC,1:0
8244230,PremierLeague,2016-2017,18.03.2017,Everton FC,Hull City,4:0
8244240,PremierLeague,2016-2017,18.03.2017,Stoke City,Chelsea FC,1:2
8244247,PremierLeague,2016-2017,18.03.2017,Sunderland AFC,Burnley FC,0:0
8244258,PremierLeague,2016-2017,18.03.2017,West Ham United,Leicester City,2:3
8244226,PremierLeague,2016-2017,18.03.2017,AFC Bournemouth,Swansea City,2:0
8244236,PremierLeague,2016-2017,19.03.2017,Middlesbrough FC,Manchester United,1:3
8244253,PremierLeague,2016-2017,19.03.2017,Tottenham Hotspur,Southampton FC,2:1
8244233,PremierLeague,2016-2017,19.03.2017,Manchester City,Liverpool FC,1:1
8244282,PremierLeague,2016-2017,01.04.2017,Liverpool FC,Everton FC,3:1
8244268,PremierLeague,2016-2017,01.04.2017,Burnley FC,Tottenham Hotspur,0:2
8244271,PremierLeague,2016-2017,01.04.2017,Chelsea FC,Crystal Palace,1:2
8244275,PremierLeague,2016-2017,01.04.2017,Hull City,West Ham United,2:1
8244278,PremierLeague,2016-2017,01.04.2017,Leicester City,Stoke City,2:0
8244286,PremierLeague,2016-2017,01.04.2017,Manchester United,West Bromwich Albion,0:0
8244295,PremierLeague,2016-2017,01.04.2017,Watford FC,Sunderland AFC,1:0
8244291,PremierLeague,2016-2017,01.04.2017,Southampton FC,AFC Bournemouth,0:0
8244293,PremierLeague,2016-2017,02.04.2017,Swansea City,Middlesbrough FC,0:0
8244264,PremierLeague,2016-2017,02.04.2017,Arsenal FC,Manchester City,2:2
8243931,PremierLeague,2016-2017,04.04.2017,Burnley FC,Stoke City,1:0
8243937,PremierLeague,2016-2017,04.04.2017,Leicester City,Sunderland AFC,2:0
8243957,PremierLeague,2016-2017,04.04.2017,Watford FC,West Bromwich Albion,2:0
8243947,PremierLeague,2016-2017,04.04.2017,Manchester United,Everton FC,1:1
8243929,PremierLeague,2016-2017,05.04.2017,Arsenal FC,West Ham United,3:0
8243933,PremierLeague,2016-2017,05.04.2017,Hull City,Middlesbrough FC,4:2
8243953,PremierLeague,2016-2017,05.04.2017,Swansea City,Tottenham Hotspur,1:3
8243972,PremierLeague,2016-2017,05.04.2017,Southampton FC,Crystal Palace,3:1
8243961,PremierLeague,2016-2017,05.04.2017,Chelsea FC,Manchester City,2:1
8243968,PremierLeague,2016-2017,05.04.2017,Liverpool FC,AFC Bournemouth,2:2
8244009,PremierLeague,2016-2017,08.04.2017,Tottenham Hotspur,Watford FC,4:0
8243997,PremierLeague,2016-2017,08.04.2017,Manchester City,Hull City,3:1
8243999,PremierLeague,2016-2017,08.04.2017,Middlesbrough FC,Burnley FC,0:0
8244003,PremierLeague,2016-2017,08.04.2017,Stoke City,Liverpool FC,1:2
8244013,PremierLeague,2016-2017,08.04.2017,West Bromwich Albion,Southampton FC,0:1
8244017,PremierLeague,2016-2017,08.04.2017,West Ham United,Swansea City,1:0
8243987,PremierLeague,2016-2017,08.04.2017,AFC Bournemouth,Chelsea FC,1:3
8244007,PremierLeague,2016-2017,09.04.2017,Sunderland AFC,Manchester United,0:3
8243993,PremierLeague,2016-2017,09.04.2017,Everton FC,Leicester City,4:2
8243991,PremierLeague,2016-2017,10.04.2017,Crystal Palace,Arsenal FC,3:0
8244053,PremierLeague,2016-2017,15.04.2017,Tottenham Hotspur,AFC Bournemouth,4:0
8244025,PremierLeague,2016-2017,15.04.2017,Crystal Palace,Leicester City,2:2
8244028,PremierLeague,2016-2017,15.04.2017,Everton FC,Burnley FC,3:1
8244043,PremierLeague,2016-2017,15.04.2017,Stoke City,Hull City,3:1
8244047,PremierLeague,2016-2017,15.04.2017,Sunderland AFC,West Ham United,2:2
8244057,PremierLeague,2016-2017,15.04.2017,Watford FC,Swansea City,1:0
8244039,PremierLeague,2016-2017,15.04.2017,Southampton FC,Manchester City,0:3
8244062,PremierLeague,2016-2017,16.04.2017,West Bromwich Albion,Liverpool FC,0:1
8244032,PremierLeague,2016-2017,16.04.2017,Manchester United,Chelsea FC,2:0
8244036,PremierLeague,2016-2017,17.04.2017,Middlesbrough FC,Arsenal FC,1:2
8244070,PremierLeague,2016-2017,22.04.2017,AFC Bournemouth,Middlesbrough FC,4:0
8244082,PremierLeague,2016-2017,22.04.2017,Hull City,Watford FC,2:0
8244095,PremierLeague,2016-2017,22.04.2017,Swansea City,Stoke City,2:0
8244100,PremierLeague,2016-2017,22.04.2017,West Ham United,Everton FC,0:0
8244075,PremierLeague,2016-2017,23.04.2017,Burnley FC,Manchester United,0:2
8244089,PremierLeague,2016-2017,23.04.2017,Liverpool FC,Crystal Palace,1:2
8244078,PremierLeague,2016-2017,25.04.2017,Chelsea FC,Southampton FC,4:2
8244073,PremierLeague,2016-2017,16.05.2017,Arsenal FC,Sunderland AFC,2:0
8244093,PremierLeague,2016-2017,16.05.2017,Manchester City,West Bromwich Albion,3:1
8244086,PremierLeague,2016-2017,18.05.2017,Leicester City,Tottenham Hotspur,1:6
8244122,PremierLeague,2016-2017,29.04.2017,Southampton FC,Hull City,0:0
8244128,PremierLeague,2016-2017,29.04.2017,Stoke City,West Ham United,0:0
8244133,PremierLeague,2016-2017,29.04.2017,Sunderland AFC,AFC Bournemouth,0:1
8244145,PremierLeague,2016-2017,29.04.2017,West Bromwich Albion,Leicester City,0:1
8244108,PremierLeague,2016-2017,29.04.2017,Crystal Palace,Burnley FC,0:2
8244115,PremierLeague,2016-2017,30.04.2017,Manchester United,Swansea City,1:1
8244112,PremierLeague,2016-2017,30.04.2017,Everton FC,Chelsea FC,0:3
8244118,PremierLeague,2016-2017,30.04.2017,Middlesbrough FC,Manchester City,2:2
8244137,PremierLeague,2016-2017,30.04.2017,Tottenham Hotspur,Arsenal FC,2:0
8244141,PremierLeague,2016-2017,01.05.2017,Watford FC,Liverpool FC,0:1
8244188,PremierLeague,2016-2017,05.05.2017,West Ham United,Tottenham Hotspur,1:0
8244183,PremierLeague,2016-2017,06.05.2017,Manchester City,Crystal Palace,5:0
8244153,PremierLeague,2016-2017,06.05.2017,AFC Bournemouth,Stoke City,2:2
8244162,PremierLeague,2016-2017,06.05.2017,Burnley FC,West Bromwich Albion,2:2
8244170,PremierLeague,2016-2017,06.05.2017,Hull City,Sunderland AFC,0:2
8244175,PremierLeague,2016-2017,06.05.2017,Leicester City,Watford FC,3:0
8244186,PremierLeague,2016-2017,06.05.2017,Swansea City,Everton FC,1:0
8244179,PremierLeague,2016-2017,07.05.2017,Liverpool FC,Southampton FC,0:0
8244157,PremierLeague,2016-2017,07.05.2017,Arsenal FC,Manchester United,2:0
8244166,PremierLeague,2016-2017,08.05.2017,Chelsea FC,Middlesbrough FC,3:0
8244207,PremierLeague,2016-2017,12.05.2017,Everton FC,Watford FC,1:0
8244225,PremierLeague,2016-2017,12.05.2017,West Bromwich Albion,Chelsea FC,0:1
8244211,PremierLeague,2016-2017,13.05.2017,Manchester City,Leicester City,2:1
8244197,PremierLeague,2016-2017,13.05.2017,AFC Bournemouth,Burnley FC,2:1
8244214,PremierLeague,2016-2017,13.05.2017,Middlesbrough FC,Southampton FC,1:2
8244221,PremierLeague,2016-2017,13.05.2017,Sunderland AFC,Swansea City,0:2
8244218,PremierLeague,2016-2017,13.05.2017,Stoke City,Arsenal FC,1:4
8244203,PremierLeague,2016-2017,14.05.2017,Crystal Palace,Hull City,4:0
8244227,PremierLeague,2016-2017,14.05.2017,West Ham United,Liverpool FC,0:4
8244224,PremierLeague,2016-2017,14.05.2017,Tottenham Hotspur,Manchester United,2:1
8244239,PremierLeague,2016-2017,21.05.2017,Arsenal FC,Everton FC,3:1
8244244,PremierLeague,2016-2017,21.05.2017,Burnley FC,West Ham United,1:2
8244257,PremierLeague,2016-2017,21.05.2017,Chelsea FC,Sunderland AFC,5:1
8244259,PremierLeague,2016-2017,21.05.2017,Hull City,Tottenham Hotspur,1:7
8244262,PremierLeague,2016-2017,21.05.2017,Leicester City,AFC Bournemouth,1:1
8244266,PremierLeague,2016-2017,21.05.2017,Liverpool FC,Middlesbrough FC,3:0
8244272,PremierLeague,2016-2017,21.05.2017,Manchester United,Crystal Palace,2:0
8244279,PremierLeague,2016-2017,21.05.2017,Southampton FC,Stoke City,0:1
8244284,PremierLeague,2016-2017,21.05.2017,Swansea City,West Bromwich Albion,2:1
8244290,PremierLeague,2016-2017,21.05.2017,Watford FC,Manchester City,0:5
