GameID,League,Season,Date,HomeTeam,AwayTeam,Result
2403188,PremierLeague,2015-2016,08.08.2015,Manchester United,Tottenham Hotspur,1:0
2403176,PremierLeague,2015-2016,08.08.2015,AFC Bournemouth,Aston Villa,0:1
2403181,PremierLeague,2015-2016,08.08.2015,Everton FC,Watford FC,2:2
2403185,PremierLeague,2015-2016,08.08.2015,Leicester City,Sunderland AFC,4:2
2403194,PremierLeague,2015-2016,08.08.2015,Norwich City,Crystal Palace,1:3
2403179,PremierLeague,2015-2016,08.08.2015,Chelsea FC,Swansea City,2:2
2403177,PremierLeague,2015-2016,09.08.2015,Arsenal FC,West Ham United,0:2
2403191,PremierLeague,2015-2016,09.08.2015,Newcastle United,Southampton FC,2:2
2403197,PremierLeague,2015-2016,09.08.2015,Stoke City,Liverpool FC,0:1
2403200,PremierLeague,2015-2016,10.08.2015,West Bromwich Albion,Manchester City,0:3
2403210,PremierLeague,2015-2016,14.08.2015,Aston Villa,Manchester United,0:1
2403224,PremierLeague,2015-2016,15.08.2015,Southampton FC,Everton FC,0:3
2403229,PremierLeague,2015-2016,15.08.2015,Sunderland AFC,Norwich City,1:3
2403232,PremierLeague,2015-2016,15.08.2015,Swansea City,Newcastle United,2:0
2403234,PremierLeague,2015-2016,15.08.2015,Tottenham Hotspur,Stoke City,2:2
2403236,PremierLeague,2015-2016,15.08.2015,Watford FC,West Bromwich Albion,0:0
2403239,PremierLeague,2015-2016,15.08.2015,West Ham United,Leicester City,1:2
2403212,PremierLeague,2015-2016,16.08.2015,Crystal Palace,Arsenal FC,1:2
2403220,PremierLeague,2015-2016,16.08.2015,Manchester City,Chelsea FC,3:0
2403215,PremierLeague,2015-2016,17.08.2015,Liverpool FC,AFC Bournemouth,1:0
2403280,PremierLeague,2015-2016,22.08.2015,Manchester United,Newcastle United,0:0
2403247,PremierLeague,2015-2016,22.08.2015,Crystal Palace,Aston Villa,2:1
2403253,PremierLeague,2015-2016,22.08.2015,Leicester City,Tottenham Hotspur,1:1
2403284,PremierLeague,2015-2016,22.08.2015,Norwich City,Stoke City,1:1
2403288,PremierLeague,2015-2016,22.08.2015,Sunderland AFC,Swansea City,1:1
2403296,PremierLeague,2015-2016,22.08.2015,West Ham United,AFC Bournemouth,3:4
2403293,PremierLeague,2015-2016,23.08.2015,West Bromwich Albion,Chelsea FC,2:3
2403249,PremierLeague,2015-2016,23.08.2015,Everton FC,Manchester City,0:2
2403291,PremierLeague,2015-2016,23.08.2015,Watford FC,Southampton FC,0:0
2403244,PremierLeague,2015-2016,24.08.2015,Arsenal FC,Liverpool FC,0:0
2403320,PremierLeague,2015-2016,29.08.2015,Newcastle United,Arsenal FC,0:1
2403303,PremierLeague,2015-2016,29.08.2015,AFC Bournemouth,Leicester City,1:1
2403306,PremierLeague,2015-2016,29.08.2015,Aston Villa,Sunderland AFC,2:2
2403309,PremierLeague,2015-2016,29.08.2015,Chelsea FC,Crystal Palace,1:2
2403312,PremierLeague,2015-2016,29.08.2015,Liverpool FC,West Ham United,0:3
2403317,PremierLeague,2015-2016,29.08.2015,Manchester City,Watford FC,2:0
2403327,PremierLeague,2015-2016,29.08.2015,Stoke City,West Bromwich Albion,0:1
2403336,PremierLeague,2015-2016,29.08.2015,Tottenham Hotspur,Everton FC,0:0
2403323,PremierLeague,2015-2016,30.08.2015,Southampton FC,Norwich City,3:0
2403333,PremierLeague,2015-2016,30.08.2015,Swansea City,Manchester United,2:1
2403348,PremierLeague,2015-2016,12.09.2015,Everton FC,Chelsea FC,3:1
2403342,PremierLeague,2015-2016,12.09.2015,Arsenal FC,Stoke City,2:0
2403346,PremierLeague,2015-2016,12.09.2015,Crystal Palace,Manchester City,0:1
2403362,PremierLeague,2015-2016,12.09.2015,Norwich City,AFC Bournemouth,3:1
2403369,PremierLeague,2015-2016,12.09.2015,Watford FC,Swansea City,1:0
2403374,PremierLeague,2015-2016,12.09.2015,West Bromwich Albion,Southampton FC,0:0
2403357,PremierLeague,2015-2016,12.09.2015,Manchester United,Liverpool FC,3:1
2403365,PremierLeague,2015-2016,13.09.2015,Sunderland AFC,Tottenham Hotspur,0:1
2403353,PremierLeague,2015-2016,13.09.2015,Leicester City,Aston Villa,3:2
2403377,PremierLeague,2015-2016,14.09.2015,West Ham United,Newcastle United,2:0
2403391,PremierLeague,2015-2016,19.09.2015,Chelsea FC,Arsenal FC,2:0
2403383,PremierLeague,2015-2016,19.09.2015,AFC Bournemouth,Sunderland AFC,2:0
2403387,PremierLeague,2015-2016,19.09.2015,Aston Villa,West Bromwich Albion,0:1
2403402,PremierLeague,2015-2016,19.09.2015,Newcastle United,Watford FC,1:2
2403411,PremierLeague,2015-2016,19.09.2015,Stoke City,Leicester City,2:2
2403416,PremierLeague,2015-2016,19.09.2015,Swansea City,Everton FC,0:0
2403398,PremierLeague,2015-2016,19.09.2015,Manchester City,West Ham United,1:2
2403418,PremierLeague,2015-2016,20.09.2015,Tottenham Hotspur,Crystal Palace,1:0
2403394,PremierLeague,2015-2016,20.09.2015,Liverpool FC,Norwich City,1:1
2403407,PremierLeague,2015-2016,20.09.2015,Southampton FC,Manchester United,2:3
2403451,PremierLeague,2015-2016,26.09.2015,Tottenham Hotspur,Manchester City,4:1
2403424,PremierLeague,2015-2016,26.09.2015,Leicester City,Arsenal FC,2:5
2403428,PremierLeague,2015-2016,26.09.2015,Liverpool FC,Aston Villa,3:2
2403433,PremierLeague,2015-2016,26.09.2015,Manchester United,Sunderland AFC,3:0
2403442,PremierLeague,2015-2016,26.09.2015,Southampton FC,Swansea City,3:1
2403448,PremierLeague,2015-2016,26.09.2015,Stoke City,AFC Bournemouth,2:1
2403459,PremierLeague,2015-2016,26.09.2015,West Ham United,Norwich City,2:2
2403437,PremierLeague,2015-2016,26.09.2015,Newcastle United,Chelsea FC,2:2
2403453,PremierLeague,2015-2016,27.09.2015,Watford FC,Crystal Palace,0:1
2403456,PremierLeague,2015-2016,28.09.2015,West Bromwich Albion,Everton FC,2:3
2403480,PremierLeague,2015-2016,03.10.2015,Crystal Palace,West Bromwich Albion,2:0
2403465,PremierLeague,2015-2016,03.10.2015,AFC Bournemouth,Watford FC,1:1
2403472,PremierLeague,2015-2016,03.10.2015,Aston Villa,Stoke City,0:1
2403486,PremierLeague,2015-2016,03.10.2015,Manchester City,Newcastle United,6:1
2403490,PremierLeague,2015-2016,03.10.2015,Norwich City,Leicester City,1:2
2403494,PremierLeague,2015-2016,03.10.2015,Sunderland AFC,West Ham United,2:2
2403475,PremierLeague,2015-2016,03.10.2015,Chelsea FC,Southampton FC,1:3
2403483,PremierLeague,2015-2016,04.10.2015,Everton FC,Liverpool FC,1:1
2403469,PremierLeague,2015-2016,04.10.2015,Arsenal FC,Manchester United,3:0
2403497,PremierLeague,2015-2016,04.10.2015,Swansea City,Tottenham Hotspur,2:2
2403525,PremierLeague,2015-2016,17.10.2015,Tottenham Hotspur,Liverpool FC,0:0
2403502,PremierLeague,2015-2016,17.10.2015,Chelsea FC,Aston Villa,2:0
2403505,PremierLeague,2015-2016,17.10.2015,Crystal Palace,West Ham United,1:3
2403510,PremierLeague,2015-2016,17.10.2015,Everton FC,Manchester United,0:3
2403513,PremierLeague,2015-2016,17.10.2015,Manchester City,AFC Bournemouth,5:1
2403519,PremierLeague,2015-2016,17.10.2015,Southampton FC,Leicester City,2:2
2403529,PremierLeague,2015-2016,17.10.2015,West Bromwich Albion,Sunderland AFC,1:0
2403526,PremierLeague,2015-2016,17.10.2015,Watford FC,Arsenal FC,0:3
2403516,PremierLeague,2015-2016,18.10.2015,Newcastle United,Norwich City,6:2
2403522,PremierLeague,2015-2016,19.10.2015,Swansea City,Stoke City,0:1
2403539,PremierLeague,2015-2016,24.10.2015,Aston Villa,Swansea City,1:2
2403541,PremierLeague,2015-2016,24.10.2015,Leicester City,Crystal Palace,1:0
2403552,PremierLeague,2015-2016,24.10.2015,Norwich City,West Bromwich Albion,0:1
2403553,PremierLeague,2015-2016,24.10.2015,Stoke City,Watford FC,0:2
2403556,PremierLeague,2015-2016,24.10.2015,West Ham United,Chelsea FC,2:1
2403536,PremierLeague,2015-2016,24.10.2015,Arsenal FC,Everton FC,2:1
2403555,PremierLeague,2015-2016,25.10.2015,Sunderland AFC,Newcastle United,3:0
2403533,PremierLeague,2015-2016,25.10.2015,AFC Bournemouth,Tottenham Hotspur,1:5
2403548,PremierLeague,2015-2016,25.10.2015,Manchester United,Manchester City,0:0
2403544,PremierLeague,2015-2016,25.10.2015,Liverpool FC,Southampton FC,1:1
2403178,PremierLeague,2015-2016,31.10.2015,Chelsea FC,Liverpool FC,1:3
2403180,PremierLeague,2015-2016,31.10.2015,Crystal Palace,Manchester United,0:0
2403184,PremierLeague,2015-2016,31.10.2015,Manchester City,Norwich City,2:1
2403187,PremierLeague,2015-2016,31.10.2015,Newcastle United,Stoke City,0:0
2403193,PremierLeague,2015-2016,31.10.2015,Swansea City,Arsenal FC,0:3
2403201,PremierLeague,2015-2016,31.10.2015,Watford FC,West Ham United,2:0
2403204,PremierLeague,2015-2016,31.10.2015,West Bromwich Albion,Leicester City,2:3
2403182,PremierLeague,2015-2016,01.11.2015,Everton FC,Sunderland AFC,6:2
2403190,PremierLeague,2015-2016,01.11.2015,Southampton FC,AFC Bournemouth,2:0
2403198,PremierLeague,2015-2016,02.11.2015,Tottenham Hotspur,Aston Villa,3:1
2403216,PremierLeague,2015-2016,07.11.2015,AFC Bournemouth,Newcastle United,0:1
2403227,PremierLeague,2015-2016,07.11.2015,Leicester City,Watford FC,2:1
2403235,PremierLeague,2015-2016,07.11.2015,Manchester United,West Bromwich Albion,2:0
2403238,PremierLeague,2015-2016,07.11.2015,Norwich City,Swansea City,1:0
2403243,PremierLeague,2015-2016,07.11.2015,Sunderland AFC,Southampton FC,0:1
2403246,PremierLeague,2015-2016,07.11.2015,West Ham United,Everton FC,1:1
2403241,PremierLeague,2015-2016,07.11.2015,Stoke City,Chelsea FC,1:0
2403222,PremierLeague,2015-2016,08.11.2015,Aston Villa,Manchester City,0:0
2403219,PremierLeague,2015-2016,08.11.2015,Arsenal FC,Tottenham Hotspur,1:1
2403231,PremierLeague,2015-2016,08.11.2015,Liverpool FC,Crystal Palace,1:2
2403281,PremierLeague,2015-2016,21.11.2015,Watford FC,Manchester United,1:2
2403254,PremierLeague,2015-2016,21.11.2015,Chelsea FC,Norwich City,1:0
2403260,PremierLeague,2015-2016,21.11.2015,Everton FC,Aston Villa,4:0
2403268,PremierLeague,2015-2016,21.11.2015,Newcastle United,Leicester City,0:3
2403272,PremierLeague,2015-2016,21.11.2015,Southampton FC,Stoke City,0:1
2403275,PremierLeague,2015-2016,21.11.2015,Swansea City,AFC Bournemouth,2:2
2403287,PremierLeague,2015-2016,21.11.2015,West Bromwich Albion,Arsenal FC,2:1
2403265,PremierLeague,2015-2016,21.11.2015,Manchester City,Liverpool FC,1:4
2403277,PremierLeague,2015-2016,22.11.2015,Tottenham Hotspur,West Ham United,4:1
2403257,PremierLeague,2015-2016,23.11.2015,Crystal Palace,Sunderland AFC,0:1
2403295,PremierLeague,2015-2016,28.11.2015,AFC Bournemouth,Everton FC,3:3
2403297,PremierLeague,2015-2016,28.11.2015,Aston Villa,Watford FC,2:3
2403302,PremierLeague,2015-2016,28.11.2015,Crystal Palace,Newcastle United,5:1
2403315,PremierLeague,2015-2016,28.11.2015,Manchester City,Southampton FC,3:1
2403326,PremierLeague,2015-2016,28.11.2015,Sunderland AFC,Stoke City,2:0
2403307,PremierLeague,2015-2016,28.11.2015,Leicester City,Manchester United,1:1
2403330,PremierLeague,2015-2016,29.11.2015,Tottenham Hotspur,Chelsea FC,0:0
2403335,PremierLeague,2015-2016,29.11.2015,West Ham United,West Bromwich Albion,1:1
2403311,PremierLeague,2015-2016,29.11.2015,Liverpool FC,Swansea City,1:0
2403319,PremierLeague,2015-2016,29.11.2015,Norwich City,Arsenal FC,1:1
2403364,PremierLeague,2015-2016,05.12.2015,Stoke City,Manchester City,2:0
2403341,PremierLeague,2015-2016,05.12.2015,Arsenal FC,Sunderland AFC,3:1
2403351,PremierLeague,2015-2016,05.12.2015,Manchester United,West Ham United,0:0
2403360,PremierLeague,2015-2016,05.12.2015,Southampton FC,Aston Villa,1:1
2403368,PremierLeague,2015-2016,05.12.2015,Swansea City,Leicester City,0:3
2403375,PremierLeague,2015-2016,05.12.2015,Watford FC,Norwich City,2:0
2403378,PremierLeague,2015-2016,05.12.2015,West Bromwich Albion,Tottenham Hotspur,1:1
2403345,PremierLeague,2015-2016,05.12.2015,Chelsea FC,AFC Bournemouth,0:1
2403356,PremierLeague,2015-2016,06.12.2015,Newcastle United,Liverpool FC,2:0
2403347,PremierLeague,2015-2016,07.12.2015,Everton FC,Crystal Palace,1:1
2403413,PremierLeague,2015-2016,12.12.2015,Norwich City,Everton FC,1:1
2403395,PremierLeague,2015-2016,12.12.2015,Crystal Palace,Southampton FC,1:0
2403409,PremierLeague,2015-2016,12.12.2015,Manchester City,Swansea City,2:1
2403417,PremierLeague,2015-2016,12.12.2015,Sunderland AFC,Watford FC,0:1
2403421,PremierLeague,2015-2016,12.12.2015,West Ham United,Stoke City,0:0
2403386,PremierLeague,2015-2016,12.12.2015,AFC Bournemouth,Manchester United,2:1
2403390,PremierLeague,2015-2016,13.12.2015,Aston Villa,Arsenal FC,0:2
2403404,PremierLeague,2015-2016,13.12.2015,Liverpool FC,West Bromwich Albion,2:2
2403419,PremierLeague,2015-2016,13.12.2015,Tottenham Hotspur,Newcastle United,1:2
2403400,PremierLeague,2015-2016,14.12.2015,Leicester City,Chelsea FC,2:1
2403439,PremierLeague,2015-2016,19.12.2015,Chelsea FC,Sunderland AFC,3:1
2403444,PremierLeague,2015-2016,19.12.2015,Everton FC,Leicester City,2:3
2403454,PremierLeague,2015-2016,19.12.2015,Manchester United,Norwich City,1:2
2403463,PremierLeague,2015-2016,19.12.2015,Southampton FC,Tottenham Hotspur,0:2
2403468,PremierLeague,2015-2016,19.12.2015,Stoke City,Crystal Palace,1:2
2403481,PremierLeague,2015-2016,19.12.2015,West Bromwich Albion,AFC Bournemouth,1:2
2403458,PremierLeague,2015-2016,19.12.2015,Newcastle United,Aston Villa,1:1
2403474,PremierLeague,2015-2016,20.12.2015,Watford FC,Liverpool FC,3:0
2403471,PremierLeague,2015-2016,20.12.2015,Swansea City,West Ham United,0:0
2403434,PremierLeague,2015-2016,21.12.2015,Arsenal FC,Manchester City,2:1
2403515,PremierLeague,2015-2016,26.12.2015,Stoke City,Manchester United,2:0
2403489,PremierLeague,2015-2016,26.12.2015,AFC Bournemouth,Crystal Palace,0:0
2403493,PremierLeague,2015-2016,26.12.2015,Aston Villa,West Ham United,1:1
2403496,PremierLeague,2015-2016,26.12.2015,Chelsea FC,Watford FC,2:2
2403500,PremierLeague,2015-2016,26.12.2015,Liverpool FC,Leicester City,1:0
2403504,PremierLeague,2015-2016,26.12.2015,Manchester City,Sunderland AFC,4:1
2403520,PremierLeague,2015-2016,26.12.2015,Swansea City,West Bromwich Albion,1:0
2403524,PremierLeague,2015-2016,26.12.2015,Tottenham Hotspur,Norwich City,3:0
2403509,PremierLeague,2015-2016,26.12.2015,Newcastle United,Everton FC,0:1
2403512,PremierLeague,2015-2016,26.12.2015,Southampton FC,Arsenal FC,4:0
2403531,PremierLeague,2015-2016,28.12.2015,Crystal Palace,Swansea City,0:0
2403535,PremierLeague,2015-2016,28.12.2015,Everton FC,Stoke City,3:4
2403545,PremierLeague,2015-2016,28.12.2015,Norwich City,Aston Villa,2:0
2403551,PremierLeague,2015-2016,28.12.2015,Watford FC,Tottenham Hotspur,1:2
2403554,PremierLeague,2015-2016,28.12.2015,West Bromwich Albion,Newcastle United,1:0
2403528,PremierLeague,2015-2016,28.12.2015,Arsenal FC,AFC Bournemouth,2:0
2403542,PremierLeague,2015-2016,28.12.2015,Manchester United,Chelsea FC,0:0
2403557,PremierLeague,2015-2016,28.12.2015,West Ham United,Southampton FC,2:1
2403538,PremierLeague,2015-2016,29.12.2015,Leicester City,Manchester City,0:0
2403549,PremierLeague,2015-2016,30.12.2015,Sunderland AFC,Liverpool FC,0:1
2403571,PremierLeague,2015-2016,02.01.2016,West Ham United,Liverpool FC,2:0
2403558,PremierLeague,2015-2016,02.01.2016,Arsenal FC,Newcastle United,1:0
2403563,PremierLeague,2015-2016,02.01.2016,Leicester City,AFC Bournemouth,0:0
2403564,PremierLeague,2015-2016,02.01.2016,Manchester United,Swansea City,2:1
2403565,PremierLeague,2015-2016,02.01.2016,Norwich City,Southampton FC,1:0
2403566,PremierLeague,2015-2016,02.01.2016,Sunderland AFC,Aston Villa,3:1
2403570,PremierLeague,2015-2016,02.01.2016,West Bromwich Albion,Stoke City,2:1
2403567,PremierLeague,2015-2016,02.01.2016,Watford FC,Manchester City,1:2
2403559,PremierLeague,2015-2016,03.01.2016,Crystal Palace,Chelsea FC,0:3
2403562,PremierLeague,2015-2016,03.01.2016,Everton FC,Tottenham Hotspur,1:1
2403199,PremierLeague,2015-2016,12.01.2016,AFC Bournemouth,West Ham United,1:3
2403203,PremierLeague,2015-2016,12.01.2016,Aston Villa,Crystal Palace,1:0
2403218,PremierLeague,2015-2016,12.01.2016,Newcastle United,Manchester United,3:3
2403208,PremierLeague,2015-2016,13.01.2016,Swansea City,Sunderland AFC,2:4
2403211,PremierLeague,2015-2016,13.01.2016,Chelsea FC,West Bromwich Albion,2:2
2403214,PremierLeague,2015-2016,13.01.2016,Manchester City,Everton FC,0:0
2403221,PremierLeague,2015-2016,13.01.2016,Southampton FC,Watford FC,2:0
2403223,PremierLeague,2015-2016,13.01.2016,Stoke City,Norwich City,3:1
2403205,PremierLeague,2015-2016,13.01.2016,Liverpool FC,Arsenal FC,3:3
2403228,PremierLeague,2015-2016,13.01.2016,Tottenham Hotspur,Leicester City,0:1
2403274,PremierLeague,2015-2016,16.01.2016,Tottenham Hotspur,Sunderland AFC,4:1
2403252,PremierLeague,2015-2016,16.01.2016,AFC Bournemouth,Norwich City,3:0
2403258,PremierLeague,2015-2016,16.01.2016,Chelsea FC,Everton FC,3:3
2403262,PremierLeague,2015-2016,16.01.2016,Manchester City,Crystal Palace,4:0
2403264,PremierLeague,2015-2016,16.01.2016,Newcastle United,West Ham United,2:1
2403267,PremierLeague,2015-2016,16.01.2016,Southampton FC,West Bromwich Albion,3:0
2403256,PremierLeague,2015-2016,16.01.2016,Aston Villa,Leicester City,1:1
2403259,PremierLeague,2015-2016,17.01.2016,Liverpool FC,Manchester United,0:1
2403270,PremierLeague,2015-2016,17.01.2016,Stoke City,Arsenal FC,0:0
2403271,PremierLeague,2015-2016,18.01.2016,Swansea City,Watford FC,1:0
2403294,PremierLeague,2015-2016,23.01.2016,Norwich City,Liverpool FC,4:5
2403282,PremierLeague,2015-2016,23.01.2016,Crystal Palace,Tottenham Hotspur,1:3
2403289,PremierLeague,2015-2016,23.01.2016,Leicester City,Stoke City,3:0
2403292,PremierLeague,2015-2016,23.01.2016,Manchester United,Southampton FC,0:1
2403299,PremierLeague,2015-2016,23.01.2016,Sunderland AFC,AFC Bournemouth,1:1
2403300,PremierLeague,2015-2016,23.01.2016,Watford FC,Newcastle United,2:1
2403304,PremierLeague,2015-2016,23.01.2016,West Bromwich Albion,Aston Villa,0:0
2403308,PremierLeague,2015-2016,23.01.2016,West Ham United,Manchester City,2:2
2403285,PremierLeague,2015-2016,24.01.2016,Everton FC,Swansea City,1:2
2403279,PremierLeague,2015-2016,24.01.2016,Arsenal FC,Chelsea FC,0:1
2403314,PremierLeague,2015-2016,02.02.2016,Arsenal FC,Southampton FC,0:0
2403322,PremierLeague,2015-2016,02.02.2016,Leicester City,Liverpool FC,2:0
2403329,PremierLeague,2015-2016,02.02.2016,Norwich City,Tottenham Hotspur,0:3
2403331,PremierLeague,2015-2016,02.02.2016,Sunderland AFC,Manchester City,0:1
2403339,PremierLeague,2015-2016,02.02.2016,West Ham United,Aston Villa,2:0
2403318,PremierLeague,2015-2016,02.02.2016,Crystal Palace,AFC Bournemouth,1:2
2403325,PremierLeague,2015-2016,02.02.2016,Manchester United,Stoke City,3:0
2403337,PremierLeague,2015-2016,02.02.2016,West Bromwich Albion,Swansea City,1:1
2403334,PremierLeague,2015-2016,03.02.2016,Watford FC,Chelsea FC,0:0
2403344,PremierLeague,2015-2016,03.02.2016,Everton FC,Newcastle United,3:0
2403366,PremierLeague,2015-2016,06.02.2016,Manchester City,Leicester City,1:3
2403354,PremierLeague,2015-2016,06.02.2016,Aston Villa,Norwich City,2:0
2403359,PremierLeague,2015-2016,06.02.2016,Liverpool FC,Sunderland AFC,2:2
2403370,PremierLeague,2015-2016,06.02.2016,Newcastle United,West Bromwich Albion,1:0
2403376,PremierLeague,2015-2016,06.02.2016,Stoke City,Everton FC,0:3
2403380,PremierLeague,2015-2016,06.02.2016,Swansea City,Crystal Palace,1:1
2403381,PremierLeague,2015-2016,06.02.2016,Tottenham Hotspur,Watford FC,1:0
2403373,PremierLeague,2015-2016,06.02.2016,Southampton FC,West Ham United,1:0
2403350,PremierLeague,2015-2016,07.02.2016,AFC Bournemouth,Arsenal FC,0:2
2403358,PremierLeague,2015-2016,07.02.2016,Chelsea FC,Manchester United,1:1
2403412,PremierLeague,2015-2016,13.02.2016,Sunderland AFC,Manchester United,2:1
2403385,PremierLeague,2015-2016,13.02.2016,AFC Bournemouth,Stoke City,1:3
2403399,PremierLeague,2015-2016,13.02.2016,Crystal Palace,Watford FC,1:2
2403401,PremierLeague,2015-2016,13.02.2016,Everton FC,West Bromwich Albion,0:1
2403408,PremierLeague,2015-2016,13.02.2016,Norwich City,West Ham United,2:2
2403414,PremierLeague,2015-2016,13.02.2016,Swansea City,Southampton FC,0:1
2403396,PremierLeague,2015-2016,13.02.2016,Chelsea FC,Newcastle United,5:1
2403388,PremierLeague,2015-2016,14.02.2016,Arsenal FC,Leicester City,2:1
2403392,PremierLeague,2015-2016,14.02.2016,Aston Villa,Liverpool FC,0:6
2403405,PremierLeague,2015-2016,14.02.2016,Manchester City,Tottenham Hotspur,1:2
2403452,PremierLeague,2015-2016,27.02.2016,West Ham United,Sunderland AFC,1:0
2403422,PremierLeague,2015-2016,27.02.2016,Leicester City,Norwich City,1:0
2403435,PremierLeague,2015-2016,27.02.2016,Southampton FC,Chelsea FC,1:2
2403438,PremierLeague,2015-2016,27.02.2016,Stoke City,Aston Villa,2:1
2403443,PremierLeague,2015-2016,27.02.2016,Watford FC,AFC Bournemouth,0:0
2403449,PremierLeague,2015-2016,27.02.2016,West Bromwich Albion,Crystal Palace,3:2
2403427,PremierLeague,2015-2016,28.02.2016,Manchester United,Arsenal FC,3:2
2403440,PremierLeague,2015-2016,28.02.2016,Tottenham Hotspur,Swansea City,2:1
2403432,PremierLeague,2015-2016,19.04.2016,Newcastle United,Manchester City,1:1
2403425,PremierLeague,2015-2016,20.04.2016,Liverpool FC,Everton FC,4:0
2403460,PremierLeague,2015-2016,01.03.2016,AFC Bournemouth,Southampton FC,2:0
2403466,PremierLeague,2015-2016,01.03.2016,Aston Villa,Everton FC,1:3
2403473,PremierLeague,2015-2016,01.03.2016,Leicester City,West Bromwich Albion,2:2
2403482,PremierLeague,2015-2016,01.03.2016,Norwich City,Chelsea FC,1:2
2403485,PremierLeague,2015-2016,01.03.2016,Sunderland AFC,Crystal Palace,2:2
2403464,PremierLeague,2015-2016,02.03.2016,Arsenal FC,Swansea City,1:2
2403488,PremierLeague,2015-2016,02.03.2016,West Ham United,Tottenham Hotspur,1:0
2403491,PremierLeague,2015-2016,02.03.2016,Stoke City,Newcastle United,1:0
2403477,PremierLeague,2015-2016,02.03.2016,Liverpool FC,Manchester City,3:0
2403478,PremierLeague,2015-2016,02.03.2016,Manchester United,Watford FC,1:0
2403518,PremierLeague,2015-2016,05.03.2016,Tottenham Hotspur,Arsenal FC,2:2
2403499,PremierLeague,2015-2016,05.03.2016,Chelsea FC,Stoke City,1:1
2403506,PremierLeague,2015-2016,05.03.2016,Everton FC,West Ham United,2:3
2403508,PremierLeague,2015-2016,05.03.2016,Manchester City,Aston Villa,4:0
2403511,PremierLeague,2015-2016,05.03.2016,Newcastle United,AFC Bournemouth,1:3
2403514,PremierLeague,2015-2016,05.03.2016,Southampton FC,Sunderland AFC,1:1
2403517,PremierLeague,2015-2016,05.03.2016,Swansea City,Norwich City,1:0
2403521,PremierLeague,2015-2016,05.03.2016,Watford FC,Leicester City,0:1
2403503,PremierLeague,2015-2016,06.03.2016,Crystal Palace,Liverpool FC,1:2
2403523,PremierLeague,2015-2016,06.03.2016,West Bromwich Albion,Manchester United,1:0
2403543,PremierLeague,2015-2016,12.03.2016,Norwich City,Manchester City,0:0
2403527,PremierLeague,2015-2016,12.03.2016,AFC Bournemouth,Swansea City,3:2
2403546,PremierLeague,2015-2016,12.03.2016,Stoke City,Southampton FC,1:2
2403532,PremierLeague,2015-2016,13.03.2016,Aston Villa,Tottenham Hotspur,0:2
2403534,PremierLeague,2015-2016,14.03.2016,Leicester City,Newcastle United,1:0
2403550,PremierLeague,2015-2016,20.04.2016,West Ham United,Watford FC,3:1
2403540,PremierLeague,2015-2016,20.04.2016,Manchester United,Crystal Palace,2:0
2403530,PremierLeague,2015-2016,21.04.2016,Arsenal FC,West Bromwich Albion,2:0
2403547,PremierLeague,2015-2016,11.05.2016,Sunderland AFC,Everton FC,3:0
2403537,PremierLeague,2015-2016,11.05.2016,Liverpool FC,Chelsea FC,1:1
2403476,PremierLeague,2015-2016,19.03.2016,Everton FC,Arsenal FC,0:2
2403467,PremierLeague,2015-2016,19.03.2016,Chelsea FC,West Ham United,2:2
2403470,PremierLeague,2015-2016,19.03.2016,Crystal Palace,Leicester City,0:1
2403498,PremierLeague,2015-2016,19.03.2016,Watford FC,Stoke City,1:2
2403501,PremierLeague,2015-2016,19.03.2016,West Bromwich Albion,Norwich City,0:1
2403492,PremierLeague,2015-2016,19.03.2016,Swansea City,Aston Villa,1:0
2403484,PremierLeague,2015-2016,20.03.2016,Newcastle United,Sunderland AFC,1:1
2403487,PremierLeague,2015-2016,20.03.2016,Southampton FC,Liverpool FC,3:2
2403479,PremierLeague,2015-2016,20.03.2016,Manchester City,Manchester United,0:1
2403495,PremierLeague,2015-2016,20.03.2016,Tottenham Hotspur,AFC Bournemouth,3:0
2403426,PremierLeague,2015-2016,02.04.2016,Aston Villa,Chelsea FC,0:4
2403420,PremierLeague,2015-2016,02.04.2016,AFC Bournemouth,Manchester City,0:4
2403423,PremierLeague,2015-2016,02.04.2016,Arsenal FC,Watford FC,4:0
2403447,PremierLeague,2015-2016,02.04.2016,Norwich City,Newcastle United,3:2
2403450,PremierLeague,2015-2016,02.04.2016,Stoke City,Swansea City,2:2
2403455,PremierLeague,2015-2016,02.04.2016,Sunderland AFC,West Bromwich Albion,0:0
2403457,PremierLeague,2015-2016,02.04.2016,West Ham United,Crystal Palace,2:2
2403436,PremierLeague,2015-2016,02.04.2016,Liverpool FC,Tottenham Hotspur,1:1
2403431,PremierLeague,2015-2016,03.04.2016,Leicester City,Southampton FC,1:0
2403441,PremierLeague,2015-2016,03.04.2016,Manchester United,Everton FC,1:0
2403415,PremierLeague,2015-2016,09.04.2016,West Ham United,Arsenal FC,3:3
2403379,PremierLeague,2015-2016,09.04.2016,Aston Villa,AFC Bournemouth,1:2
2403382,PremierLeague,2015-2016,09.04.2016,Crystal Palace,Norwich City,1:0
2403393,PremierLeague,2015-2016,09.04.2016,Southampton FC,Newcastle United,3:1
2403403,PremierLeague,2015-2016,09.04.2016,Swansea City,Chelsea FC,1:0
2403410,PremierLeague,2015-2016,09.04.2016,Watford FC,Everton FC,1:1
2403389,PremierLeague,2015-2016,09.04.2016,Manchester City,West Bromwich Albion,2:1
2403397,PremierLeague,2015-2016,10.04.2016,Sunderland AFC,Leicester City,0:2
2403384,PremierLeague,2015-2016,10.04.2016,Liverpool FC,Stoke City,4:1
2403406,PremierLeague,2015-2016,10.04.2016,Tottenham Hotspur,Manchester United,3:0
2403363,PremierLeague,2015-2016,16.04.2016,Norwich City,Sunderland AFC,0:3
2403349,PremierLeague,2015-2016,16.04.2016,Everton FC,Southampton FC,1:1
2403355,PremierLeague,2015-2016,16.04.2016,Manchester United,Aston Villa,1:0
2403361,PremierLeague,2015-2016,16.04.2016,Newcastle United,Swansea City,3:0
2403372,PremierLeague,2015-2016,16.04.2016,West Bromwich Albion,Watford FC,0:1
2403343,PremierLeague,2015-2016,16.04.2016,Chelsea FC,Manchester City,0:3
2403338,PremierLeague,2015-2016,17.04.2016,AFC Bournemouth,Liverpool FC,1:2
2403352,PremierLeague,2015-2016,17.04.2016,Leicester City,West Ham United,2:2
2403340,PremierLeague,2015-2016,17.04.2016,Arsenal FC,Crystal Palace,1:1
2403367,PremierLeague,2015-2016,18.04.2016,Stoke City,Tottenham Hotspur,0:4
2403305,PremierLeague,2015-2016,13.04.2016,Crystal Palace,Everton FC,0:0
2403316,PremierLeague,2015-2016,23.04.2016,Manchester City,Stoke City,4:0
2403298,PremierLeague,2015-2016,23.04.2016,AFC Bournemouth,Chelsea FC,1:4
2403301,PremierLeague,2015-2016,23.04.2016,Aston Villa,Southampton FC,2:4
2403313,PremierLeague,2015-2016,23.04.2016,Liverpool FC,Newcastle United,2:2
2403324,PremierLeague,2015-2016,24.04.2016,Sunderland AFC,Arsenal FC,0:0
2403310,PremierLeague,2015-2016,24.04.2016,Leicester City,Swansea City,4:0
2403328,PremierLeague,2015-2016,25.04.2016,Tottenham Hotspur,West Bromwich Albion,1:1
2403332,PremierLeague,2015-2016,10.05.2016,West Ham United,Manchester United,3:2
2403321,PremierLeague,2015-2016,11.05.2016,Norwich City,Watford FC,4:2
2403266,PremierLeague,2015-2016,30.04.2016,Everton FC,AFC Bournemouth,2:1
2403273,PremierLeague,2015-2016,30.04.2016,Newcastle United,Crystal Palace,1:0
2403278,PremierLeague,2015-2016,30.04.2016,Stoke City,Sunderland AFC,1:1
2403286,PremierLeague,2015-2016,30.04.2016,Watford FC,Aston Villa,3:2
2403290,PremierLeague,2015-2016,30.04.2016,West Bromwich Albion,West Ham United,0:3
2403261,PremierLeague,2015-2016,30.04.2016,Arsenal FC,Norwich City,1:0
2403283,PremierLeague,2015-2016,01.05.2016,Swansea City,Liverpool FC,3:1
2403269,PremierLeague,2015-2016,01.05.2016,Manchester United,Leicester City,1:1
2403276,PremierLeague,2015-2016,01.05.2016,Southampton FC,Manchester City,4:2
2403263,PremierLeague,2015-2016,02.05.2016,Chelsea FC,Tottenham Hotspur,2:2
2403245,PremierLeague,2015-2016,07.05.2016,Norwich City,Manchester United,0:1
2403225,PremierLeague,2015-2016,07.05.2016,AFC Bournemouth,West Bromwich Albion,1:1
2403230,PremierLeague,2015-2016,07.05.2016,Aston Villa,Newcastle United,0:0
2403233,PremierLeague,2015-2016,07.05.2016,Crystal Palace,Stoke City,2:1
2403248,PremierLeague,2015-2016,07.05.2016,Sunderland AFC,Chelsea FC,3:2
2403255,PremierLeague,2015-2016,07.05.2016,West Ham United,Swansea City,1:4
2403237,PremierLeague,2015-2016,07.05.2016,Leicester City,Everton FC,3:1
2403250,PremierLeague,2015-2016,08.05.2016,Tottenham Hotspur,Southampton FC,1:2
2403240,PremierLeague,2015-2016,08.05.2016,Liverpool FC,Watford FC,2:0
2403242,PremierLeague,2015-2016,08.05.2016,Manchester City,Arsenal FC,2:2
2403183,PremierLeague,2015-2016,15.05.2016,Arsenal FC,Aston Villa,4:0
2403186,PremierLeague,2015-2016,15.05.2016,Chelsea FC,Leicester City,1:1
2403189,PremierLeague,2015-2016,15.05.2016,Everton FC,Norwich City,3:0
2403196,PremierLeague,2015-2016,15.05.2016,Newcastle United,Tottenham Hotspur,5:1
2403202,PremierLeague,2015-2016,15.05.2016,Southampton FC,Crystal Palace,4:1
2403206,PremierLeague,2015-2016,15.05.2016,Stoke City,West Ham United,2:1
2403209,PremierLeague,2015-2016,15.05.2016,Swansea City,Manchester City,1:1
2403213,PremierLeague,2015-2016,15.05.2016,Watford FC,Sunderland AFC,2:2
2403217,PremierLeague,2015-2016,15.05.2016,West Bromwich Albion,Liverpool FC,1:1
2403192,PremierLeague,2015-2016,17.05.2016,Manchester United,AFC Bournemouth,3:1
