GameID,League,Season,Date,HomeTeam,AwayTeam,Result
2220715,PremierLeague,2014-2015,16.08.2014,Manchester United,Swansea City,1:2
2220713,PremierLeague,2014-2015,16.08.2014,Leicester City,Everton FC,2:2
2220717,PremierLeague,2014-2015,16.08.2014,Queens Park Rangers,Hull City,0:1
2220718,PremierLeague,2014-2015,16.08.2014,Stoke City,Aston Villa,0:1
2220719,PremierLeague,2014-2015,16.08.2014,West Bromwich Albion,Sunderland AFC,2:2
2220720,PremierLeague,2014-2015,16.08.2014,West Ham United,Tottenham Hotspur,0:1
2220711,PremierLeague,2014-2015,16.08.2014,Arsenal FC,Crystal Palace,2:1
2220714,PremierLeague,2014-2015,17.08.2014,Liverpool FC,Southampton FC,2:1
2220716,PremierLeague,2014-2015,17.08.2014,Newcastle United,Manchester City,0:2
2220712,PremierLeague,2014-2015,18.08.2014,Burnley FC,Chelsea FC,1:3
2220721,PremierLeague,2014-2015,23.08.2014,Aston Villa,Newcastle United,0:0
2220723,PremierLeague,2014-2015,23.08.2014,Chelsea FC,Leicester City,2:0
2220724,PremierLeague,2014-2015,23.08.2014,Crystal Palace,West Ham United,1:3
2220731,PremierLeague,2014-2015,23.08.2014,Southampton FC,West Bromwich Albion,0:0
2220735,PremierLeague,2014-2015,23.08.2014,Swansea City,Burnley FC,1:0
2220726,PremierLeague,2014-2015,23.08.2014,Everton FC,Arsenal FC,2:2
2220728,PremierLeague,2014-2015,24.08.2014,Hull City,Stoke City,1:1
2220736,PremierLeague,2014-2015,24.08.2014,Tottenham Hotspur,Queens Park Rangers,4:0
2220733,PremierLeague,2014-2015,24.08.2014,Sunderland AFC,Manchester United,1:1
2220730,PremierLeague,2014-2015,25.08.2014,Manchester City,Liverpool FC,3:1
2220742,PremierLeague,2014-2015,30.08.2014,Burnley FC,Manchester United,0:0
2220747,PremierLeague,2014-2015,30.08.2014,Manchester City,Stoke City,0:1
2220748,PremierLeague,2014-2015,30.08.2014,Newcastle United,Crystal Palace,3:3
2220750,PremierLeague,2014-2015,30.08.2014,Queens Park Rangers,Sunderland AFC,1:0
2220751,PremierLeague,2014-2015,30.08.2014,Swansea City,West Bromwich Albion,3:0
2220755,PremierLeague,2014-2015,30.08.2014,West Ham United,Southampton FC,1:3
2220743,PremierLeague,2014-2015,30.08.2014,Everton FC,Chelsea FC,3:6
2220741,PremierLeague,2014-2015,31.08.2014,Aston Villa,Hull City,2:1
2220753,PremierLeague,2014-2015,31.08.2014,Tottenham Hotspur,Liverpool FC,0:3
2220745,PremierLeague,2014-2015,31.08.2014,Leicester City,Arsenal FC,1:1
2220760,PremierLeague,2014-2015,13.09.2014,Arsenal FC,Manchester City,2:2
2220763,PremierLeague,2014-2015,13.09.2014,Chelsea FC,Swansea City,4:2
2220765,PremierLeague,2014-2015,13.09.2014,Crystal Palace,Burnley FC,0:0
2220774,PremierLeague,2014-2015,13.09.2014,Southampton FC,Newcastle United,4:0
2220776,PremierLeague,2014-2015,13.09.2014,Stoke City,Leicester City,0:1
2220778,PremierLeague,2014-2015,13.09.2014,Sunderland AFC,Tottenham Hotspur,2:2
2220780,PremierLeague,2014-2015,13.09.2014,West Bromwich Albion,Everton FC,0:2
2220769,PremierLeague,2014-2015,13.09.2014,Liverpool FC,Aston Villa,0:1
2220771,PremierLeague,2014-2015,14.09.2014,Manchester United,Queens Park Rangers,4:0
2220768,PremierLeague,2014-2015,15.09.2014,Hull City,West Ham United,2:2
2220796,PremierLeague,2014-2015,20.09.2014,Queens Park Rangers,Stoke City,2:2
2220784,PremierLeague,2014-2015,20.09.2014,Aston Villa,Arsenal FC,0:3
2220786,PremierLeague,2014-2015,20.09.2014,Burnley FC,Sunderland AFC,0:0
2220794,PremierLeague,2014-2015,20.09.2014,Newcastle United,Hull City,2:2
2220798,PremierLeague,2014-2015,20.09.2014,Swansea City,Southampton FC,0:1
2220800,PremierLeague,2014-2015,20.09.2014,West Ham United,Liverpool FC,3:1
2220790,PremierLeague,2014-2015,21.09.2014,Leicester City,Manchester United,5:3
2220799,PremierLeague,2014-2015,21.09.2014,Tottenham Hotspur,West Bromwich Albion,0:1
2220788,PremierLeague,2014-2015,21.09.2014,Everton FC,Crystal Palace,2:3
2220792,PremierLeague,2014-2015,21.09.2014,Manchester City,Chelsea FC,1:1
2220813,PremierLeague,2014-2015,27.09.2014,Liverpool FC,Everton FC,1:1
2220806,PremierLeague,2014-2015,27.09.2014,Chelsea FC,Aston Villa,3:0
2220808,PremierLeague,2014-2015,27.09.2014,Crystal Palace,Leicester City,2:0
2220810,PremierLeague,2014-2015,27.09.2014,Hull City,Manchester City,2:4
2220816,PremierLeague,2014-2015,27.09.2014,Manchester United,West Ham United,2:1
2220818,PremierLeague,2014-2015,27.09.2014,Southampton FC,Queens Park Rangers,2:1
2220822,PremierLeague,2014-2015,27.09.2014,Sunderland AFC,Swansea City,0:0
2220803,PremierLeague,2014-2015,27.09.2014,Arsenal FC,Tottenham Hotspur,1:1
2220825,PremierLeague,2014-2015,28.09.2014,West Bromwich Albion,Burnley FC,4:0
2220820,PremierLeague,2014-2015,29.09.2014,Stoke City,Newcastle United,1:0
2220832,PremierLeague,2014-2015,04.10.2014,Hull City,Crystal Palace,2:0
2220834,PremierLeague,2014-2015,04.10.2014,Leicester City,Burnley FC,2:2
2220836,PremierLeague,2014-2015,04.10.2014,Liverpool FC,West Bromwich Albion,2:1
2220840,PremierLeague,2014-2015,04.10.2014,Sunderland AFC,Stoke City,3:1
2220843,PremierLeague,2014-2015,04.10.2014,Swansea City,Newcastle United,2:2
2220829,PremierLeague,2014-2015,04.10.2014,Aston Villa,Manchester City,0:2
2220838,PremierLeague,2014-2015,05.10.2014,Manchester United,Everton FC,2:1
2220845,PremierLeague,2014-2015,05.10.2014,Tottenham Hotspur,Southampton FC,1:0
2220831,PremierLeague,2014-2015,05.10.2014,Chelsea FC,Arsenal FC,2:0
2220847,PremierLeague,2014-2015,05.10.2014,West Ham United,Queens Park Rangers,2:0
2220863,PremierLeague,2014-2015,18.10.2014,Manchester City,Tottenham Hotspur,4:1
2220851,PremierLeague,2014-2015,18.10.2014,Arsenal FC,Hull City,2:2
2220853,PremierLeague,2014-2015,18.10.2014,Burnley FC,West Ham United,1:3
2220856,PremierLeague,2014-2015,18.10.2014,Crystal Palace,Chelsea FC,1:2
2220860,PremierLeague,2014-2015,18.10.2014,Everton FC,Aston Villa,3:0
2220868,PremierLeague,2014-2015,18.10.2014,Southampton FC,Sunderland AFC,8:0
2220865,PremierLeague,2014-2015,18.10.2014,Newcastle United,Leicester City,1:0
2220866,PremierLeague,2014-2015,19.10.2014,Queens Park Rangers,Liverpool FC,2:3
2220869,PremierLeague,2014-2015,19.10.2014,Stoke City,Swansea City,2:1
2220870,PremierLeague,2014-2015,20.10.2014,West Bromwich Albion,Manchester United,2:2
2220889,PremierLeague,2014-2015,25.10.2014,West Ham United,Manchester City,2:1
2220875,PremierLeague,2014-2015,25.10.2014,Liverpool FC,Hull City,0:0
2220880,PremierLeague,2014-2015,25.10.2014,Southampton FC,Stoke City,1:0
2220882,PremierLeague,2014-2015,25.10.2014,Sunderland AFC,Arsenal FC,0:2
2220887,PremierLeague,2014-2015,25.10.2014,West Bromwich Albion,Crystal Palace,2:2
2220883,PremierLeague,2014-2015,25.10.2014,Swansea City,Leicester City,2:0
2220873,PremierLeague,2014-2015,26.10.2014,Burnley FC,Everton FC,1:3
2220885,PremierLeague,2014-2015,26.10.2014,Tottenham Hotspur,Newcastle United,1:2
2220877,PremierLeague,2014-2015,26.10.2014,Manchester United,Chelsea FC,1:1
2220878,PremierLeague,2014-2015,27.10.2014,Queens Park Rangers,Aston Villa,2:0
2220905,PremierLeague,2014-2015,01.11.2014,Newcastle United,Liverpool FC,1:0
2220891,PremierLeague,2014-2015,01.11.2014,Arsenal FC,Burnley FC,3:0
2220894,PremierLeague,2014-2015,01.11.2014,Chelsea FC,Queens Park Rangers,2:1
2220896,PremierLeague,2014-2015,01.11.2014,Everton FC,Swansea City,0:0
2220898,PremierLeague,2014-2015,01.11.2014,Hull City,Southampton FC,0:1
2220900,PremierLeague,2014-2015,01.11.2014,Leicester City,West Bromwich Albion,0:1
2220907,PremierLeague,2014-2015,01.11.2014,Stoke City,West Ham United,2:2
2220903,PremierLeague,2014-2015,02.11.2014,Manchester City,Manchester United,1:0
2220892,PremierLeague,2014-2015,02.11.2014,Aston Villa,Tottenham Hotspur,1:2
2221013,PremierLeague,2014-2015,03.11.2014,Crystal Palace,Sunderland AFC,1:3
2220914,PremierLeague,2014-2015,08.11.2014,Liverpool FC,Chelsea FC,1:2
2220911,PremierLeague,2014-2015,08.11.2014,Burnley FC,Hull City,1:0
2220917,PremierLeague,2014-2015,08.11.2014,Manchester United,Crystal Palace,1:0
2220921,PremierLeague,2014-2015,08.11.2014,Southampton FC,Leicester City,2:0
2220934,PremierLeague,2014-2015,08.11.2014,West Ham United,Aston Villa,0:0
2220919,PremierLeague,2014-2015,08.11.2014,Queens Park Rangers,Manchester City,2:2
2220924,PremierLeague,2014-2015,09.11.2014,Sunderland AFC,Everton FC,1:1
2220930,PremierLeague,2014-2015,09.11.2014,Tottenham Hotspur,Stoke City,1:2
2220932,PremierLeague,2014-2015,09.11.2014,West Bromwich Albion,Newcastle United,0:2
2220927,PremierLeague,2014-2015,09.11.2014,Swansea City,Arsenal FC,2:1
2220945,PremierLeague,2014-2015,22.11.2014,Chelsea FC,West Bromwich Albion,2:0
2220949,PremierLeague,2014-2015,22.11.2014,Everton FC,West Ham United,2:1
2220952,PremierLeague,2014-2015,22.11.2014,Leicester City,Sunderland AFC,0:0
2220955,PremierLeague,2014-2015,22.11.2014,Manchester City,Swansea City,2:1
2220958,PremierLeague,2014-2015,22.11.2014,Newcastle United,Queens Park Rangers,1:0
2220961,PremierLeague,2014-2015,22.11.2014,Stoke City,Burnley FC,1:2
2220939,PremierLeague,2014-2015,22.11.2014,Arsenal FC,Manchester United,1:2
2220947,PremierLeague,2014-2015,23.11.2014,Crystal Palace,Liverpool FC,3:1
2220950,PremierLeague,2014-2015,23.11.2014,Hull City,Tottenham Hotspur,1:2
2220942,PremierLeague,2014-2015,24.11.2014,Aston Villa,Southampton FC,1:1
2220982,PremierLeague,2014-2015,29.11.2014,West Bromwich Albion,Arsenal FC,0:1
2220964,PremierLeague,2014-2015,29.11.2014,Burnley FC,Aston Villa,1:1
2220965,PremierLeague,2014-2015,29.11.2014,Liverpool FC,Stoke City,1:0
2220967,PremierLeague,2014-2015,29.11.2014,Manchester United,Hull City,3:0
2220970,PremierLeague,2014-2015,29.11.2014,Queens Park Rangers,Leicester City,3:2
2220977,PremierLeague,2014-2015,29.11.2014,Swansea City,Crystal Palace,1:1
2220984,PremierLeague,2014-2015,29.11.2014,West Ham United,Newcastle United,1:0
2220974,PremierLeague,2014-2015,29.11.2014,Sunderland AFC,Chelsea FC,0:0
2220971,PremierLeague,2014-2015,30.11.2014,Southampton FC,Manchester City,0:3
2220979,PremierLeague,2014-2015,30.11.2014,Tottenham Hotspur,Everton FC,2:1
2220761,PremierLeague,2014-2015,02.12.2014,Burnley FC,Newcastle United,1:1
2220764,PremierLeague,2014-2015,02.12.2014,Leicester City,Liverpool FC,1:3
2220767,PremierLeague,2014-2015,02.12.2014,Manchester United,Stoke City,2:1
2220770,PremierLeague,2014-2015,02.12.2014,Swansea City,Queens Park Rangers,2:0
2220773,PremierLeague,2014-2015,02.12.2014,Crystal Palace,Aston Villa,0:1
2220777,PremierLeague,2014-2015,02.12.2014,West Bromwich Albion,West Ham United,1:2
2220758,PremierLeague,2014-2015,03.12.2014,Arsenal FC,Southampton FC,1:0
2220781,PremierLeague,2014-2015,03.12.2014,Chelsea FC,Tottenham Hotspur,3:0
2220785,PremierLeague,2014-2015,03.12.2014,Everton FC,Hull City,1:1
2220789,PremierLeague,2014-2015,03.12.2014,Sunderland AFC,Manchester City,1:4
2220814,PremierLeague,2014-2015,06.12.2014,Newcastle United,Chelsea FC,2:1
2220804,PremierLeague,2014-2015,06.12.2014,Hull City,West Bromwich Albion,0:0
2220807,PremierLeague,2014-2015,06.12.2014,Liverpool FC,Sunderland AFC,0:0
2220817,PremierLeague,2014-2015,06.12.2014,Queens Park Rangers,Burnley FC,2:0
2220824,PremierLeague,2014-2015,06.12.2014,Stoke City,Arsenal FC,3:2
2220826,PremierLeague,2014-2015,06.12.2014,Tottenham Hotspur,Crystal Palace,0:0
2220811,PremierLeague,2014-2015,06.12.2014,Manchester City,Everton FC,1:0
2220828,PremierLeague,2014-2015,07.12.2014,West Ham United,Swansea City,3:1
2220801,PremierLeague,2014-2015,07.12.2014,Aston Villa,Leicester City,2:1
2220821,PremierLeague,2014-2015,08.12.2014,Southampton FC,Manchester United,1:2
2220837,PremierLeague,2014-2015,13.12.2014,Burnley FC,Southampton FC,1:0
2220841,PremierLeague,2014-2015,13.12.2014,Chelsea FC,Hull City,2:0
2220844,PremierLeague,2014-2015,13.12.2014,Crystal Palace,Stoke City,1:1
2220850,PremierLeague,2014-2015,13.12.2014,Leicester City,Manchester City,0:1
2220857,PremierLeague,2014-2015,13.12.2014,Sunderland AFC,West Ham United,1:1
2220862,PremierLeague,2014-2015,13.12.2014,West Bromwich Albion,Aston Villa,1:0
2220835,PremierLeague,2014-2015,13.12.2014,Arsenal FC,Newcastle United,4:1
2220854,PremierLeague,2014-2015,14.12.2014,Manchester United,Liverpool FC,3:0
2220859,PremierLeague,2014-2015,14.12.2014,Swansea City,Tottenham Hotspur,1:2
2220848,PremierLeague,2014-2015,15.12.2014,Everton FC,Queens Park Rangers,3:1
2220912,PremierLeague,2014-2015,20.12.2014,Manchester City,Crystal Palace,3:0
2220901,PremierLeague,2014-2015,20.12.2014,Aston Villa,Manchester United,1:1
2220904,PremierLeague,2014-2015,20.12.2014,Hull City,Swansea City,0:1
2220918,PremierLeague,2014-2015,20.12.2014,Queens Park Rangers,West Bromwich Albion,3:2
2220920,PremierLeague,2014-2015,20.12.2014,Southampton FC,Everton FC,3:0
2220926,PremierLeague,2014-2015,20.12.2014,Tottenham Hotspur,Burnley FC,2:1
2220929,PremierLeague,2014-2015,20.12.2014,West Ham United,Leicester City,2:0
2220915,PremierLeague,2014-2015,21.12.2014,Newcastle United,Sunderland AFC,0:1
2220908,PremierLeague,2014-2015,21.12.2014,Liverpool FC,Arsenal FC,2:2
2220923,PremierLeague,2014-2015,22.12.2014,Stoke City,Chelsea FC,0:2
2220940,PremierLeague,2014-2015,26.12.2014,Chelsea FC,West Ham United,2:0
2220937,PremierLeague,2014-2015,26.12.2014,Burnley FC,Liverpool FC,0:1
2220944,PremierLeague,2014-2015,26.12.2014,Crystal Palace,Southampton FC,1:3
2220948,PremierLeague,2014-2015,26.12.2014,Everton FC,Stoke City,0:1
2220951,PremierLeague,2014-2015,26.12.2014,Leicester City,Tottenham Hotspur,1:2
2220953,PremierLeague,2014-2015,26.12.2014,Manchester United,Newcastle United,3:1
2220956,PremierLeague,2014-2015,26.12.2014,Sunderland AFC,Hull City,1:3
2220959,PremierLeague,2014-2015,26.12.2014,Swansea City,Aston Villa,1:0
2220962,PremierLeague,2014-2015,26.12.2014,West Bromwich Albion,Manchester City,1:3
2220935,PremierLeague,2014-2015,26.12.2014,Arsenal FC,Queens Park Rangers,2:1
2220990,PremierLeague,2014-2015,28.12.2014,Tottenham Hotspur,Manchester United,0:0
2220986,PremierLeague,2014-2015,28.12.2014,Southampton FC,Chelsea FC,1:1
2220968,PremierLeague,2014-2015,28.12.2014,Aston Villa,Sunderland AFC,0:0
2220973,PremierLeague,2014-2015,28.12.2014,Hull City,Leicester City,0:1
2220980,PremierLeague,2014-2015,28.12.2014,Manchester City,Burnley FC,2:2
2220985,PremierLeague,2014-2015,28.12.2014,Queens Park Rangers,Crystal Palace,0:0
2220988,PremierLeague,2014-2015,28.12.2014,Stoke City,West Bromwich Albion,2:0
2220992,PremierLeague,2014-2015,28.12.2014,West Ham United,Arsenal FC,1:2
2220983,PremierLeague,2014-2015,28.12.2014,Newcastle United,Everton FC,3:2
2220976,PremierLeague,2014-2015,29.12.2014,Liverpool FC,Swansea City,4:1
2221009,PremierLeague,2014-2015,01.01.2015,Stoke City,Manchester United,1:1
2220996,PremierLeague,2014-2015,01.01.2015,Aston Villa,Crystal Palace,0:0
2220997,PremierLeague,2014-2015,01.01.2015,Hull City,Everton FC,2:0
2220999,PremierLeague,2014-2015,01.01.2015,Liverpool FC,Leicester City,2:2
2221002,PremierLeague,2014-2015,01.01.2015,Manchester City,Sunderland AFC,3:2
2221004,PremierLeague,2014-2015,01.01.2015,Newcastle United,Burnley FC,3:3
2221005,PremierLeague,2014-2015,01.01.2015,Queens Park Rangers,Swansea City,1:1
2221007,PremierLeague,2014-2015,01.01.2015,Southampton FC,Arsenal FC,2:0
2221015,PremierLeague,2014-2015,01.01.2015,West Ham United,West Bromwich Albion,1:1
2221011,PremierLeague,2014-2015,01.01.2015,Tottenham Hotspur,Chelsea FC,5:3
2221028,PremierLeague,2014-2015,10.01.2015,Sunderland AFC,Liverpool FC,0:1
2221019,PremierLeague,2014-2015,10.01.2015,Burnley FC,Queens Park Rangers,2:1
2221020,PremierLeague,2014-2015,10.01.2015,Chelsea FC,Newcastle United,2:0
2221024,PremierLeague,2014-2015,10.01.2015,Everton FC,Manchester City,1:1
2221026,PremierLeague,2014-2015,10.01.2015,Leicester City,Aston Villa,1:0
2221029,PremierLeague,2014-2015,10.01.2015,Swansea City,West Ham United,1:1
2221031,PremierLeague,2014-2015,10.01.2015,West Bromwich Albion,Hull City,1:0
2221022,PremierLeague,2014-2015,10.01.2015,Crystal Palace,Tottenham Hotspur,2:1
2221017,PremierLeague,2014-2015,11.01.2015,Arsenal FC,Stoke City,3:0
2221027,PremierLeague,2014-2015,11.01.2015,Manchester United,Southampton FC,0:1
2221034,PremierLeague,2014-2015,17.01.2015,Aston Villa,Liverpool FC,0:2
2221036,PremierLeague,2014-2015,17.01.2015,Burnley FC,Crystal Palace,2:3
2221042,PremierLeague,2014-2015,17.01.2015,Leicester City,Stoke City,0:1
2221047,PremierLeague,2014-2015,17.01.2015,Queens Park Rangers,Manchester United,0:2
2221048,PremierLeague,2014-2015,17.01.2015,Swansea City,Chelsea FC,0:5
2221049,PremierLeague,2014-2015,17.01.2015,Tottenham Hotspur,Sunderland AFC,2:1
2221046,PremierLeague,2014-2015,17.01.2015,Newcastle United,Southampton FC,1:2
2221050,PremierLeague,2014-2015,18.01.2015,West Ham United,Hull City,3:0
2221044,PremierLeague,2014-2015,18.01.2015,Manchester City,Arsenal FC,0:2
2221040,PremierLeague,2014-2015,19.01.2015,Everton FC,West Bromwich Albion,0:0
2221054,PremierLeague,2014-2015,31.01.2015,Hull City,Newcastle United,0:3
2221053,PremierLeague,2014-2015,31.01.2015,Crystal Palace,Everton FC,0:1
2221055,PremierLeague,2014-2015,31.01.2015,Liverpool FC,West Ham United,2:0
2221056,PremierLeague,2014-2015,31.01.2015,Manchester United,Leicester City,3:1
2221058,PremierLeague,2014-2015,31.01.2015,Stoke City,Queens Park Rangers,3:1
2221059,PremierLeague,2014-2015,31.01.2015,Sunderland AFC,Burnley FC,2:0
2221060,PremierLeague,2014-2015,31.01.2015,West Bromwich Albion,Tottenham Hotspur,0:3
2221052,PremierLeague,2014-2015,31.01.2015,Chelsea FC,Manchester City,1:1
2221051,PremierLeague,2014-2015,01.02.2015,Arsenal FC,Aston Villa,5:0
2221057,PremierLeague,2014-2015,01.02.2015,Southampton FC,Swansea City,0:1
2221069,PremierLeague,2014-2015,07.02.2015,Tottenham Hotspur,Arsenal FC,2:1
2221061,PremierLeague,2014-2015,07.02.2015,Aston Villa,Chelsea FC,1:2
2221064,PremierLeague,2014-2015,07.02.2015,Leicester City,Crystal Palace,0:1
2221065,PremierLeague,2014-2015,07.02.2015,Manchester City,Hull City,1:1
2221067,PremierLeague,2014-2015,07.02.2015,Queens Park Rangers,Southampton FC,0:1
2221068,PremierLeague,2014-2015,07.02.2015,Swansea City,Sunderland AFC,1:1
2221063,PremierLeague,2014-2015,07.02.2015,Everton FC,Liverpool FC,0:0
2221062,PremierLeague,2014-2015,08.02.2015,Burnley FC,West Bromwich Albion,2:2
2221066,PremierLeague,2014-2015,08.02.2015,Newcastle United,Stoke City,1:1
2221070,PremierLeague,2014-2015,08.02.2015,West Ham United,Manchester United,1:1
2221071,PremierLeague,2014-2015,10.02.2015,Arsenal FC,Leicester City,2:1
2221072,PremierLeague,2014-2015,10.02.2015,Hull City,Aston Villa,2:0
2221080,PremierLeague,2014-2015,10.02.2015,Sunderland AFC,Queens Park Rangers,0:2
2221076,PremierLeague,2014-2015,10.02.2015,Liverpool FC,Tottenham Hotspur,3:2
2221073,PremierLeague,2014-2015,11.02.2015,Manchester United,Burnley FC,3:1
2221074,PremierLeague,2014-2015,11.02.2015,Southampton FC,West Ham United,0:0
2221078,PremierLeague,2014-2015,11.02.2015,Chelsea FC,Everton FC,1:0
2221079,PremierLeague,2014-2015,11.02.2015,Stoke City,Manchester City,1:4
2221075,PremierLeague,2014-2015,11.02.2015,Crystal Palace,Newcastle United,1:1
2221077,PremierLeague,2014-2015,11.02.2015,West Bromwich Albion,Swansea City,2:0
2221081,PremierLeague,2014-2015,21.02.2015,Aston Villa,Stoke City,1:2
2221082,PremierLeague,2014-2015,21.02.2015,Chelsea FC,Burnley FC,1:1
2221083,PremierLeague,2014-2015,21.02.2015,Crystal Palace,Arsenal FC,1:2
2221085,PremierLeague,2014-2015,21.02.2015,Hull City,Queens Park Rangers,2:1
2221088,PremierLeague,2014-2015,21.02.2015,Sunderland AFC,West Bromwich Albion,0:0
2221089,PremierLeague,2014-2015,21.02.2015,Swansea City,Manchester United,2:1
2221086,PremierLeague,2014-2015,21.02.2015,Manchester City,Newcastle United,5:0
2221090,PremierLeague,2014-2015,22.02.2015,Tottenham Hotspur,West Ham United,2:2
2221084,PremierLeague,2014-2015,22.02.2015,Everton FC,Leicester City,2:2
2221087,PremierLeague,2014-2015,22.02.2015,Southampton FC,Liverpool FC,0:2
2221045,PremierLeague,2014-2015,28.02.2015,West Ham United,Crystal Palace,1:3
2221032,PremierLeague,2014-2015,28.02.2015,Burnley FC,Swansea City,0:1
2221037,PremierLeague,2014-2015,28.02.2015,Manchester United,Sunderland AFC,2:0
2221038,PremierLeague,2014-2015,28.02.2015,Newcastle United,Aston Villa,1:0
2221041,PremierLeague,2014-2015,28.02.2015,Stoke City,Hull City,1:0
2221043,PremierLeague,2014-2015,28.02.2015,West Bromwich Albion,Southampton FC,1:0
2221035,PremierLeague,2014-2015,01.03.2015,Liverpool FC,Manchester City,2:1
2221030,PremierLeague,2014-2015,01.03.2015,Arsenal FC,Everton FC,2:0
2221039,PremierLeague,2014-2015,07.03.2015,Queens Park Rangers,Tottenham Hotspur,1:2
2221033,PremierLeague,2014-2015,29.04.2015,Leicester City,Chelsea FC,1:3
2221006,PremierLeague,2014-2015,03.03.2015,Aston Villa,West Bromwich Albion,2:1
2221008,PremierLeague,2014-2015,03.03.2015,Hull City,Sunderland AFC,1:1
2221012,PremierLeague,2014-2015,03.03.2015,Southampton FC,Crystal Palace,1:0
2221010,PremierLeague,2014-2015,04.03.2015,Queens Park Rangers,Arsenal FC,1:2
2221014,PremierLeague,2014-2015,04.03.2015,West Ham United,Chelsea FC,0:1
2221018,PremierLeague,2014-2015,04.03.2015,Manchester City,Leicester City,2:0
2221021,PremierLeague,2014-2015,04.03.2015,Newcastle United,Manchester United,0:1
2221023,PremierLeague,2014-2015,04.03.2015,Stoke City,Everton FC,2:0
2221025,PremierLeague,2014-2015,04.03.2015,Tottenham Hotspur,Swansea City,3:2
2221016,PremierLeague,2014-2015,04.03.2015,Liverpool FC,Burnley FC,2:0
2220993,PremierLeague,2014-2015,14.03.2015,Crystal Palace,Queens Park Rangers,3:1
2220987,PremierLeague,2014-2015,14.03.2015,Arsenal FC,West Ham United,3:0
2220995,PremierLeague,2014-2015,14.03.2015,Leicester City,Hull City,0:0
2221000,PremierLeague,2014-2015,14.03.2015,Sunderland AFC,Aston Villa,0:4
2221003,PremierLeague,2014-2015,14.03.2015,West Bromwich Albion,Stoke City,1:0
2220989,PremierLeague,2014-2015,14.03.2015,Burnley FC,Manchester City,1:0
2220991,PremierLeague,2014-2015,15.03.2015,Chelsea FC,Southampton FC,1:1
2220994,PremierLeague,2014-2015,15.03.2015,Everton FC,Newcastle United,3:0
2220998,PremierLeague,2014-2015,15.03.2015,Manchester United,Tottenham Hotspur,3:0
2221001,PremierLeague,2014-2015,16.03.2015,Swansea City,Liverpool FC,0:1
2220963,PremierLeague,2014-2015,21.03.2015,Manchester City,West Bromwich Albion,3:0
2220954,PremierLeague,2014-2015,21.03.2015,Aston Villa,Swansea City,0:1
2220966,PremierLeague,2014-2015,21.03.2015,Newcastle United,Arsenal FC,1:2
2220972,PremierLeague,2014-2015,21.03.2015,Southampton FC,Burnley FC,2:0
2220975,PremierLeague,2014-2015,21.03.2015,Stoke City,Crystal Palace,1:2
2220978,PremierLeague,2014-2015,21.03.2015,Tottenham Hotspur,Leicester City,4:3
2220981,PremierLeague,2014-2015,21.03.2015,West Ham United,Sunderland AFC,1:0
2220960,PremierLeague,2014-2015,22.03.2015,Liverpool FC,Manchester United,1:2
2220957,PremierLeague,2014-2015,22.03.2015,Hull City,Chelsea FC,2:3
2220969,PremierLeague,2014-2015,22.03.2015,Queens Park Rangers,Everton FC,1:2
2220922,PremierLeague,2014-2015,04.04.2015,Arsenal FC,Liverpool FC,4:1
2220933,PremierLeague,2014-2015,04.04.2015,Everton FC,Southampton FC,1:0
2220936,PremierLeague,2014-2015,04.04.2015,Leicester City,West Ham United,2:1
2220938,PremierLeague,2014-2015,04.04.2015,Manchester United,Aston Villa,3:1
2220943,PremierLeague,2014-2015,04.04.2015,Swansea City,Hull City,3:1
2220946,PremierLeague,2014-2015,04.04.2015,West Bromwich Albion,Queens Park Rangers,1:4
2220928,PremierLeague,2014-2015,04.04.2015,Chelsea FC,Stoke City,2:1
2220925,PremierLeague,2014-2015,05.04.2015,Burnley FC,Tottenham Hotspur,0:0
2220941,PremierLeague,2014-2015,05.04.2015,Sunderland AFC,Newcastle United,1:0
2220931,PremierLeague,2014-2015,06.04.2015,Crystal Palace,Manchester City,2:1
2220909,PremierLeague,2014-2015,11.04.2015,Swansea City,Everton FC,1:1
2220902,PremierLeague,2014-2015,11.04.2015,Southampton FC,Hull City,2:0
2220906,PremierLeague,2014-2015,11.04.2015,Sunderland AFC,Crystal Palace,1:4
2220910,PremierLeague,2014-2015,11.04.2015,Tottenham Hotspur,Aston Villa,0:1
2220913,PremierLeague,2014-2015,11.04.2015,West Bromwich Albion,Leicester City,2:3
2220916,PremierLeague,2014-2015,11.04.2015,West Ham United,Stoke City,1:1
2220893,PremierLeague,2014-2015,11.04.2015,Burnley FC,Arsenal FC,0:1
2220899,PremierLeague,2014-2015,12.04.2015,Queens Park Rangers,Chelsea FC,0:1
2220897,PremierLeague,2014-2015,12.04.2015,Manchester United,Manchester City,4:2
2220895,PremierLeague,2014-2015,13.04.2015,Liverpool FC,Newcastle United,2:0
2220872,PremierLeague,2014-2015,07.04.2015,Aston Villa,Queens Park Rangers,3:3
2220876,PremierLeague,2014-2015,18.04.2015,Crystal Palace,West Bromwich Albion,0:2
2220879,PremierLeague,2014-2015,18.04.2015,Everton FC,Burnley FC,1:0
2220884,PremierLeague,2014-2015,18.04.2015,Leicester City,Swansea City,2:0
2220890,PremierLeague,2014-2015,18.04.2015,Stoke City,Southampton FC,2:1
2220874,PremierLeague,2014-2015,18.04.2015,Chelsea FC,Manchester United,1:0
2220886,PremierLeague,2014-2015,19.04.2015,Manchester City,West Ham United,2:0
2220888,PremierLeague,2014-2015,19.04.2015,Newcastle United,Tottenham Hotspur,1:3
2220881,PremierLeague,2014-2015,28.04.2015,Hull City,Liverpool FC,1:0
2220871,PremierLeague,2014-2015,20.05.2015,Arsenal FC,Sunderland AFC,0:0
2220861,PremierLeague,2014-2015,25.04.2015,Southampton FC,Tottenham Hotspur,2:2
2220842,PremierLeague,2014-2015,25.04.2015,Burnley FC,Leicester City,0:1
2220846,PremierLeague,2014-2015,25.04.2015,Crystal Palace,Hull City,0:2
2220855,PremierLeague,2014-2015,25.04.2015,Newcastle United,Swansea City,2:3
2220858,PremierLeague,2014-2015,25.04.2015,Queens Park Rangers,West Ham United,0:0
2220864,PremierLeague,2014-2015,25.04.2015,Stoke City,Sunderland AFC,1:1
2220867,PremierLeague,2014-2015,25.04.2015,West Bromwich Albion,Liverpool FC,0:0
2220852,PremierLeague,2014-2015,25.04.2015,Manchester City,Aston Villa,3:2
2220849,PremierLeague,2014-2015,26.04.2015,Everton FC,Manchester United,3:0
2220839,PremierLeague,2014-2015,26.04.2015,Arsenal FC,Chelsea FC,0:0
2220812,PremierLeague,2014-2015,02.05.2015,Leicester City,Newcastle United,3:0
2220802,PremierLeague,2014-2015,02.05.2015,Aston Villa,Everton FC,3:2
2220815,PremierLeague,2014-2015,02.05.2015,Liverpool FC,Queens Park Rangers,2:1
2220823,PremierLeague,2014-2015,02.05.2015,Sunderland AFC,Southampton FC,2:1
2220827,PremierLeague,2014-2015,02.05.2015,Swansea City,Stoke City,2:0
2220833,PremierLeague,2014-2015,02.05.2015,West Ham United,Burnley FC,1:0
2220819,PremierLeague,2014-2015,02.05.2015,Manchester United,West Bromwich Albion,0:1
2220805,PremierLeague,2014-2015,03.05.2015,Chelsea FC,Crystal Palace,1:0
2220830,PremierLeague,2014-2015,03.05.2015,Tottenham Hotspur,Manchester City,0:1
2220809,PremierLeague,2014-2015,04.05.2015,Hull City,Arsenal FC,1:3
2220783,PremierLeague,2014-2015,09.05.2015,Everton FC,Sunderland AFC,0:2
2220775,PremierLeague,2014-2015,09.05.2015,Aston Villa,West Ham United,1:0
2220787,PremierLeague,2014-2015,09.05.2015,Hull City,Burnley FC,0:1
2220791,PremierLeague,2014-2015,09.05.2015,Leicester City,Southampton FC,2:0
2220795,PremierLeague,2014-2015,09.05.2015,Newcastle United,West Bromwich Albion,1:1
2220797,PremierLeague,2014-2015,09.05.2015,Stoke City,Tottenham Hotspur,3:0
2220782,PremierLeague,2014-2015,09.05.2015,Crystal Palace,Manchester United,1:2
2220793,PremierLeague,2014-2015,10.05.2015,Manchester City,Queens Park Rangers,6:0
2220779,PremierLeague,2014-2015,10.05.2015,Chelsea FC,Liverpool FC,1:1
2220772,PremierLeague,2014-2015,11.05.2015,Arsenal FC,Swansea City,0:1
2220754,PremierLeague,2014-2015,16.05.2015,Southampton FC,Aston Villa,6:1
2220744,PremierLeague,2014-2015,16.05.2015,Burnley FC,Stoke City,0:0
2220752,PremierLeague,2014-2015,16.05.2015,Queens Park Rangers,Newcastle United,2:1
2220756,PremierLeague,2014-2015,16.05.2015,Sunderland AFC,Leicester City,0:0
2220759,PremierLeague,2014-2015,16.05.2015,Tottenham Hotspur,Hull City,2:0
2220766,PremierLeague,2014-2015,16.05.2015,West Ham United,Everton FC,1:2
2220746,PremierLeague,2014-2015,16.05.2015,Liverpool FC,Crystal Palace,1:3
2220757,PremierLeague,2014-2015,17.05.2015,Swansea City,Manchester City,2:4
2220749,PremierLeague,2014-2015,17.05.2015,Manchester United,Arsenal FC,1:1
2220762,PremierLeague,2014-2015,18.05.2015,West Bromwich Albion,Chelsea FC,3:0
2220722,PremierLeague,2014-2015,24.05.2015,Arsenal FC,West Bromwich Albion,4:1
2220725,PremierLeague,2014-2015,24.05.2015,Aston Villa,Burnley FC,0:1
2220727,PremierLeague,2014-2015,24.05.2015,Chelsea FC,Sunderland AFC,3:1
2220729,PremierLeague,2014-2015,24.05.2015,Crystal Palace,Swansea City,1:0
2220732,PremierLeague,2014-2015,24.05.2015,Everton FC,Tottenham Hotspur,0:1
2220734,PremierLeague,2014-2015,24.05.2015,Hull City,Manchester United,0:0
2220737,PremierLeague,2014-2015,24.05.2015,Leicester City,Queens Park Rangers,5:1
2220738,PremierLeague,2014-2015,24.05.2015,Manchester City,Southampton FC,2:0
2220739,PremierLeague,2014-2015,24.05.2015,Newcastle United,West Ham United,2:0
2220740,PremierLeague,2014-2015,24.05.2015,Stoke City,Liverpool FC,6:1
