GameID,Minute,PlayerIn,PlayerOut,Team
1412236,56,Tiago Targino,Ivanildo,SC Olhanense
1412236,83,David Silva,Liban Abdi,SC Olhanense
1412236,86,André Micael,Jander,SC Olhanense
1412236,67,Carlos Eduardo,João Coimbra,GD Estoril
1412236,79,João Paulo,Luís Leal,GD Estoril
1412231,64,Yonathan Del Valle,Esmaël Gonçalves,Rio Ave FC
1412231,82,Tope Obadeyi,Braga,Rio Ave FC
1412231,90,Feliz,Wíres,Rio Ave FC
1412231,54,David Simão,Semedo,Maritimo Funchal
1412231,66,Danilo Dias,Fidélis,Maritimo Funchal
1412231,81,Adilson,Sami,Maritimo Funchal
1412233,66,Nolito,Bruno César,SL Benfica
1412233,68,Pablo Aimar,Rodrigo,SL Benfica
1412233,69,Enzo Pérez,Eduardo Salvio,SL Benfica
1412233,68,Rúben Micael,Márcio Mossoró,Sporting Braga
1412233,77,Nuno André Coelho,Hugo Viana,Sporting Braga
1412233,88,Djamal Mahamat,Alan,Sporting Braga
1412232,21,Mário Rondon,Ladji Keita,CD Nacional
1412232,46,Mateus,Moreno,CD Nacional
1412232,73,Rene Mihelič,Dejan Školnik,CD Nacional
1412232,69,Pedro Santos,Miguel Pedro,Vitória Setúbal
1412232,77,Bruno Gallo,Bruno Amaro,Vitória Setúbal
1412232,88,Jorginho Sousa,Cristiano,Vitória Setúbal
1412234,57,Paolo Hurtado,Caetano,Paços de Ferreira
1412234,83,Josué,Luíz Carlos,Paços de Ferreira
1412234,87,Jaime Poulson,Manuel José,Paços de Ferreira
1412234,55,Rafa,Wágner,Moreirense FC
1412234,73,Pablo Olivera,Pintassilgo,Moreirense FC
1412234,90,Ricardo Fernandes,Nabil Ghilas,Moreirense FC
1412238,63,Leonardo,Pedro Pereira,Gil Vicente
1412238,69,Brito,Rafael Silva,Gil Vicente
1412238,90,Pecks,Luís Carlos,Gil Vicente
1412238,57,Alex Sandro,Eliaquim Mangala,FC Porto
1412238,57,Kléber,Fernando,FC Porto
1412238,71,Christian Atsu,James Rodríguez,FC Porto
1412237,62,Marco Matias,Jean Pierre Barrientos,Vitória Guimarães
1412237,87,Milan Lalkovič,Marcelo Toscano,Vitória Guimarães
1412237,46,André Martins,Adrien Silva,Sporting CP
1412237,72,Zakaria Labyad,Gelson Fernandes,Sporting CP
1412237,89,Jeffrén,Capel,Sporting CP
1412235,70,Rúben Ribeiro,Sérginho,SC Beira-Mar
1412235,46,John Ogu,Afonso,Académica Coimbra
1412235,59,Edinho,Cleyton,Académica Coimbra
1412235,89,Nuno Henrique,Marinho,Académica Coimbra
1412244,71,Cleyton,John Ogu,Académica Coimbra
1412244,79,Afonso,Marinho,Académica Coimbra
1412244,87,Bruno China,Makelele,Académica Coimbra
1412244,54,David Silva,Liban Abdi,SC Olhanense
1412244,65,Tiago Targino,Ivanildo,SC Olhanense
1412244,88,Nuno Piloto,Babanco,SC Olhanense
1412245,64,Paulo César,Lima,Sporting Braga
1412245,73,Djamal Mahamat,Hélder Barbosa,Sporting Braga
1412245,76,Zé Luís,Carlão,Sporting Braga
1412245,46,Jaime,Sérginho,SC Beira-Mar
1412245,67,Batatinha,Abel Camará,SC Beira-Mar
1412245,67,Nuno Lopes,Cédric Collet,SC Beira-Mar
1412243,76,James Rodríguez,Lucho González,FC Porto
1412243,76,Varela,Christian Atsu,FC Porto
1412243,81,Steven Defour,João Moutinho,FC Porto
1412243,46,Marco Matias,Jean Pierre Barrientos,Vitória Guimarães
1412243,63,Milan Lalkovič,Marco Matias,Vitória Guimarães
1412243,73,Leonel Olímpio,Marcelo Toscano,Vitória Guimarães
1412246,64,Pablo Olivera,Wágner,Moreirense FC
1412246,77,Jô,Pintassilgo,Moreirense FC
1412246,86,Rafa,Fábio Espinho,Moreirense FC
1412246,56,Dejan Školnik,Candeias,CD Nacional
1412246,56,Sérgio Duarte,Revson,CD Nacional
1412246,78,Bruno Moreira,Mateus,CD Nacional
1412242,45,Tony Taylor,João Paulo,GD Estoril
1412242,59,Carlos Eduardo,Elizeu,GD Estoril
1412242,72,Gerso,Hugo Leal,GD Estoril
1412242,80,Filipe Anunciação,Manuel José,Paços de Ferreira
1412242,90,Tiago Valente,Vítor Silva,Paços de Ferreira
1412240,58,David Simão,Gonçalo Abreu,Maritimo Funchal
1412240,67,Rafael Miranda,Rodrigo Antônio,Maritimo Funchal
1412240,77,Sami,Danilo Dias,Maritimo Funchal
1412240,57,Brito,Rafael Silva,Gil Vicente
1412240,70,Leonardo,Pedro Pereira,Gil Vicente
1412240,90,Pio,André Cunha,Gil Vicente
1412239,14,Ricardo Silva,Pedro Santos,Vitória Setúbal
1412239,46,Miguel Lourenço,Nélson Pedroso,Vitória Setúbal
1412239,73,Zé Pedro,Miguel Pedro,Vitória Setúbal
1412239,56,Nolito,Óscar Cardozo,SL Benfica
1412239,56,Carlos Martins,Javi García,SL Benfica
1412239,66,Pablo Aimar,Enzo Pérez,SL Benfica
1412241,46,André Martins,Elías,Sporting CP
1412241,46,Zakaria Labyad,Adrien Silva,Sporting CP
1412241,72,Valentín Viola,Gelson Fernandes,Sporting CP
1412241,68,Vítor Gomes,Braga,Rio Ave FC
1412241,74,André Vilas Boas,Esmaël Gonçalves,Rio Ave FC
1412241,86,João Tomás,Yonathan Del Valle,Rio Ave FC
1412253,54,João Ribeiro,Jean Pierre Barrientos,Vitória Guimarães
1412253,65,Milan Lalkovič,Alex,Vitória Guimarães
1412253,65,Leonel Olímpio,Marcelo Toscano,Vitória Guimarães
1412253,59,Gerso,Tony Taylor,GD Estoril
1412253,67,Pedro Henrique,Luís Leal,GD Estoril
1412253,72,Hugo Leal,Carlos Eduardo,GD Estoril
1412252,55,Tiago Targino,Jean-Paul Yontcha,SC Olhanense
1412252,67,David Silva,Ivanildo,SC Olhanense
1412252,36,James Rodríguez,Christian Atsu,FC Porto
1412252,68,Varela,Lucho González,FC Porto
1412252,80,Castro,Steven Defour,FC Porto
1412251,40,Sérginho,Jaime,SC Beira-Mar
1412251,46,Saleh Al-Shehri,Cédric Collet,SC Beira-Mar
1412251,78,Felipe Desco,Nuno Lopes,SC Beira-Mar
1412251,66,Ricardo Fernandes,Fábio Espinho,Moreirense FC
1412251,75,Rafa,Wágner,Moreirense FC
1412251,86,Ricardo Fernandes,Nabil Ghilas,Moreirense FC
1412254,58,William Tiero,César Peixoto,Gil Vicente
1412254,64,Ramazotti,Leonardo,Gil Vicente
1412254,79,Pio,André Cunha,Gil Vicente
1412254,58,Pedro Santos,Miguel Pedro,Vitória Setúbal
1412254,79,Zé Pedro,Bruno Amaro,Vitória Setúbal
1412254,88,Jorginho Sousa,Albert Meyong,Vitória Setúbal
1412247,60,João Tomás,Esmaël Gonçalves,Rio Ave FC
1412247,71,Diego Lopes,Braga,Rio Ave FC
1412247,76,Vítor Gomes,Wíres,Rio Ave FC
1412247,60,Cleyton,John Ogu,Académica Coimbra
1412247,67,Wilson Eduardo,Marinho,Académica Coimbra
1412247,89,Abou Keita,Salim Cissé,Académica Coimbra
1412250,58,Caetano,Manuel José,Paços de Ferreira
1412250,74,Josué,Vítor Silva,Paços de Ferreira
1412250,81,Nuno Santos,Paolo Hurtado,Paços de Ferreira
1412250,45,Márcio Mossoró,Hugo Viana,Sporting Braga
1412250,70,Carlão,Paulo César,Sporting Braga
1412250,74,Rúben Amorim,Alan,Sporting Braga
1412249,45,Nemanja Matić,Carlos Martins,SL Benfica
1412249,66,Nolito,Enzo Pérez,SL Benfica
1412249,73,Pablo Aimar,Rodrigo,SL Benfica
1412249,77,Rene Mihelič,Candeias,CD Nacional
1412249,90,Oliver,Mateus,CD Nacional
1412249,90,Edgar Costa,Dejan Školnik,CD Nacional
1412248,59,Fidélis,Héldon,Maritimo Funchal
1412248,73,Gonçalo Abreu,David Simão,Maritimo Funchal
1412248,80,Adilson,Danilo Dias,Maritimo Funchal
1412248,66,Capel,Adrien Silva,Sporting CP
1412248,66,André Martins,Marat Izmailov,Sporting CP
1412248,84,Daniel Carriço,Elías,Sporting CP
1412262,56,Renato Augusto,Fábio Espinho,Moreirense FC
1412262,72,André Luiz,Filipe Gonçalves,Moreirense FC
1412262,84,Rafa,Pintassilgo,Moreirense FC
1412262,46,Tiago Rodrigues,Leonel Olímpio,Vitória Guimarães
1412262,80,Milan Lalkovič,João Ribeiro,Vitória Guimarães
1412262,90,Amido Baldé,El Arbi Soudani,Vitória Guimarães
1412259,56,Castro,Christian Atsu,FC Porto
1412259,63,Juan Iturbe,Varela,FC Porto
1412259,74,Kléber,Jackson Martínez,FC Porto
1412259,46,Abel Camará,Cédric Collet,SC Beira-Mar
1412259,62,André Sousa,Rúben Ribeiro,SC Beira-Mar
1412259,76,Jaime,Nildo Petrolina,SC Beira-Mar
1412255,52,Bruno Gallo,Paulo Tavares,Vitória Setúbal
1412255,73,Pedro Santos,Miguel Pedro,Vitória Setúbal
1412255,83,Jorginho Sousa,Albert Meyong,Vitória Setúbal
1412255,52,Djaniny,David Silva,SC Olhanense
1412255,52,Nuno Silva,Jean-Paul Yontcha,SC Olhanense
1412255,65,Evandro Brandão,Tiago Targino,SC Olhanense
1412256,48,Candeias,Rene Mihelič,CD Nacional
1412256,56,Moreno,Isael,CD Nacional
1412256,90,Ladji Keita,Mário Rondon,CD Nacional
1412256,50,Luíz Carlos,Javier Cohene,Paços de Ferreira
1412256,54,Vinicio Angulo,Filipe Anunciação,Paços de Ferreira
1412256,68,Caetano,Paolo Hurtado,Paços de Ferreira
1412261,60,Márcio Mossoró,Hugo Viana,Sporting Braga
1412261,73,Djamal Mahamat,Rúben Micael,Sporting Braga
1412261,80,Michel,Éder,Sporting Braga
1412261,65,Ukra,Diego Lopes,Rio Ave FC
1412261,72,Yonathan Del Valle,Braga,Rio Ave FC
1412261,78,Alberto Rodríguez,Wíres,Rio Ave FC
1412260,51,João Dias,Marinho,Académica Coimbra
1412260,73,John Ogu,Salim Cissé,Académica Coimbra
1412260,85,Edinho,Wilson Eduardo,Académica Coimbra
1412260,46,Nolito,Bruno César,SL Benfica
1412260,64,Pablo Aimar,Enzo Pérez,SL Benfica
1412260,75,Lima,Rodrigo,SL Benfica
1412258,61,João Coimbra,Carlos Eduardo,GD Estoril
1412258,76,João Paulo,Luís Leal,GD Estoril
1412258,90,Gerso,Licá,GD Estoril
1412258,12,Luís Olim,David Simão,Maritimo Funchal
1412258,64,Héldon,Sami,Maritimo Funchal
1412258,68,Adilson,João Luiz,Maritimo Funchal
1412257,40,Zakaria Labyad,Danijel Pranjić,Sporting CP
1412257,61,André Carrillo,Xandão,Sporting CP
1412257,74,Jeffrén,Valentín Viola,Sporting CP
1412257,42,Éder Sciola,Daniel Faria,Gil Vicente
1412257,59,Leonardo,Pedro Pereira,Gil Vicente
1412257,74,Djalma,Luís Carlos,Gil Vicente
1412267,73,Josué,Luíz Carlos,Paços de Ferreira
1412267,78,Caetano,Manuel José,Paços de Ferreira
1412267,87,Vinicio Angulo,Javier Cohene,Paços de Ferreira
1412267,46,Nicolás Gaitán,Nolito,SL Benfica
1412267,66,Carlos Martins,Nemanja Matić,SL Benfica
1412267,80,André Almeida,Rodrigo,SL Benfica
1412270,64,Milan Lalkovič,João Ribeiro,Vitória Guimarães
1412270,64,Tiago Rodrigues,Leonel Olímpio,Vitória Guimarães
1412270,82,Amido Baldé,André André,Vitória Guimarães
1412270,65,Rúben Micael,Márcio Mossoró,Sporting Braga
1412270,87,Michel,Éder,Sporting Braga
1412270,89,Djamal Mahamat,Hugo Viana,Sporting Braga
1412266,60,Jeffrén,Capel,Sporting CP
1412266,60,André Martins,Xandão,Sporting CP
1412266,74,Betinho,André Carrillo,Sporting CP
1412266,63,Elizeu,Licá,GD Estoril
1412266,79,Evandro,Carlos Eduardo,GD Estoril
1412266,80,Bruno Miguel,Gerso,GD Estoril
1412265,68,Ukra,Wíres,Rio Ave FC
1412265,86,André Vilas Boas,Filipe Augusto,Rio Ave FC
1412265,64,Fernando,Lucho González,FC Porto
1412265,67,Varela,Christian Atsu,FC Porto
1412265,83,Kléber,Steven Defour,FC Porto
1412264,56,Pedro Pereira,Rafael Silva,Gil Vicente
1412264,72,César Peixoto,André Cunha,Gil Vicente
1412264,90,Sandro,Brito,Gil Vicente
1412264,65,André Luiz,Wágner,Moreirense FC
1412264,82,Renato Augusto,André Luiz,Moreirense FC
1412264,83,Rafa,Augusto,Moreirense FC
1412268,60,Hélder Lopes,Rúben Ribeiro,SC Beira-Mar
1412268,76,Felipe Desco,Abel Camará,SC Beira-Mar
1412268,80,Cédric Collet,Vincent Sasso,SC Beira-Mar
1412268,46,Pedro Santos,Bruno Amaro,Vitória Setúbal
1412268,46,Jorginho Sousa,Nélson Pedroso,Vitória Setúbal
1412268,68,Bruno Gallo,Miguel Pedro,Vitória Setúbal
1412269,61,Tiago Targino,Rui Sampaio,SC Olhanense
1412269,73,Evandro Brandão,Djaniny,SC Olhanense
1412269,86,Jean-Paul Yontcha,Ivanildo,SC Olhanense
1412269,44,João Aurélio,Kim,CD Nacional
1412269,49,Candeias,Edgar Costa,CD Nacional
1412269,59,Eliandro,Isael,CD Nacional
1412263,46,Adilson,David Simão,Maritimo Funchal
1412263,46,Héldon,Danilo Dias,Maritimo Funchal
1412263,72,Gonçalo Abreu,Briguel,Maritimo Funchal
1412263,66,Afonso,Marinho,Académica Coimbra
1412263,74,Edinho,Salim Cissé,Académica Coimbra
1412263,79,Abou Keita,John Ogu,Académica Coimbra
1412273,76,Carlos Martins,Rodrigo,SL Benfica
1412273,79,Nolito,Nicolás Gaitán,SL Benfica
1412273,80,Bruno César,Eduardo Salvio,SL Benfica
1412273,63,Felipe Desco,Rúben Ribeiro,SC Beira-Mar
1412273,74,Tiago Cintra,Abel Camará,SC Beira-Mar
1412273,81,Ricardo Dias,David Fleurival,SC Beira-Mar
1412271,59,Bruno Gallo,Bruno Amaro,Vitória Setúbal
1412271,65,Zé Pedro,Pedro Santos,Vitória Setúbal
1412271,75,Zé Pedro,Ney,Vitória Setúbal
1412271,59,Caetano,Paolo Hurtado,Paços de Ferreira
1412271,86,Luíz Carlos,Vítor Silva,Paços de Ferreira
1412272,46,Diego Barcellos,Isael,CD Nacional
1412272,58,Ladji Keita,Manuel Da Costa,CD Nacional
1412272,69,Eliandro,Mário Rondon,CD Nacional
1412272,60,César Peixoto,Rafael Silva,Gil Vicente
1412272,73,Pedro Pereira,Brito,Gil Vicente
1412272,85,Éder Sciola,Pio,Gil Vicente
1412277,61,Márcio Mossoró,Leandro Salino,Sporting Braga
1412277,71,Michel,Hugo Viana,Sporting Braga
1412277,86,Ismaily,Hélder Barbosa,Sporting Braga
1412277,61,Tiago Targino,Liban Abdi,SC Olhanense
1412277,68,Nuno Piloto,Ivanildo,SC Olhanense
1412277,82,Vasco Fernandes,Babanco,SC Olhanense
1412274,38,João Paulo,Jefferson,GD Estoril
1412274,46,Tony Taylor,Hugo Leal,GD Estoril
1412274,70,Evandro,Diogo Amado,GD Estoril
1412274,57,Ukra,Yonathan Del Valle,Rio Ave FC
1412274,66,Vítor Gomes,Filipe Augusto,Rio Ave FC
1412274,87,André Vilas Boas,Wíres,Rio Ave FC
1412276,68,John Ogu,Cleyton,Académica Coimbra
1412276,77,Serge NGal,Afonso,Académica Coimbra
1412276,80,Júnior Lopes,Reiner Ferreira,Académica Coimbra
1412276,57,André André,João Gonçalves,Vitória Guimarães
1412276,67,Amido Baldé,Marcelo Toscano,Vitória Guimarães
1412276,90,Siaka Bamba,El Arbi Soudani,Vitória Guimarães
1412275,18,Eliaquim Mangala,Maicon,FC Porto
1412275,65,Christian Atsu,Varela,FC Porto
1412275,75,Steven Defour,Lucho González,FC Porto
1412275,59,Adrien Silva,Marat Izmailov,Sporting CP
1412275,75,Jeffrén,André Carrillo,Sporting CP
1412275,84,Valentín Viola,Elías,Sporting CP
1412278,64,André Luiz,Pintassilgo,Moreirense FC
1412278,70,Ricardo Andrade,Fábio Espinho,Moreirense FC
1412278,79,Rafa,Ricardo Pessoa,Moreirense FC
1412278,64,Rodrigo Antônio,David Simão,Maritimo Funchal
1412278,73,Adilson,Fidélis,Maritimo Funchal
1412278,79,Luís Olim,João Luiz,Maritimo Funchal
1412285,70,Marco Matias,Ricardo Pereira,Vitória Guimarães
1412285,70,André André,Leonel Olímpio,Vitória Guimarães
1412285,85,Amido Baldé,Marcelo Toscano,Vitória Guimarães
1412285,60,Ricardo Silva,Bruno Amaro,Vitória Setúbal
1412285,83,Jorginho Sousa,Nélson Pedroso,Vitória Setúbal
1412285,90,Zé Pedro,Paulo Tavares,Vitória Setúbal
1412283,58,Tiago Cintra,Jaime,SC Beira-Mar
1412283,71,Sérginho,Cédric Collet,SC Beira-Mar
1412283,80,Batatinha,Abel Camará,SC Beira-Mar
1412283,46,Paolo Hurtado,Caetano,Paços de Ferreira
1412283,66,Arturo Álvarez,Manuel José,Paços de Ferreira
1412283,89,Filipe Anunciação,Vítor Silva,Paços de Ferreira
1412284,65,David Silva,Vasco Fernandes,SC Olhanense
1412284,65,Djaniny,Jean-Paul Yontcha,SC Olhanense
1412284,74,Evandro Brandão,Jander,SC Olhanense
1412284,60,Diego Gaucho,Anilton,Moreirense FC
1412284,67,Wágner,Ricardo Fernandes,Moreirense FC
1412284,70,Júlio César,Renato Augusto,Moreirense FC
1412286,46,Kalidou Coulibaly,Rafael Silva,Gil Vicente
1412286,69,Pedro Pereira,Brito,Gil Vicente
1412286,74,Djalma,Luis Manuel,Gil Vicente
1412286,65,Bruno César,Nemanja Matić,SL Benfica
1412286,75,Rodrigo,Lima,SL Benfica
1412286,82,André Almeida,Óscar Cardozo,SL Benfica
1412280,65,Tope Obadeyi,Filipe Augusto,Rio Ave FC
1412280,79,Vítor Gomes,Braga,Rio Ave FC
1412280,81,André Dias,Edimar,Rio Ave FC
1412280,65,Candeias,Mateus,CD Nacional
1412280,65,Isael,Diego Barcellos,CD Nacional
1412280,72,Rene Mihelič,Mário Rondon,CD Nacional
1412281,59,Rúben,Márcio Rosário,Maritimo Funchal
1412281,59,Danilo Dias,Semedo,Maritimo Funchal
1412281,76,Adilson,Héldon,Maritimo Funchal
1412281,63,Alan,Rúben Amorim,Sporting Braga
1412281,77,Baiano,Rúben Micael,Sporting Braga
1412282,61,Carlos Eduardo,Evandro,GD Estoril
1412282,63,Luís Leal,Gerso,GD Estoril
1412282,77,João Paulo,Diogo Amado,GD Estoril
1412282,71,Christian Atsu,Varela,FC Porto
1412282,86,Rolando,James Rodríguez,FC Porto
1412282,90,Steven Defour,Lucho González,FC Porto
1412279,46,Gelson Fernandes,Santiago Arias,Sporting CP
1412279,58,Marat Izmailov,Adrien Silva,Sporting CP
1412279,70,Betinho,Khalid Boulahrouz,Sporting CP
1412279,65,Wilson Eduardo,Afonso,Académica Coimbra
1412279,84,Edinho,Salim Cissé,Académica Coimbra
1412279,90,John Ogu,Cleyton,Académica Coimbra
1412291,28,Steven Defour,Fernando,FC Porto
1412291,32,Abdoulaye Ba,Maicon,FC Porto
1412291,73,Fabiano,Helton,FC Porto
1412291,46,Olberdam,Semedo,Maritimo Funchal
1412291,46,Fidélis,Sami,Maritimo Funchal
1412291,69,David Simão,João Luiz,Maritimo Funchal
1412293,54,Rúben Micael,Márcio Mossoró,Sporting Braga
1412293,54,Rúben Amorim,Hélder Barbosa,Sporting Braga
1412293,86,Éder,Zé Luís,Sporting Braga
1412293,40,Kalidou Coulibaly,Paulo Arantes,Gil Vicente
1412293,73,Djalma,Luís Carlos,Gil Vicente
1412293,79,Pedro Pereira,Luis Manuel,Gil Vicente
1412290,46,André Gomes,Carlos Martins,SL Benfica
1412290,69,Nicolás Gaitán,Eduardo Salvio,SL Benfica
1412290,74,Bruno César,Ola John,SL Benfica
1412290,58,Marco Matias,André André,Vitória Guimarães
1412290,78,Milan Lalkovič,Ricardo Pereira,Vitória Guimarães
1412290,84,Amido Baldé,João Ribeiro,Vitória Guimarães
1412288,60,Arturo Álvarez,Manuel José,Paços de Ferreira
1412288,76,Josué,Luíz Carlos,Paços de Ferreira
1412288,81,Caetano,Paolo Hurtado,Paços de Ferreira
1412288,46,Ivanildo,Tiago Targino,SC Olhanense
1412288,62,Jean-Paul Yontcha,Djaniny,SC Olhanense
1412288,84,David Silva,Ivanildo,SC Olhanense
1412289,46,Candeias,Diego Barcellos,CD Nacional
1412289,48,Ladji Keita,Mateus,CD Nacional
1412289,60,Edgar Costa,Isael,CD Nacional
1412289,62,Cédric Collet,Hélder Lopes,SC Beira-Mar
1412289,71,Ricardo Dias,Rúben Ribeiro,SC Beira-Mar
1412289,83,Pedro Moreira,Balboa,SC Beira-Mar
1412294,61,Wágner,Renato Augusto,Moreirense FC
1412294,72,Rafa,Vinicius,Moreirense FC
1412294,74,Yonathan Del Valle,Braga,Rio Ave FC
1412294,87,André Vilas Boas,João Tomás,Rio Ave FC
1412294,90,Vítor Gomes,Ukra,Rio Ave FC
1412292,46,Bruno China,Rodrigo Galo,Académica Coimbra
1412292,68,Edinho,Salim Cissé,Académica Coimbra
1412292,68,Wilson Eduardo,Makelele,Académica Coimbra
1412292,70,Luís Leal,Gerso,GD Estoril
1412292,75,Carlos Eduardo,Evandro,GD Estoril
1412292,86,Hugo Leal,Carlitos,GD Estoril
1412287,74,Zé Pedro,Cristiano,Vitória Setúbal
1412287,79,Amoreirinha,Pedro Santos,Vitória Setúbal
1412287,90,Jorginho Sousa,Albert Meyong,Vitória Setúbal
1412287,77,Elías,Zakaria Labyad,Sporting CP
1412287,77,Valentín Viola,Fabián Rinaudo,Sporting CP
1412287,86,Betinho,Marat Izmailov,Sporting CP
1412302,65,Djalma,André Cunha,Gil Vicente
1412302,79,Ramazotti,Luis Manuel,Gil Vicente
1412302,84,Pedro Pereira,Luís Carlos,Gil Vicente
1412302,72,Caetano,Manuel José,Paços de Ferreira
1412302,87,Josué,Vítor Silva,Paços de Ferreira
1412302,90,Javier Cohene,Paolo Hurtado,Paços de Ferreira
1412301,46,Marco Matias,El Arbi Soudani,Vitória Guimarães
1412301,69,Amido Baldé,Ricardo Pereira,Vitória Guimarães
1412301,69,André André,Siaka Bamba,Vitória Guimarães
1412301,46,Mateus,Claudemir,CD Nacional
1412301,77,Jota,Diego Barcellos,CD Nacional
1412301,90,Miguel Rodrigues,Ladji Keita,CD Nacional
1412298,35,Luís Leal,João Paulo,GD Estoril
1412298,71,Gerso,Carlitos,GD Estoril
1412298,77,Carlos Eduardo,Evandro,GD Estoril
1412298,67,Pablo Olivera,Ricardo Pessoa,Moreirense FC
1412298,72,Júlio César,Vinicius,Moreirense FC
1412298,78,Rafa,Wágner,Moreirense FC
1412300,62,Tiago Targino,David Silva,SC Olhanense
1412300,73,Jander,Rui Duarte,SC Olhanense
1412300,79,Jean-Paul Yontcha,Djaniny,SC Olhanense
1412300,46,Felipe Desco,Hélder Lopes,SC Beira-Mar
1412300,61,Abel Camará,Rúben Ribeiro,SC Beira-Mar
1412300,78,Ricardo Dias,Nuno Lopes,SC Beira-Mar
1412299,63,Christian Atsu,Varela,FC Porto
1412299,85,Castro,João Moutinho,FC Porto
1412299,90,Kelvin,James Rodríguez,FC Porto
1412299,63,John Ogu,Cleyton,Académica Coimbra
1412299,74,Reiner Ferreira,Marinho,Académica Coimbra
1412299,74,Afonso,Nivaldo,Académica Coimbra
1412297,15,Vítor Gomes,Lionn,Rio Ave FC
1412297,80,Tope Obadeyi,Braga,Rio Ave FC
1412297,88,Esmaël Gonçalves,Ukra,Rio Ave FC
1412297,31,Bruno César,Enzo Pérez,SL Benfica
1412297,64,Nicolás Gaitán,Eduardo Salvio,SL Benfica
1412297,83,Miguel Vítor,Lima,SL Benfica
1412296,62,Gelson Fernandes,Danijel Pranjić,Sporting CP
1412296,78,Zakaria Labyad,André Carrillo,Sporting CP
1412296,90,Valentín Viola,Capel,Sporting CP
1412296,57,Hélder Barbosa,Leandro Salino,Sporting Braga
1412296,73,Márcio Mossoró,Djamal Mahamat,Sporting Braga
1412296,87,Zé Luís,Elderson Echiéjilé,Sporting Braga
1412295,38,Sami,Héldon,Maritimo Funchal
1412295,75,Fidélis,Ibrahim Obayomi,Maritimo Funchal
1412295,79,Olberdam,David Simão,Maritimo Funchal
1412295,65,Bruno Gallo,Bruno Amaro,Vitória Setúbal
1412295,72,Zé Pedro,Pedro Santos,Vitória Setúbal
1412295,83,Jorginho Sousa,Paulo Tavares,Vitória Setúbal
1412307,67,Sérginho,David Fleurival,SC Beira-Mar
1412307,76,Abel Camará,Batatinha,SC Beira-Mar
1412307,87,Bura,Ricardo Dias,SC Beira-Mar
1412307,55,Issam El Adoua,Siaka Bamba,Vitória Guimarães
1412307,56,Ricardo Pereira,Marcelo Toscano,Vitória Guimarães
1412307,67,Jean Pierre Barrientos,André André,Vitória Guimarães
1412305,67,Lima,Rodrigo,SL Benfica
1412305,68,Enzo Pérez,Carlos Martins,SL Benfica
1412305,85,André Almeida,Maxi Pereira,SL Benfica
1412305,61,Evandro Brandão,David Silva,SC Olhanense
1412305,80,José Fernandez,Liban Abdi,SC Olhanense
1412303,40,Pedro Santos,Bruno Amaro,Vitória Setúbal
1412303,51,Bruninho,Nélson Pedroso,Vitória Setúbal
1412303,75,Zé Pedro,Jorginho Sousa,Vitória Setúbal
1412303,53,André Vilas Boas,Yonathan Del Valle,Rio Ave FC
1412303,66,Tope Obadeyi,Braga,Rio Ave FC
1412303,76,Vítor Gomes,Tarantini,Rio Ave FC
1412304,46,Mateus,Claudemir,CD Nacional
1412304,57,Candeias,Ladji Keita,CD Nacional
1412304,75,Rene Mihelič,Diego Barcellos,CD Nacional
1412304,70,Gerso,Carlitos,GD Estoril
1412304,70,Carlos Eduardo,Diogo Amado,GD Estoril
1412304,82,Tony Taylor,Ânderson Luís,GD Estoril
1412308,77,Edinho,Cleyton,Académica Coimbra
1412308,83,Carlos Saleiro,Wilson Eduardo,Académica Coimbra
1412308,57,Kalidou Coulibaly,João Pedro,Gil Vicente
1412308,83,Paulo Arantes,Éder Sciola,Gil Vicente
1412308,90,Bruno Pinheiro,Pedro Pereira,Gil Vicente
1412309,66,Rúben Amorim,Hugo Viana,Sporting Braga
1412309,86,Djamal Mahamat,Rúben Micael,Sporting Braga
1412309,90,Carlão,Custódio,Sporting Braga
1412309,69,Christian Atsu,Varela,FC Porto
1412309,81,Steven Defour,João Moutinho,FC Porto
1412309,88,Kléber,Lucho González,FC Porto
1412310,51,Júlio César,Vinicius,Moreirense FC
1412310,67,Wágner,Nabil Ghilas,Moreirense FC
1412310,82,Rafa,Pablo Olivera,Moreirense FC
1412310,45,Fabián Rinaudo,Stijn Schaars,Sporting CP
1412310,65,Valentín Viola,Danijel Pranjić,Sporting CP
1412310,90,Zakaria Labyad,André Carrillo,Sporting CP
1412306,37,Filipe Anunciação,André Leão,Paços de Ferreira
1412306,57,Caetano,Manuel José,Paços de Ferreira
1412306,76,Vinicio Angulo,Tiago Valente,Paços de Ferreira
1412306,16,Rodrigo Antônio,João Luiz,Maritimo Funchal
1412306,79,Adilson,Fidélis,Maritimo Funchal
1412306,83,João Guilherme,David Simão,Maritimo Funchal
1412315,73,Gerso,Carlitos,GD Estoril
1412315,77,Carlos Eduardo,Evandro,GD Estoril
1412315,79,Hugo Leal,Diogo Amado,GD Estoril
1412315,54,Jorginho Sousa,Bruno Gallo,Vitória Setúbal
1412315,68,Bruninho,Nélson Pedroso,Vitória Setúbal
1412315,80,Zé Pedro,Cristiano,Vitória Setúbal
1412316,46,Kelvin,Lucho González,FC Porto
1412316,57,Kléber,Varela,FC Porto
1412316,89,Christian Atsu,James Rodríguez,FC Porto
1412316,73,Wágner,Pablo Olivera,Moreirense FC
1412316,78,Castro,Pintassilgo,Moreirense FC
1412316,83,Renato Augusto,Júlio César,Moreirense FC
1412311,46,André Cunha,Halisson,Gil Vicente
1412311,82,Rafael Silva,Pedro Pereira,Gil Vicente
1412311,88,Ramazotti,João Pedro,Gil Vicente
1412311,67,Felipe Desco,Sérginho,SC Beira-Mar
1412311,79,André Sousa,Batatinha,SC Beira-Mar
1412311,90,Bura,Joãozinho,SC Beira-Mar
1412312,73,Tope Obadeyi,Braga,Rio Ave FC
1412312,85,Wíres,Filipe Augusto,Rio Ave FC
1412312,90,Ahmed Hassan,Yonathan Del Valle,Rio Ave FC
1412312,46,Diogo,Tony,Paços de Ferreira
1412312,69,Filipe Anunciação,Manuel José,Paços de Ferreira
1412312,87,Vinicio Angulo,Paolo Hurtado,Paços de Ferreira
1412313,71,Luís Olim,Rodrigo Antônio,Maritimo Funchal
1412313,73,Héldon,Sami,Maritimo Funchal
1412313,82,Briguel,David Simão,Maritimo Funchal
1412313,57,Bruno Moreira,Revson,CD Nacional
1412313,59,Isael,Diego Barcellos,CD Nacional
1412313,69,Candeias,Claudemir,CD Nacional
1412318,66,Jean Pierre Barrientos,Marcelo Toscano,Vitória Guimarães
1412318,84,Milan Lalkovič,Marco Matias,Vitória Guimarães
1412318,46,Tiago Targino,Evandro Brandão,SC Olhanense
1412318,65,Ivanildo,Rui Duarte,SC Olhanense
1412317,33,Makelele,John Ogu,Académica Coimbra
1412317,39,Afonso,Marinho,Académica Coimbra
1412317,65,Salim Cissé,João Dias,Académica Coimbra
1412317,71,Hélder Barbosa,Hugo Viana,Sporting Braga
1412317,75,Carlão,Éder,Sporting Braga
1412317,82,Paulo César,Alan,Sporting Braga
1412314,70,Valentín Viola,André Carrillo,Sporting CP
1412314,83,Xandão,Elías,Sporting CP
1412314,87,Marat Izmailov,Capel,Sporting CP
1412314,84,Nicolás Gaitán,Ola John,SL Benfica
1412314,87,André Almeida,Eduardo Salvio,SL Benfica
1412314,90,Rodrigo,Óscar Cardozo,SL Benfica
1412323,65,Felipe Desco,Sérginho,SC Beira-Mar
1412323,80,André Sousa,Batatinha,SC Beira-Mar
1412323,85,Nuno Lopes,Pedro Moreira,SC Beira-Mar
1412323,46,Ahmed Hassan,Braga,Rio Ave FC
1412323,59,Diego Lopes,Lionn,Rio Ave FC
1412323,79,Tope Obadeyi,Yonathan Del Valle,Rio Ave FC
1412324,30,Tiago Targino,Ivanildo,SC Olhanense
1412324,58,Evandro Brandão,Djaniny,SC Olhanense
1412324,72,David Silva,Francesco DOnofrio,SC Olhanense
1412324,71,William Tiero,Pedro Pereira,Gil Vicente
1412324,80,Djalma,Pio,Gil Vicente
1412320,20,Miguel Rodrigues,Revson,CD Nacional
1412320,61,Diego Barcellos,Candeias,CD Nacional
1412320,69,Jota,Isael,CD Nacional
1412320,57,Valentín Viola,Zakaria Labyad,Sporting CP
1412320,77,Jeffrén,Danijel Pranjić,Sporting CP
1412321,46,Enzo Pérez,André Gomes,SL Benfica
1412321,82,Nicolás Gaitán,Ola John,SL Benfica
1412321,87,Rodrigo,Óscar Cardozo,SL Benfica
1412321,58,Luís Olim,David Simão,Maritimo Funchal
1412321,67,João Guilherme,Rodrigo Antônio,Maritimo Funchal
1412321,75,Héldon,Danilo Dias,Maritimo Funchal
1412326,56,Diego Gaucho,Anilton,Moreirense FC
1412326,70,Castro,Pintassilgo,Moreirense FC
1412326,79,Rafa,Wágner,Moreirense FC
1412326,46,Salim Cissé,Afonso,Académica Coimbra
1412326,61,Carlos Saleiro,Cleyton,Académica Coimbra
1412326,80,Marcos Paulo,Makelele,Académica Coimbra
1412325,69,Carlão,Éder,Sporting Braga
1412325,78,Hélder Barbosa,Alan,Sporting Braga
1412325,83,Baiano,Leandro Salino,Sporting Braga
1412325,63,João Paulo,Luís Leal,GD Estoril
1412325,63,Carlos Eduardo,Carlitos,GD Estoril
1412325,71,Gerso,Evandro,GD Estoril
1412322,71,Caetano,Paolo Hurtado,Paços de Ferreira
1412322,79,Filipe Anunciação,Josué,Paços de Ferreira
1412322,90,Javier Cohene,Vítor Silva,Paços de Ferreira
1412322,67,Jean Pierre Barrientos,Marcelo Toscano,Vitória Guimarães
1412322,74,João Ribeiro,Alex,Vitória Guimarães
1412322,74,Milan Lalkovič,Marco Matias,Vitória Guimarães
1412319,60,Cristiano,Pedro Santos,Vitória Setúbal
1412319,70,Bruno Gallo,Paulo Tavares,Vitória Setúbal
1412319,87,Bruninho,Albert Meyong,Vitória Setúbal
1412319,46,Maicon,Kelvin,FC Porto
1412319,69,Sebá,Varela,FC Porto
1412319,81,Castro,Steven Defour,FC Porto
1412327,59,Bebé,Tope Obadeyi,Rio Ave FC
1412327,66,Ahmed Hassan,Vítor Gomes,Rio Ave FC
1412327,83,Diego Lopes,Lionn,Rio Ave FC
1412327,55,Ivanildo,Fernando,SC Olhanense
1412327,59,Jean-Paul Yontcha,Evandro Brandão,SC Olhanense
1412327,79,Francesco DOnofrio,Liban Abdi,SC Olhanense
1412334,46,Brito,Pedro Pereira,Gil Vicente
1412334,52,Lúcio,Luís Carlos,Gil Vicente
1412334,88,Valdinho,Pio,Gil Vicente
1412334,52,Tiago Rodrigues,André André,Vitória Guimarães
1412334,79,João Ribeiro,Jean Pierre Barrientos,Vitória Guimarães
1412329,64,André Carrillo,Jeffrén,Sporting CP
1412329,71,Valentín Viola,Adrien Silva,Sporting CP
1412329,89,Ricardo Esgaio,Cédric Soares,Sporting CP
1412329,62,Cícero,Vinicio Angulo,Paços de Ferreira
1412329,72,Vítor Silva,Manuel José,Paços de Ferreira
1412329,90,Caetano,Josué,Paços de Ferreira
1412332,61,Afonso,Salim Cissé,Académica Coimbra
1412332,80,Abou Keita,Makelele,Académica Coimbra
1412332,87,Carlos Saleiro,Edinho,Académica Coimbra
1412332,39,Pedro Santos,Bruno Amaro,Vitória Setúbal
1412332,60,Bruninho,Nélson Pedroso,Vitória Setúbal
1412332,74,Bruno Gallo,Pedro Santos,Vitória Setúbal
1412331,46,Steven Defour,James Rodríguez,FC Porto
1412331,72,Kelvin,Varela,FC Porto
1412331,90,Castro,Lucho González,FC Porto
1412331,46,Ladji Keita,Rene Mihelič,CD Nacional
1412331,56,Claudemir,Revson,CD Nacional
1412331,66,Isael,Diego Barcellos,CD Nacional
1412328,34,Semedo,Rodrigo Antônio,Maritimo Funchal
1412328,54,Ytalo,Rafael Miranda,Maritimo Funchal
1412328,79,Artur,Sami,Maritimo Funchal
1412328,71,Batatinha,Sérginho,SC Beira-Mar
1412328,76,Abel Camará,Balboa,SC Beira-Mar
1412328,90,Hélder Lopes,Rúben Ribeiro,SC Beira-Mar
1412333,75,Paulo César,Alan,Sporting Braga
1412333,87,Elderson Echiéjilé,Márcio Mossoró,Sporting Braga
1412333,90,Carlão,Éder,Sporting Braga
1412333,75,Rafa,Fábio Espinho,Moreirense FC
1412333,78,Pintassilgo,Júlio César,Moreirense FC
1412330,58,Carlos Eduardo,João Coimbra,GD Estoril
1412330,81,Gerso,Luís Leal,GD Estoril
1412330,85,Pedro Henrique,Evandro,GD Estoril
1412330,46,Lima,Rodrigo,SL Benfica
1412330,68,Ola John,Nicolás Gaitán,SL Benfica
1412330,74,Pablo Aimar,Óscar Cardozo,SL Benfica
1412341,63,Rafael Crivellaro,Jean Pierre Barrientos,Vitória Guimarães
1412341,71,João Ribeiro,Tiago Rodrigues,Vitória Guimarães
1412341,77,Índio,Freire,Vitória Guimarães
1412341,23,Ytalo,Fidélis,Maritimo Funchal
1412341,75,Igor Rossi,David Simão,Maritimo Funchal
1412341,83,Briguel,Danilo Dias,Maritimo Funchal
1412336,46,Diego Barcellos,Isael,CD Nacional
1412336,46,Jota,Moreno,CD Nacional
1412336,87,Candeias,Diego Barcellos,CD Nacional
1412336,70,Ismaily,Leandro Salino,Sporting Braga
1412336,71,Rúben Micael,Hélder Barbosa,Sporting Braga
1412336,80,Carlão,Baiano,Sporting Braga
1412335,62,Bruninho,Pedro Queirós,Vitória Setúbal
1412335,76,Kiko,Cristiano,Vitória Setúbal
1412335,82,Frederico Venâncio,Jorge Luiz,Vitória Setúbal
1412335,27,Rafa,Fábio Espinho,Moreirense FC
1412335,56,Pintassilgo,Nabil Ghilas,Moreirense FC
1412335,74,Júlio César,Vinicius,Moreirense FC
1412338,72,Caetano,Paolo Hurtado,Paços de Ferreira
1412338,83,Manuel José,Josué,Paços de Ferreira
1412338,90,Filipe Anunciação,Vítor Silva,Paços de Ferreira
1412338,62,Carlos Saleiro,Marcos Paulo,Académica Coimbra
1412338,68,Marinho,Wilson Eduardo,Académica Coimbra
1412338,78,Cleyton,Salim Cissé,Académica Coimbra
1412342,61,Pio,Valdinho,Gil Vicente
1412342,68,William Tiero,Luis Manuel,Gil Vicente
1412342,81,Sandro,André Cunha,Gil Vicente
1412342,77,Diego Lopes,Yonathan Del Valle,Rio Ave FC
1412342,85,Ahmed Hassan,Bebé,Rio Ave FC
1412342,90,Braga,Filipe Augusto,Rio Ave FC
1412340,33,Evandro Brandão,Fernando,SC Olhanense
1412340,67,Djalmir,Liban Abdi,SC Olhanense
1412340,79,Pedro,Francesco DOnofrio,SC Olhanense
1412340,65,André Carrillo,Jeffrén,Sporting CP
1412340,74,Betinho,Zakaria Labyad,Sporting CP
1412340,85,Eric Dier,Miguel Lopes,Sporting CP
1412337,58,Carlos Martins,Enzo Pérez,SL Benfica
1412337,69,Pablo Aimar,Lima,SL Benfica
1412337,88,Ola John,Nicolás Gaitán,SL Benfica
1412337,76,Marat Izmailov,Steven Defour,FC Porto
1412337,88,Abdoulaye Ba,Varela,FC Porto
1412337,90,Castro,Lucho González,FC Porto
1412339,34,Saleh Al-Shehri,Batatinha,SC Beira-Mar
1412339,46,Hugo,Vincent Sasso,SC Beira-Mar
1412339,66,Abel Camará,Sérginho,SC Beira-Mar
1412339,69,Diogo Amado,João Coimbra,GD Estoril
1412339,76,Carlos Eduardo,Luís Leal,GD Estoril
1412339,80,Gerso,Carlitos,GD Estoril
1412345,58,André Carrillo,Jeffrén,Sporting CP
1412345,78,Betinho,Zakaria Labyad,Sporting CP
1412345,86,Xandão,Marcos Rojo,Sporting CP
1412345,46,Saleh Al-Shehri,Sérginho,SC Beira-Mar
1412345,64,Nuno Lopes,Saleh Al-Shehri,SC Beira-Mar
1412345,65,Batatinha,Pedro Moreira,SC Beira-Mar
1412347,59,Marat Izmailov,Varela,FC Porto
1412347,72,Kelvin,Steven Defour,FC Porto
1412347,82,Castro,Lucho González,FC Porto
1412347,61,Paolo Hurtado,Luíz Carlos,Paços de Ferreira
1412347,75,Arturo Álvarez,Caetano,Paços de Ferreira
1412347,86,Jaime Poulson,Cícero,Paços de Ferreira
1412344,80,Rodrigo Antônio,Sérgio Marakis,Maritimo Funchal
1412344,85,Luís Olim,Danilo Dias,Maritimo Funchal
1412344,90,Artur,Kukula,Maritimo Funchal
1412344,46,Evandro Brandão,Nuno Piloto,SC Olhanense
1412344,72,Djalmir,Rui Duarte,SC Olhanense
1412346,46,Tiago,João Coimbra,GD Estoril
1412346,66,Carlos Eduardo,Carlitos,GD Estoril
1412346,77,Diogo Amado,Evandro,GD Estoril
1412346,39,Brito,João Vilela,Gil Vicente
1412346,60,Luís Carlos,Vítor Vinha,Gil Vicente
1412346,87,Paulo Arantes,Sandro,Gil Vicente
1412349,70,Alan,Rúben Amorim,Sporting Braga
1412349,71,Rúben Micael,Márcio Mossoró,Sporting Braga
1412349,83,Emídio Rafael,Ismaily,Sporting Braga
1412349,51,Jorginho Sousa,Pedro Santos,Vitória Setúbal
1412349,63,Bruno Turco,Bruno Amaro,Vitória Setúbal
1412349,72,Bruno Gallo,Cristiano,Vitória Setúbal
1412343,62,Ahmed Hassan,Yonathan Del Valle,Rio Ave FC
1412343,63,Diego Lopes,Wíres,Rio Ave FC
1412343,76,Braga,Nivaldo,Rio Ave FC
1412343,76,Rafael Crivellaro,Marco Matias,Vitória Guimarães
1412343,81,Josué Sá,Alex,Vitória Guimarães
1412343,90,Gonçalo,Luís Rocha,Vitória Guimarães
1412348,25,Christo,Wilson Eduardo,Académica Coimbra
1412348,68,Edinho,Marinho,Académica Coimbra
1412348,86,Marcos Paulo,Carlos Saleiro,Académica Coimbra
1412348,45,Moreno,Manuel Da Costa,CD Nacional
1412348,45,Candeias,Bruno Moreira,CD Nacional
1412348,74,Ladji Keita,Diego Barcellos,CD Nacional
1412350,45,Ricardo Fernandes,Diego Gaucho,Moreirense FC
1412350,58,Rafa,Jorge Chula,Moreirense FC
1412350,76,Tales,Júlio César,Moreirense FC
1412350,63,Rodrigo,Óscar Cardozo,SL Benfica
1412350,67,Ola John,Nicolás Gaitán,SL Benfica
1412350,86,André Almeida,Lima,SL Benfica
1412355,46,Hélder Cabral,Rodrigo Galo,Académica Coimbra
1412355,74,Abou Keita,Cleyton,Académica Coimbra
1412355,85,Carlos Saleiro,Edinho,Académica Coimbra
1412355,39,Sérginho,Ricardo Dias,SC Beira-Mar
1412355,46,Abel Camará,David Fleurival,SC Beira-Mar
1412355,65,Nuno Lopes,Pedro Moreira,SC Beira-Mar
1412353,64,João Pedro,Rúben Amorim,Sporting Braga
1412353,87,Rúben Micael,Márcio Mossoró,Sporting Braga
1412353,67,André Almeida,Ola John,SL Benfica
1412353,83,Jonathan Urreta,Nicolás Gaitán,SL Benfica
1412353,90,Alan Kardec,Lima,SL Benfica
1412351,52,Artur,Sérgio Marakis,Maritimo Funchal
1412351,58,Hyun-jun Suk,Adilson,Maritimo Funchal
1412351,67,Kukula,Sami,Maritimo Funchal
1412351,72,Vítor Gomes,Diego Lopes,Rio Ave FC
1412351,77,Tope Obadeyi,Bebé,Rio Ave FC
1412351,87,Yonathan Del Valle,Ukra,Rio Ave FC
1412352,54,Cristiano,Nélson Pedroso,Vitória Setúbal
1412352,62,Bruninho,Bruno Amaro,Vitória Setúbal
1412352,70,Ariza Makukula,Miguel Pedro,Vitória Setúbal
1412352,46,Jota,Aly Ghazal,CD Nacional
1412352,56,Nuno Campos,Miguel Rodrigues,CD Nacional
1412352,82,Ladji Keita,Bruno Moreira,CD Nacional
1412354,46,Rafa,Anilton,Moreirense FC
1412354,62,Tijani Belaïd,Renato Augusto,Moreirense FC
1412354,76,Jorge Chula,Augusto,Moreirense FC
1412354,70,Caetano,Paolo Hurtado,Paços de Ferreira
1412354,74,Filipe Anunciação,André Leão,Paços de Ferreira
1412354,81,Manuel José,Josué,Paços de Ferreira
1412357,46,Pedro Mendes,Khalid Boulahrouz,Sporting CP
1412357,65,Valentín Viola,Zakaria Labyad,Sporting CP
1412357,75,Jeffrén,Adrien Silva,Sporting CP
1412357,72,Josué Sá,Jean Pierre Barrientos,Vitória Guimarães
1412357,76,Rafael Crivellaro,Marco Matias,Vitória Guimarães
1412357,90,Luís Rocha,Tiago Rodrigues,Vitória Guimarães
1412356,65,Gerso,Luís Leal,GD Estoril
1412356,66,Diogo Amado,João Coimbra,GD Estoril
1412356,71,Mano,Carlitos,GD Estoril
1412356,60,Djalmir,Nuno Reis,SC Olhanense
1412356,90,Francesco DOnofrio,Tiago Terroso,SC Olhanense
1412356,90,Pedro,Evandro Brandão,SC Olhanense
1412358,63,Marat Izmailov,Steven Defour,FC Porto
1412358,68,Castro,Fernando,FC Porto
1412358,80,Sebá,Varela,FC Porto
1412358,22,Valdinho,Vítor Vinha,Gil Vicente
1412358,46,Brito,Paulo Jorge,Gil Vicente
1412358,67,Sandro,Hugo Vieira,Gil Vicente
1412361,64,Filipe Augusto,Diego Lopes,Rio Ave FC
1412361,75,Braga,Bebé,Rio Ave FC
1412361,90,Yonathan Del Valle,Ukra,Rio Ave FC
1412361,75,André Martins,Jeffrén,Sporting CP
1412361,81,Eric Dier,Miguel Lopes,Sporting CP
1412361,81,Valentín Viola,Adrien Silva,Sporting CP
1412363,61,André André,Alex,Vitória Guimarães
1412363,61,Rafael Crivellaro,Jean Pierre Barrientos,Vitória Guimarães
1412363,81,Darwin Machís,Tiago Rodrigues,Vitória Guimarães
1412363,69,Sebá,Marat Izmailov,FC Porto
1412363,69,Castro,Lucho González,FC Porto
1412363,76,Liédson,João Moutinho,FC Porto
1412360,60,Brito,Kalidou Coulibaly,Gil Vicente
1412360,68,Luis Manuel,César Peixoto,Gil Vicente
1412360,83,William Tiero,Luís Carlos,Gil Vicente
1412360,38,Artur,Rodrigo Antônio,Maritimo Funchal
1412360,79,Sami,Kukula,Maritimo Funchal
1412360,79,Adilson,David Simão,Maritimo Funchal
1412364,59,Djalmir,Vasco Fernandes,SC Olhanense
1412364,74,Pedro,Tiago Targino,SC Olhanense
1412364,86,Francesco DOnofrio,Nuno Reis,SC Olhanense
1412364,46,Christo,Cleyton,Académica Coimbra
1412364,62,Abou Keita,Bruno China,Académica Coimbra
1412364,90,Salim Cissé,John Ogu,Académica Coimbra
1412366,46,Mateus,Bruno Moreira,CD Nacional
1412366,46,Revson,Manuel Da Costa,CD Nacional
1412366,55,Jota,João Aurélio,CD Nacional
1412366,55,Wágner,Pablo Olivera,Moreirense FC
1412366,76,Tales,Renato Augusto,Moreirense FC
1412365,67,Abel Camará,Ricardo Dias,SC Beira-Mar
1412365,82,Dani Abalo,Rúben Ribeiro,SC Beira-Mar
1412365,89,Hugo,Yazalde,SC Beira-Mar
1412365,59,João Pedro,Leandro Salino,Sporting Braga
1412365,87,Zé Luís,Márcio Mossoró,Sporting Braga
1412359,64,Nicolás Gaitán,Eduardo Salvio,SL Benfica
1412359,71,Pablo Aimar,Rodrigo,SL Benfica
1412359,84,Jonathan Urreta,Enzo Pérez,SL Benfica
1412359,29,Zé Pedro,Bruno Gallo,Vitória Setúbal
1412359,60,Pedro Santos,Zé Pedro,Vitória Setúbal
1412359,68,Nélson Pedroso,Bruno Turco,Vitória Setúbal
1412362,64,Manuel José,Caetano,Paços de Ferreira
1412362,90,Filipe Anunciação,Josué,Paços de Ferreira
1412362,71,Luís Leal,Carlos Eduardo,GD Estoril
1412362,82,Jefferson,Tiago,GD Estoril
1412362,85,Gerso,João Pedro,GD Estoril
1412373,61,Carlos Eduardo,Diogo Amado,GD Estoril
1412373,79,Tony Taylor,Carlitos,GD Estoril
1412373,85,Bruno Miguel,Luís Leal,GD Estoril
1412373,56,Issam El Adoua,Siaka Bamba,Vitória Guimarães
1412373,56,El Arbi Soudani,Jean Pierre Barrientos,Vitória Guimarães
1412373,72,Rafael Crivellaro,Marco Matias,Vitória Guimarães
1412367,38,Christo,John Ogu,Académica Coimbra
1412367,63,Wilson Eduardo,Marcos Paulo,Académica Coimbra
1412367,85,Rafik Halliche,João Dias,Académica Coimbra
1412367,67,Braga,Diego Lopes,Rio Ave FC
1412367,85,Tope Obadeyi,Bebé,Rio Ave FC
1412367,86,André Vilas Boas,Ukra,Rio Ave FC
1412368,46,André Carrillo,Bruma,Sporting CP
1412368,64,Diego Rubio,Adrien Silva,Sporting CP
1412368,78,João Mário,Zakaria Labyad,Sporting CP
1412368,60,Danilo Dias,Artur,Maritimo Funchal
1412368,84,Semedo,João Diogo,Maritimo Funchal
1412368,89,Kukula,Sami,Maritimo Funchal
1412371,74,Christian Kinkela,Wágner,Moreirense FC
1412371,74,Tales,Renato Augusto,Moreirense FC
1412371,84,Pablo Olivera,Pintassilgo,Moreirense FC
1412371,12,Hugo,Tonel,SC Beira-Mar
1412371,54,Tozé,David Fleurival,SC Beira-Mar
1412371,67,Sérginho,Nildo Petrolina,SC Beira-Mar
1412374,27,Miguel Pedro,Cristiano,Vitória Setúbal
1412374,68,Paulo Tavares,Zé Pedro,Vitória Setúbal
1412374,80,Ariza Makukula,Jorginho Sousa,Vitória Setúbal
1412374,57,William Tiero,Luis Manuel,Gil Vicente
1412374,61,Hugo Vieira,Brito,Gil Vicente
1412374,79,Éder Sciola,César Peixoto,Gil Vicente
1412369,40,Mateus,Jota,CD Nacional
1412369,61,Aly Ghazal,Miguel Rodrigues,CD Nacional
1412369,71,João Aurélio,Revson,CD Nacional
1412369,46,Nicolás Gaitán,Rodrigo,SL Benfica
1412369,61,Óscar Cardozo,Jonathan Urreta,SL Benfica
1412369,90,Alan Kardec,Maxi Pereira,SL Benfica
1412372,58,Sebá,Marat Izmailov,FC Porto
1412372,66,Tózé,Varela,FC Porto
1412372,76,Liédson,Fernando,FC Porto
1412372,58,David Silva,Evandro Brandão,SC Olhanense
1412372,65,Lucas Souza,Babanco,SC Olhanense
1412372,76,Nuno Piloto,Luís Filipe,SC Olhanense
1412370,76,Zé Luís,João Pedro,Sporting Braga
1412370,76,Hélder Barbosa,Vincent Sasso,Sporting Braga
1412370,75,Manuel José,Josué,Paços de Ferreira
1412370,86,Javier Cohene,Cícero,Paços de Ferreira
1412370,90,Caetano,Paolo Hurtado,Paços de Ferreira
1412379,37,Sérginho,Rui Sampaio,SC Beira-Mar
1412379,61,Abel Camará,Rúben Ribeiro,SC Beira-Mar
1412379,77,Bura,Nuno Lopes,SC Beira-Mar
1412379,65,Maicon,Christian Atsu,FC Porto
1412379,71,James Rodríguez,Lucho González,FC Porto
1412379,81,Castro,João Moutinho,FC Porto
1412377,67,Gabriel Rodríguez,Brito,Gil Vicente
1412377,80,Djalma,César Peixoto,Gil Vicente
1412377,86,Éder Sciola,Luís Carlos,Gil Vicente
1412377,59,Capel,Zakaria Labyad,Sporting CP
1412377,66,Ricardo Esgaio,Bruma,Sporting CP
1412377,75,André Martins,André Carrillo,Sporting CP
1412375,50,Djaniny,David Silva,SC Olhanense
1412375,63,Lucas Souza,Rui Duarte,SC Olhanense
1412375,76,Pepe,Liban Abdi,SC Olhanense
1412375,68,Bruninho,Miguel Pedro,Vitória Setúbal
1412375,75,Paulo Tavares,Zé Pedro,Vitória Setúbal
1412375,90,Ariza Makukula,Jorginho Sousa,Vitória Setúbal
1412376,69,Manuel José,Paolo Hurtado,Paços de Ferreira
1412376,85,Jaime Poulson,Josué,Paços de Ferreira
1412376,35,Jota,Moreno,CD Nacional
1412376,55,Revson,Mateus,CD Nacional
1412376,65,Mário Rondon,João Aurélio,CD Nacional
1412378,62,Kukula,Artur,Maritimo Funchal
1412378,69,Semedo,Héldon,Maritimo Funchal
1412378,83,Danilo Dias,David Simão,Maritimo Funchal
1412378,31,Carlos Eduardo,Diogo Amado,GD Estoril
1412378,65,Frédéric Mendy,Gonçalo Santos,GD Estoril
1412378,81,Tony Taylor,Carlitos,GD Estoril
1412382,57,Rafael Crivellaro,Jean Pierre Barrientos,Vitória Guimarães
1412382,82,Darwin Machís,Marco Matias,Vitória Guimarães
1412382,89,Amido Baldé,El Arbi Soudani,Vitória Guimarães
1412382,63,Pablo Olivera,Christian Kinkela,Moreirense FC
1412382,64,Tales,Renato Augusto,Moreirense FC
1412382,82,Rafa,Vinicius,Moreirense FC
1412380,60,Alan Kardec,Ola John,SL Benfica
1412380,67,Carlos Martins,André Almeida,SL Benfica
1412380,67,Nicolás Gaitán,Rodrigo,SL Benfica
1412380,72,John Ogu,Wilson Eduardo,Académica Coimbra
1412380,75,Makelele,Bruno China,Académica Coimbra
1412380,81,Edinho,Salim Cissé,Académica Coimbra
1412381,68,Filipe Augusto,Diego Lopes,Rio Ave FC
1412381,79,Braga,Bebé,Rio Ave FC
1412381,81,Hélder Barbosa,Alan,Sporting Braga
1412381,86,Zé Luís,Márcio Mossoró,Sporting Braga
1412385,63,Diogo Amado,Carlitos,GD Estoril
1412385,79,Gerso,Evandro,GD Estoril
1412385,85,João Coimbra,Carlos Eduardo,GD Estoril
1412385,59,André Carrillo,Capel,Sporting CP
1412385,60,Diego Rubio,Zakaria Labyad,Sporting CP
1412385,70,André Martins,Bruma,Sporting CP
1412387,62,Paulo Tavares,Pedro Santos,Vitória Setúbal
1412387,69,Bruninho,Miguel Pedro,Vitória Setúbal
1412387,89,Cristiano,Jorginho Sousa,Vitória Setúbal
1412387,46,Rúben Ribeiro,David Fleurival,SC Beira-Mar
1412387,69,Abel Camará,Hélder Lopes,SC Beira-Mar
1412387,78,Saleh Al-Shehri,Batatinha,SC Beira-Mar
1412389,70,Rúben Amorim,Márcio Mossoró,Sporting Braga
1412389,71,Hélder Barbosa,João Pedro,Sporting Braga
1412389,75,Zé Luís,Éder,Sporting Braga
1412389,56,Amido Baldé,Marco Matias,Vitória Guimarães
1412389,78,Josué Sá,Tiago Rodrigues,Vitória Guimarães
1412389,78,Rafael Crivellaro,Siaka Bamba,Vitória Guimarães
1412383,45,James Rodríguez,Marat Izmailov,FC Porto
1412383,67,Steven Defour,Lucho González,FC Porto
1412383,87,Castro,Varela,FC Porto
1412383,66,Tope Obadeyi,Braga,Rio Ave FC
1412383,81,Diego Lopes,Bebé,Rio Ave FC
1412388,55,Mateus,Bruno Moreira,CD Nacional
1412388,67,Jota,Candeias,CD Nacional
1412388,71,Moreno,Manuel Da Costa,CD Nacional
1412388,55,Djaniny,Tiago Targino,SC Olhanense
1412388,76,Pepe,Vasco Fernandes,SC Olhanense
1412388,86,Djalmir,Nuno Reis,SC Olhanense
1412390,46,Tijani Belaïd,Renato Augusto,Moreirense FC
1412390,46,Ricardo Ribeiro,Ricardo Andrade,Moreirense FC
1412390,67,Christian Kinkela,Wágner,Moreirense FC
1412390,63,Luís Martins,Paulo Jorge,Gil Vicente
1412390,77,Brito,Luís Carlos,Gil Vicente
1412390,90,Valdinho,Hugo Vieira,Gil Vicente
1412386,46,Carlos Martins,Enzo Pérez,SL Benfica
1412386,63,Nicolás Gaitán,Óscar Cardozo,SL Benfica
1412386,71,Pablo Aimar,Ola John,SL Benfica
1412386,68,Jaime Poulson,Cícero,Paços de Ferreira
1412386,79,Caetano,Vítor Silva,Paços de Ferreira
1412386,88,Manuel José,Paolo Hurtado,Paços de Ferreira
1412384,16,Edinho,Salim Cissé,Académica Coimbra
1412384,46,Christo,Cleyton,Académica Coimbra
1412384,78,John Ogu,Nivaldo,Académica Coimbra
1412384,70,Olberdam,Artur,Maritimo Funchal
1412384,83,Semedo,David Simão,Maritimo Funchal
1412384,90,Ytalo,Danilo Dias,Maritimo Funchal
1412391,67,Caetano,Paolo Hurtado,Paços de Ferreira
1412391,85,Manuel José,Josué,Paços de Ferreira
1412391,89,Filipe Anunciação,Luíz Carlos,Paços de Ferreira
1412391,46,Miguel Pedro,Cristiano,Vitória Setúbal
1412391,46,Ariza Makukula,Bruninho,Vitória Setúbal
1412391,64,Bruno Turco,Jorginho Sousa,Vitória Setúbal
1412395,60,Bruma,Zakaria Labyad,Sporting CP
1412395,74,André Carrillo,Adrien Silva,Sporting CP
1412395,80,Fabrice Fokobo,Capel,Sporting CP
1412395,56,James Rodríguez,Marat Izmailov,FC Porto
1412395,67,Christian Atsu,Varela,FC Porto
1412395,81,Liédson,Steven Defour,FC Porto
1412392,53,Luís Martins,Paulo Jorge,Gil Vicente
1412392,69,Valdinho,Vítor Vinha,Gil Vicente
1412392,86,Brito,Luís Carlos,Gil Vicente
1412392,46,João Aurélio,Revson,CD Nacional
1412392,58,Mateus,Candeias,CD Nacional
1412392,76,Miguel Rodrigues,Bruno Moreira,CD Nacional
1412394,46,Diego Lopes,Bebé,Rio Ave FC
1412394,73,Yonathan Del Valle,Braga,Rio Ave FC
1412394,84,Filipe Augusto,André Costa,Rio Ave FC
1412394,75,Diogo Amado,Carlos Eduardo,GD Estoril
1412394,79,Gerso,Licá,GD Estoril
1412394,86,Tony Taylor,Carlitos,GD Estoril
1412398,53,Hyun-jun Suk,Sami,Maritimo Funchal
1412398,62,Kukula,Artur,Maritimo Funchal
1412398,69,Olberdam,Danilo Dias,Maritimo Funchal
1412398,58,Tales,Jorge Chula,Moreirense FC
1412398,75,Wágner,Pintassilgo,Moreirense FC
1412398,81,Augusto,Christian Kinkela,Moreirense FC
1412393,78,Sérginho,Jaime,SC Beira-Mar
1412393,85,Tozé,Yazalde,SC Beira-Mar
1412393,89,Dani Abalo,Abel Camará,SC Beira-Mar
1412393,63,Nicolás Gaitán,Ola John,SL Benfica
1412393,73,Carlos Martins,Óscar Cardozo,SL Benfica
1412393,90,André Almeida,Eduardo Salvio,SL Benfica
1412396,62,Rafael Crivellaro,André André,Vitória Guimarães
1412396,78,Marco Matias,Amido Baldé,Vitória Guimarães
1412396,88,Jonathan Mejía,El Arbi Soudani,Vitória Guimarães
1412396,61,John Ogu,Abou Keita,Académica Coimbra
1412396,75,Christo,Hélder Cabral,Académica Coimbra
1412397,26,David Silva,Maurício,SC Olhanense
1412397,46,Ivanildo,Tiago Targino,SC Olhanense
1412397,65,Thalles,Vasco Fernandes,SC Olhanense
1412397,37,Mauro,Vincent Sasso,Sporting Braga
1412397,64,Alan,Márcio Mossoró,Sporting Braga
1412397,85,João Pedro,Hélder Barbosa,Sporting Braga
1412404,55,Castro,Lucho González,FC Porto
1412404,56,Varela,James Rodríguez,FC Porto
1412404,72,Marat Izmailov,Steven Defour,FC Porto
1412404,57,Luís Leal,Diogo Amado,GD Estoril
1412404,75,Gerso,Carlitos,GD Estoril
1412404,76,Tony Taylor,Gonçalo Santos,GD Estoril
1412406,67,Mauro,Paulo Vinícius,Sporting Braga
1412406,80,João Pedro,Márcio Mossoró,Sporting Braga
1412406,85,Zé Luís,Carlão,Sporting Braga
1412406,57,Olberdam,David Simão,Maritimo Funchal
1412406,67,Kukula,Artur,Maritimo Funchal
1412406,75,Danilo Dias,Sami,Maritimo Funchal
1412405,35,Bruno China,Abou Keita,Académica Coimbra
1412405,80,Carlos Saleiro,Marinho,Académica Coimbra
1412405,90,Afonso,John Ogu,Académica Coimbra
1412405,46,André Carrillo,Fabrice Fokobo,Sporting CP
1412405,46,Zakaria Labyad,Bruma,Sporting CP
1412405,65,André Martins,Adrien Silva,Sporting CP
1412399,16,Edgar Costa,Diego Barcellos,CD Nacional
1412399,57,Jota,Ladji Keita,CD Nacional
1412399,63,Aly Ghazal,Edgar Costa,CD Nacional
1412399,63,Diego Lopes,Wíres,Rio Ave FC
1412399,63,Yonathan Del Valle,Bebé,Rio Ave FC
1412399,89,Braga,Ukra,Rio Ave FC
1412402,57,Fábio Espinho,Christian Kinkela,Moreirense FC
1412402,57,Wágner,Jorge Chula,Moreirense FC
1412402,90,Diego Gaucho,Pintassilgo,Moreirense FC
1412402,57,David Silva,Tiago Targino,SC Olhanense
1412402,68,Pepe,Tiago Terroso,SC Olhanense
1412402,80,Thalles,Luís Filipe,SC Olhanense
1412403,61,Caetano,Luíz Carlos,Paços de Ferreira
1412403,75,Manuel José,Paolo Hurtado,Paços de Ferreira
1412403,78,Jaime Poulson,Josué,Paços de Ferreira
1412403,76,Balboa,Abel Camará,SC Beira-Mar
1412403,85,David Fleurival,Yazalde,SC Beira-Mar
1412400,69,Pablo Aimar,Ola John,SL Benfica
1412400,78,Nicolás Gaitán,Enzo Pérez,SL Benfica
1412400,85,Carlos Martins,Lima,SL Benfica
1412400,46,Murta,Adriano,Gil Vicente
1412400,61,Valdinho,Brito,Gil Vicente
1412400,73,Kalidou Coulibaly,Vítor Vinha,Gil Vicente
1412401,46,Ariza Makukula,Miguel Pedro,Vitória Setúbal
1412401,66,Bruninho,Nélson Pedroso,Vitória Setúbal
1412401,75,Cristiano,Miguel Lourenço,Vitória Setúbal
1412401,79,Preto,El Arbi Soudani,Vitória Guimarães
1412401,83,Rafael Crivellaro,André André,Vitória Guimarães
1412401,90,Mahamadou NDiaye,Ricardo Pereira,Vitória Guimarães
1412408,73,Valdinho,Luís Carlos,Gil Vicente
1412408,86,Gabriel Rodríguez,César Peixoto,Gil Vicente
1412408,86,Paulo Arantes,Sandro,Gil Vicente
1412408,71,João Pedro,Hélder Barbosa,Sporting Braga
1412408,78,Zé Luís,Carlão,Sporting Braga
1412411,46,Djalmir,Djaniny,SC Olhanense
1412411,46,Evandro Brandão,Jander,SC Olhanense
1412411,60,Ivanildo,Tiago Terroso,SC Olhanense
1412411,67,Caetano,Paolo Hurtado,Paços de Ferreira
1412411,85,Filipe Anunciação,Vítor Silva,Paços de Ferreira
1412411,90,Javier Cohene,Manuel José,Paços de Ferreira
1412414,69,Adrien Silva,Zakaria Labyad,Sporting CP
1412414,75,André Carrillo,Capel,Sporting CP
1412414,86,Jeffrén,Bruma,Sporting CP
1412414,50,Bruno Gallo,Nélson Pedroso,Vitória Setúbal
1412414,71,Cristiano,Ariza Makukula,Vitória Setúbal
1412414,75,Paulo Tavares,Zé Pedro,Vitória Setúbal
1412407,63,Bebé,Diego Lopes,Rio Ave FC
1412407,76,Yonathan Del Valle,Wíres,Rio Ave FC
1412407,86,Tope Obadeyi,Edimar,Rio Ave FC
1412407,66,Pablo Olivera,Christian Kinkela,Moreirense FC
1412407,76,Tales,Fábio Espinho,Moreirense FC
1412407,82,Renato Augusto,Wágner,Moreirense FC
1412409,76,Tony Taylor,Gerso,GD Estoril
1412409,81,João Coimbra,Carlos Eduardo,GD Estoril
1412409,89,Dieguinho,Licá,GD Estoril
1412409,46,Cleyton,John Ogu,Académica Coimbra
1412409,46,Salim Cissé,Marinho,Académica Coimbra
1412409,83,Afonso,Marcos Paulo,Académica Coimbra
1412413,62,Sérginho,Dani Abalo,SC Beira-Mar
1412413,89,Balboa,Abel Camará,SC Beira-Mar
1412413,89,Batatinha,Nildo Petrolina,SC Beira-Mar
1412413,46,Nuno Campos,Candeias,CD Nacional
1412413,46,João Aurélio,Aly Ghazal,CD Nacional
1412413,66,Bruno Moreira,Edgar Costa,CD Nacional
1412410,66,Semedo,David Simão,Maritimo Funchal
1412410,75,Danilo Dias,Artur,Maritimo Funchal
1412410,87,Kukula,Héldon,Maritimo Funchal
1412410,10,Varela,Christian Atsu,FC Porto
1412410,61,Castro,Steven Defour,FC Porto
1412410,72,Marat Izmailov,Varela,FC Porto
1412412,73,Marco Matias,André André,Vitória Guimarães
1412412,79,Ola John,Nicolás Gaitán,SL Benfica
1412412,86,Pablo Aimar,Óscar Cardozo,SL Benfica
1412412,88,Rodrigo,Lima,SL Benfica
1412415,71,Paolo Hurtado,Manuel José,Paços de Ferreira
1412415,77,Filipe Anunciação,Luíz Carlos,Paços de Ferreira
1412415,38,Kalidou Coulibaly,Vítor Vinha,Gil Vicente
1412415,61,Brito,Luis Manuel,Gil Vicente
1412415,77,André Cunha,Luís Carlos,Gil Vicente
1412417,46,Balboa,Abel Camará,SC Beira-Mar
1412417,63,Sérginho,Ricardo Dias,SC Beira-Mar
1412417,81,Saleh Al-Shehri,Nildo Petrolina,SC Beira-Mar
1412417,56,Tiago Targino,Babanco,SC Olhanense
1412417,67,Djaniny,Tiago Terroso,SC Olhanense
1412417,73,David Silva,Pepe,SC Olhanense
1412418,65,Christian Kinkela,Wágner,Moreirense FC
1412418,73,Renato Augusto,Fábio Espinho,Moreirense FC
1412418,89,Rafa,Nabil Ghilas,Moreirense FC
1412418,73,Tony Taylor,Carlitos,GD Estoril
1412418,73,Gerso,Gonçalo Santos,GD Estoril
1412420,46,Cristiano,Jorginho Sousa,Vitória Setúbal
1412420,62,Miguel Pedro,Ariza Makukula,Vitória Setúbal
1412420,78,Bruninho,Bruno Gallo,Vitória Setúbal
1412420,63,Danilo Dias,Héldon,Maritimo Funchal
1412420,76,Kukula,Hyun-jun Suk,Maritimo Funchal
1412420,80,Brígido,Artur,Maritimo Funchal
1412422,59,Cleyton,Bruno China,Académica Coimbra
1412422,67,Marinho,João Dias,Académica Coimbra
1412422,86,Salim Cissé,Wilson Eduardo,Académica Coimbra
1412422,74,Castro,Lucho González,FC Porto
1412422,75,Steven Defour,James Rodríguez,FC Porto
1412422,81,Maicon,Danilo,FC Porto
1412421,46,Ola John,Eduardo Salvio,SL Benfica
1412421,75,Óscar Cardozo,Nicolás Gaitán,SL Benfica
1412421,83,Pablo Aimar,Lima,SL Benfica
1412421,46,Braga,Nivaldo,Rio Ave FC
1412421,63,Diego Lopes,Alberto Rodríguez,Rio Ave FC
1412421,76,André Costa,Bebé,Rio Ave FC
1412416,51,Ladji Keita,Bruno Moreira,CD Nacional
1412416,63,Edgar Costa,Jota,CD Nacional
1412416,68,Nuno Campos,David Crespo,CD Nacional
1412416,61,Rafael Crivellaro,Tiago Rodrigues,Vitória Guimarães
1412416,78,João Ribeiro,El Arbi Soudani,Vitória Guimarães
1412419,46,João Pedro,Hélder Barbosa,Sporting Braga
1412419,78,Rúben Micael,Alan,Sporting Braga
1412419,88,Zé Luís,Palmeira,Sporting Braga
1412419,46,Bruma,Zakaria Labyad,Sporting CP
1412419,71,Adrien Silva,André Martins,Sporting CP
1412419,76,Jeffrén,Capel,Sporting CP
1412426,61,Semedo,David Simão,Maritimo Funchal
1412426,79,Kukula,Artur,Maritimo Funchal
1412426,90,Fidélis,Sami,Maritimo Funchal
1412426,74,Paolo Hurtado,Manuel José,Paços de Ferreira
1412426,90,Caetano,Josué,Paços de Ferreira
1412423,56,Zakaria Labyad,Miguel Lopes,Sporting CP
1412423,78,Valentín Viola,Cédric Soares,Sporting CP
1412423,85,Stijn Schaars,André Martins,Sporting CP
1412423,67,Pablo Olivera,Wágner,Moreirense FC
1412423,68,Paulinho,Ricardo Pessoa,Moreirense FC
1412423,90,Tijani Belaïd,Fábio Espinho,Moreirense FC
1412425,45,Luís Carlos,André Cunha,Gil Vicente
1412425,80,Éder Sciola,Brito,Gil Vicente
1412425,90,Cláudio,Sandro,Gil Vicente
1412425,69,Marinho,Wilson Eduardo,Académica Coimbra
1412425,72,Salim Cissé,João Dias,Académica Coimbra
1412425,77,Christo,Cleyton,Académica Coimbra
1412429,69,João Coimbra,Carlos Eduardo,GD Estoril
1412429,71,Gerso,Carlitos,GD Estoril
1412429,76,Tiago,Jefferson,GD Estoril
1412429,24,Jota,Aly Ghazal,CD Nacional
1412429,45,Candeias,Ladji Keita,CD Nacional
1412428,65,Yonathan Del Valle,Ukra,Rio Ave FC
1412428,71,Tarantini,Braga,Rio Ave FC
1412428,84,Diego Lopes,Bebé,Rio Ave FC
1412428,56,Ricardo Horta,Cristiano,Vitória Setúbal
1412428,65,Ariza Makukula,Miguel Pedro,Vitória Setúbal
1412428,80,Bruninho,Frederico Venâncio,Vitória Setúbal
1412430,78,Jean Pierre Barrientos,Tiago Rodrigues,Vitória Guimarães
1412430,81,Rafael Crivellaro,Amido Baldé,Vitória Guimarães
1412430,90,Jonathan Mejía,El Arbi Soudani,Vitória Guimarães
1412430,46,Nuno Lopes,Hugo,SC Beira-Mar
1412430,66,Balboa,Rui Sampaio,SC Beira-Mar
1412430,66,Yazalde,Rúben Ribeiro,SC Beira-Mar
1412427,54,David Silva,Babanco,SC Olhanense
1412427,55,Pepe,Tiago Terroso,SC Olhanense
1412427,76,Djaniny,Tiago Targino,SC Olhanense
1412427,67,Ola John,Rodrigo,SL Benfica
1412427,78,Óscar Cardozo,Lima,SL Benfica
1412427,85,Pablo Aimar,Nicolás Gaitán,SL Benfica
1412424,46,Abdoulaye Ba,Maicon,FC Porto
1412424,62,Christian Atsu,Steven Defour,FC Porto
1412424,76,Kelvin,Lucho González,FC Porto
1412424,68,Carlão,Márcio Mossoró,Sporting Braga
1412424,86,Rúben Micael,Hugo Viana,Sporting Braga
1412424,90,Hélder Barbosa,João Pedro,Sporting Braga
1412433,62,Rúben Amorim,Rúben Micael,Sporting Braga
1412433,79,João Pedro,Alan,Sporting Braga
1412433,87,Mauro,Márcio Mossoró,Sporting Braga
1412433,57,Cleyton,Abou Keita,Académica Coimbra
1412433,73,Afonso,Marinho,Académica Coimbra
1412433,81,Salim Cissé,Rafik Halliche,Académica Coimbra
1412438,63,Caetano,Manuel José,Paços de Ferreira
1412438,86,Filipe Anunciação,Vítor Silva,Paços de Ferreira
1412438,90,Okechukwu Irobiso,Cícero,Paços de Ferreira
1412438,77,Diego Lopes,Yonathan Del Valle,Rio Ave FC
1412438,83,Tope Obadeyi,Bebé,Rio Ave FC
1412434,60,Rafa,Wágner,Moreirense FC
1412434,65,Paulinho,Ricardo Pessoa,Moreirense FC
1412434,74,Diego Gaucho,Anilton,Moreirense FC
1412434,74,Castro,Lucho González,FC Porto
1412434,80,Liédson,Christian Atsu,FC Porto
1412434,87,Marat Izmailov,James Rodríguez,FC Porto
1412431,19,Rui Sampaio,David Fleurival,SC Beira-Mar
1412431,46,Yazalde,Rui Sampaio,SC Beira-Mar
1412431,68,Jaime,Balboa,SC Beira-Mar
1412431,64,Luís Carlos,William Tiero,Gil Vicente
1412431,69,Éder Sciola,Paulo Arantes,Gil Vicente
1412431,84,Gabriel Rodríguez,Brito,Gil Vicente
1412435,55,Paulo Tavares,Zé Pedro,Vitória Setúbal
1412435,59,Ricardo Horta,Miguel Pedro,Vitória Setúbal
1412435,77,Bruno Gallo,Jorginho Sousa,Vitória Setúbal
1412435,66,Gerso,Tiago,GD Estoril
1412435,78,João Coimbra,Carlitos,GD Estoril
1412435,78,Tony Taylor,Carlos Eduardo,GD Estoril
1412437,46,Diego Barcellos,Mário Rondon,CD Nacional
1412437,54,Bruno Moreira,João Aurélio,CD Nacional
1412437,69,Candeias,Mateus,CD Nacional
1412437,62,Danilo Dias,Héldon,Maritimo Funchal
1412437,72,Kukula,Artur,Maritimo Funchal
1412437,75,Olberdam,Semedo,Maritimo Funchal
1412436,69,Ola John,Óscar Cardozo,SL Benfica
1412436,80,André Gomes,Nicolás Gaitán,SL Benfica
1412436,90,Jardel,Luisão,SL Benfica
1412436,64,Stijn Schaars,Eric Dier,Sporting CP
1412436,65,Valentín Viola,Capel,Sporting CP
1412436,74,Khalid Boulahrouz,Miguel Lopes,Sporting CP
1412432,47,Djaniny,Tiago Terroso,SC Olhanense
1412432,62,Djalmir,Pepe,SC Olhanense
1412432,75,Evandro Brandão,Vasco Fernandes,SC Olhanense
1412432,61,Rafael Crivellaro,Marco Matias,Vitória Guimarães
1412432,75,Issam El Adoua,André André,Vitória Guimarães
1412432,89,Darwin Machís,El Arbi Soudani,Vitória Guimarães
1412440,83,Diogo Amado,Evandro,GD Estoril
1412440,88,Gerso,Luís Leal,GD Estoril
1412440,90,João Coimbra,Carlos Eduardo,GD Estoril
1412440,60,Alan,Rúben Micael,Sporting Braga
1412440,74,Hélder Barbosa,Rúben Amorim,Sporting Braga
1412440,80,Zé Luís,Márcio Mossoró,Sporting Braga
1412446,39,Varela,Christian Atsu,FC Porto
1412446,46,Abdoulaye Ba,Alex Sandro,FC Porto
1412446,80,Steven Defour,Lucho González,FC Porto
1412446,58,Jorginho Sousa,Miguel Pedro,Vitória Setúbal
1412446,70,Ricardo Horta,Zé Pedro,Vitória Setúbal
1412446,82,Ariza Makukula,Bruno Amaro,Vitória Setúbal
1412441,74,Luís Carlos,Paulo Jorge,Gil Vicente
1412441,87,Brito,Hugo Vieira,Gil Vicente
1412441,90,William Tiero,João Vilela,Gil Vicente
1412441,59,Tiago Targino,Rui Duarte,SC Olhanense
1412441,70,Evandro Brandão,Ivanildo,SC Olhanense
1412441,81,Nuno Piloto,Tiago Terroso,SC Olhanense
1412442,25,André Vilas Boas,Lionn,Rio Ave FC
1412442,47,Diego Lopes,Bebé,Rio Ave FC
1412442,80,Yonathan Del Valle,Wíres,Rio Ave FC
1412442,75,Abel Camará,Sérginho,SC Beira-Mar
1412442,88,Ricardo Dias,Nildo Petrolina,SC Beira-Mar
1412442,90,Batatinha,Balboa,SC Beira-Mar
1412443,63,Issam El Adoua,André André,Vitória Guimarães
1412443,81,Rafael Crivellaro,Marco Matias,Vitória Guimarães
1412443,89,Hernâni,Tiago Rodrigues,Vitória Guimarães
1412443,74,Caetano,Paolo Hurtado,Paços de Ferreira
1412443,81,Okechukwu Irobiso,Javier Cohene,Paços de Ferreira
1412443,86,Manuel José,Luíz Carlos,Paços de Ferreira
1412445,60,Stijn Schaars,Adrien Silva,Sporting CP
1412445,68,Zakaria Labyad,André Martins,Sporting CP
1412445,78,Valentín Viola,Miguel Lopes,Sporting CP
1412445,33,Nuno Campos,Diego Barcellos,CD Nacional
1412445,46,Miguel Rodrigues,Aly Ghazal,CD Nacional
1412445,69,Bruno Moreira,Jota,CD Nacional
1412439,46,Marcos Paulo,Cleyton,Académica Coimbra
1412439,65,Salim Cissé,Edinho,Académica Coimbra
1412439,77,Bruno China,Wilson Eduardo,Académica Coimbra
1412439,34,Wágner,Tijani Belaïd,Moreirense FC
1412439,76,Rafa,Paulinho,Moreirense FC
1412444,74,David Simão,Sérgio Marakis,Maritimo Funchal
1412444,79,Danilo Dias,Héldon,Maritimo Funchal
1412444,82,Fidélis,Artur,Maritimo Funchal
1412444,60,Óscar Cardozo,Ola John,SL Benfica
1412444,75,Carlos Martins,Rodrigo,SL Benfica
1412444,90,Roderick Miranda,Lima,SL Benfica
1412448,46,Pablo Olivera,Wágner,Moreirense FC
1412448,80,Renato Augusto,Pintassilgo,Moreirense FC
1412448,86,Rafa,Vinicius,Moreirense FC
1412448,83,Zé Luís,Carlão,Sporting Braga
1412448,85,Mauro,Márcio Mossoró,Sporting Braga
1412448,90,Paulo Vinícius,Leandro Salino,Sporting Braga
1412450,46,Ladji Keita,Mateus,CD Nacional
1412450,46,Claudemir,Moreno,CD Nacional
1412450,62,Diego Barcellos,Nuno Campos,CD Nacional
1412450,68,Castro,Fernando,FC Porto
1412450,77,Steven Defour,Varela,FC Porto
1412450,85,Marat Izmailov,Lucho González,FC Porto
1412449,66,Ricardo Horta,Miguel Pedro,Vitória Setúbal
1412449,76,Zé Pedro,Bruno Amaro,Vitória Setúbal
1412449,82,Ariza Makukula,Frederico Venâncio,Vitória Setúbal
1412449,46,John Ogu,Marcos Paulo,Académica Coimbra
1412449,68,Salim Cissé,Edinho,Académica Coimbra
1412449,85,João Real,Marinho,Académica Coimbra
1412453,75,Sérginho,Nildo Petrolina,SC Beira-Mar
1412453,82,Jaime,Dani Abalo,SC Beira-Mar
1412453,84,André Sousa,Hélder Lopes,SC Beira-Mar
1412453,55,João Diogo,David Simão,Maritimo Funchal
1412453,55,Danilo Dias,Luís Olim,Maritimo Funchal
1412453,65,Sérgio Marakis,Artur,Maritimo Funchal
1412454,62,Tiago Targino,David Silva,SC Olhanense
1412454,73,Djaniny,Evandro Brandão,SC Olhanense
1412454,78,Nuno Reis,Jander,SC Olhanense
1412454,60,Diego Lopes,Filipe Augusto,Rio Ave FC
1412454,73,Bebé,André Vilas Boas,Rio Ave FC
1412454,84,Yonathan Del Valle,Braga,Rio Ave FC
1412447,58,Rafael Crivellaro,Jean Pierre Barrientos,Vitória Guimarães
1412447,78,Issam El Adoua,Kanú,Vitória Guimarães
1412447,88,Hernâni,El Arbi Soudani,Vitória Guimarães
1412447,76,Luís Carlos,William Tiero,Gil Vicente
1412447,81,Brito,André Cunha,Gil Vicente
1412452,71,Caetano,Paolo Hurtado,Paços de Ferreira
1412452,90,Filipe Anunciação,Josué,Paços de Ferreira
1412452,62,Adrien Silva,André Martins,Sporting CP
1412452,62,Valentín Viola,Stijn Schaars,Sporting CP
1412452,71,André Carrillo,Capel,Sporting CP
1412451,31,Carlos Martins,Enzo Pérez,SL Benfica
1412451,73,Rodrigo,Lorenzo Melgarejo,SL Benfica
1412451,64,Gerso,Luís Leal,GD Estoril
1412451,72,Diogo Amado,Evandro,GD Estoril
1412451,80,João Coimbra,Carlos Eduardo,GD Estoril
1412455,74,Yonathan Del Valle,Bebé,Rio Ave FC
1412455,89,Kiki,Braga,Rio Ave FC
1412455,53,Brito,William Tiero,Gil Vicente
1412455,59,Luís Carlos,César Peixoto,Gil Vicente
1412455,85,Éder Sciola,Paulo Arantes,Gil Vicente
1412456,67,Héldon,Sami,Maritimo Funchal
1412456,75,Olberdam,Artur,Maritimo Funchal
1412456,87,Valentin Roberge,Danilo Dias,Maritimo Funchal
1412456,68,Jean Pierre Barrientos,André André,Vitória Guimarães
1412456,76,João Ribeiro,Kanú,Vitória Guimarães
1412456,82,Jonathan Mejía,David Addy,Vitória Guimarães
1412457,46,Capel,André Martins,Sporting CP
1412457,66,Zézinho,Stijn Schaars,Sporting CP
1412457,72,Valentín Viola,André Carrillo,Sporting CP
1412457,65,Liban Abdi,Evandro Brandão,SC Olhanense
1412457,75,Pepe,Tiago Terroso,SC Olhanense
1412457,88,Djalmir,Tiago Targino,SC Olhanense
1412458,77,Tony Taylor,Ânderson Luís,GD Estoril
1412458,89,Mano,Gerso,GD Estoril
1412458,89,João Coimbra,Evandro,GD Estoril
1412458,70,Jaime,Balboa,SC Beira-Mar
1412458,79,Sérginho,Rúben Ribeiro,SC Beira-Mar
1412459,65,Cleyton,John Ogu,Académica Coimbra
1412459,82,Nivaldo,Wilson Eduardo,Académica Coimbra
1412459,41,Jaime Poulson,Cícero,Paços de Ferreira
1412459,81,Caetano,Manuel José,Paços de Ferreira
1412461,61,Zé Luís,Carlão,Sporting Braga
1412461,77,João Pedro,Rúben Amorim,Sporting Braga
1412461,42,Mateus,Aly Ghazal,CD Nacional
1412461,56,Ladji Keita,Mário Rondon,CD Nacional
1412461,68,João Aurélio,Diego Barcellos,CD Nacional
1412462,40,Aníbal,Anilton,Moreirense FC
1412462,51,Rafa,Nabil Ghilas,Moreirense FC
1412462,80,Renato Augusto,Pintassilgo,Moreirense FC
1412462,62,Bruno Gallo,Jorginho Sousa,Vitória Setúbal
1412462,63,Ricardo Horta,Ney,Vitória Setúbal
1412462,71,Zé Pedro,Bruno Amaro,Vitória Setúbal
1412460,72,Steven Defour,Fernando,FC Porto
1412460,79,Kelvin,Lucho González,FC Porto
1412460,84,Liédson,Danilo,FC Porto
1412460,67,Roderick Miranda,Nicolás Gaitán,SL Benfica
1412460,73,Óscar Cardozo,Lima,SL Benfica
1412460,84,Pablo Aimar,Ola John,SL Benfica
1412463,45,Nicolás Gaitán,Ola John,SL Benfica
1412463,76,Jonathan Urreta,Enzo Pérez,SL Benfica
1412463,86,André Gomes,Óscar Cardozo,SL Benfica
1412463,78,Tales,Filipe Gonçalves,Moreirense FC
1412463,81,Christian Kinkela,Pintassilgo,Moreirense FC
1412463,89,Rafa,Aníbal,Moreirense FC
1412464,54,Jorginho Sousa,Bruno Gallo,Vitória Setúbal
1412464,64,Ricardo Horta,Bruninho,Vitória Setúbal
1412464,71,Zé Pedro,Paulo Tavares,Vitória Setúbal
1412464,68,Custódio,João Pedro,Sporting Braga
1412464,76,Hugo Viana,Rúben Micael,Sporting Braga
1412464,82,Márcio Mossoró,Hélder Barbosa,Sporting Braga
1412465,54,João Aurélio,Nuno Campos,CD Nacional
1412465,71,Mateus,Candeias,CD Nacional
1412465,66,Christo,Rodrigo Galo,Académica Coimbra
1412465,74,Salim Cissé,Marinho,Académica Coimbra
1412466,24,Javier Cohene,Jaime Poulson,Paços de Ferreira
1412466,46,Okechukwu Irobiso,Manuel José,Paços de Ferreira
1412466,74,Paolo Hurtado,Vítor Silva,Paços de Ferreira
1412466,78,Castro,Steven Defour,FC Porto
1412466,82,Kelvin,James Rodríguez,FC Porto
1412466,89,Liédson,Varela,FC Porto
1412467,59,Kalidou Coulibaly,Luís Carlos,Gil Vicente
1412467,66,Adriano,William Tiero,Gil Vicente
1412467,84,Valdinho,Brito,Gil Vicente
1412467,77,João Coimbra,Carlos Eduardo,GD Estoril
1412467,83,Dieguinho,Gerso,GD Estoril
1412467,85,Tony Taylor,Luís Leal,GD Estoril
1412468,46,Tonel,Nuno Lopes,SC Beira-Mar
1412468,47,Abel Camará,Sérginho,SC Beira-Mar
1412468,47,Ricardo Dias,David Fleurival,SC Beira-Mar
1412468,59,Ricardo Esgaio,André Martins,Sporting CP
1412468,71,Stijn Schaars,André Carrillo,Sporting CP
1412468,90,Nii Plange,Bruma,Sporting CP
1412469,58,Liban Abdi,Tiago Targino,SC Olhanense
1412469,74,Djalmir,Ivanildo,SC Olhanense
1412469,74,Pepe,Lucas Souza,SC Olhanense
1412469,55,Brígido,Héldon,Maritimo Funchal
1412469,64,Fidélis,Danilo Dias,Maritimo Funchal
1412469,80,Luís Olim,Artur,Maritimo Funchal
1412470,61,João Ribeiro,Kanú,Vitória Guimarães
1412470,73,Jean Pierre Barrientos,Leonel Olímpio,Vitória Guimarães
1412470,85,Hernâni,David Addy,Vitória Guimarães
1412470,64,Filipe Augusto,Diego Lopes,Rio Ave FC
1412470,79,Yonathan Del Valle,Braga,Rio Ave FC
1412470,82,André Vilas Boas,Ahmed Hassan,Rio Ave FC
