GameID,Minute,PlayerIn,PlayerOut,Team
8279420,56,Ronan,Pedro Moreira,Rio Ave FC
8279420,72,Yazalde,Héldon,Rio Ave FC
8279420,76,João Novais,Rúben Ribeiro,Rio Ave FC
8279420,68,Miguel Layún,Otávio,FC Porto
8279420,78,Laurent Depoitre,André Silva,FC Porto
8279420,82,Adrián,Jesús Corona,FC Porto
8279418,56,Ença Fati,Ousmane Dramé,Moreirense FC
8279418,67,Ernest Ohemeng,Nildo Petrolina,Moreirense FC
8279418,86,David Ramírez,Chico Geraldes,Moreirense FC
8279418,61,Leandro Silva,Andrezinho,Paços de Ferreira
8279418,65,Barnes Osei,Gleison Moreira,Paços de Ferreira
8279418,81,Cícero,Minhoca,Paços de Ferreira
8279419,46,Bruno César,Jefferson,Sporting CP
8279419,84,Ezequiel Schelotto,Gelson Martins,Sporting CP
8279419,90,Bruno Paulista,João Mário,Sporting CP
8279419,59,Esquerdinha,Gevaro Nepomuceno,Maritimo Funchal
8279419,75,Pedro Coronas,Patrick,Maritimo Funchal
8279419,81,Samuel Santos,Gevorg Ghazaryan,Maritimo Funchal
8279415,56,Claude Gonçalves,Fernando Ferreira,CD Tondela
8279415,66,Dylan Flores,Hélder Tavares,CD Tondela
8279415,78,Murilo Freitas,Miguel Cardoso,CD Tondela
8279415,26,Lisandro López,Luisão,SL Benfica
8279415,65,Andreas Samaris,Franco Cervi,SL Benfica
8279415,89,Eduardo Salvio,Pizzi,SL Benfica
8279413,77,Digas,André Schembri,Boavista
8279413,83,Tengarrinha,Fábio Espinho,Boavista
8279413,90,Samu,Renato Santos,Boavista
8279413,32,Marlon de Jesús,Zéquinha,FC Arouca
8279413,57,Nuno Valente,Rafael Crivellaro,FC Arouca
8279413,77,Sancidino,André Santos,FC Arouca
8279414,59,Mikel Agu,Nuno Santos,Vitória Setúbal
8279414,79,Arnold Issoko,André Claro,Vitória Setúbal
8279414,87,Albert Meyong,Zé Manuel,Vitória Setúbal
8279414,56,Komnen Andrić,Benny,Os Belenenses
8279414,60,Gerso,André Sousa,Os Belenenses
8279414,76,Luís Silva,Rúben Pinto,Os Belenenses
8279416,65,Raphinha,Ricardo Valente,Vitória Guimarães
8279416,79,Bruno Gaspar,João Aurélio,Vitória Guimarães
8279416,79,Areias,Moussa Marega,Vitória Guimarães
8279416,66,Djavan,Wilson Eduardo,Sporting Braga
8279416,75,Marko Bakić,Rafa Silva,Sporting Braga
8279416,79,Ricardo Horta,Pedro Santos,Sporting Braga
8279412,46,Kléber,Dankler,GD Estoril
8279412,63,Dmytro Yarchuk,Mano,GD Estoril
8279412,68,Konstantin Bazelyuk,Gustavo Tocantins,GD Estoril
8279412,61,Luís Machado,Vítor Bruno,CD Feirense
8279412,78,Anastasios Karamanos,Fábio,CD Feirense
8279412,90,Flávio,Higor Platiny,CD Feirense
8279417,35,Ricardo,Jota,CD Nacional
8279417,46,Roniel,Tiago Rodrigues,CD Nacional
8279417,60,Hamdou Elhouni,Perdigão,GD Chaves
8279417,68,Fábio Martins,João Mário,GD Chaves
8279417,90,Alioune Fall,Rafa,GD Chaves
8279422,73,Fábio Sturgeon,Abel Camará,Os Belenenses
8279422,80,Luís Silva,André Sousa,Os Belenenses
8279422,90,Mica,Komnen Andrić,Os Belenenses
8279422,68,Digas,Anderson Carvalho,Boavista
8279422,84,Samu,André Schembri,Boavista
8279422,90,Tengarrinha,Fábio Espinho,Boavista
8279429,46,Gevaro Nepomuceno,Donald Djoussé,Maritimo Funchal
8279429,53,Samuel Santos,Esquerdinha,Maritimo Funchal
8279429,70,Gevorg Ghazaryan,Alex Soares,Maritimo Funchal
8279429,46,Xande Silva,Raphinha,Vitória Guimarães
8279429,68,Tózé,Paolo Hurtado,Vitória Guimarães
8279429,90,Moreno,Moussa Marega,Vitória Guimarães
8279425,66,Hamdou Elhouni,Fábio Martins,GD Chaves
8279425,75,Alioune Fall,Braga,GD Chaves
8279425,83,Perdigão,João Mário,GD Chaves
8279425,55,Jhon Murillo,Fernando Ferreira,CD Tondela
8279425,66,Claude Gonçalves,Hélder Tavares,CD Tondela
8279425,72,Zè Turbo,Miguel Cardoso,CD Tondela
8279427,59,Minhoca,Leandro Silva,Paços de Ferreira
8279427,69,Cícero,Barnes Osei,Paços de Ferreira
8279427,69,Ivo Rodrigues,Andrezinho,Paços de Ferreira
8279427,66,Marvin Zeegelaar,Alan Ruíz,Sporting CP
8279427,80,Carlos Mané,Gelson Martins,Sporting CP
8279427,90,Bruno Paulista,Bryan Ruiz,Sporting CP
8279428,46,Adrián,Varela,FC Porto
8279428,69,André André,Héctor Herrera,FC Porto
8279428,70,Sérgio Oliveira,Otávio,FC Porto
8279428,58,Dmytro Yarchuk,Taira,GD Estoril
8279428,63,Kléber,Alisson Farias,GD Estoril
8279428,74,Eduardo Teixeira,Mattheus Oliveira,GD Estoril
8279426,41,Luís Machado,Alex Kakuba,CD Feirense
8279426,46,Anastasios Karamanos,Cris,CD Feirense
8279426,61,Tiago Silva,Semedo,CD Feirense
8279426,46,Tiago Almeida,Jander,Moreirense FC
8279426,55,Alan Schons,Ousmane Dramé,Moreirense FC
8279426,84,David Ramírez,Roberto,Moreirense FC
8279421,77,Nuno Valente,Mateus,FC Arouca
8279421,83,Adilson Goiano,Marlon de Jesús,FC Arouca
8279421,89,Wálter González,Rafael Crivellaro,FC Arouca
8279421,31,Nelson Bonilla,Jhonder Cádíz,CD Nacional
8279421,46,Vítor Gonçalves,Washington,CD Nacional
8279421,58,Ricardo,Okacha Hamzaoui,CD Nacional
8279423,57,Raúl Jiménez,Franco Cervi,SL Benfica
8279423,67,André Carrillo,Pizzi,SL Benfica
8279423,81,Gonçalo Guedes,Nélson Semedo,SL Benfica
8279423,64,Arnold Issoko,João Amaral,Vitória Setúbal
8279423,80,Vasco Costa,André Claro,Vitória Setúbal
8279423,88,Nenê Bonilha,Zé Manuel,Vitória Setúbal
8279424,61,Ricardo Horta,Tomás Martínez,Sporting Braga
8279424,70,Marko Bakić,Nikola Vukčević,Sporting Braga
8279424,70,Nikola Stojiljković,Wilson Eduardo,Sporting Braga
8279424,64,Jaime Pinto,Gil Dias,Rio Ave FC
8279424,71,João Novais,Pedro Moreira,Rio Ave FC
8279424,85,Guedes,Héldon,Rio Ave FC
8279436,70,Bernard Mensah,Paolo Hurtado,Vitória Guimarães
8279436,76,Xande Silva,Raphinha,Vitória Guimarães
8279436,90,Moreno,Moussa Marega,Vitória Guimarães
8279436,60,Christian,Andrezinho,Paços de Ferreira
8279436,60,Ivo Rodrigues,Leandro Silva,Paços de Ferreira
8279436,75,Minhoca,Barnes Osei,Paços de Ferreira
8279432,55,Pité,Miguel Cardoso,CD Tondela
8279432,72,Claude Gonçalves,Fernando Ferreira,CD Tondela
8279432,79,Zè Turbo,Crislan,CD Tondela
8279432,46,Dinis Almeida,Brandão,Os Belenenses
8279432,71,Vítor Gomes,Komnen Andrić,Os Belenenses
8279432,80,Gerso,André Sousa,Os Belenenses
8279434,46,Alisson Farias,Taira,GD Estoril
8279434,46,Kléber,Konstantin Bazelyuk,GD Estoril
8279434,73,Matheus Índio,Felipe Augusto,GD Estoril
8279434,79,Marko Bakić,Wilson Eduardo,Sporting Braga
8279434,87,Alan,Pedro Santos,Sporting Braga
8279433,57,Vítor Gonçalves,Tiago Rodrigues,CD Nacional
8279433,76,Okacha Hamzaoui,Witi,CD Nacional
8279433,76,Nelson Bonilla,Jota,CD Nacional
8279433,67,Guillermo Celis,André Horta,SL Benfica
8279433,67,André Carrillo,Pizzi,SL Benfica
8279433,89,Gonçalo Guedes,Jonas,SL Benfica
8279430,64,André Bukia,Anderson Carvalho,Boavista
8279430,79,Tengarrinha,Idrissa Mandiang,Boavista
8279430,86,Erivelto,Carraça,Boavista
8279430,46,Perdigão,Fábio Martins,GD Chaves
8279430,58,Willian Oliveira,Rafa,GD Chaves
8279430,59,Hamdou Elhouni,João Mário,GD Chaves
8279437,57,Ença Fati,Ousmane Dramé,Moreirense FC
8279437,68,David Ramírez,Nildo Petrolina,Moreirense FC
8279437,77,Tiago Almeida,Ângelo Neto,Moreirense FC
8279437,69,Esquerdinha,Edgar Costa,Maritimo Funchal
8279437,85,Donald Djoussé,Babá Diawara,Maritimo Funchal
8279437,90,Gevorg Ghazaryan,Alex Soares,Maritimo Funchal
8279438,68,Bruno Paulista,Bryan Ruiz,Sporting CP
8279438,69,Joel Campbell,Gelson Martins,Sporting CP
8279438,90,Carlos Mané,Bruno César,Sporting CP
8279438,46,Óliver Torres,Jesús Corona,FC Porto
8279438,74,Laurent Depoitre,André André,FC Porto
8279438,84,Adrián,Otávio,FC Porto
8279435,39,João Novais,Tarantini,Rio Ave FC
8279435,46,Gil Dias,Pedro Moreira,Rio Ave FC
8279435,79,Guedes,Rúben Ribeiro,Rio Ave FC
8279435,64,Anastasios Karamanos,Higor Platiny,CD Feirense
8279435,76,Hervé Tchami-Ngangoue,Luís Machado,CD Feirense
8279435,83,Cris,Tiago Silva,CD Feirense
8279431,76,Nenê Bonilha,Zé Manuel,Vitória Setúbal
8279431,81,Arnold Issoko,João Amaral,Vitória Setúbal
8279431,89,Edinho,André Claro,Vitória Setúbal
8279431,54,Wálter González,Artur,FC Arouca
8279431,54,Nuno Valente,Nuno Coelho,FC Arouca
8279431,77,André Santos,Rafael Crivellaro,FC Arouca
8279439,46,Gegé,Rafael Crivellaro,FC Arouca
8279439,55,Wálter González,Mateus,FC Arouca
8279439,76,Kuca,Zéquinha,FC Arouca
8279439,62,André Carrillo,Rafa Silva,SL Benfica
8279439,82,Andreas Samaris,Eduardo Salvio,SL Benfica
8279439,90,José Gomes,Gonçalo Guedes,SL Benfica
8279440,46,Gerso,Oriol Rosell,Os Belenenses
8279440,67,Vítor Gomes,André Sousa,Os Belenenses
8279440,76,Tiago Caeiro,Miguel Rosa,Os Belenenses
8279440,49,Willyan,Tiago Rodrigues,CD Nacional
8279440,61,Geraldo,Jota,CD Nacional
8279440,61,Vítor Gonçalves,Witi,CD Nacional
8279447,60,Lazar Marković,Gelson Martins,Sporting CP
8279447,67,Elías,Adrien Silva,Sporting CP
8279447,78,André,Alan Ruíz,Sporting CP
8279447,46,Tiago Almeida,Nildo Petrolina,Moreirense FC
8279447,65,Ença Fati,Ousmane Dramé,Moreirense FC
8279447,73,David Ramírez,Roberto,Moreirense FC
8279446,70,Jesús Corona,André Silva,FC Porto
8279446,70,Diogo Jota,Otávio,FC Porto
8279446,77,Rúben Neves,Óliver Torres,FC Porto
8279446,46,Bernard Mensah,Xande Silva,Vitória Guimarães
8279446,77,Bruno Gaspar,Paolo Hurtado,Vitória Guimarães
8279446,80,Tózé,João Pedro,Vitória Guimarães
8279445,47,Cícero,Leandro Silva,Paços de Ferreira
8279445,47,Ricardo Valente,Andrezinho,Paços de Ferreira
8279445,72,Francisco Afonso,Bruno Santos,Paços de Ferreira
8279445,64,Bruno Gomes,Kléber,GD Estoril
8279445,71,Felipe Augusto,Gustavo Tocantins,GD Estoril
8279445,79,Mano,Matheus Índio,GD Estoril
8279443,46,António Xavier,Éber Bessa,Maritimo Funchal
8279443,68,Babá Diawara,Jean Cleber,Maritimo Funchal
8279443,77,Patrick,Samuel Santos,Maritimo Funchal
8279443,64,Yazalde,Gil Dias,Rio Ave FC
8279443,72,Pedro Moreira,Rúben Ribeiro,Rio Ave FC
8279443,80,Filip Krovinović,Héldon,Rio Ave FC
8279444,74,Pedro Tiba,Ricardo Horta,Sporting Braga
8279444,74,Marko Bakić,Nikola Vukčević,Sporting Braga
8279444,79,Nikola Stojiljković,Ahmed Hassan,Sporting Braga
8279444,46,André Bukia,Anderson Carvalho,Boavista
8279444,74,Erivelto,André Schembri,Boavista
8279444,74,Digas,Carraça,Boavista
8279441,58,Hamdou Elhouni,Fábio Martins,GD Chaves
8279441,76,Alioune Fall,Rafa,GD Chaves
8279441,82,Simon Vukčević,Perdigão,GD Chaves
8279441,60,Fábio Cardoso,Nuno Pinto,Vitória Setúbal
8279441,73,Arnold Issoko,João Amaral,Vitória Setúbal
8279441,81,Nuno Santos,Costinha,Vitória Setúbal
8279442,69,Fábio,Tiago Silva,CD Feirense
8279442,87,Higor Platiny,Luís Machado,CD Feirense
8279442,90,Paulo Monteiro,Anastasios Karamanos,CD Feirense
8279442,46,Fernando Ferreira,Vitaliy Lystsov,CD Tondela
8279442,64,Jhon Murillo,Hélder Tavares,CD Tondela
8279442,65,Zè Turbo,Érick Moreno,CD Tondela
8279455,59,Willyan,Tiago Rodrigues,CD Nacional
8279455,70,Nuno Campos,Witi,CD Nacional
8279455,83,Nelson Bonilla,Okacha Hamzaoui,CD Nacional
8279455,46,Gevorg Ghazaryan,Jean Cleber,Maritimo Funchal
8279455,58,Amido Baldé,António Xavier,Maritimo Funchal
8279455,80,Babá Diawara,Edgar Costa,Maritimo Funchal
8279451,46,Mano,Joel Ferreira,GD Estoril
8279451,69,Felipe Augusto,Alisson Farias,GD Estoril
8279451,78,Dmytro Yarchuk,Mattheus Oliveira,GD Estoril
8279451,37,Ença Fati,Ousmane Dramé,Moreirense FC
8279451,62,Tiago Almeida,Pierre Sagna,Moreirense FC
8279451,74,David Ramírez,Chico Geraldes,Moreirense FC
8279454,46,Nuno Santos,Costinha,Vitória Setúbal
8279454,46,Albert Meyong,Zé Manuel,Vitória Setúbal
8279454,79,Nenê Bonilha,Vasco Fernandes,Vitória Setúbal
8279454,63,Minhoca,Barnes Osei,Paços de Ferreira
8279454,73,Cícero,Welthon,Paços de Ferreira
8279454,85,Vasco Rocha,Ricardo Valente,Paços de Ferreira
8279453,71,Raphinha,Hernâni,Vitória Guimarães
8279453,79,Bernard Mensah,João Pedro,Vitória Guimarães
8279453,83,Bruno Mendes,Paolo Hurtado,Vitória Guimarães
8279453,46,Tiago Caeiro,André Sousa,Os Belenenses
8279453,70,Miguel Rosa,Domingos Duarte,Os Belenenses
8279453,85,Oriol Rosell,Abel Camará,Os Belenenses
8279448,46,Marlon de Jesús,Mateus,FC Arouca
8279448,57,Artur,Zéquinha,FC Arouca
8279448,73,Kuca,Hugo Basto,FC Arouca
8279448,69,Hamdou Elhouni,Fábio Martins,GD Chaves
8279448,82,João Mário,Perdigão,GD Chaves
8279448,90,Ponck,Braga,GD Chaves
8279450,46,Iuri Medeiros,Tengarrinha,Boavista
8279450,67,Erivelto,Renato Santos,Boavista
8279450,78,Digas,André Bukia,Boavista
8279450,53,Jean Alcénat,Barge,CD Feirense
8279450,66,Higor Platiny,Luís Machado,CD Feirense
8279450,75,Fábio,Tiago Silva,CD Feirense
8279456,70,Érick Moreno,Crislan,CD Tondela
8279456,71,Pica,Kaká,CD Tondela
8279456,86,Bruno Monteiro,Claude Gonçalves,CD Tondela
8279456,56,Óliver Torres,Yacine Brahimi,FC Porto
8279456,69,Adrián,Laurent Depoitre,FC Porto
8279456,77,Jesús Corona,Otávio,FC Porto
8279452,68,Pedro Moreira,Yazalde,Rio Ave FC
8279452,78,Tafsir Chérif,Gil Dias,Rio Ave FC
8279452,83,João Novais,Guedes,Rio Ave FC
8279452,46,Bryan Ruiz,Joel Campbell,Sporting CP
8279452,46,Bas Dost,Alan Ruíz,Sporting CP
8279452,73,Lazar Marković,André,Sporting CP
8279449,67,André Carrillo,Eduardo Salvio,SL Benfica
8279449,82,José Gomes,Kostas Mitroglou,SL Benfica
8279449,89,André Almeida,Ljubomir Fejsa,SL Benfica
8279449,67,Douglas Coutinho,Ricardo Horta,Sporting Braga
8279449,72,Artur Jorge,André Pinto,Sporting Braga
8279449,81,Alan,Pedro Santos,Sporting Braga
8279463,70,Diogo Jota,Adrián,FC Porto
8279463,75,Héctor Herrera,André André,FC Porto
8279463,81,Yacine Brahimi,Otávio,FC Porto
8279463,63,André Schembri,Iuri Medeiros,Boavista
8279463,82,Erivelto,Idrissa Mandiang,Boavista
8279464,46,André,Alan Ruíz,Sporting CP
8279464,73,Lazar Marković,Bas Dost,Sporting CP
8279464,76,Elías,Adrien Silva,Sporting CP
8279464,60,Gustavo Tocantins,Alisson Farias,GD Estoril
8279464,65,Bruno Gomes,Paulo Henrique,GD Estoril
8279464,71,Eduardo Teixeira,Taira,GD Estoril
8279458,56,Jean Alcénat,Luís Machado,CD Feirense
8279458,56,Higor Platiny,Cris,CD Feirense
8279458,68,Fábio,Anastasios Karamanos,CD Feirense
8279458,46,Aly Ghazal,César,CD Nacional
8279458,60,Nelson Bonilla,Okacha Hamzaoui,CD Nacional
8279458,73,João Marna,Tiago Rodrigues,CD Nacional
8279462,58,Fábio Santos,Felipe,GD Chaves
8279462,64,João Mário,Fábio Martins,GD Chaves
8279462,76,Simon Vukčević,Perdigão,GD Chaves
8279462,61,Franco Cervi,Eduardo Salvio,SL Benfica
8279462,75,Guillermo Celis,André Horta,SL Benfica
8279462,87,André Carrillo,Gonçalo Guedes,SL Benfica
8279457,46,Pedro Santos,Ricardo Horta,Sporting Braga
8279457,68,Marko Bakić,Wilson Eduardo,Sporting Braga
8279457,83,Pedro Tiba,Alan,Sporting Braga
8279457,56,Zé Manuel,Nuno Santos,Vitória Setúbal
8279457,74,Edinho,João Amaral,Vitória Setúbal
8279457,75,Arnold Issoko,Mikel Agu,Vitória Setúbal
8279460,67,Esquerdinha,António Xavier,Maritimo Funchal
8279460,79,Brito,Edgar Costa,Maritimo Funchal
8279460,86,Babá Diawara,Dyego Sousa,Maritimo Funchal
8279460,56,Murilo Freitas,Wágner,CD Tondela
8279460,58,Érick Moreno,Crislan,CD Tondela
8279460,72,Bruno Monteiro,Fernando Ferreira,CD Tondela
8279459,65,Cícero,Welthon,Paços de Ferreira
8279459,75,Vasco Rocha,Ivo Rodrigues,Paços de Ferreira
8279459,87,Gleison Moreira,Barnes Osei,Paços de Ferreira
8279459,58,João Novais,Rúben Ribeiro,Rio Ave FC
8279459,77,Yazalde,Tarantini,Rio Ave FC
8279459,89,Filip Krovinović,Pedrinho,Rio Ave FC
8279465,60,Emmanuel Boateng,Roberto,Moreirense FC
8279465,70,Nildo Petrolina,Jander,Moreirense FC
8279465,82,Tiago Almeida,Pierre Sagna,Moreirense FC
8279465,58,Bernard Mensah,João Pedro,Vitória Guimarães
8279465,60,Raphinha,Paolo Hurtado,Vitória Guimarães
8279465,71,João Aurélio,Rafael Miranda,Vitória Guimarães
8279461,67,Fábio Sturgeon,Miguel Rosa,Os Belenenses
8279461,79,Komnen Andrić,Vítor Gomes,Os Belenenses
8279461,46,Kuca,Wálter González,FC Arouca
8279461,73,Marlon de Jesús,Artur,FC Arouca
8279461,86,Rafael Crivellaro,Nuno Valente,FC Arouca
8279473,33,Fábio Nunes,Dylan Flores,CD Tondela
8279473,63,Zè Turbo,Murilo Freitas,CD Tondela
8279473,84,Crislan,Érick Moreno,CD Tondela
8279473,46,Cícero,Ivo Rodrigues,Paços de Ferreira
8279473,46,João Góis,Bruno Santos,Paços de Ferreira
8279472,57,Rúben Ribeiro,Filip Krovinović,Rio Ave FC
8279472,57,Yazalde,Tarantini,Rio Ave FC
8279472,76,João Novais,Gil Dias,Rio Ave FC
8279472,80,Ailton,Mattheus Oliveira,GD Estoril
8279472,88,Gustavo Tocantins,Matheus Índio,GD Estoril
8279472,90,Thiago Cardoso,Bruno Gomes,GD Estoril
8279471,46,Willian Oliveira,Rafa,GD Chaves
8279471,46,Hamdou Elhouni,Fábio Martins,GD Chaves
8279471,70,Simon Vukčević,Fábio Santos,GD Chaves
8279471,71,Gonçalo Silva,Oriol Rosell,Os Belenenses
8279471,85,Luís Silva,João Diogo,Os Belenenses
8279471,85,Komnen Andrić,Dinis Almeida,Os Belenenses
8279469,46,Bernard Mensah,Paolo Hurtado,Vitória Guimarães
8279469,56,João Aurélio,Prince Gouano,Vitória Guimarães
8279469,82,Raphinha,Hernâni,Vitória Guimarães
8279469,36,Elías,Adrien Silva,Sporting CP
8279469,77,Bruno César,Lazar Marković,Sporting CP
8279470,46,Jota,Aly Ghazal,CD Nacional
8279470,46,Ricardo,Witi,CD Nacional
8279470,63,Roniel,Vítor Gonçalves,CD Nacional
8279470,72,Maxi Pereira,Diogo Jota,FC Porto
8279470,76,Yacine Brahimi,Otávio,FC Porto
8279470,80,Rúben Neves,Danilo,FC Porto
8279467,66,Franco Cervi,André Carrillo,SL Benfica
8279467,78,José Gomes,Kostas Mitroglou,SL Benfica
8279467,84,Andrija Živković,Gonçalo Guedes,SL Benfica
8279467,54,Fábio,Cris,CD Feirense
8279467,65,Alex Kakuba,Vítor Bruno,CD Feirense
8279467,73,Higor Platiny,Luís Aurélio,CD Feirense
8279474,60,Zé Manuel,Mikel Agu,Vitória Setúbal
8279474,62,Edinho,Nuno Santos,Vitória Setúbal
8279474,80,Arnold Issoko,Ruca,Vitória Setúbal
8279474,82,Esquerdinha,António Xavier,Maritimo Funchal
8279474,86,Deyvison,Éber Bessa,Maritimo Funchal
8279474,90,Gevaro Nepomuceno,Edgar Costa,Maritimo Funchal
8279468,60,Digas,Erivelto,Boavista
8279468,77,Philipe Sampaio,Nuno Henrique,Boavista
8279468,86,Anderson Carvalho,Fábio Espinho,Boavista
8279468,46,Emmanuel Boateng,Nildo Petrolina,Moreirense FC
8279468,67,Ença Fati,Chico Geraldes,Moreirense FC
8279468,86,David Ramírez,Marcelo Oliveira,Moreirense FC
8279466,57,Wálter González,Nuno Valente,FC Arouca
8279466,65,Rafael Crivellaro,Artur,FC Arouca
8279466,76,Mateus,Zéquinha,FC Arouca
8279466,73,Baiano,Djavan,Sporting Braga
8279466,76,Nikola Vukčević,Alan,Sporting Braga
8279466,90,Nikola Stojiljković,Ahmed Hassan,Sporting Braga
8279479,46,Ricardo Valente,Vasco Rocha,Paços de Ferreira
8279479,85,Cícero,Welthon,Paços de Ferreira
8279479,85,Gleison Moreira,Barnes Osei,Paços de Ferreira
8279479,62,Willyan,Roniel,CD Nacional
8279479,73,Nelson Bonilla,Tiago Rodrigues,CD Nacional
8279479,90,Aly Ghazal,César,CD Nacional
8279483,66,Gevaro Nepomuceno,António Xavier,Maritimo Funchal
8279483,73,Gevorg Ghazaryan,Éber Bessa,Maritimo Funchal
8279483,87,Amido Baldé,Edgar Costa,Maritimo Funchal
8279483,31,Tengarrinha,Mesquita,Boavista
8279483,74,Digas,Renato Santos,Boavista
8279483,81,Anderson Carvalho,Iuri Medeiros,Boavista
8279478,46,Tiago Silva,Semedo,CD Feirense
8279478,79,Luís Machado,Anastasios Karamanos,CD Feirense
8279478,89,Higor Platiny,Peter Etebo,CD Feirense
8279478,10,Fábio Cardoso,Frederico Venâncio,Vitória Setúbal
8279478,71,Albert Meyong,Thiago Santana,Vitória Setúbal
8279478,71,André Claro,Nenê Bonilha,Vitória Setúbal
8279481,46,Bruno César,Elías,Sporting CP
8279481,61,Luc Castaignos,André,Sporting CP
8279481,75,Joel Campbell,Marvin Zeegelaar,Sporting CP
8279481,63,Miguel Cardoso,Wágner,CD Tondela
8279481,81,Crislan,Érick Moreno,CD Tondela
8279481,90,Vitaliy Lystsov,Fernando Ferreira,CD Tondela
8279482,65,Rúben Neves,Óliver Torres,FC Porto
8279482,66,Yacine Brahimi,Jesús Corona,FC Porto
8279482,80,Varela,Diogo Jota,FC Porto
8279482,60,Marlon de Jesús,Zéquinha,FC Arouca
8279482,61,André Santos,Artur,FC Arouca
8279482,82,Kuca,Wálter González,FC Arouca
8279480,46,David Ramírez,Daniel Podence,Moreirense FC
8279480,62,Alan Schons,Ângelo Neto,Moreirense FC
8279480,70,Nildo Petrolina,Roberto,Moreirense FC
8279480,46,Pedrinho,Lionn,Rio Ave FC
8279480,61,Luwagga Kizito,João Novais,Rio Ave FC
8279480,88,Gil Dias,Rúben Ribeiro,Rio Ave FC
8279477,46,Kléber,Paulo Henrique,GD Estoril
8279477,65,Alisson Farias,Eduardo Teixeira,GD Estoril
8279477,75,Ailton,Joel Ferreira,GD Estoril
8279477,68,João Aurélio,Paolo Hurtado,Vitória Guimarães
8279477,82,Tózé,Moussa Marega,Vitória Guimarães
8279477,87,Hernâni,Raphinha,Vitória Guimarães
8279475,49,Fábio Sturgeon,Hassan Yebda,Os Belenenses
8279475,73,Tiago Caeiro,Abel Camará,Os Belenenses
8279475,73,Miguel Rosa,Oriol Rosell,Os Belenenses
8279475,75,Raúl Jiménez,Kostas Mitroglou,SL Benfica
8279475,83,André Almeida,Álex Grimaldo,SL Benfica
8279475,90,Danilo,Franco Cervi,SL Benfica
8279476,69,Alan,Ahmed Hassan,Sporting Braga
8279476,83,Wilson Eduardo,Ricardo Horta,Sporting Braga
8279476,90,Pedro Tiba,Pedro Santos,Sporting Braga
8279476,46,Simon Vukčević,João Mário,GD Chaves
8279476,58,Willian Oliveira,João Patrão,GD Chaves
8279476,85,Luís Alberto,Ponck,GD Chaves
8279485,72,André Carrillo,Franco Cervi,SL Benfica
8279485,76,Raúl Jiménez,Kostas Mitroglou,SL Benfica
8279485,82,Andreas Samaris,Ljubomir Fejsa,SL Benfica
8279485,68,Barnes Osei,Ivo Rodrigues,Paços de Ferreira
8279485,75,Cícero,Leandro Silva,Paços de Ferreira
8279485,82,Gleison Moreira,Ricardo Valente,Paços de Ferreira
8279488,60,Ricardo,Tiago Rodrigues,CD Nacional
8279488,76,Vítor Gonçalves,Willyan,CD Nacional
8279488,90,Nelson Bonilla,Salvador Agra,CD Nacional
8279488,59,Alan Ruíz,Lazar Marković,Sporting CP
8279488,64,Joel Campbell,Bryan Ruiz,Sporting CP
8279488,87,Elías,Marvin Zeegelaar,Sporting CP
8279491,46,Pité,Fernando Ferreira,CD Tondela
8279491,64,Miguel Cardoso,Wágner,CD Tondela
8279491,79,Crislan,Bruno Monteiro,CD Tondela
8279491,62,Frédéric Maciel,Daniel Podence,Moreirense FC
8279491,65,Nildo Petrolina,Ângelo Neto,Moreirense FC
8279491,71,Emmanuel Boateng,David Ramírez,Moreirense FC
8279492,64,Arnold Issoko,João Amaral,Vitória Setúbal
8279492,75,Vasco Costa,Thiago Santana,Vitória Setúbal
8279492,85,Ryan Gauld,Nenê Bonilha,Vitória Setúbal
8279492,62,Jesús Corona,Héctor Herrera,FC Porto
8279492,74,Yacine Brahimi,Diogo Jota,FC Porto
8279492,74,Rúben Neves,Óliver Torres,FC Porto
8279486,66,Erivelto,André Schembri,Boavista
8279486,72,Anderson Carvalho,Carraça,Boavista
8279486,80,André Bukia,Iuri Medeiros,Boavista
8279486,73,Bruno Gomes,Kléber,GD Estoril
8279486,83,Gustavo Tocantins,Eduardo Teixeira,GD Estoril
8279486,87,Lucas Farias,Matheus Índio,GD Estoril
8279484,17,Nuno Valente,Kuca,FC Arouca
8279484,77,Sancidino,Artur,FC Arouca
8279484,80,Rafael Crivellaro,André Santos,FC Arouca
8279484,73,Gevorg Ghazaryan,António Xavier,Maritimo Funchal
8279484,85,Gevaro Nepomuceno,Deyvison,Maritimo Funchal
8279484,86,Babá Diawara,Patrick,Maritimo Funchal
8279490,70,Ronan,Tarantini,Rio Ave FC
8279490,77,Luwagga Kizito,Gil Dias,Rio Ave FC
8279490,80,Guedes,Yazalde,Rio Ave FC
8279490,21,João Aurélio,Bruno Gaspar,Vitória Guimarães
8279490,65,Tózé,Paolo Hurtado,Vitória Guimarães
8279490,85,Bernard Mensah,Raphinha,Vitória Guimarães
8279489,60,Ahmed Hassan,Nikola Stojiljković,Sporting Braga
8279489,68,Wilson Eduardo,Pedro Santos,Sporting Braga
8279489,76,Pedro Tiba,Nikola Vukčević,Sporting Braga
8279489,70,Gerso,Fábio Sturgeon,Os Belenenses
8279489,76,Miguel Rosa,André Sousa,Os Belenenses
8279489,83,Tiago Caeiro,Vítor Gomes,Os Belenenses
8279487,55,Willian Oliveira,Rafa,GD Chaves
8279487,55,Hamdou Elhouni,Perdigão,GD Chaves
8279487,80,Simon Vukčević,Fábio Martins,GD Chaves
8279487,58,Semedo,Tiago Silva,CD Feirense
8279487,74,Fábio,Cris,CD Feirense
8279487,90,Higor Platiny,Anastasios Karamanos,CD Feirense
8279494,63,Bernard Mensah,Paolo Hurtado,Vitória Guimarães
8279494,69,David Texeira,João Pedro,Vitória Guimarães
8279494,85,Hernâni,Raphinha,Vitória Guimarães
8279494,33,Nelson Bonilla,Tiago Rodrigues,CD Nacional
8279494,62,Tobias Figueiredo,Aly Ghazal,CD Nacional
8279494,78,Vítor Gonçalves,Ricardo,CD Nacional
8279493,23,Oumar Diakhité,Thiago Cardoso,GD Estoril
8279493,46,Gustavo Tocantins,Taira,GD Estoril
8279493,65,Lucas Farias,Mattheus Oliveira,GD Estoril
8279493,71,Murilo Freitas,Miguel Cardoso,CD Tondela
8279493,78,Érick Moreno,Wágner,CD Tondela
8279493,81,Bruno Monteiro,Fernando Ferreira,CD Tondela
8279502,60,Cícero,Ivo Rodrigues,Paços de Ferreira
8279502,60,Gleison Moreira,Ricardo Valente,Paços de Ferreira
8279502,73,Rafa,Fábio Martins,GD Chaves
8279502,82,Hamdou Elhouni,Perdigão,GD Chaves
8279497,53,Higor Platiny,Cris,CD Feirense
8279497,63,Fábio,Luís Machado,CD Feirense
8279497,80,William Tchuameni,Luís Aurélio,CD Feirense
8279497,63,Oriol Rosell,Gerso,Os Belenenses
8279497,69,Mica,Vítor Gomes,Os Belenenses
8279497,75,Tiago Caeiro,Abel Camará,Os Belenenses
8279499,58,Yazalde,Alhassan Wakaso,Rio Ave FC
8279499,67,Filip Krovinović,Guedes,Rio Ave FC
8279499,75,Ronan,Gil Dias,Rio Ave FC
8279499,59,Tengarrinha,Carraça,Boavista
8279499,71,Philipe Sampaio,Nuno Henrique,Boavista
8279499,85,Anderson Carvalho,Iuri Medeiros,Boavista
8279495,46,Emmanuel Boateng,David Ramírez,Moreirense FC
8279495,65,Nildo Petrolina,Alan Schons,Moreirense FC
8279495,73,Roberto,Daniel Podence,Moreirense FC
8279495,57,Arnold Issoko,Zé Manuel,Vitória Setúbal
8279495,77,João Amaral,Nenê Bonilha,Vitória Setúbal
8279495,88,Mikel Agu,Thiago Santana,Vitória Setúbal
8279498,66,Rúben Neves,Jesús Corona,FC Porto
8279498,76,Miguel Layún,Óliver Torres,FC Porto
8279498,87,Héctor Herrera,Diogo Jota,FC Porto
8279498,17,Lisandro López,Luisão,SL Benfica
8279498,59,André Horta,Franco Cervi,SL Benfica
8279498,73,Raúl Jiménez,Eduardo Salvio,SL Benfica
8279496,76,Luc Castaignos,Bryan Ruiz,Sporting CP
8279496,79,Bruno César,Adrien Silva,Sporting CP
8279496,87,Elías,Gelson Martins,Sporting CP
8279496,54,Gegé,Artur,FC Arouca
8279496,62,Jorge Intima,Wálter González,FC Arouca
8279496,83,Nuno Coelho,Adilson Goiano,FC Arouca
8279501,70,Éber Bessa,Gevorg Ghazaryan,Maritimo Funchal
8279501,74,Babá Diawara,Donald Djoussé,Maritimo Funchal
8279501,83,Brito,António Xavier,Maritimo Funchal
8279501,46,Ricardo Horta,Pedro Tiba,Sporting Braga
8279501,46,Wilson Eduardo,Óscar Benítez,Sporting Braga
8279501,61,Nikola Stojiljković,Pedro Santos,Sporting Braga
8279511,59,Arnold Issoko,Ryan Gauld,Vitória Setúbal
8279511,75,Albert Meyong,Thiago Santana,Vitória Setúbal
8279511,75,Nuno Santos,Fábio Pacheco,Vitória Setúbal
8279511,42,Yazalde,Héldon,Rio Ave FC
8279511,84,João Novais,Gil Dias,Rio Ave FC
8279511,90,Lionn,Rúben Ribeiro,Rio Ave FC
8279508,57,Alioune Fall,Perdigão,GD Chaves
8279508,81,João Patrão,Braga,GD Chaves
8279508,61,Babá Diawara,Éber Bessa,Maritimo Funchal
8279508,67,Esquerdinha,Deyvison,Maritimo Funchal
8279508,86,António Xavier,Brito,Maritimo Funchal
8279509,35,Vítor Gonçalves,Mauro Cerqueira,CD Nacional
8279509,60,Witi,César,CD Nacional
8279509,68,Nelson Bonilla,Aly Ghazal,CD Nacional
8279509,36,Joel Ferreira,Mano,GD Estoril
8279509,62,Dankler,Matheus Índio,GD Estoril
8279509,73,Bruno Gomes,Kléber,GD Estoril
8279506,53,Samu,Fábio Espinho,Boavista
8279506,70,Anderson Carvalho,Anderson Correia,Boavista
8279506,76,Emin Makhmudov,Carraça,Boavista
8279506,49,João Pereira,Ezequiel Schelotto,Sporting CP
8279506,61,Bryan Ruiz,Joel Campbell,Sporting CP
8279506,85,Paulo Oliveira,Bruno César,Sporting CP
8279504,78,Hassan Yebda,Fábio Sturgeon,Os Belenenses
8279504,84,Mica,Florent Hanin,Os Belenenses
8279504,85,Miguel Rosa,Vítor Gomes,Os Belenenses
8279504,61,Laurent Depoitre,Diogo Jota,FC Porto
8279504,68,André André,Óliver Torres,FC Porto
8279504,74,Varela,Otávio,FC Porto
8279503,69,Rafael Crivellaro,Artur,FC Arouca
8279503,83,Hugo Basto,Wálter González,FC Arouca
8279503,90,Gegé,Jorge Intima,FC Arouca
8279503,46,Minhoca,Mateus,Paços de Ferreira
8279503,61,Ricardo Valente,Barnes Osei,Paços de Ferreira
8279503,70,Ivo Rodrigues,Gleison Moreira,Paços de Ferreira
8279505,16,André Almeida,Eliseu,SL Benfica
8279505,66,André Carrillo,Eduardo Salvio,SL Benfica
8279505,84,Rafa Silva,Gonçalo Guedes,SL Benfica
8279505,60,Jander,Nildo Petrolina,Moreirense FC
8279505,71,Ousmane Dramé,Daniel Podence,Moreirense FC
8279505,81,David Ramírez,Roberto,Moreirense FC
8279510,67,Alassane També,Fernando Ferreira,CD Tondela
8279510,80,Zè Turbo,Miguel Cardoso,CD Tondela
8279510,83,Murilo Freitas,Jhon Murillo,CD Tondela
8279510,44,Paolo Hurtado,Raphinha,Vitória Guimarães
8279510,53,Bernard Mensah,Tózé,Vitória Guimarães
8279510,87,David Texeira,João Aurélio,Vitória Guimarães
8279507,45,Nikola Vukčević,Mauro,Sporting Braga
8279507,67,Artur Jorge,Lazar Rosić,Sporting Braga
8279507,83,Óscar Benítez,Wilson Eduardo,Sporting Braga
8279507,53,Higor Platiny,Semedo,CD Feirense
8279507,65,Cris,Anastasios Karamanos,CD Feirense
8279507,81,Luís Machado,Luís Aurélio,CD Feirense
8279516,70,Brito,António Xavier,Maritimo Funchal
8279516,80,Deyvison,Fábio China,Maritimo Funchal
8279516,89,Alex Soares,Gevorg Ghazaryan,Maritimo Funchal
8279516,63,Rafa Silva,Eduardo Salvio,SL Benfica
8279516,70,Raúl Jiménez,André Almeida,SL Benfica
8279516,83,André Carrillo,Franco Cervi,SL Benfica
8279513,65,Alhassan Wakaso,Tarantini,Rio Ave FC
8279513,72,Ronan,Luwagga Kizito,Rio Ave FC
8279513,86,Lionn,Gil Dias,Rio Ave FC
8279513,55,Murilo Freitas,Jhon Murillo,CD Tondela
8279513,63,Alassane També,Fernando Ferreira,CD Tondela
8279513,64,Zè Turbo,Érick Moreno,CD Tondela
8279520,72,Joel Campbell,Bruno César,Sporting CP
8279520,77,Elías,Adrien Silva,Sporting CP
8279520,85,Lazar Marković,Gelson Martins,Sporting CP
8279520,65,Thiago Santana,Vasco Costa,Vitória Setúbal
8279520,70,Arnold Issoko,Nuno Santos,Vitória Setúbal
8279520,81,Edinho,André Claro,Vitória Setúbal
8279518,45,Yacine Brahimi,Otávio,FC Porto
8279518,75,Héctor Herrera,Óliver Torres,FC Porto
8279518,75,Rui Pedro,Miguel Layún,FC Porto
8279518,45,Lazar Rosić,Nikola Stojiljković,Sporting Braga
8279518,65,Djavan,Wilson Eduardo,Sporting Braga
8279518,74,Rui Fonte,Ahmed Hassan,Sporting Braga
8279512,59,Alan Schons,Chico Geraldes,Moreirense FC
8279512,60,Nildo Petrolina,Ousmane Dramé,Moreirense FC
8279512,83,David Ramírez,Emmanuel Boateng,Moreirense FC
8279512,35,Jota,Aly Ghazal,CD Nacional
8279512,46,Witi,Nelson Bonilla,CD Nacional
8279512,62,Jhonder Cádíz,Jota,CD Nacional
8279514,57,Higor Platiny,Tiago Silva,CD Feirense
8279514,57,Guima,Barge,CD Feirense
8279514,75,Iduitua David,Anastasios Karamanos,CD Feirense
8279514,65,Gegé,Ânderson Luís,FC Arouca
8279514,82,Rafael Crivellaro,Mateus,FC Arouca
8279514,90,Hugo Basto,Wálter González,FC Arouca
8279515,63,Felipe Augusto,Bruno Gomes,GD Estoril
8279515,78,Konstantin Bazelyuk,Mattheus Oliveira,GD Estoril
8279515,83,Dankler,Joel Ferreira,GD Estoril
8279515,73,Miguel Rosa,Gerso,Os Belenenses
8279515,87,Luís Silva,Abel Camará,Os Belenenses
8279515,88,Komnen Andrić,André Sousa,Os Belenenses
8279519,68,Raphinha,Hernâni,Vitória Guimarães
8279519,77,João Vigário,Paolo Hurtado,Vitória Guimarães
8279519,84,Tózé,Bruno Gaspar,Vitória Guimarães
8279519,64,Alioune Fall,Simon Vukčević,GD Chaves
8279519,72,João Patrão,Pedro Queirós,GD Chaves
8279519,90,Fábio Santos,Perdigão,GD Chaves
8279517,65,Mateus,Andrezinho,Paços de Ferreira
8279517,65,Barnes Osei,Gleison Moreira,Paços de Ferreira
8279517,85,Ricardo Valente,Welthon,Paços de Ferreira
8279517,57,Emin Makhmudov,Samu,Boavista
8279517,75,Idelino,Philipe Sampaio,Boavista
8279517,80,Anderson Correia,Talocha,Boavista
8279529,66,André Claro,Nuno Santos,Vitória Setúbal
8279529,70,Thiago Santana,Edinho,Vitória Setúbal
8279529,85,Zé Manuel,João Amaral,Vitória Setúbal
8279529,46,Felipe Augusto,Matheus Índio,GD Estoril
8279529,59,Konstantin Bazelyuk,Mattheus Oliveira,GD Estoril
8279529,71,Bruno Gomes,Gustavo Tocantins,GD Estoril
8279522,64,Luís Silva,Hassan Yebda,Os Belenenses
8279522,68,Miguel Rosa,Gerso,Os Belenenses
8279522,90,Komnen Andrić,Abel Camará,Os Belenenses
8279522,46,Donald Djoussé,Éber Bessa,Maritimo Funchal
8279522,64,Alex Soares,Erdem Şen,Maritimo Funchal
8279522,72,Brito,António Xavier,Maritimo Funchal
8279526,57,João Patrão,Braga,GD Chaves
8279526,67,Rafa,Fábio Santos,GD Chaves
8279526,81,Simon Vukčević,Perdigão,GD Chaves
8279526,68,Nildo Petrolina,Ousmane Dramé,Moreirense FC
8279526,77,David Ramírez,Emmanuel Boateng,Moreirense FC
8279526,87,Alan Schons,Pierre Sagna,Moreirense FC
8279524,70,Emin Makhmudov,Carraça,Boavista
8279524,84,Erivelto,Tengarrinha,Boavista
8279524,70,Hernâni,Raphinha,Vitória Guimarães
8279524,73,Moreno,Paolo Hurtado,Vitória Guimarães
8279524,89,Bernard Mensah,João Pedro,Vitória Guimarães
8279527,53,Higor Platiny,Jean Alcénat,CD Feirense
8279527,60,Cris,Tiago Silva,CD Feirense
8279527,70,Rocha,Anastasios Karamanos,CD Feirense
8279527,57,Héctor Herrera,Jesús Corona,FC Porto
8279527,65,André André,Óliver Torres,FC Porto
8279527,70,Rui Pedro,André Silva,FC Porto
8279528,53,Willyan,Jota,CD Nacional
8279528,64,Vítor Gonçalves,Witi,CD Nacional
8279528,81,Roniel,Salvador Agra,CD Nacional
8279528,68,Alassane També,Miguel Cardoso,CD Tondela
8279528,69,Murilo Freitas,Fernando Ferreira,CD Tondela
8279528,88,Claude Gonçalves,Wágner,CD Tondela
8279523,55,Danilo,Eduardo Salvio,SL Benfica
8279523,65,Franco Cervi,Gonçalo Guedes,SL Benfica
8279523,90,Andreas Samaris,Rafa Silva,SL Benfica
8279523,46,Joel Campbell,Bruno César,Sporting CP
8279523,60,Alan Ruíz,Bryan Ruiz,Sporting CP
8279523,84,André,Bas Dost,Sporting CP
8279525,8,Rui Fonte,Nikola Stojiljković,Sporting Braga
8279525,70,Pedro Tiba,Nikola Vukčević,Sporting Braga
8279525,82,Alan,Rui Fonte,Sporting Braga
8279525,62,Ricardo Valente,Andrezinho,Paços de Ferreira
8279525,70,Barnes Osei,Gleison Moreira,Paços de Ferreira
8279525,79,Minhoca,Welthon,Paços de Ferreira
8279521,86,Marlon de Jesús,Wálter González,FC Arouca
8279521,90,Rafael Crivellaro,Adilson Goiano,FC Arouca
8279521,90,Kuca,Mateus,FC Arouca
8279521,64,Filip Krovinović,Héldon,Rio Ave FC
8279521,76,Ronan,Guedes,Rio Ave FC
8279521,88,Luwagga Kizito,Filipe Augusto,Rio Ave FC
8279532,61,Mateus,Marco Baixinho,Paços de Ferreira
8279532,72,João Góis,Filipe Ferreira,Paços de Ferreira
8279532,77,Ricardo Valente,Barnes Osei,Paços de Ferreira
8279532,53,Miguel Rosa,Gerso,Os Belenenses
8279532,65,Tiago Caeiro,Vítor Gomes,Os Belenenses
8279532,78,Hassan Yebda,André Sousa,Os Belenenses
8279531,41,David Ramírez,Ousmane Dramé,Moreirense FC
8279531,67,Nildo Petrolina,Chico Geraldes,Moreirense FC
8279531,76,Ença Fati,Rebocho,Moreirense FC
8279531,66,Kuca,Rafael Crivellaro,FC Arouca
8279531,84,Nuno Valente,Wálter González,FC Arouca
8279531,90,José Velázquez,Adilson Goiano,FC Arouca
8279533,62,Gustavo Tocantins,Bruno Gomes,GD Estoril
8279533,73,Alisson Farias,Matheus Índio,GD Estoril
8279533,83,Dmytro Yarchuk,Taira,GD Estoril
8279533,68,Kostas Mitroglou,Franco Cervi,SL Benfica
8279533,79,Jonas,Raúl Jiménez,SL Benfica
8279533,89,Andreas Samaris,Gonçalo Guedes,SL Benfica
8279534,44,Hélder Tavares,Claude Gonçalves,CD Tondela
8279534,76,Jhon Murillo,Wágner,CD Tondela
8279534,86,Alassane També,Miguel Cardoso,CD Tondela
8279534,46,Emin Makhmudov,Carraça,Boavista
8279534,65,Erivelto,André Schembri,Boavista
8279534,80,Samu,Tengarrinha,Boavista
8279539,46,Filipe Augusto,Tarantini,Rio Ave FC
8279539,58,Pedrinho,Lionn,Rio Ave FC
8279539,77,Rúben Ribeiro,Héldon,Rio Ave FC
8279539,59,Willyan,Witi,CD Nacional
8279539,61,Vítor Gonçalves,Rui Correia,CD Nacional
8279539,68,Nelson Bonilla,Tiago Rodrigues,CD Nacional
8279530,59,Hernâni,Paolo Hurtado,Vitória Guimarães
8279530,62,Bernard Mensah,David Texeira,Vitória Guimarães
8279530,87,Prince Gouano,Raphinha,Vitória Guimarães
8279530,62,Zé Manuel,João Amaral,Vitória Setúbal
8279530,71,André Claro,Ryan Gauld,Vitória Setúbal
8279530,83,Vasco Costa,Nuno Santos,Vitória Setúbal
8279535,46,Douglas,Rúben Semedo,Sporting CP
8279535,72,Bruno César,Marvin Zeegelaar,Sporting CP
8279535,79,André,Bryan Ruiz,Sporting CP
8279535,67,Ahmed Hassan,Alan,Sporting Braga
8279535,74,Pedro Tiba,Xeka,Sporting Braga
8279535,83,Marko Bakić,Rui Fonte,Sporting Braga
8279538,73,António Xavier,Edgar Costa,Maritimo Funchal
8279538,74,Dyego Sousa,Donald Djoussé,Maritimo Funchal
8279538,88,Alex Soares,Fransérgio,Maritimo Funchal
8279538,46,Anastasios Karamanos,Alex Kakuba,CD Feirense
8279538,74,Cris,Jean Alcénat,CD Feirense
8279538,90,Guima,Higor Platiny,CD Feirense
8279537,64,Laurent Depoitre,Diogo Jota,FC Porto
8279537,83,Rúben Neves,Óliver Torres,FC Porto
8279537,85,João Carlos Teixeira,Yacine Brahimi,FC Porto
8279537,46,Alioune Fall,Rafa,GD Chaves
8279537,75,João Patrão,Perdigão,GD Chaves
8279537,81,João Mário,Braga,GD Chaves
8279548,73,Héctor Herrera,Yacine Brahimi,FC Porto
8279548,84,João Carlos Teixeira,Jesús Corona,FC Porto
8279548,84,Rúben Neves,Óliver Torres,FC Porto
8279548,64,Samuel Santos,António Xavier,Maritimo Funchal
8279548,78,Donald Djoussé,Edgar Costa,Maritimo Funchal
8279548,78,Jean Cleber,Éber Bessa,Maritimo Funchal
8279542,67,Jonas,Rafa Silva,SL Benfica
8279542,76,Raúl Jiménez,Kostas Mitroglou,SL Benfica
8279542,83,André Carrillo,Gonçalo Guedes,SL Benfica
8279542,46,Tarantini,Filipe Augusto,Rio Ave FC
8279542,46,Gil Dias,Filip Krovinović,Rio Ave FC
8279542,74,Yazalde,Guedes,Rio Ave FC
8279547,37,Vítor Gonçalves,Aly Ghazal,CD Nacional
8279547,46,Nelson Bonilla,Witi,CD Nacional
8279547,55,Willyan,Tiago Rodrigues,CD Nacional
8279547,62,Fábio Espinho,Emin Makhmudov,Boavista
8279547,68,André Bukia,André Schembri,Boavista
8279547,88,Carlos Santos,Anderson Carvalho,Boavista
8279543,46,Pedro Tiba,Xeka,Sporting Braga
8279543,58,Ahmed Hassan,Ricardo Horta,Sporting Braga
8279543,90,Tomás Martínez,Rui Fonte,Sporting Braga
8279543,66,Nildo Petrolina,Ousmane Dramé,Moreirense FC
8279543,77,Tiago Morgado,Chico Geraldes,Moreirense FC
8279543,83,Roberto,Ângelo Neto,Moreirense FC
8279545,52,Jean Alcénat,Barge,CD Feirense
8279545,79,Luís Aurélio,Fábio,CD Feirense
8279545,90,Ícaro Silva,Luís Machado,CD Feirense
8279545,64,Minhoca,Andrezinho,Paços de Ferreira
8279545,79,Leandro Silva,Mateus,Paços de Ferreira
8279545,79,Gleison Moreira,Ricardo Valente,Paços de Ferreira
8279541,73,Gerso,Benny,Os Belenenses
8279541,84,Mica,Hassan Yebda,Os Belenenses
8279541,90,Tiago Caeiro,Fábio Sturgeon,Os Belenenses
8279541,58,Joel Campbell,Bryan Ruiz,Sporting CP
8279541,73,Luc Castaignos,Alan Ruíz,Sporting CP
8279541,83,Bruno César,William Carvalho,Sporting CP
8279544,77,Rafa,Willian Oliveira,GD Chaves
8279544,86,Simon Vukčević,Perdigão,GD Chaves
8279544,89,Fábio Santos,Braga,GD Chaves
8279544,55,Mattheus Oliveira,Konstantin Bazelyuk,GD Estoril
8279544,70,Gustavo Tocantins,Alisson Farias,GD Estoril
8279544,89,Felipe Augusto,Eduardo Teixeira,GD Estoril
8279546,71,André Claro,Nuno Santos,Vitória Setúbal
8279546,78,Zé Manuel,João Amaral,Vitória Setúbal
8279546,87,Albert Meyong,Edinho,Vitória Setúbal
8279546,57,Zè Turbo,Miguel Cardoso,CD Tondela
8279546,62,Hélder Tavares,Fernando Ferreira,CD Tondela
8279546,76,Dylan Flores,Wágner,CD Tondela
8279540,78,Artur,Rafael Crivellaro,FC Arouca
8279540,78,Nuno Valente,Marlon de Jesús,FC Arouca
8279540,83,Kuca,Adilson Goiano,FC Arouca
8279540,62,Rafael Miranda,João Pedro,Vitória Guimarães
8279540,67,Hernâni,Raphinha,Vitória Guimarães
8279540,90,Prince Gouano,Bernard Mensah,Vitória Guimarães
8279555,67,Witi,Willyan,CD Nacional
8279555,68,Nelson Bonilla,Okacha Hamzaoui,CD Nacional
8279555,83,Jota,Vítor Gonçalves,CD Nacional
8279555,61,Alan,Ricardo Horta,Sporting Braga
8279555,61,Rodrigo Pinho,Crislan,Sporting Braga
8279555,72,Marcelo Goiano,Djavan,Sporting Braga
8279550,46,Diogo Amado,Taira,GD Estoril
8279550,68,Bruno Gomes,Alisson Farias,GD Estoril
8279550,80,Konstantin Bazelyuk,Matheus Índio,GD Estoril
8279550,67,Alex Soares,Éber Bessa,Maritimo Funchal
8279550,67,Dyego Sousa,Donald Djoussé,Maritimo Funchal
8279550,90,Deyvison,Edgar Costa,Maritimo Funchal
8279554,60,Bernard Mensah,João Aurélio,Vitória Guimarães
8279554,80,David Texeira,Raphinha,Vitória Guimarães
8279554,85,Xande Silva,Paolo Hurtado,Vitória Guimarães
8279554,17,Andreas Samaris,Ljubomir Fejsa,SL Benfica
8279554,72,André Horta,Jonas,SL Benfica
8279554,88,Andrija Živković,Eduardo Salvio,SL Benfica
8279551,69,Barnes Osei,Minhoca,Paços de Ferreira
8279551,82,Andrezinho,Vasco Rocha,Paços de Ferreira
8279551,90,Christian,Ricardo,Paços de Ferreira
8279551,67,Rui Pedro,Diogo Jota,FC Porto
8279551,78,João Carlos Teixeira,Óliver Torres,FC Porto
8279551,88,Varela,Jesús Corona,FC Porto
8279552,22,Murilo Freitas,Érick Moreno,CD Tondela
8279552,60,Fernando Ferreira,Pedro Nuno,CD Tondela
8279552,60,Miguel Cardoso,Wágner,CD Tondela
8279552,73,Hugo Basto,Adilson Goiano,FC Arouca
8279552,88,Rafael Crivellaro,Wálter González,FC Arouca
8279552,90,Kuca,Artur,FC Arouca
8279556,25,Nadjack,Lionn,Rio Ave FC
8279556,62,Filipe Augusto,Alhassan Wakaso,Rio Ave FC
8279556,79,Ronan,Gil Dias,Rio Ave FC
8279556,18,Rafa,Fábio Santos,GD Chaves
8279556,85,Davidson,Willian Oliveira,GD Chaves
8279556,90,Simon Vukčević,Perdigão,GD Chaves
8279549,71,André Bukia,André Schembri,Boavista
8279549,86,Carraça,Fábio Espinho,Boavista
8279549,90,Carlos Santos,Anderson Carvalho,Boavista
8279549,46,Arnold Issoko,Vasco Fernandes,Vitória Setúbal
8279549,64,Zé Manuel,João Amaral,Vitória Setúbal
8279549,75,Thiago Santana,Vasco Costa,Vitória Setúbal
8279557,37,Elías,Adrien Silva,Sporting CP
8279557,69,Bryan Ruiz,Alan Ruíz,Sporting CP
8279557,90,Jefferson,Joel Campbell,Sporting CP
8279557,60,Tiago Silva,Luís Aurélio,CD Feirense
8279557,60,Anastasios Karamanos,Luís Machado,CD Feirense
8279557,89,Jean Alcénat,Fábio,CD Feirense
8279553,36,Jander,Chico Geraldes,Moreirense FC
8279553,63,Ousmane Dramé,Daniel Podence,Moreirense FC
8279553,80,David Ramírez,Roberto,Moreirense FC
8279553,60,Luís Silva,André Sousa,Os Belenenses
8279553,68,Fábio Nunes,Miguel Rosa,Os Belenenses
8279553,86,Juanto,Oriol Rosell,Os Belenenses
8279558,58,Tó Mané,Mateus,FC Arouca
8279558,75,Kuca,Wálter González,FC Arouca
8279558,78,Rafael Crivellaro,Artur,FC Arouca
8279558,46,Bruno Gomes,Matheus Índio,GD Estoril
8279558,68,João Basso,Eduardo Teixeira,GD Estoril
8279558,74,Kléber,Alisson Farias,GD Estoril
8279560,37,Kostas Mitroglou,Rafa Silva,SL Benfica
8279560,46,Franco Cervi,Luisão,SL Benfica
8279560,66,Andrija Živković,Gonçalo Guedes,SL Benfica
8279560,66,André Bukia,André Schembri,Boavista
8279560,77,Mesquita,Iuri Medeiros,Boavista
8279560,89,Emin Makhmudov,Fábio Espinho,Boavista
8279566,56,Zé Manuel,João Amaral,Vitória Setúbal
8279566,70,Thiago Santana,Nuno Santos,Vitória Setúbal
8279566,77,Vasco Costa,André Claro,Vitória Setúbal
8279566,60,Ricardo,Willyan,CD Nacional
8279562,62,Davidson,Willian Oliveira,GD Chaves
8279562,82,João Patrão,Braga,GD Chaves
8279562,85,Batatinha,Pedro Queirós,GD Chaves
8279562,46,Bryan Ruiz,Alan Ruíz,Sporting CP
8279562,46,André,Joel Campbell,Sporting CP
8279562,78,Paulo Oliveira,Bas Dost,Sporting CP
8279563,72,Tiago Silva,Fábio,CD Feirense
8279563,85,Luís Machado,Higor Platiny,CD Feirense
8279563,90,Luís Aurélio,Peter Etebo,CD Feirense
8279563,61,Bernard Mensah,João Pedro,Vitória Guimarães
8279563,69,David Texeira,Raphinha,Vitória Guimarães
8279563,84,Alex,Hernâni,Vitória Guimarães
8279564,79,Brito,António Xavier,Maritimo Funchal
8279564,90,Jean Cleber,Alex Soares,Maritimo Funchal
8279564,90,Carlos Daniel,Gevorg Ghazaryan,Maritimo Funchal
8279564,70,Barnes Osei,Vasco Rocha,Paços de Ferreira
8279564,70,Bruno Santos,Francisco Afonso,Paços de Ferreira
8279564,81,Ivo Rodrigues,Minhoca,Paços de Ferreira
8279565,69,André André,Óliver Torres,FC Porto
8279565,69,Kelvin,Jesús Corona,FC Porto
8279565,78,Rui Pedro,Diogo Jota,FC Porto
8279565,46,Nildo Petrolina,Alan Schons,Moreirense FC
8279565,68,Jander,Ousmane Dramé,Moreirense FC
8279565,79,David Ramírez,Daniel Podence,Moreirense FC
8279559,67,Fábio Nunes,André Sousa,Os Belenenses
8279559,77,Oriol Rosell,Fábio Sturgeon,Os Belenenses
8279559,88,Tiago Caeiro,Juanto,Os Belenenses
8279559,59,Gonçalo Paciência,Guedes,Rio Ave FC
8279559,76,Yazalde,Héldon,Rio Ave FC
8279559,85,Filip Krovinović,Nadjack,Rio Ave FC
8279561,57,Nikola Stojiljković,Rodrigo Pinho,Sporting Braga
8279561,64,Ricardo Horta,Pedro Santos,Sporting Braga
8279561,80,Lazar Rosić,Emiliano Velázquez,Sporting Braga
8279561,57,Dylan Flores,Hélder Tavares,CD Tondela
8279561,58,Murilo Freitas,Miguel Cardoso,CD Tondela
8279561,75,Pité,Claude Gonçalves,CD Tondela
8279573,46,Andrezinho,Minhoca,Paços de Ferreira
8279573,46,Ivo Rodrigues,Mateus,Paços de Ferreira
8279573,72,Barnes Osei,Ricardo Valente,Paços de Ferreira
8279573,72,Tiago Almeida,Ousmane Dramé,Moreirense FC
8279573,79,Emmanuel Boateng,Roberto,Moreirense FC
8279573,86,Tiago Morgado,Nildo Petrolina,Moreirense FC
8279575,46,André André,Jesús Corona,FC Porto
8279575,56,Rui Pedro,Miguel Layún,FC Porto
8279575,82,João Carlos Teixeira,Óliver Torres,FC Porto
8279575,21,Bruno Teles,Pedrinho,Rio Ave FC
8279575,65,Filip Krovinović,Rúben Ribeiro,Rio Ave FC
8279575,79,Ronan,Héldon,Rio Ave FC
8279574,67,Zainadine Júnior,Patrick,Maritimo Funchal
8279574,73,António Xavier,Edgar Costa,Maritimo Funchal
8279574,89,Alex Soares,Éber Bessa,Maritimo Funchal
8279574,46,Alan Ruíz,Marvin Zeegelaar,Sporting CP
8279574,64,Joel Campbell,Bryan Ruiz,Sporting CP
8279574,64,William Carvalho,João Palhinha,Sporting CP
8279568,65,Kuca,Jorge Intima,FC Arouca
8279568,74,Wálter González,Artur,FC Arouca
8279568,88,Rafael Crivellaro,Adilson Goiano,FC Arouca
8279568,71,Idelino,André Schembri,Boavista
8279568,81,Carraça,Anderson Carvalho,Boavista
8279568,90,Carlos Santos,Fábio Espinho,Boavista
8279567,77,Jean Alcénat,Luís Machado,CD Feirense
8279567,81,Tiago Silva,Fábio,CD Feirense
8279567,90,Ícaro Silva,Higor Platiny,CD Feirense
8279567,46,Kléber,Konstantin Bazelyuk,GD Estoril
8279567,46,André Claro,Eduardo Teixeira,GD Estoril
8279567,53,Ailton,Joel Ferreira,GD Estoril
8279570,46,Eduardo Salvio,Franco Cervi,SL Benfica
8279570,70,Rafa Silva,Kostas Mitroglou,SL Benfica
8279570,86,Guillermo Celis,Pizzi,SL Benfica
8279570,60,Dylan Flores,Murilo Freitas,CD Tondela
8279570,70,Pité,Claude Gonçalves,CD Tondela
8279570,79,Yordan Osorio,Fernando Ferreira,CD Tondela
8279569,55,Fábio Nunes,Fábio Sturgeon,Os Belenenses
8279569,55,Tiago Caeiro,Hassan Yebda,Os Belenenses
8279569,75,Oriol Rosell,André Sousa,Os Belenenses
8279569,74,Nenê Bonilha,João Amaral,Vitória Setúbal
8279569,81,Thiago Santana,Zé Manuel,Vitória Setúbal
8279569,87,Vasco Fernandes,Nuno Santos,Vitória Setúbal
8279571,46,Nikola Vukčević,Xeka,Sporting Braga
8279571,62,Ricardo Horta,Lazar Rosić,Sporting Braga
8279571,62,Alan,Pedro Santos,Sporting Braga
8279571,76,Bernard Mensah,Paolo Hurtado,Vitória Guimarães
8279571,83,Rúben,Raphinha,Vitória Guimarães
8279571,90,Joseph Amoah,Hernâni,Vitória Guimarães
8279572,73,Renan Bressan,João Patrão,GD Chaves
8279572,80,Batatinha,Perdigão,GD Chaves
8279572,89,Simon Vukčević,Rafa,GD Chaves
8279572,51,Jhonder Cádíz,Okacha Hamzaoui,CD Nacional
8279572,66,Roniel,Tiago Rodrigues,CD Nacional
8279572,75,Jota,Vítor Gonçalves,CD Nacional
8279577,58,David Mbala,André Bukia,Boavista
8279577,60,Emin Makhmudov,Anderson Carvalho,Boavista
8279577,74,Idelino,André Schembri,Boavista
8279577,72,Oriol Rosell,Juanto,Os Belenenses
8279577,86,André Sousa,Hassan Yebda,Os Belenenses
8279577,90,Brandão,Abel Camará,Os Belenenses
8279580,8,Miguel Cardoso,Wágner,CD Tondela
8279580,19,Hélder Tavares,Bruno Monteiro,CD Tondela
8279580,84,Murilo Freitas,Heliardo,CD Tondela
8279580,36,Alioune Fall,Rafa,GD Chaves
8279580,55,Pedro Tiba,João Patrão,GD Chaves
8279580,72,Simon Vukčević,Perdigão,GD Chaves
8279576,29,Tobias Figueiredo,Victor García,CD Nacional
8279576,59,Zizo,Tiago Rodrigues,CD Nacional
8279576,70,Witi,Willyan,CD Nacional
8279576,56,Kuca,Mateus,FC Arouca
8279576,74,Wálter González,Jorge Intima,FC Arouca
8279576,90,José Velázquez,Artur,FC Arouca
8279584,64,Rafael,David Texeira,Vitória Guimarães
8279584,82,Tózé,Paolo Hurtado,Vitória Guimarães
8279584,87,Alex,Bernard Mensah,Vitória Guimarães
8279584,66,António Xavier,Edgar Costa,Maritimo Funchal
8279584,77,Alex Soares,Éber Bessa,Maritimo Funchal
8279584,90,Zainadine Júnior,Gevorg Ghazaryan,Maritimo Funchal
8279583,67,Bruno Gomes,Gustavo Tocantins,GD Estoril
8279583,77,Dankler,Mano,GD Estoril
8279583,84,Konstantin Bazelyuk,Kléber,GD Estoril
8279583,36,Yacine Brahimi,Diogo Jota,FC Porto
8279583,66,Jesús Corona,Héctor Herrera,FC Porto
8279583,66,Rui Pedro,Óliver Torres,FC Porto
8279582,61,João Palhinha,Adrien Silva,Sporting CP
8279582,74,Marvin Zeegelaar,Alan Ruíz,Sporting CP
8279582,89,Matheus Pereira,Bruno César,Sporting CP
8279582,71,Filipe Melo,Mateus,Paços de Ferreira
8279582,83,Andrezinho,Barnes Osei,Paços de Ferreira
8279582,83,Luiz Phellype,Vasco Rocha,Paços de Ferreira
8279578,72,Vasco Costa,João Amaral,Vitória Setúbal
8279578,83,André Pedrosa,Nenê Bonilha,Vitória Setúbal
8279578,86,Thiago Santana,Arnold Issoko,Vitória Setúbal
8279578,46,Rafa Silva,Franco Cervi,SL Benfica
8279578,73,André Carrillo,André Almeida,SL Benfica
8279578,81,Luka Jović,Pizzi,SL Benfica
8279581,67,Jander,Nildo Petrolina,Moreirense FC
8279581,67,Pierre Sagna,Ousmane Dramé,Moreirense FC
8279581,78,David Ramírez,Tiago Almeida,Moreirense FC
8279581,70,Tiago Silva,Fábio,CD Feirense
8279581,81,Anastasios Karamanos,Higor Platiny,CD Feirense
8279581,89,Jean Alcénat,Luís Machado,CD Feirense
8279579,76,Filip Krovinović,Rúben Ribeiro,Rio Ave FC
8279579,84,João Novais,Pedro Moreira,Rio Ave FC
8279579,90,Luwagga Kizito,Gil Dias,Rio Ave FC
8279579,72,Alan,Ricardo Horta,Sporting Braga
8279579,73,Rodrigo Pinho,Nikola Stojiljković,Sporting Braga
8279579,83,Tomás Martínez,Lazar Rosić,Sporting Braga
8279591,58,Filipe Melo,Mateus,Paços de Ferreira
8279591,58,Diego,Barnes Osei,Paços de Ferreira
8279591,80,Luiz Phellype,Minhoca,Paços de Ferreira
8279591,61,Moussa Marega,Raphinha,Vitória Guimarães
8279591,68,Joseph Amoah,Paolo Hurtado,Vitória Guimarães
8279591,78,David Texeira,Bongani Zungu,Vitória Guimarães
8279585,73,Davidson,Perdigão,GD Chaves
8279585,76,Batatinha,Fábio Martins,GD Chaves
8279585,89,João Patrão,Renan Bressan,GD Chaves
8279585,61,Iván Bulos,André Schembri,Boavista
8279585,73,Mesquita,Iuri Medeiros,Boavista
8279585,90,Rochinha,Renato Santos,Boavista
8279593,70,Diogo Jota,Yacine Brahimi,FC Porto
8279593,83,João Carlos Teixeira,Jesús Corona,FC Porto
8279593,46,Alan Ruíz,Matheus Pereira,Sporting CP
8279593,57,Ricardo Esgaio,Marvin Zeegelaar,Sporting CP
8279593,80,Daniel Podence,João Palhinha,Sporting CP
8279586,28,Rafael Crivellaro,Artur,FC Arouca
8279586,72,Wálter González,Mateus,FC Arouca
8279586,90,Keirrison,Wálter González,FC Arouca
8279586,46,Pedro Trigueira,Bruno Varela,Vitória Setúbal
8279586,77,Thiago Santana,Zé Manuel,Vitória Setúbal
8279586,77,João Carvalho,João Amaral,Vitória Setúbal
8279588,70,Rafa Silva,Eduardo Salvio,SL Benfica
8279588,78,Filipe Augusto,Pizzi,SL Benfica
8279588,82,André Carrillo,Kostas Mitroglou,SL Benfica
8279588,51,Tiago Rodrigues,Dejan Mezga,CD Nacional
8279588,62,Willyan,Zéquinha,CD Nacional
8279588,70,Mauro Cerqueira,Nuno Sequeira,CD Nacional
8279587,58,Tiago Caeiro,André Sousa,Os Belenenses
8279587,73,Diogo Viana,Edgar Ié,Os Belenenses
8279587,90,Benny,Fábio Nunes,Os Belenenses
8279587,60,Miguel Batista,Heliardo,CD Tondela
8279587,67,Pité,Miguel Cardoso,CD Tondela
8279587,74,Kaká,Pedro Nuno,CD Tondela
8279592,68,Alex Soares,Éber Bessa,Maritimo Funchal
8279592,72,António Xavier,Gevorg Ghazaryan,Maritimo Funchal
8279592,90,Jean Cleber,Edgar Costa,Maritimo Funchal
8279592,57,Emmanuel Boateng,Alex,Moreirense FC
8279592,57,Modou Sougou,Wallyson,Moreirense FC
8279589,25,Lazar Rosić,Emiliano Velázquez,Sporting Braga
8279589,55,Ricardo Horta,Pedro Santos,Sporting Braga
8279589,70,Fede Cartabia,Alan,Sporting Braga
8279589,9,Eduardo Teixeira,Mattheus Oliveira,GD Estoril
8279589,85,Gustavo Tocantins,Licá,GD Estoril
8279589,90,Dankler,Kléber,GD Estoril
8279590,61,Jean Alcénat,Higor Platiny,CD Feirense
8279590,74,Fábio,Tiago Silva,CD Feirense
8279590,85,Paulo Monteiro,Anastasios Karamanos,CD Feirense
8279590,63,Filip Krovinović,Tarantini,Rio Ave FC
8279590,63,Luwagga Kizito,Héldon,Rio Ave FC
8279590,77,Guedes,Nadjack,Rio Ave FC
8279594,44,Júlio César,Kostas Mitroglou,SL Benfica
8279594,68,Raúl Jiménez,Jonas,SL Benfica
8279594,80,Filipe Augusto,Pizzi,SL Benfica
8279594,45,Rafael Crivellaro,Adilson Goiano,FC Arouca
8279594,64,Wálter González,Mateus,FC Arouca
8279594,80,Nuno Valente,Jubal Júnior,FC Arouca
8279597,64,Dylan Flores,Pedro Nuno,CD Tondela
8279597,64,Miguel Batista,Heliardo,CD Tondela
8279597,83,Vitaliy Lystsov,Rafael,CD Tondela
8279597,69,Hugo Seco,Cris,CD Feirense
8279597,72,Tiago Silva,Fábio,CD Feirense
8279597,88,Babanco,Luís Machado,CD Feirense
8279596,68,João Amaral,Zé Manuel,Vitória Setúbal
8279596,77,Thiago Santana,Nuno Santos,Vitória Setúbal
8279596,83,Nenê Bonilha,João Carvalho,Vitória Setúbal
8279596,63,Willian Oliveira,Fábio Martins,GD Chaves
8279596,63,Davidson,Braga,GD Chaves
8279600,81,Dankler,Licá,GD Estoril
8279600,84,Gustavo Tocantins,Mano,GD Estoril
8279600,90,Oumar Diakhité,Kléber,GD Estoril
8279600,46,Luiz Phellype,Minhoca,Paços de Ferreira
8279600,64,Diego,Vasco Rocha,Paços de Ferreira
8279600,72,Filipe Melo,Mateus,Paços de Ferreira
8279601,65,Fábio Sturgeon,Bernard Mensah,Vitória Guimarães
8279601,71,João Aurélio,Bongani Zungu,Vitória Guimarães
8279601,79,David Texeira,Raphinha,Vitória Guimarães
8279601,65,Jesús Corona,André Silva,FC Porto
8279601,75,Diogo Jota,Yacine Brahimi,FC Porto
8279601,83,Óliver Torres,André André,FC Porto
8279595,58,Willyan,Zizo,CD Nacional
8279595,62,Vítor Gonçalves,Jota,CD Nacional
8279595,81,Jhonder Cádíz,Salvador Agra,CD Nacional
8279595,46,Tiago Caeiro,Edgar Ié,Os Belenenses
8279595,66,André Sousa,Hassan Yebda,Os Belenenses
8279595,84,Robert Åhman-Persson,Abel Camará,Os Belenenses
8279602,64,Bakary Saré,Nildo Petrolina,Moreirense FC
8279602,69,Alex,Emmanuel Boateng,Moreirense FC
8279602,81,Roberto,Cauê,Moreirense FC
8279602,66,Daniel Podence,Bryan Ruiz,Sporting CP
8279602,80,Ricardo Esgaio,Alan Ruíz,Sporting CP
8279602,90,João Palhinha,Bruno César,Sporting CP
8279599,58,Iván Bulos,André Schembri,Boavista
8279599,82,David Mbala,Renato Santos,Boavista
8279599,88,Carraça,Fábio Espinho,Boavista
8279599,66,Ricardo Horta,Alan,Sporting Braga
8279599,74,Rodrigo Pinho,Nikola Stojiljković,Sporting Braga
8279599,81,Fede Cartabia,Pedro Santos,Sporting Braga
8279598,62,Tarantini,Pedro Moreira,Rio Ave FC
8279598,74,Guedes,Rúben Ribeiro,Rio Ave FC
8279598,87,Luwagga Kizito,Gil Dias,Rio Ave FC
8279598,66,Edgar Costa,António Xavier,Maritimo Funchal
8279598,66,Zainadine Júnior,Alex Soares,Maritimo Funchal
8279598,85,Brito,Gevorg Ghazaryan,Maritimo Funchal
8279611,64,Diogo Jota,Francisco Soares,FC Porto
8279611,64,Óliver Torres,Otávio,FC Porto
8279611,69,Miguel Layún,Maxi Pereira,FC Porto
8279611,46,Rafael,Pedro Nuno,CD Tondela
8279611,65,Miguel Batista,Heliardo,CD Tondela
8279611,72,Fernando Ferreira,Hélder Tavares,CD Tondela
8279603,61,Davidson,Perdigão,GD Chaves
8279603,75,Willian Oliveira,Rafa,GD Chaves
8279603,85,Batatinha,Fábio Martins,GD Chaves
8279603,46,Wálter González,Adilson Goiano,FC Arouca
8279603,76,Sami,Mateus,FC Arouca
8279606,69,Nildo Petrolina,Alex,Moreirense FC
8279606,71,Bakary Saré,Roberto,Moreirense FC
8279606,78,Frédéric Maciel,Modou Sougou,Moreirense FC
8279606,67,Gustavo Tocantins,Matheus Índio,GD Estoril
8279606,79,Konstantin Bazelyuk,Diogo Amado,GD Estoril
8279606,89,Oumar Diakhité,Kléber,GD Estoril
8279605,70,Peter Etebo,Cris,CD Feirense
8279605,80,Hugo Seco,Fábio,CD Feirense
8279605,87,Babanco,Barge,CD Feirense
8279605,86,Rochinha,Renato Santos,Boavista
8279605,90,Nuno Henrique,Iuri Medeiros,Boavista
8279605,90,Carraça,Fábio Espinho,Boavista
8279607,58,Bryan Ruiz,Bruno César,Sporting CP
8279607,66,Daniel Podence,Alan Ruíz,Sporting CP
8279607,81,João Palhinha,Adrien Silva,Sporting CP
8279607,19,Nélson Monte,Lionn,Rio Ave FC
8279607,68,Jaime Pinto,Pedro Moreira,Rio Ave FC
8279607,77,Guedes,Gonçalo Paciência,Rio Ave FC
8279609,68,Christian,Vasco Rocha,Paços de Ferreira
8279609,77,Ricardo Valente,Diego,Paços de Ferreira
8279609,89,Mateus,Barnes Osei,Paços de Ferreira
8279609,68,Albert Meyong,Edinho,Vitória Setúbal
8279609,68,João Amaral,Zé Manuel,Vitória Setúbal
8279609,84,Thiago Santana,Nuno Pinto,Vitória Setúbal
8279608,72,André Sousa,Juanto,Os Belenenses
8279608,80,Maurides,Tiago Caeiro,Os Belenenses
8279608,90,Robert Åhman-Persson,Abel Camará,Os Belenenses
8279608,67,Raphinha,Moussa Marega,Vitória Guimarães
8279608,78,Fábio Sturgeon,Hernâni,Vitória Guimarães
8279608,86,David Texeira,Rafael,Vitória Guimarães
8279604,46,Artur Jorge,Ricardo Ferreira,Sporting Braga
8279604,57,Fede Cartabia,Alan,Sporting Braga
8279604,72,Rodrigo Pinho,Nikola Stojiljković,Sporting Braga
8279604,60,André Carrillo,Eduardo Salvio,SL Benfica
8279604,73,Raúl Jiménez,Andrija Živković,SL Benfica
8279604,90,Filipe Augusto,Kostas Mitroglou,SL Benfica
8279610,65,Edgar Costa,Gevorg Ghazaryan,Maritimo Funchal
8279610,77,Donald Djoussé,Éber Bessa,Maritimo Funchal
8279610,90,Brito,António Xavier,Maritimo Funchal
8279610,69,Salvador Agra,Zéquinha,CD Nacional
8279610,89,Jhonder Cádíz,Fernando Aristeguieta,CD Nacional
8279620,60,João Aurélio,Guillermo Celis,Vitória Guimarães
8279620,70,Bernard Mensah,Paolo Hurtado,Vitória Guimarães
8279620,85,Fábio Sturgeon,Hernâni,Vitória Guimarães
8279620,70,Emmanuel Boateng,Alan Schons,Moreirense FC
8279620,78,Frédéric Maciel,Modou Sougou,Moreirense FC
8279617,55,Jonas,Eduardo Salvio,SL Benfica
8279617,77,Filipe Augusto,Pizzi,SL Benfica
8279617,88,Franco Cervi,Rafa Silva,SL Benfica
8279617,67,Davidson,Fábio Martins,GD Chaves
8279617,76,Rafa,Willian Oliveira,GD Chaves
8279617,78,João Patrão,Braga,GD Chaves
8279615,62,Wágner,Heliardo,CD Tondela
8279615,73,Miguel Batista,Pedro Nuno,CD Tondela
8279615,82,Murilo Freitas,Miguel Cardoso,CD Tondela
8279615,62,Gevorg Ghazaryan,Jean Cleber,Maritimo Funchal
8279615,74,Brito,Edgar Costa,Maritimo Funchal
8279615,83,Éber Bessa,António Xavier,Maritimo Funchal
8279619,46,Kléber,Bruno Gomes,GD Estoril
8279619,73,Gustavo Tocantins,Matheus Índio,GD Estoril
8279619,82,Konstantin Bazelyuk,Dmytro Yarchuk,GD Estoril
8279619,81,Bruno César,Alan Ruíz,Sporting CP
8279619,90,Daniel Podence,Gelson Martins,Sporting CP
8279619,90,Luc Castaignos,Bas Dost,Sporting CP
8279614,64,Guedes,Gonçalo Paciência,Rio Ave FC
8279614,65,Héldon,Tarantini,Rio Ave FC
8279614,80,Ronan,Gil Dias,Rio Ave FC
8279614,60,Ivo Rodrigues,Barnes Osei,Paços de Ferreira
8279614,74,Andrezinho,Pedrinho,Paços de Ferreira
8279614,89,Christian,Diego,Paços de Ferreira
8279613,61,Salvador Agra,Ricardo,CD Nacional
8279613,61,Okacha Hamzaoui,Willyan,CD Nacional
8279613,77,Zizo,Zéquinha,CD Nacional
8279613,69,Babanco,Tiago Silva,CD Feirense
8279613,79,Hugo Seco,Luís Machado,CD Feirense
8279613,89,Paulo Monteiro,Peter Etebo,CD Feirense
8279612,72,Arnold Issoko,Nuno Pinto,Vitória Setúbal
8279612,79,Zé Manuel,João Carvalho,Vitória Setúbal
8279612,84,Albert Meyong,Pedro Pinto,Vitória Setúbal
8279612,56,Nikola Vukčević,Nikola Stojiljković,Sporting Braga
8279612,66,Fede Cartabia,Alan,Sporting Braga
8279612,81,Marcelo Goiano,Djavan,Sporting Braga
8279618,46,Nuno Henrique,Carlos Santos,Boavista
8279618,58,André Schembri,Fábio Espinho,Boavista
8279618,77,André Bukia,Renato Santos,Boavista
8279618,46,Diogo Jota,Jesús Corona,FC Porto
8279618,71,Otávio,Yacine Brahimi,FC Porto
8279618,85,Miguel Layún,André André,FC Porto
8279616,18,Adilson Goiano,Nuno Coelho,FC Arouca
8279616,64,Wálter González,Adilson Goiano,FC Arouca
8279616,74,Sami,Kuca,FC Arouca
8279616,45,André Sousa,Juanto,Os Belenenses
8279616,78,Robert Åhman-Persson,Abel Camará,Os Belenenses
8279616,86,Fábio Nunes,Maurides,Os Belenenses
8279623,71,Emmanuel Boateng,Alex,Moreirense FC
8279623,79,Ary Papel,Bakary Saré,Moreirense FC
8279623,81,Alan Schons,Nildo Petrolina,Moreirense FC
8279623,70,Rochinha,Renato Santos,Boavista
8279623,79,Mesquita,Anderson Correia,Boavista
8279623,88,Carraça,Fábio Espinho,Boavista
8279621,63,Ahmed Hassan,Artur Jorge,Sporting Braga
8279621,69,Ricardo Horta,Fede Cartabia,Sporting Braga
8279621,82,Nikola Stojiljković,Rui Fonte,Sporting Braga
8279621,46,Hugo Basto,José Velázquez,FC Arouca
8279621,46,Wálter González,Rafael Crivellaro,FC Arouca
8279621,72,Artur,Mateus,FC Arouca
8279625,66,Diogo Jota,Danilo,FC Porto
8279625,72,Otávio,Yacine Brahimi,FC Porto
8279625,75,João Carlos Teixeira,André André,FC Porto
8279625,59,Salvador Agra,Zéquinha,CD Nacional
8279625,60,Dejan Mezga,Willyan,CD Nacional
8279625,73,Okacha Hamzaoui,Fernando Aristeguieta,CD Nacional
8279622,58,Ícaro Silva,Rocha,CD Feirense
8279622,74,Paraiba,Luís Machado,CD Feirense
8279622,81,Fábio,Babanco,CD Feirense
8279622,64,Franco Cervi,André Carrillo,SL Benfica
8279622,74,Jonas,Eduardo Salvio,SL Benfica
8279622,86,Raúl Jiménez,Kostas Mitroglou,SL Benfica
8279628,46,Ivo Rodrigues,Barnes Osei,Paços de Ferreira
8279628,77,Ricardo Valente,Diego,Paços de Ferreira
8279628,86,Andrezinho,Pedrinho,Paços de Ferreira
8279628,59,Amido Baldé,Heliardo,CD Tondela
8279628,73,Fernando Ferreira,Wágner,CD Tondela
8279628,87,Murilo Freitas,Miguel Cardoso,CD Tondela
8279629,75,Brito,António Xavier,Maritimo Funchal
8279629,79,Donald Djoussé,Alhassane Keita,Maritimo Funchal
8279629,87,Zainadine Júnior,Éber Bessa,Maritimo Funchal
8279629,73,Arnold Issoko,Fábio Cardoso,Vitória Setúbal
8279629,73,Edinho,Albert Meyong,Vitória Setúbal
8279629,80,Zé Manuel,João Carvalho,Vitória Setúbal
8279626,8,André Sousa,Hassan Yebda,Os Belenenses
8279626,46,Fábio Nunes,Juanto,Os Belenenses
8279626,74,Tiago Caeiro,Abel Camará,Os Belenenses
8279626,69,Perdigão,Batatinha,GD Chaves
8279626,76,Rafa,Fábio Martins,GD Chaves
8279626,85,João Patrão,Braga,GD Chaves
8279624,66,Joel Campbell,Alan Ruíz,Sporting CP
8279624,66,João Palhinha,Bruno César,Sporting CP
8279624,81,Luc Castaignos,Bryan Ruiz,Sporting CP
8279624,61,Raphinha,Fábio Sturgeon,Vitória Guimarães
8279624,72,Rafael Miranda,Bongani Zungu,Vitória Guimarães
8279624,72,Rafael,Paolo Hurtado,Vitória Guimarães
8279627,69,Gustavo Tocantins,Eduardo Teixeira,GD Estoril
8279627,77,Bruno Gomes,Matheus Índio,GD Estoril
8279627,82,Carlinhos,Kléber,GD Estoril
8279627,77,Héldon,Rúben Ribeiro,Rio Ave FC
8279627,80,Ronan,Guedes,Rio Ave FC
8279627,85,Pedro Moreira,Tarantini,Rio Ave FC
8279637,53,Wálter González,Rafael Crivellaro,FC Arouca
8279637,59,Artur,Kuca,FC Arouca
8279637,73,Sancidino,Mateus,FC Arouca
8279637,71,Diogo Jota,André Silva,FC Porto
8279637,76,Otávio,Yacine Brahimi,FC Porto
8279637,85,João Carlos Teixeira,André André,FC Porto
8279633,62,Nenê Bonilha,João Carvalho,Vitória Setúbal
8279633,62,Edinho,Albert Meyong,Vitória Setúbal
8279633,81,Thiago Santana,Nuno Santos,Vitória Setúbal
8279633,74,Luís Machado,Peter Etebo,CD Feirense
8279633,81,Ricardo Dias,Babanco,CD Feirense
8279633,90,Paraiba,Luís Aurélio,CD Feirense
8279631,66,Batatinha,Perdigão,GD Chaves
8279631,90,Victor Massaia,Braga,GD Chaves
8279631,46,Nikola Stojiljković,Ricardo Horta,Sporting Braga
8279631,74,Rodrigo Pinho,Fede Cartabia,Sporting Braga
8279636,72,Amido Baldé,Heliardo,CD Tondela
8279636,79,Fernando Ferreira,Hélder Tavares,CD Tondela
8279636,79,Murilo Freitas,Miguel Cardoso,CD Tondela
8279636,80,João Palhinha,Matheus Pereira,Sporting CP
8279636,86,Geraldes,Daniel Podence,Sporting CP
8279636,86,Joel Campbell,Gelson Martins,Sporting CP
8279638,72,David Mbala,Renato Santos,Boavista
8279638,82,Carraça,Fábio Espinho,Boavista
8279638,86,André Schembri,Iván Bulos,Boavista
8279638,62,Brito,António Xavier,Maritimo Funchal
8279638,62,Donald Djoussé,Éber Bessa,Maritimo Funchal
8279638,70,Alex Soares,Gevorg Ghazaryan,Maritimo Funchal
8279635,77,Pedro Moreira,Tarantini,Rio Ave FC
8279635,85,Adama Traoré,Héldon,Rio Ave FC
8279635,90,Gonçalo Paciência,Guedes,Rio Ave FC
8279635,59,Roberto,Nildo Petrolina,Moreirense FC
8279635,59,Modou Sougou,Ousmane Dramé,Moreirense FC
8279635,75,Ângelo Neto,Alan Schons,Moreirense FC
8279632,58,Tózé,Fábio Sturgeon,Vitória Guimarães
8279632,58,Rafael,Guillermo Celis,Vitória Guimarães
8279632,76,Bongani Zungu,Hernâni,Vitória Guimarães
8279632,34,Dankler,Brandão,GD Estoril
8279632,68,Allano,Matheus Índio,GD Estoril
8279632,77,Gustavo Tocantins,Licá,GD Estoril
8279634,46,Okacha Hamzaoui,César,CD Nacional
8279634,71,Jhonder Cádíz,Zéquinha,CD Nacional
8279634,82,Ricardo,Salvador Agra,CD Nacional
8279634,66,Christian,Pedrinho,Paços de Ferreira
8279634,82,Ivo Rodrigues,Ricardo Valente,Paços de Ferreira
8279634,90,Luiz Phellype,Welthon,Paços de Ferreira
8279630,67,André Carrillo,Andrija Živković,SL Benfica
8279630,78,Rafa Silva,Eduardo Salvio,SL Benfica
8279630,85,André Horta,Pizzi,SL Benfica
8279630,67,Fábio Nunes,Abel Camará,Os Belenenses
8279630,76,Juanto,André Sousa,Os Belenenses
8279630,86,Benny,Miguel Rosa,Os Belenenses
8279641,70,Gustavo Tocantins,Allano,GD Estoril
8279641,88,Bruno Gomes,Matheus Índio,GD Estoril
8279641,90,Dmytro Yarchuk,Carlinhos,GD Estoril
8279641,68,Rochinha,Renato Santos,Boavista
8279641,81,Emin Makhmudov,Fábio Espinho,Boavista
8279641,89,Carraça,Anderson Carvalho,Boavista
8279644,59,Tiago Caeiro,Juanto,Os Belenenses
8279644,59,Fábio Nunes,Abel Camará,Os Belenenses
8279644,81,Diogo Viana,Miguel Rosa,Os Belenenses
8279644,57,Nikola Stojiljković,Fede Cartabia,Sporting Braga
8279644,68,Alan,Pedro Santos,Sporting Braga
8279644,90,Marcelo Goiano,Ricardo Horta,Sporting Braga
8279646,33,Emmanuel Boateng,Alan Schons,Moreirense FC
8279646,46,Ousmane Dramé,Alex,Moreirense FC
8279646,50,David Ramírez,Roberto,Moreirense FC
8279646,31,Pité,Miguel Cardoso,CD Tondela
8279646,42,Dylan Flores,Fernando Ferreira,CD Tondela
8279646,82,Murilo Freitas,Pité,CD Tondela
8279643,61,Daniel Podence,Alan Ruíz,Sporting CP
8279643,70,Bruno César,Matheus Pereira,Sporting CP
8279643,90,João Palhinha,Bryan Ruiz,Sporting CP
8279643,65,Zéquinha,Ricardo,CD Nacional
8279643,72,Zizo,Dejan Mezga,CD Nacional
8279643,78,Jhonder Cádíz,Fernando Aristeguieta,CD Nacional
8279640,64,Ricardo Valente,Ivo Rodrigues,Paços de Ferreira
8279640,83,Andrezinho,Pedrinho,Paços de Ferreira
8279640,85,Luiz Phellype,Welthon,Paços de Ferreira
8279640,60,Rafa Silva,Eduardo Salvio,SL Benfica
8279640,73,Franco Cervi,Andrija Živković,SL Benfica
8279640,81,Raúl Jiménez,Eliseu,SL Benfica
8279639,76,Donald Djoussé,Alhassane Keita,Maritimo Funchal
8279639,86,Gevorg Ghazaryan,Brito,Maritimo Funchal
8279639,90,Deyvison,Raul Silva,Maritimo Funchal
8279639,58,Sinan Bolat,Rafael Bracalli,FC Arouca
8279639,67,Kuca,Ânderson Luís,FC Arouca
8279639,67,Mateus,Sami,FC Arouca
8279642,72,Babanco,Paraiba,CD Feirense
8279642,83,Fábio,Tiago Silva,CD Feirense
8279642,89,Luís Aurélio,Luís Machado,CD Feirense
8279642,66,Davidson,Renan Bressan,GD Chaves
8279642,66,João Patrão,Batatinha,GD Chaves
8279642,83,João Mário,Braga,GD Chaves
8279647,61,Diogo Jota,Jesús Corona,FC Porto
8279647,76,Otávio,Miguel Layún,FC Porto
8279647,89,Laurent Depoitre,André Silva,FC Porto
8279647,68,Edinho,Nenê Bonilha,Vitória Setúbal
8279647,74,Pedro Pinto,Vasco Fernandes,Vitória Setúbal
8279647,82,Arnold Issoko,Thiago Santana,Vitória Setúbal
8279645,40,Raphinha,Bernard Mensah,Vitória Guimarães
8279645,78,João Aurélio,Hernâni,Vitória Guimarães
8279645,83,David Texeira,Rafael,Vitória Guimarães
8279645,66,João Novais,Rúben Ribeiro,Rio Ave FC
8279645,76,Adama Traoré,Filip Krovinović,Rio Ave FC
8279645,76,Gonçalo Paciência,Guedes,Rio Ave FC
8279656,69,Ponck,João Patrão,GD Chaves
8279656,72,Batatinha,Perdigão,GD Chaves
8279656,79,Willian Oliveira,Rafa,GD Chaves
8279656,69,Luiz Phellype,Diego,Paços de Ferreira
8279656,76,Andrezinho,Vasco Rocha,Paços de Ferreira
8279656,87,Ricardo Valente,Bruno Santos,Paços de Ferreira
8279649,65,Okacha Hamzaoui,Willyan,CD Nacional
8279649,67,Jhonder Cádíz,Fernando Aristeguieta,CD Nacional
8279649,74,Zizo,Zéquinha,CD Nacional
8279649,46,Moussa Marega,Fábio Sturgeon,Vitória Guimarães
8279649,75,Guillermo Celis,João Aurélio,Vitória Guimarães
8279649,80,Hernâni,Raphinha,Vitória Guimarães
8279648,58,Jhon Murillo,Wágner,CD Tondela
8279648,58,Ruca,David Bruno,CD Tondela
8279648,67,Pica,Pedro Nuno,CD Tondela
8279648,63,Matheus Índio,Carlinhos,GD Estoril
8279648,74,Gustavo Tocantins,Allano,GD Estoril
8279648,89,Eduardo Teixeira,Licá,GD Estoril
8279654,77,Rochinha,Renato Santos,Boavista
8279654,80,André Schembri,Anderson Carvalho,Boavista
8279654,84,Emin Makhmudov,Philipe Sampaio,Boavista
8279654,69,Gonçalo Paciência,Guedes,Rio Ave FC
8279654,74,Adama Traoré,Rúben Ribeiro,Rio Ave FC
8279654,90,Nadjack,Lionn,Rio Ave FC
8279653,69,Franco Cervi,Eduardo Salvio,SL Benfica
8279653,88,André Carrillo,Rafa Silva,SL Benfica
8279653,67,Diogo Jota,Jesús Corona,FC Porto
8279653,72,André Silva,Francisco Soares,FC Porto
8279653,88,Otávio,Yacine Brahimi,FC Porto
8279650,66,Thiago Santana,Edinho,Vitória Setúbal
8279650,67,Zé Manuel,Nenê Bonilha,Vitória Setúbal
8279650,80,Fábio Pacheco,João Carvalho,Vitória Setúbal
8279650,46,Modou Sougou,Bakary Saré,Moreirense FC
8279650,57,Cauê,Alan Schons,Moreirense FC
8279650,65,Alex,Nildo Petrolina,Moreirense FC
8279652,56,André Sousa,Juanto,Os Belenenses
8279652,74,Diogo Viana,Robert Åhman-Persson,Os Belenenses
8279652,83,Tiago Caeiro,Maurides,Os Belenenses
8279652,75,Peter Etebo,Paraiba,CD Feirense
8279652,84,Babanco,Luís Machado,CD Feirense
8279652,90,Paulo Monteiro,Fábio,CD Feirense
8279651,67,Kuca,Sami,FC Arouca
8279651,71,Nuno Valente,Adilson Goiano,FC Arouca
8279651,89,Tó Mané,Mateus,FC Arouca
8279651,70,João Palhinha,Alan Ruíz,Sporting CP
8279651,77,Daniel Podence,Bryan Ruiz,Sporting CP
8279651,90,Paulo Oliveira,Gelson Martins,Sporting CP
8279655,57,Nikola Stojiljković,Pedro Santos,Sporting Braga
8279655,71,Alan,Fede Cartabia,Sporting Braga
8279655,86,Bruno Xadas,Artur Jorge,Sporting Braga
8279655,71,Edgar Costa,António Xavier,Maritimo Funchal
8279655,71,Éber Bessa,Patrick,Maritimo Funchal
8279655,89,Jean Cleber,Brito,Maritimo Funchal
8279661,70,Tiago Silva,Barge,CD Feirense
8279661,70,Paraiba,Fábio,CD Feirense
8279661,88,Hugo Seco,Peter Etebo,CD Feirense
8279661,63,Pedro Santos,Ricardo Horta,Sporting Braga
8279661,87,Marcelo Goiano,Djavan,Sporting Braga
8279661,90,Alan,Fede Cartabia,Sporting Braga
8279657,77,Minhoca,Ricardo Valente,Paços de Ferreira
8279657,84,Luiz Phellype,Pedrinho,Paços de Ferreira
8279657,46,Hugo Basto,Vitor,FC Arouca
8279657,55,Kuca,Sami,FC Arouca
8279657,85,Wálter González,Mateus,FC Arouca
8279658,69,Jesús Corona,André Silva,FC Porto
8279658,77,Héctor Herrera,Óliver Torres,FC Porto
8279658,81,Diogo Jota,Yacine Brahimi,FC Porto
8279658,76,Miguel Rosa,Diogo Viana,Os Belenenses
8279658,84,Juanto,Fábio Nunes,Os Belenenses
8279658,88,André Sousa,Robert Åhman-Persson,Os Belenenses
8279660,63,Adrien Silva,Bryan Ruiz,Sporting CP
8279660,76,Joel Campbell,Bruno César,Sporting CP
8279660,76,Geraldes,Daniel Podence,Sporting CP
8279660,52,André Schembri,Fábio Espinho,Boavista
8279660,58,Carraça,Anderson Carvalho,Boavista
8279660,67,Rochinha,André Bukia,Boavista
8279663,65,Licá,Allano,GD Estoril
8279663,74,Bruno Gomes,Kléber,GD Estoril
8279663,83,Ailton,Joel Ferreira,GD Estoril
8279663,59,Ricardo,Jhonder Cádíz,CD Nacional
8279663,71,Washington,Tiago Rodrigues,CD Nacional
8279663,84,Vítor Gonçalves,Willyan,CD Nacional
8279665,56,Adama Traoré,João Novais,Rio Ave FC
8279665,73,Gonçalo Paciência,Guedes,Rio Ave FC
8279665,87,Ronan,Filip Krovinović,Rio Ave FC
8279665,73,Nuno Santos,João Amaral,Vitória Setúbal
8279665,80,Zé Manuel,Nenê Bonilha,Vitória Setúbal
8279665,90,Fábio Pacheco,João Carvalho,Vitória Setúbal
8279664,72,Raphinha,Hernâni,Vitória Guimarães
8279664,72,Tózé,Paolo Hurtado,Vitória Guimarães
8279664,88,Guillermo Celis,Moussa Marega,Vitória Guimarães
8279664,75,Pité,Wágner,CD Tondela
8279664,80,Heliardo,Murilo Freitas,CD Tondela
8279664,85,Pedro Nuno,Miguel Cardoso,CD Tondela
8279659,62,Modou Sougou,Nildo Petrolina,Moreirense FC
8279659,69,Roberto,Emmanuel Boateng,Moreirense FC
8279659,77,Alex,Bakary Saré,Moreirense FC
8279659,68,Andrija Živković,Eduardo Salvio,SL Benfica
8279659,77,Franco Cervi,Rafa Silva,SL Benfica
8279659,81,Andreas Samaris,Jonas,SL Benfica
8279662,64,Éber Bessa,Alex Soares,Maritimo Funchal
8279662,67,Pedro Coronas,Maurício Antônio,Maritimo Funchal
8279662,81,António Xavier,Brito,Maritimo Funchal
8279662,79,Davidson,Braga,GD Chaves
8279662,86,Rafa,Perdigão,GD Chaves
8279662,89,João Patrão,Renan Bressan,GD Chaves
8279669,57,Fábio Nunes,Abel Camará,Os Belenenses
8279669,70,Tiago Caeiro,Diogo Viana,Os Belenenses
8279669,87,André Sousa,Hassan Yebda,Os Belenenses
8279669,36,Gustavo Tocantins,Joel Ferreira,GD Estoril
8279669,77,Eduardo Teixeira,Allano,GD Estoril
8279669,82,Bruno Gomes,Kléber,GD Estoril
8279671,57,Renato Santos,Rochinha,Boavista
8279671,61,André Schembri,Iván Bulos,Boavista
8279671,89,Carlos Santos,Iuri Medeiros,Boavista
8279671,57,Ivo Rodrigues,Luiz Phellype,Paços de Ferreira
8279671,71,Minhoca,Andrezinho,Paços de Ferreira
8279671,84,Cícero,Diego,Paços de Ferreira
8279670,61,Andrija Živković,Jonas,SL Benfica
8279670,69,Filipe Augusto,Pizzi,SL Benfica
8279670,80,Franco Cervi,Rafa Silva,SL Benfica
8279670,74,António Xavier,Brito,Maritimo Funchal
8279670,85,Éber Bessa,Edgar Costa,Maritimo Funchal
8279670,87,Jean Cleber,Alex Soares,Maritimo Funchal
8279674,62,Nuno Santos,João Amaral,Vitória Setúbal
8279674,68,Zé Manuel,Nenê Bonilha,Vitória Setúbal
8279674,80,Thiago Santana,Edinho,Vitória Setúbal
8279674,62,Bryan Ruiz,Gelson Martins,Sporting CP
8279674,79,Daniel Podence,Marvin Zeegelaar,Sporting CP
8279674,87,Ricardo Esgaio,Alan Ruíz,Sporting CP
8279668,46,Mateus,Sami,FC Arouca
8279668,83,Nuno Valente,Artur,FC Arouca
8279668,90,Wálter González,Tó Mané,FC Arouca
8279668,60,Hugo Seco,Ricardo Dias,CD Feirense
8279668,76,Fábio,Luís Aurélio,CD Feirense
8279668,86,William Tchuameni,Tiago Silva,CD Feirense
8279673,59,João Patrão,Braga,GD Chaves
8279673,59,Willian Oliveira,Renan Bressan,GD Chaves
8279673,77,Batatinha,Perdigão,GD Chaves
8279673,65,João Aurélio,Paolo Hurtado,Vitória Guimarães
8279673,73,Raphinha,David Texeira,Vitória Guimarães
8279673,88,Guillermo Celis,Hernâni,Vitória Guimarães
8279667,46,Heliardo,Wágner,CD Tondela
8279667,54,Pedro Nuno,Murilo Freitas,CD Tondela
8279667,90,Pité,Miguel Cardoso,CD Tondela
8279667,13,Rui Vieira,Rúben Ribeiro,Rio Ave FC
8279667,72,Luwagga Kizito,Marcelo,Rio Ave FC
8279667,73,Guedes,Gonçalo Paciência,Rio Ave FC
8279672,69,Ricardo Horta,Pedro Santos,Sporting Braga
8279672,76,Alan,Fede Cartabia,Sporting Braga
8279672,84,Rodrigo Pinho,Nikola Vukčević,Sporting Braga
8279672,55,Jesús Corona,Óliver Torres,FC Porto
8279672,84,Otávio,Yacine Brahimi,FC Porto
8279672,84,Héctor Herrera,André André,FC Porto
8279666,61,Vítor Gonçalves,Willyan,CD Nacional
8279666,77,Ricardo,Victor García,CD Nacional
8279666,83,Zéquinha,Salvador Agra,CD Nacional
8279666,65,Modou Sougou,David Ramírez,Moreirense FC
8279666,71,Alan Schons,Ângelo Neto,Moreirense FC
8279666,90,Alex,Nildo Petrolina,Moreirense FC
8279675,71,Gonçalo Paciência,Guedes,Rio Ave FC
8279675,76,Adama Traoré,Gil Dias,Rio Ave FC
8279675,83,Pedro Moreira,Tarantini,Rio Ave FC
8279675,62,Sancidino,Mateus,FC Arouca
8279675,77,Nuno Valente,Kuca,FC Arouca
8279675,90,Wálter González,Tó Mané,FC Arouca
8279676,78,António Xavier,Brito,Maritimo Funchal
8279676,82,Jean Cleber,Alex Soares,Maritimo Funchal
8279676,87,Éber Bessa,Fransérgio,Maritimo Funchal
8279676,65,Abel Camará,Florent Hanin,Os Belenenses
8279676,68,Juanto,Miguel Rosa,Os Belenenses
8279676,78,André Sousa,Diogo Viana,Os Belenenses
8279682,54,Heliardo,Murilo Freitas,CD Tondela
8279682,75,Bruno Monteiro,Pedro Nuno,CD Tondela
8279682,88,Dylan Flores,Miguel Cardoso,CD Tondela
8279682,46,Washington,Tiago Rodrigues,CD Nacional
8279682,55,Okacha Hamzaoui,Fernando Aristeguieta,CD Nacional
8279682,73,Ricardo,Willyan,CD Nacional
8279683,69,André Claro,Carlinhos,GD Estoril
8279683,77,Gustavo Tocantins,Licá,GD Estoril
8279683,83,Bruno Gomes,Kléber,GD Estoril
8279683,63,João Amaral,Nuno Santos,Vitória Setúbal
8279683,74,Vasco Costa,Luís Felipe,Vitória Setúbal
8279683,87,Thiago Santana,João Carvalho,Vitória Setúbal
8279677,65,Bryan Ruiz,Alan Ruíz,Sporting CP
8279677,80,Daniel Podence,Bruno César,Sporting CP
8279677,88,Joel Campbell,Gelson Martins,Sporting CP
8279677,58,Raúl Jiménez,Rafa Silva,SL Benfica
8279677,74,André Carrillo,Eduardo Salvio,SL Benfica
8279677,80,Filipe Augusto,Kostas Mitroglou,SL Benfica
8279679,64,Pedrinho,Andrezinho,Paços de Ferreira
8279679,70,Miguel Vieira,João Góis,Paços de Ferreira
8279679,81,Ricardo Valente,Ivo Rodrigues,Paços de Ferreira
8279679,57,Ricardo Horta,Paulinho,Sporting Braga
8279679,57,Rodrigo Pinho,Bruno Xadas,Sporting Braga
8279679,65,Alan,Nikola Stojiljković,Sporting Braga
8279678,79,Raphinha,Hernâni,Vitória Guimarães
8279678,82,Guillermo Celis,Paolo Hurtado,Vitória Guimarães
8279678,90,Fábio Sturgeon,Bongani Zungu,Vitória Guimarães
8279678,55,André Schembri,Emin Makhmudov,Boavista
8279678,67,Rochinha,Carraça,Boavista
8279678,82,André Bukia,Iuri Medeiros,Boavista
8279681,46,Otávio,Óliver Torres,FC Porto
8279681,67,Rui Pedro,André Silva,FC Porto
8279681,67,Héctor Herrera,André André,FC Porto
8279681,75,Babanco,Tiago Silva,CD Feirense
8279681,81,Luís Aurélio,Anastasios Karamanos,CD Feirense
8279681,90,Ricardo Dias,Luís Machado,CD Feirense
8279680,60,Alex,Ousmane Dramé,Moreirense FC
8279680,71,Modou Sougou,Ângelo Neto,Moreirense FC
8279680,75,Emmanuel Boateng,David Ramírez,Moreirense FC
8279680,69,Braga,Fábio Martins,GD Chaves
8279680,71,Willian Oliveira,Rafa,GD Chaves
8279680,81,Victor Massaia,Renan Bressan,GD Chaves
8279684,75,Arnold Issoko,Pedro Pinto,Vitória Setúbal
8279684,83,Nuno Santos,Nuno Pinto,Vitória Setúbal
8279684,84,Albert Meyong,João Amaral,Vitória Setúbal
8279684,77,Guillermo Celis,Paolo Hurtado,Vitória Guimarães
8279684,83,Raphinha,Hernâni,Vitória Guimarães
8279684,90,Prince Gouano,Bongani Zungu,Vitória Guimarães
8279688,62,Emin Makhmudov,Anderson Carvalho,Boavista
8279688,71,Renato Santos,André Bukia,Boavista
8279688,79,Idelino,André Schembri,Boavista
8279688,63,Heliardo,Murilo Freitas,CD Tondela
8279688,68,Wágner,Pedro Nuno,CD Tondela
8279688,74,Dylan Flores,Miguel Cardoso,CD Tondela
8279692,53,Zizo,Vítor Gonçalves,CD Nacional
8279692,57,Ricardo,Salvador Agra,CD Nacional
8279692,62,Jota,Filipe Gonçalves,CD Nacional
8279692,68,Rúben Ribeiro,Héldon,Rio Ave FC
8279692,83,Gonçalo Paciência,Guedes,Rio Ave FC
8279692,90,Luwagga Kizito,Gil Dias,Rio Ave FC
8279687,63,André Carrillo,Eduardo Salvio,SL Benfica
8279687,70,Raúl Jiménez,Kostas Mitroglou,SL Benfica
8279687,77,Filipe Augusto,Jonas,SL Benfica
8279687,75,Matheus Índio,Licá,GD Estoril
8279687,79,André Claro,Allano,GD Estoril
8279687,84,Bruno Gomes,Carlinhos,GD Estoril
8279690,63,Davidson,Braga,GD Chaves
8279690,63,Willian Oliveira,Perdigão,GD Chaves
8279690,73,Hamdou Elhouni,Rafa,GD Chaves
8279690,66,Óliver Torres,Jesús Corona,FC Porto
8279690,76,João Carlos Teixeira,Otávio,FC Porto
8279690,81,Héctor Herrera,André André,FC Porto
8279685,62,Wálter González,Mateus,FC Arouca
8279685,82,Adilson Goiano,Artur,FC Arouca
8279685,46,Modou Sougou,Bakary Saré,Moreirense FC
8279685,70,Alex,Emmanuel Boateng,Moreirense FC
8279685,83,Frédéric Maciel,Modou Sougou,Moreirense FC
8279691,72,Ricardo Dias,Luís Machado,CD Feirense
8279691,84,Babanco,Tiago Silva,CD Feirense
8279691,90,Luís Aurélio,Paraiba,CD Feirense
8279691,64,António Xavier,Brito,Maritimo Funchal
8279691,67,Donald Djoussé,Deyvison,Maritimo Funchal
8279691,81,Éber Bessa,Edgar Costa,Maritimo Funchal
8279689,63,Bruno Xadas,Nikola Stojiljković,Sporting Braga
8279689,78,Djavan,Marcelo Goiano,Sporting Braga
8279689,79,Alan,Ricardo Horta,Sporting Braga
8279689,28,Daniel Podence,Alan Ruíz,Sporting CP
8279689,69,Bryan Ruiz,Bruno César,Sporting CP
8279689,88,Jefferson,Marvin Zeegelaar,Sporting CP
8279686,63,Fábio Nunes,Miguel Rosa,Os Belenenses
8279686,72,Juanto,Abel Camará,Os Belenenses
8279686,90,Tiago Caeiro,André Sousa,Os Belenenses
8279686,74,Tony Taylor,Diego,Paços de Ferreira
8279686,80,Mateus,Andrezinho,Paços de Ferreira
8279686,86,Cícero,Luiz Phellype,Paços de Ferreira
8279696,40,Modou Sougou,Bakary Saré,Moreirense FC
8279696,61,Frédéric Maciel,Alex,Moreirense FC
8279696,65,Alan Schons,Diego Ivo,Moreirense FC
8279696,19,João Gamboa,Nikola Vukčević,Sporting Braga
8279696,30,Artur Jorge,Nikola Stojiljković,Sporting Braga
8279696,85,Bruno Xadas,Ricardo Horta,Sporting Braga
8279700,46,Carraça,Emin Makhmudov,Boavista
8279700,72,Idelino,André Schembri,Boavista
8279700,76,Renato Santos,André Bukia,Boavista
8279700,67,Vítor Bento,Adriano,CD Nacional
8279700,85,Fernando Aristeguieta,Okacha Hamzaoui,CD Nacional
8279698,63,Barnes Osei,Diego,Paços de Ferreira
8279698,68,Ricardo Valente,Andrezinho,Paços de Ferreira
8279698,81,Cícero,Filipe Melo,Paços de Ferreira
8279698,67,Flávio,Paulo Monteiro,CD Feirense
8279698,73,Ricardo Dias,Tiago Silva,CD Feirense
8279698,90,Fábio,Paraiba,CD Feirense
8279701,30,Brito,Luís Martins,Maritimo Funchal
8279701,66,Donald Djoussé,Edgar Costa,Maritimo Funchal
8279701,79,Deyvison,Alex Soares,Maritimo Funchal
8279701,71,Jesús Corona,Otávio,FC Porto
8279701,76,André Silva,Rúben Neves,FC Porto
8279701,85,Rui Pedro,Fernando Fonseca,FC Porto
8279694,68,Joel Campbell,Matheus Pereira,Sporting CP
8279694,69,Luc Castaignos,Bryan Ruiz,Sporting CP
8279694,75,Chico Geraldes,Marvin Zeegelaar,Sporting CP
8279694,59,Maurides,Juanto,Os Belenenses
8279694,78,Mica,Abel Camará,Os Belenenses
8279694,83,Benny,João Diogo,Os Belenenses
8279699,67,Miguel Cardoso,Pedro Nuno,CD Tondela
8279699,78,Bruno Monteiro,Heliardo,CD Tondela
8279699,90,Wágner,Jhon Murillo,CD Tondela
8279699,46,Nuno Santos,Mikel Agu,Vitória Setúbal
8279699,66,Arnold Issoko,Frederico Venâncio,Vitória Setúbal
8279699,75,Albert Meyong,João Amaral,Vitória Setúbal
8279693,59,Raphinha,Paolo Hurtado,Vitória Guimarães
8279693,81,Guillermo Celis,Hernâni,Vitória Guimarães
8279693,90,Prince Gouano,Bongani Zungu,Vitória Guimarães
8279693,71,Sancidino,Rafael Crivellaro,FC Arouca
8279693,86,Wálter González,Artur,FC Arouca
8279693,86,Gilson Costa,Adilson Goiano,FC Arouca
8279695,58,Rúben Ribeiro,Gil Dias,Rio Ave FC
8279695,71,Gonçalo Paciência,Guedes,Rio Ave FC
8279695,81,Adama Traoré,Tarantini,Rio Ave FC
8279695,70,Eduardo Salvio,Rafa Silva,SL Benfica
8279695,83,Andreas Samaris,Jonas,SL Benfica
8279695,90,Filipe Augusto,Pizzi,SL Benfica
8279697,66,André Claro,Licá,GD Estoril
8279697,68,Matheus Índio,Allano,GD Estoril
8279697,90,Taira,Carlinhos,GD Estoril
8279697,73,Victor Massaia,João Patrão,GD Chaves
8279697,76,Fábio Martins,Perdigão,GD Chaves
8279697,86,Emanuel Novo,Willian Oliveira,GD Chaves
8279706,46,Vítor Gomes,Mica,Os Belenenses
8279706,74,Betinho,Hassan Yebda,Os Belenenses
8279706,85,Tiago Caeiro,João Diogo,Os Belenenses
8279706,28,Modou Sougou,Bakary Saré,Moreirense FC
8279706,57,Alan Schons,Diego Ivo,Moreirense FC
8279706,62,Frédéric Maciel,Alex,Moreirense FC
8279705,58,Mateus,Artur,FC Arouca
8279705,86,Wálter González,Rafael Crivellaro,FC Arouca
8279705,66,Wágner,Miguel Cardoso,CD Tondela
8279705,84,Bruno Monteiro,Pedro Nuno,CD Tondela
8279705,90,Pité,Jhon Murillo,CD Tondela
8279707,72,André Carrillo,Franco Cervi,SL Benfica
8279707,79,Andreas Samaris,Ljubomir Fejsa,SL Benfica
8279707,87,André Almeida,Jonas,SL Benfica
8279707,46,Raphinha,Paolo Hurtado,Vitória Guimarães
8279707,46,João Aurélio,Hernâni,Vitória Guimarães
8279707,70,Tózé,Bruno Gaspar,Vitória Guimarães
8279710,75,Higor Platiny,Luís Machado,CD Feirense
8279710,80,Pelé,Babanco,CD Feirense
8279710,86,Fábio,Tiago Silva,CD Feirense
8279710,58,Bryan Ruiz,Daniel Podence,Sporting CP
8279710,75,Matheus Pereira,Bruno César,Sporting CP
8279703,61,António Xavier,Brito,Maritimo Funchal
8279703,82,Deyvison,Alex Soares,Maritimo Funchal
8279703,90,Donald Djoussé,Alhassane Keita,Maritimo Funchal
8279703,65,Matheus Índio,André Claro,GD Estoril
8279703,65,Kléber,Bruno Gomes,GD Estoril
8279703,70,Licá,Carlinhos,GD Estoril
8279709,62,João Patrão,Braga,GD Chaves
8279709,70,Batatinha,Fábio Martins,GD Chaves
8279709,79,Nuno André Coelho,Pedro Tiba,GD Chaves
8279709,46,Héldon,Gil Dias,Rio Ave FC
8279709,69,Adama Traoré,Pedro Moreira,Rio Ave FC
8279709,76,Gonçalo Paciência,Marcelo,Rio Ave FC
8279704,46,Diogo Jota,Jesús Corona,FC Porto
8279704,63,Danilo,Yacine Brahimi,FC Porto
8279704,64,André Silva,Francisco Soares,FC Porto
8279704,66,Pedrinho,Diego,Paços de Ferreira
8279704,74,Tony Taylor,Andrezinho,Paços de Ferreira
8279704,83,André Sousa,Filipe Melo,Paços de Ferreira
8279708,65,Alan,Rui Fonte,Sporting Braga
8279708,72,Pedro Neto,Pedro Santos,Sporting Braga
8279708,82,Rodrigo Pinho,Nikola Stojiljković,Sporting Braga
8279708,62,Vítor Gonçalves,Tiago Rodrigues,CD Nacional
8279708,74,Zéquinha,Ricardo,CD Nacional
8279708,83,Fernando Aristeguieta,Dejan Mezga,CD Nacional
8279702,56,Edinho,Albert Meyong,Vitória Setúbal
8279702,59,João Carvalho,Pedro Pinto,Vitória Setúbal
8279702,73,João Amaral,Nenê Bonilha,Vitória Setúbal
8279702,72,Iván Bulos,André Schembri,Boavista
8279702,75,Edu Machado,Talocha,Boavista
8279702,81,Carlos Santos,Aidi Fulangxisi,Boavista
8279712,69,Gonçalo Paciência,Guedes,Rio Ave FC
8279712,74,Gil Dias,Héldon,Rio Ave FC
8279712,88,Pedro Moreira,Filip Krovinović,Rio Ave FC
8279712,46,Betinho,Juanto,Os Belenenses
8279712,59,Benny,Edgar Ié,Os Belenenses
8279712,74,Hassan Yebda,Robert Åhman-Persson,Os Belenenses
8279717,58,Pedrinho,Andrezinho,Paços de Ferreira
8279717,73,Cícero,Luiz Phellype,Paços de Ferreira
8279717,80,Diego,Ricardo Valente,Paços de Ferreira
8279717,65,Alhassane Keita,Donald Djoussé,Maritimo Funchal
8279717,72,Brito,Fábio China,Maritimo Funchal
8279717,85,António Xavier,Patrick,Maritimo Funchal
8279719,46,Ricardo,Fernando Aristeguieta,CD Nacional
8279719,50,Witi,Nuno Sequeira,CD Nacional
8279719,56,Vítor Gonçalves,Dejan Mezga,CD Nacional
8279719,57,André Pedrosa,Costinha,Vitória Setúbal
8279719,62,Zé Manuel,João Amaral,Vitória Setúbal
8279719,83,Luís Felipe,Nuno Pinto,Vitória Setúbal
8279716,70,Alex Pinto,João Aurélio,Vitória Guimarães
8279716,72,Paolo Hurtado,Bernard Mensah,Vitória Guimarães
8279716,88,David Texeira,Fábio Sturgeon,Vitória Guimarães
8279716,74,Paraiba,Luís Machado,CD Feirense
8279716,82,Barge,Alex Kakuba,CD Feirense
8279716,90,Wellington Carlos,William Tchuameni,CD Feirense
8279713,69,Edu Machado,Talocha,Boavista
8279713,83,Idelino,André Schembri,Boavista
8279713,90,André Bukia,Iuri Medeiros,Boavista
8279713,46,Rafa Silva,Marcelo Hermes,SL Benfica
8279713,64,Raúl Jiménez,Filipe Augusto,SL Benfica
8279713,78,Paulo Lopes,Júlio César,SL Benfica
8279711,57,Matheus Índio,Carlinhos,GD Estoril
8279711,67,Gustavo Tocantins,Allano,GD Estoril
8279711,83,João Basso,Dmytro Yarchuk,GD Estoril
8279711,74,Gilson Costa,Nuno Valente,FC Arouca
8279711,80,Wálter González,Rafael Crivellaro,FC Arouca
8279711,88,Keirrison,Mateus,FC Arouca
8279714,39,Murilo Freitas,Jhon Murillo,CD Tondela
8279714,72,Wágner,Pedro Nuno,CD Tondela
8279714,81,Bruno Monteiro,Heliardo,CD Tondela
8279714,34,Matheus Magalhães,Marafona,Sporting Braga
8279714,61,Pedro Neto,Pedro Santos,Sporting Braga
8279714,73,Rodrigo Pinho,João Gamboa,Sporting Braga
8279718,68,Alex,Frédéric Maciel,Moreirense FC
8279718,70,Alan Schons,Ângelo Neto,Moreirense FC
8279718,76,Bakary Saré,David Ramírez,Moreirense FC
8279718,46,André Silva,Héctor Herrera,FC Porto
8279718,46,Jesús Corona,Otávio,FC Porto
8279718,67,Rui Pedro,Francisco Soares,FC Porto
8279715,59,Bruno César,Matheus Pereira,Sporting CP
8279715,69,Chico Geraldes,Daniel Podence,Sporting CP
8279715,90,Gelson Dala,Gelson Martins,Sporting CP
8279715,64,João Mário,Rafa,GD Chaves
8279715,76,Pedro Queirós,Rodrigo,GD Chaves
8279715,88,Nemanja Petrović,Hamdou Elhouni,GD Chaves
