GameID,League,Season,Date,HomeTeam,AwayTeam,Result
2251746,PrimeraDivision,2014-2015,23.08.2014,Málaga CF,Athletic Bilbao,1:0
2251732,PrimeraDivision,2014-2015,23.08.2014,Sevilla FC,Valencia CF,1:1
2251748,PrimeraDivision,2014-2015,23.08.2014,Granada CF,Deportivo La Coruña,2:1
2251742,PrimeraDivision,2014-2015,23.08.2014,UD Almería,Espanyol Barcelona,1:1
2251744,PrimeraDivision,2014-2015,24.08.2014,SD Eibar,Real Sociedad San Sebastian,1:0
2251738,PrimeraDivision,2014-2015,24.08.2014,Celta Vigo,Getafe CF,3:1
2251740,PrimeraDivision,2014-2015,24.08.2014,FC Barcelona,Elche CF,3:0
2251734,PrimeraDivision,2014-2015,24.08.2014,Levante UD,Villarreal CF,0:2
2251750,PrimeraDivision,2014-2015,25.08.2014,Real Madrid,Córdoba CF,2:0
2251736,PrimeraDivision,2014-2015,25.08.2014,Rayo Vallecano,Atlético Madrid,0:0
2251756,PrimeraDivision,2014-2015,29.08.2014,Getafe CF,UD Almería,1:0
2251752,PrimeraDivision,2014-2015,29.08.2014,Valencia CF,Málaga CF,3:0
2251758,PrimeraDivision,2014-2015,30.08.2014,Córdoba CF,Celta Vigo,1:1
2251774,PrimeraDivision,2014-2015,30.08.2014,Athletic Bilbao,Levante UD,3:0
2251762,PrimeraDivision,2014-2015,30.08.2014,Atlético Madrid,SD Eibar,2:1
2251754,PrimeraDivision,2014-2015,30.08.2014,Espanyol Barcelona,Sevilla FC,1:2
2251771,PrimeraDivision,2014-2015,31.08.2014,Villarreal CF,FC Barcelona,0:1
2251760,PrimeraDivision,2014-2015,31.08.2014,Real Sociedad San Sebastian,Real Madrid,4:2
2251765,PrimeraDivision,2014-2015,31.08.2014,Deportivo La Coruña,Rayo Vallecano,2:2
2251768,PrimeraDivision,2014-2015,31.08.2014,Elche CF,Granada CF,1:1
2251783,PrimeraDivision,2014-2015,12.09.2014,UD Almería,Córdoba CF,1:1
2251798,PrimeraDivision,2014-2015,13.09.2014,FC Barcelona,Athletic Bilbao,2:0
2251800,PrimeraDivision,2014-2015,13.09.2014,Málaga CF,Levante UD,0:0
2251789,PrimeraDivision,2014-2015,13.09.2014,Real Madrid,Atlético Madrid,1:2
2251786,PrimeraDivision,2014-2015,13.09.2014,Celta Vigo,Real Sociedad San Sebastian,2:2
2251793,PrimeraDivision,2014-2015,14.09.2014,Rayo Vallecano,Elche CF,2:3
2251778,PrimeraDivision,2014-2015,14.09.2014,Valencia CF,Espanyol Barcelona,3:1
2251780,PrimeraDivision,2014-2015,14.09.2014,Sevilla FC,Getafe CF,2:0
2251796,PrimeraDivision,2014-2015,14.09.2014,Granada CF,Villarreal CF,0:0
2251791,PrimeraDivision,2014-2015,15.09.2014,SD Eibar,Deportivo La Coruña,0:1
2251819,PrimeraDivision,2014-2015,19.09.2014,Elche CF,SD Eibar,0:2
2251816,PrimeraDivision,2014-2015,20.09.2014,Deportivo La Coruña,Real Madrid,2:8
2251825,PrimeraDivision,2014-2015,20.09.2014,Athletic Bilbao,Granada CF,0:1
2251813,PrimeraDivision,2014-2015,20.09.2014,Atlético Madrid,Celta Vigo,2:2
2251802,PrimeraDivision,2014-2015,20.09.2014,Espanyol Barcelona,Málaga CF,2:2
2251810,PrimeraDivision,2014-2015,21.09.2014,Real Sociedad San Sebastian,UD Almería,1:2
2251822,PrimeraDivision,2014-2015,21.09.2014,Villarreal CF,Rayo Vallecano,4:2
2251807,PrimeraDivision,2014-2015,21.09.2014,Córdoba CF,Sevilla FC,1:3
2251828,PrimeraDivision,2014-2015,21.09.2014,Levante UD,FC Barcelona,0:5
2251804,PrimeraDivision,2014-2015,22.09.2014,Getafe CF,Valencia CF,0:3
2251842,PrimeraDivision,2014-2015,23.09.2014,Real Madrid,Elche CF,5:1
2251840,PrimeraDivision,2014-2015,23.09.2014,Celta Vigo,Deportivo La Coruña,2:1
2251838,PrimeraDivision,2014-2015,24.09.2014,UD Almería,Atlético Madrid,0:1
2251844,PrimeraDivision,2014-2015,24.09.2014,SD Eibar,Villarreal CF,1:1
2251847,PrimeraDivision,2014-2015,24.09.2014,Rayo Vallecano,Athletic Bilbao,2:1
2251836,PrimeraDivision,2014-2015,24.09.2014,Sevilla FC,Real Sociedad San Sebastian,1:0
2251851,PrimeraDivision,2014-2015,24.09.2014,Granada CF,Levante UD,0:1
2251854,PrimeraDivision,2014-2015,24.09.2014,Málaga CF,FC Barcelona,0:0
2251832,PrimeraDivision,2014-2015,25.09.2014,Espanyol Barcelona,Getafe CF,2:0
2251834,PrimeraDivision,2014-2015,25.09.2014,Valencia CF,Córdoba CF,3:0
2251872,PrimeraDivision,2014-2015,26.09.2014,Elche CF,Celta Vigo,0:1
2251874,PrimeraDivision,2014-2015,27.09.2014,Villarreal CF,Real Madrid,0:2
2251880,PrimeraDivision,2014-2015,27.09.2014,FC Barcelona,Granada CF,6:0
2251868,PrimeraDivision,2014-2015,27.09.2014,Atlético Madrid,Sevilla FC,4:0
2251876,PrimeraDivision,2014-2015,27.09.2014,Athletic Bilbao,SD Eibar,0:0
2251878,PrimeraDivision,2014-2015,27.09.2014,Levante UD,Rayo Vallecano,0:2
2251859,PrimeraDivision,2014-2015,28.09.2014,Getafe CF,Málaga CF,1:0
2251870,PrimeraDivision,2014-2015,28.09.2014,Deportivo La Coruña,UD Almería,0:1
2251866,PrimeraDivision,2014-2015,28.09.2014,Real Sociedad San Sebastian,Valencia CF,1:1
2251863,PrimeraDivision,2014-2015,28.09.2014,Córdoba CF,Espanyol Barcelona,0:0
2251885,PrimeraDivision,2014-2015,03.10.2014,Getafe CF,Córdoba CF,1:1
2251892,PrimeraDivision,2014-2015,04.10.2014,Valencia CF,Atlético Madrid,3:1
2251908,PrimeraDivision,2014-2015,04.10.2014,Rayo Vallecano,FC Barcelona,0:2
2251906,PrimeraDivision,2014-2015,04.10.2014,SD Eibar,Levante UD,3:3
2251900,PrimeraDivision,2014-2015,04.10.2014,UD Almería,Elche CF,2:2
2251910,PrimeraDivision,2014-2015,04.10.2014,Málaga CF,Granada CF,2:1
2251895,PrimeraDivision,2014-2015,05.10.2014,Sevilla FC,Deportivo La Coruña,4:1
2251902,PrimeraDivision,2014-2015,05.10.2014,Celta Vigo,Villarreal CF,1:3
2251888,PrimeraDivision,2014-2015,05.10.2014,Espanyol Barcelona,Real Sociedad San Sebastian,2:0
2251904,PrimeraDivision,2014-2015,05.10.2014,Real Madrid,Athletic Bilbao,5:0
2251940,PrimeraDivision,2014-2015,17.10.2014,Granada CF,Rayo Vallecano,0:1
2251936,PrimeraDivision,2014-2015,18.10.2014,Levante UD,Real Madrid,0:5
2251934,PrimeraDivision,2014-2015,18.10.2014,Athletic Bilbao,Celta Vigo,1:1
2251938,PrimeraDivision,2014-2015,18.10.2014,FC Barcelona,SD Eibar,3:0
2251915,PrimeraDivision,2014-2015,18.10.2014,Córdoba CF,Málaga CF,1:2
2251922,PrimeraDivision,2014-2015,19.10.2014,Atlético Madrid,Espanyol Barcelona,2:0
2251925,PrimeraDivision,2014-2015,19.10.2014,Deportivo La Coruña,Valencia CF,3:0
2251928,PrimeraDivision,2014-2015,19.10.2014,Elche CF,Sevilla FC,0:2
2251931,PrimeraDivision,2014-2015,19.10.2014,Villarreal CF,UD Almería,2:0
2251918,PrimeraDivision,2014-2015,20.10.2014,Real Sociedad San Sebastian,Getafe CF,1:2
2251957,PrimeraDivision,2014-2015,24.10.2014,Celta Vigo,Levante UD,3:0
2251955,PrimeraDivision,2014-2015,25.10.2014,UD Almería,Athletic Bilbao,0:1
2251959,PrimeraDivision,2014-2015,25.10.2014,Real Madrid,FC Barcelona,3:1
2251951,PrimeraDivision,2014-2015,25.10.2014,Valencia CF,Elche CF,3:1
2251943,PrimeraDivision,2014-2015,25.10.2014,Córdoba CF,Real Sociedad San Sebastian,1:1
2251961,PrimeraDivision,2014-2015,25.10.2014,SD Eibar,Granada CF,1:1
2251965,PrimeraDivision,2014-2015,26.10.2014,Málaga CF,Rayo Vallecano,4:0
2251949,PrimeraDivision,2014-2015,26.10.2014,Espanyol Barcelona,Deportivo La Coruña,0:0
2251953,PrimeraDivision,2014-2015,26.10.2014,Sevilla FC,Villarreal CF,2:1
2251946,PrimeraDivision,2014-2015,26.10.2014,Getafe CF,Atlético Madrid,0:1
2251975,PrimeraDivision,2014-2015,31.10.2014,Deportivo La Coruña,Getafe CF,1:2
2251988,PrimeraDivision,2014-2015,01.11.2014,Granada CF,Real Madrid,0:4
2251972,PrimeraDivision,2014-2015,01.11.2014,Atlético Madrid,Córdoba CF,4:2
2251986,PrimeraDivision,2014-2015,01.11.2014,FC Barcelona,Celta Vigo,0:1
2251970,PrimeraDivision,2014-2015,01.11.2014,Real Sociedad San Sebastian,Málaga CF,0:1
2251982,PrimeraDivision,2014-2015,02.11.2014,Athletic Bilbao,Sevilla FC,1:0
2251980,PrimeraDivision,2014-2015,02.11.2014,Villarreal CF,Valencia CF,1:3
2251984,PrimeraDivision,2014-2015,02.11.2014,Levante UD,UD Almería,2:1
2251977,PrimeraDivision,2014-2015,02.11.2014,Elche CF,Espanyol Barcelona,2:1
2251990,PrimeraDivision,2014-2015,03.11.2014,Rayo Vallecano,SD Eibar,2:3
2251767,PrimeraDivision,2014-2015,07.11.2014,Córdoba CF,Deportivo La Coruña,0:0
2251782,PrimeraDivision,2014-2015,08.11.2014,UD Almería,FC Barcelona,1:2
2251770,PrimeraDivision,2014-2015,08.11.2014,Getafe CF,Elche CF,0:0
2251788,PrimeraDivision,2014-2015,08.11.2014,Real Madrid,Rayo Vallecano,5:1
2251785,PrimeraDivision,2014-2015,08.11.2014,Celta Vigo,Granada CF,0:0
2251795,PrimeraDivision,2014-2015,08.11.2014,Málaga CF,SD Eibar,2:1
2251777,PrimeraDivision,2014-2015,09.11.2014,Sevilla FC,Levante UD,1:1
2251773,PrimeraDivision,2014-2015,09.11.2014,Espanyol Barcelona,Villarreal CF,1:1
2251776,PrimeraDivision,2014-2015,09.11.2014,Valencia CF,Athletic Bilbao,0:0
2251764,PrimeraDivision,2014-2015,09.11.2014,Real Sociedad San Sebastian,Atlético Madrid,2:1
2251818,PrimeraDivision,2014-2015,21.11.2014,Athletic Bilbao,Espanyol Barcelona,3:1
2251806,PrimeraDivision,2014-2015,22.11.2014,Atlético Madrid,Málaga CF,3:1
2251831,PrimeraDivision,2014-2015,22.11.2014,SD Eibar,Real Madrid,0:4
2251824,PrimeraDivision,2014-2015,22.11.2014,FC Barcelona,Sevilla FC,5:1
2251809,PrimeraDivision,2014-2015,22.11.2014,Deportivo La Coruña,Real Sociedad San Sebastian,0:0
2251830,PrimeraDivision,2014-2015,23.11.2014,Rayo Vallecano,Celta Vigo,1:0
2251821,PrimeraDivision,2014-2015,23.11.2014,Levante UD,Valencia CF,2:1
2251812,PrimeraDivision,2014-2015,23.11.2014,Elche CF,Córdoba CF,2:2
2251815,PrimeraDivision,2014-2015,23.11.2014,Villarreal CF,Getafe CF,2:1
2251827,PrimeraDivision,2014-2015,24.11.2014,Granada CF,UD Almería,0:0
2251849,PrimeraDivision,2014-2015,28.11.2014,Real Sociedad San Sebastian,Elche CF,3:0
2251853,PrimeraDivision,2014-2015,29.11.2014,Getafe CF,Athletic Bilbao,1:2
2251856,PrimeraDivision,2014-2015,29.11.2014,Espanyol Barcelona,Levante UD,2:1
2251865,PrimeraDivision,2014-2015,29.11.2014,Málaga CF,Real Madrid,1:2
2251862,PrimeraDivision,2014-2015,29.11.2014,Celta Vigo,SD Eibar,0:1
2251846,PrimeraDivision,2014-2015,30.11.2014,Atlético Madrid,Deportivo La Coruña,2:0
2251858,PrimeraDivision,2014-2015,30.11.2014,Sevilla FC,Granada CF,5:1
2251850,PrimeraDivision,2014-2015,30.11.2014,Córdoba CF,Villarreal CF,0:2
2251857,PrimeraDivision,2014-2015,30.11.2014,Valencia CF,FC Barcelona,0:1
2251861,PrimeraDivision,2014-2015,01.12.2014,UD Almería,Rayo Vallecano,0:1
2251883,PrimeraDivision,2014-2015,06.12.2014,Elche CF,Atlético Madrid,0:2
2251887,PrimeraDivision,2014-2015,06.12.2014,Athletic Bilbao,Córdoba CF,0:1
2251899,PrimeraDivision,2014-2015,06.12.2014,Real Madrid,Celta Vigo,3:0
2251882,PrimeraDivision,2014-2015,06.12.2014,Deportivo La Coruña,Málaga CF,0:1
2251897,PrimeraDivision,2014-2015,07.12.2014,Rayo Vallecano,Sevilla FC,0:1
2251891,PrimeraDivision,2014-2015,07.12.2014,FC Barcelona,Espanyol Barcelona,5:1
2251884,PrimeraDivision,2014-2015,07.12.2014,Villarreal CF,Real Sociedad San Sebastian,4:0
2251894,PrimeraDivision,2014-2015,07.12.2014,Granada CF,Valencia CF,1:1
2251898,PrimeraDivision,2014-2015,08.12.2014,SD Eibar,UD Almería,5:2
2251890,PrimeraDivision,2014-2015,08.12.2014,Levante UD,Getafe CF,1:1
2251930,PrimeraDivision,2014-2015,12.12.2014,UD Almería,Real Madrid,1:4
2251920,PrimeraDivision,2014-2015,13.12.2014,Getafe CF,FC Barcelona,0:0
2251924,PrimeraDivision,2014-2015,13.12.2014,Valencia CF,Rayo Vallecano,3:0
2251917,PrimeraDivision,2014-2015,13.12.2014,Córdoba CF,Levante UD,0:0
2251933,PrimeraDivision,2014-2015,13.12.2014,Málaga CF,Celta Vigo,1:0
2251921,PrimeraDivision,2014-2015,14.12.2014,Espanyol Barcelona,Granada CF,2:1
2251927,PrimeraDivision,2014-2015,14.12.2014,Sevilla FC,SD Eibar,0:0
2251913,PrimeraDivision,2014-2015,14.12.2014,Atlético Madrid,Villarreal CF,0:1
2251914,PrimeraDivision,2014-2015,14.12.2014,Real Sociedad San Sebastian,Athletic Bilbao,1:1
2251912,PrimeraDivision,2014-2015,15.12.2014,Deportivo La Coruña,Elche CF,1:0
2251979,PrimeraDivision,2014-2015,19.12.2014,Celta Vigo,UD Almería,0:1
2251964,PrimeraDivision,2014-2015,20.12.2014,FC Barcelona,Córdoba CF,5:0
2251963,PrimeraDivision,2014-2015,20.12.2014,Levante UD,Real Sociedad San Sebastian,1:1
2251969,PrimeraDivision,2014-2015,20.12.2014,SD Eibar,Valencia CF,0:1
2251968,PrimeraDivision,2014-2015,20.12.2014,Rayo Vallecano,Espanyol Barcelona,1:3
2251945,PrimeraDivision,2014-2015,21.12.2014,Villarreal CF,Deportivo La Coruña,3:0
2251967,PrimeraDivision,2014-2015,21.12.2014,Granada CF,Getafe CF,1:1
2251942,PrimeraDivision,2014-2015,21.12.2014,Elche CF,Málaga CF,1:2
2251948,PrimeraDivision,2014-2015,21.12.2014,Athletic Bilbao,Atlético Madrid,1:4
2251974,PrimeraDivision,2014-2015,04.02.2015,Real Madrid,Sevilla FC,2:1
2251994,PrimeraDivision,2014-2015,03.01.2015,Atlético Madrid,Levante UD,3:1
2252000,PrimeraDivision,2014-2015,03.01.2015,Sevilla FC,Celta Vigo,1:0
2251992,PrimeraDivision,2014-2015,03.01.2015,Elche CF,Villarreal CF,2:2
2251993,PrimeraDivision,2014-2015,03.01.2015,Deportivo La Coruña,Athletic Bilbao,1:0
2252001,PrimeraDivision,2014-2015,03.01.2015,Málaga CF,UD Almería,1:2
2251997,PrimeraDivision,2014-2015,04.01.2015,Getafe CF,Rayo Vallecano,1:2
2251999,PrimeraDivision,2014-2015,04.01.2015,Valencia CF,Real Madrid,2:1
2251998,PrimeraDivision,2014-2015,04.01.2015,Espanyol Barcelona,SD Eibar,1:2
2251995,PrimeraDivision,2014-2015,04.01.2015,Real Sociedad San Sebastian,FC Barcelona,1:0
2251996,PrimeraDivision,2014-2015,05.01.2015,Córdoba CF,Granada CF,2:0
2252004,PrimeraDivision,2014-2015,09.01.2015,Levante UD,Deportivo La Coruña,0:0
2252009,PrimeraDivision,2014-2015,10.01.2015,Real Madrid,Espanyol Barcelona,3:0
2252002,PrimeraDivision,2014-2015,10.01.2015,Málaga CF,Villarreal CF,1:1
2252010,PrimeraDivision,2014-2015,10.01.2015,Celta Vigo,Valencia CF,1:1
2252008,PrimeraDivision,2014-2015,10.01.2015,SD Eibar,Getafe CF,2:1
2252011,PrimeraDivision,2014-2015,11.01.2015,UD Almería,Sevilla FC,0:2
2252003,PrimeraDivision,2014-2015,11.01.2015,Athletic Bilbao,Elche CF,1:2
2252006,PrimeraDivision,2014-2015,11.01.2015,Granada CF,Real Sociedad San Sebastian,1:1
2252005,PrimeraDivision,2014-2015,11.01.2015,FC Barcelona,Atlético Madrid,3:1
2252007,PrimeraDivision,2014-2015,12.01.2015,Rayo Vallecano,Córdoba CF,0:1
2252017,PrimeraDivision,2014-2015,16.01.2015,Córdoba CF,SD Eibar,1:1
2252016,PrimeraDivision,2014-2015,17.01.2015,Real Sociedad San Sebastian,Rayo Vallecano,0:1
2252020,PrimeraDivision,2014-2015,17.01.2015,Valencia CF,UD Almería,3:2
2252012,PrimeraDivision,2014-2015,17.01.2015,Villarreal CF,Athletic Bilbao,2:0
2252019,PrimeraDivision,2014-2015,17.01.2015,Espanyol Barcelona,Celta Vigo,1:0
2252018,PrimeraDivision,2014-2015,18.01.2015,Getafe CF,Real Madrid,0:3
2252015,PrimeraDivision,2014-2015,18.01.2015,Atlético Madrid,Granada CF,2:0
2252014,PrimeraDivision,2014-2015,18.01.2015,Deportivo La Coruña,FC Barcelona,0:4
2252013,PrimeraDivision,2014-2015,18.01.2015,Elche CF,Levante UD,1:0
2252021,PrimeraDivision,2014-2015,18.01.2015,Sevilla FC,Málaga CF,2:0
2251751,PrimeraDivision,2014-2015,24.01.2015,Córdoba CF,Real Madrid,1:2
2251741,PrimeraDivision,2014-2015,24.01.2015,Elche CF,FC Barcelona,0:6
2251737,PrimeraDivision,2014-2015,24.01.2015,Atlético Madrid,Rayo Vallecano,3:1
2251735,PrimeraDivision,2014-2015,24.01.2015,Villarreal CF,Levante UD,1:0
2251745,PrimeraDivision,2014-2015,24.01.2015,Real Sociedad San Sebastian,SD Eibar,1:0
2251749,PrimeraDivision,2014-2015,25.01.2015,Deportivo La Coruña,Granada CF,2:2
2251747,PrimeraDivision,2014-2015,25.01.2015,Athletic Bilbao,Málaga CF,1:1
2251743,PrimeraDivision,2014-2015,25.01.2015,Espanyol Barcelona,UD Almería,3:0
2251733,PrimeraDivision,2014-2015,25.01.2015,Valencia CF,Sevilla FC,3:1
2251739,PrimeraDivision,2014-2015,26.01.2015,Getafe CF,Celta Vigo,2:1
2251766,PrimeraDivision,2014-2015,30.01.2015,Rayo Vallecano,Deportivo La Coruña,1:2
2251761,PrimeraDivision,2014-2015,31.01.2015,Real Madrid,Real Sociedad San Sebastian,4:1
2251763,PrimeraDivision,2014-2015,31.01.2015,SD Eibar,Atlético Madrid,1:3
2251769,PrimeraDivision,2014-2015,31.01.2015,Granada CF,Elche CF,1:0
2251759,PrimeraDivision,2014-2015,31.01.2015,Celta Vigo,Córdoba CF,1:0
2251775,PrimeraDivision,2014-2015,01.02.2015,Levante UD,Athletic Bilbao,0:2
2251757,PrimeraDivision,2014-2015,01.02.2015,UD Almería,Getafe CF,1:0
2251755,PrimeraDivision,2014-2015,01.02.2015,Sevilla FC,Espanyol Barcelona,3:2
2251772,PrimeraDivision,2014-2015,01.02.2015,FC Barcelona,Villarreal CF,3:2
2251753,PrimeraDivision,2014-2015,02.02.2015,Málaga CF,Valencia CF,1:0
2251792,PrimeraDivision,2014-2015,06.02.2015,Deportivo La Coruña,SD Eibar,2:0
2251790,PrimeraDivision,2014-2015,07.02.2015,Atlético Madrid,Real Madrid,4:0
2251797,PrimeraDivision,2014-2015,07.02.2015,Villarreal CF,Granada CF,2:0
2251801,PrimeraDivision,2014-2015,07.02.2015,Levante UD,Málaga CF,4:1
2251787,PrimeraDivision,2014-2015,07.02.2015,Real Sociedad San Sebastian,Celta Vigo,1:1
2251784,PrimeraDivision,2014-2015,08.02.2015,Córdoba CF,UD Almería,1:2
2251781,PrimeraDivision,2014-2015,08.02.2015,Getafe CF,Sevilla FC,2:1
2251779,PrimeraDivision,2014-2015,08.02.2015,Espanyol Barcelona,Valencia CF,1:2
2251799,PrimeraDivision,2014-2015,08.02.2015,Athletic Bilbao,FC Barcelona,2:5
2251794,PrimeraDivision,2014-2015,09.02.2015,Elche CF,Rayo Vallecano,2:0
2251811,PrimeraDivision,2014-2015,13.02.2015,UD Almería,Real Sociedad San Sebastian,2:2
2251808,PrimeraDivision,2014-2015,14.02.2015,Sevilla FC,Córdoba CF,3:0
2251817,PrimeraDivision,2014-2015,14.02.2015,Real Madrid,Deportivo La Coruña,2:0
2251826,PrimeraDivision,2014-2015,14.02.2015,Granada CF,Athletic Bilbao,0:0
2251803,PrimeraDivision,2014-2015,14.02.2015,Málaga CF,Espanyol Barcelona,0:2
2251805,PrimeraDivision,2014-2015,15.02.2015,Valencia CF,Getafe CF,1:0
2251829,PrimeraDivision,2014-2015,15.02.2015,FC Barcelona,Levante UD,5:0
2251823,PrimeraDivision,2014-2015,15.02.2015,Rayo Vallecano,Villarreal CF,2:0
2251814,PrimeraDivision,2014-2015,15.02.2015,Celta Vigo,Atlético Madrid,2:0
2251820,PrimeraDivision,2014-2015,16.02.2015,SD Eibar,Elche CF,0:1
2251833,PrimeraDivision,2014-2015,20.02.2015,Getafe CF,Espanyol Barcelona,2:1
2251855,PrimeraDivision,2014-2015,21.02.2015,FC Barcelona,Málaga CF,0:1
2251835,PrimeraDivision,2014-2015,21.02.2015,Córdoba CF,Valencia CF,1:2
2251839,PrimeraDivision,2014-2015,21.02.2015,Atlético Madrid,UD Almería,3:0
2251841,PrimeraDivision,2014-2015,21.02.2015,Deportivo La Coruña,Celta Vigo,0:2
2251837,PrimeraDivision,2014-2015,22.02.2015,Real Sociedad San Sebastian,Sevilla FC,4:3
2251848,PrimeraDivision,2014-2015,22.02.2015,Athletic Bilbao,Rayo Vallecano,1:0
2251845,PrimeraDivision,2014-2015,22.02.2015,Villarreal CF,SD Eibar,1:0
2251843,PrimeraDivision,2014-2015,22.02.2015,Elche CF,Real Madrid,0:2
2251852,PrimeraDivision,2014-2015,23.02.2015,Levante UD,Granada CF,2:1
2251864,PrimeraDivision,2014-2015,27.02.2015,Espanyol Barcelona,Córdoba CF,1:0
2251881,PrimeraDivision,2014-2015,28.02.2015,Granada CF,FC Barcelona,1:3
2251879,PrimeraDivision,2014-2015,28.02.2015,Rayo Vallecano,Levante UD,4:2
2251871,PrimeraDivision,2014-2015,28.02.2015,UD Almería,Deportivo La Coruña,0:0
2251860,PrimeraDivision,2014-2015,28.02.2015,Málaga CF,Getafe CF,3:2
2251867,PrimeraDivision,2014-2015,01.03.2015,Valencia CF,Real Sociedad San Sebastian,2:0
2251877,PrimeraDivision,2014-2015,01.03.2015,SD Eibar,Athletic Bilbao,0:1
2251869,PrimeraDivision,2014-2015,01.03.2015,Sevilla FC,Atlético Madrid,0:0
2251875,PrimeraDivision,2014-2015,01.03.2015,Real Madrid,Villarreal CF,1:1
2251873,PrimeraDivision,2014-2015,02.03.2015,Celta Vigo,Elche CF,1:1
2251907,PrimeraDivision,2014-2015,06.03.2015,Levante UD,SD Eibar,2:1
2251896,PrimeraDivision,2014-2015,07.03.2015,Deportivo La Coruña,Sevilla FC,3:4
2251905,PrimeraDivision,2014-2015,07.03.2015,Athletic Bilbao,Real Madrid,1:0
2251901,PrimeraDivision,2014-2015,07.03.2015,Elche CF,UD Almería,1:0
2251911,PrimeraDivision,2014-2015,07.03.2015,Granada CF,Málaga CF,1:0
2251909,PrimeraDivision,2014-2015,08.03.2015,FC Barcelona,Rayo Vallecano,6:1
2251889,PrimeraDivision,2014-2015,08.03.2015,Real Sociedad San Sebastian,Espanyol Barcelona,1:0
2251903,PrimeraDivision,2014-2015,08.03.2015,Villarreal CF,Celta Vigo,4:1
2251893,PrimeraDivision,2014-2015,08.03.2015,Atlético Madrid,Valencia CF,1:1
2251886,PrimeraDivision,2014-2015,09.03.2015,Córdoba CF,Getafe CF,1:2
2251926,PrimeraDivision,2014-2015,13.03.2015,Valencia CF,Deportivo La Coruña,2:0
2251923,PrimeraDivision,2014-2015,14.03.2015,Espanyol Barcelona,Atlético Madrid,0:0
2251939,PrimeraDivision,2014-2015,14.03.2015,SD Eibar,FC Barcelona,0:2
2251941,PrimeraDivision,2014-2015,14.03.2015,Rayo Vallecano,Granada CF,3:1
2251935,PrimeraDivision,2014-2015,14.03.2015,Celta Vigo,Athletic Bilbao,1:2
2251932,PrimeraDivision,2014-2015,15.03.2015,UD Almería,Villarreal CF,0:0
2251916,PrimeraDivision,2014-2015,15.03.2015,Málaga CF,Córdoba CF,2:0
2251929,PrimeraDivision,2014-2015,15.03.2015,Sevilla FC,Elche CF,3:0
2251937,PrimeraDivision,2014-2015,15.03.2015,Real Madrid,Levante UD,2:0
2251919,PrimeraDivision,2014-2015,16.03.2015,Getafe CF,Real Sociedad San Sebastian,0:1
2251952,PrimeraDivision,2014-2015,20.03.2015,Elche CF,Valencia CF,0:4
2251947,PrimeraDivision,2014-2015,21.03.2015,Atlético Madrid,Getafe CF,2:0
2251966,PrimeraDivision,2014-2015,21.03.2015,Rayo Vallecano,Málaga CF,1:0
2251958,PrimeraDivision,2014-2015,21.03.2015,Levante UD,Celta Vigo,0:1
2251956,PrimeraDivision,2014-2015,21.03.2015,Athletic Bilbao,UD Almería,2:1
2251962,PrimeraDivision,2014-2015,21.03.2015,Granada CF,SD Eibar,0:0
2251950,PrimeraDivision,2014-2015,22.03.2015,Deportivo La Coruña,Espanyol Barcelona,0:0
2251954,PrimeraDivision,2014-2015,22.03.2015,Villarreal CF,Sevilla FC,0:2
2251944,PrimeraDivision,2014-2015,22.03.2015,Real Sociedad San Sebastian,Córdoba CF,3:1
2251960,PrimeraDivision,2014-2015,22.03.2015,FC Barcelona,Real Madrid,2:1
2251991,PrimeraDivision,2014-2015,03.04.2015,SD Eibar,Rayo Vallecano,1:2
2251983,PrimeraDivision,2014-2015,04.04.2015,Sevilla FC,Athletic Bilbao,2:0
2251973,PrimeraDivision,2014-2015,04.04.2015,Córdoba CF,Atlético Madrid,0:2
2251985,PrimeraDivision,2014-2015,04.04.2015,UD Almería,Levante UD,1:4
2251971,PrimeraDivision,2014-2015,04.04.2015,Málaga CF,Real Sociedad San Sebastian,1:1
2251989,PrimeraDivision,2014-2015,05.04.2015,Real Madrid,Granada CF,9:1
2251981,PrimeraDivision,2014-2015,05.04.2015,Valencia CF,Villarreal CF,0:0
2251976,PrimeraDivision,2014-2015,05.04.2015,Getafe CF,Deportivo La Coruña,2:1
2251987,PrimeraDivision,2014-2015,05.04.2015,Celta Vigo,FC Barcelona,0:1
2251978,PrimeraDivision,2014-2015,06.04.2015,Espanyol Barcelona,Elche CF,1:1
2252023,PrimeraDivision,2014-2015,07.04.2015,Atlético Madrid,Real Sociedad San Sebastian,2:0
2252028,PrimeraDivision,2014-2015,07.04.2015,Levante UD,Sevilla FC,1:2
2252032,PrimeraDivision,2014-2015,07.04.2015,SD Eibar,Málaga CF,1:0
2252024,PrimeraDivision,2014-2015,08.04.2015,Deportivo La Coruña,Córdoba CF,1:1
2252029,PrimeraDivision,2014-2015,08.04.2015,FC Barcelona,UD Almería,4:0
2252030,PrimeraDivision,2014-2015,08.04.2015,Granada CF,Celta Vigo,1:1
2252031,PrimeraDivision,2014-2015,08.04.2015,Rayo Vallecano,Real Madrid,0:2
2252027,PrimeraDivision,2014-2015,09.04.2015,Athletic Bilbao,Valencia CF,1:1
2252025,PrimeraDivision,2014-2015,09.04.2015,Elche CF,Getafe CF,0:1
2252026,PrimeraDivision,2014-2015,09.04.2015,Villarreal CF,Espanyol Barcelona,0:3
2252042,PrimeraDivision,2014-2015,11.04.2015,Real Madrid,SD Eibar,3:0
2252033,PrimeraDivision,2014-2015,11.04.2015,Málaga CF,Atlético Madrid,2:2
2252039,PrimeraDivision,2014-2015,11.04.2015,Sevilla FC,FC Barcelona,2:2
2252040,PrimeraDivision,2014-2015,11.04.2015,UD Almería,Granada CF,3:0
2252041,PrimeraDivision,2014-2015,11.04.2015,Celta Vigo,Rayo Vallecano,6:1
2252036,PrimeraDivision,2014-2015,12.04.2015,Getafe CF,Villarreal CF,1:1
2252037,PrimeraDivision,2014-2015,12.04.2015,Espanyol Barcelona,Athletic Bilbao,1:0
2252034,PrimeraDivision,2014-2015,12.04.2015,Real Sociedad San Sebastian,Deportivo La Coruña,2:2
2252035,PrimeraDivision,2014-2015,12.04.2015,Córdoba CF,Elche CF,0:2
2252038,PrimeraDivision,2014-2015,13.04.2015,Valencia CF,Levante UD,3:0
2252047,PrimeraDivision,2014-2015,17.04.2015,Levante UD,Espanyol Barcelona,2:2
2252048,PrimeraDivision,2014-2015,18.04.2015,FC Barcelona,Valencia CF,2:0
2252043,PrimeraDivision,2014-2015,18.04.2015,Deportivo La Coruña,Atlético Madrid,1:2
2252052,PrimeraDivision,2014-2015,18.04.2015,Real Madrid,Málaga CF,3:1
2252046,PrimeraDivision,2014-2015,18.04.2015,Athletic Bilbao,Getafe CF,4:0
2252050,PrimeraDivision,2014-2015,19.04.2015,Rayo Vallecano,UD Almería,2:0
2252049,PrimeraDivision,2014-2015,19.04.2015,Granada CF,Sevilla FC,1:1
2252045,PrimeraDivision,2014-2015,19.04.2015,Villarreal CF,Córdoba CF,0:0
2252051,PrimeraDivision,2014-2015,19.04.2015,SD Eibar,Celta Vigo,0:1
2252044,PrimeraDivision,2014-2015,20.04.2015,Elche CF,Real Sociedad San Sebastian,1:0
2252056,PrimeraDivision,2014-2015,24.04.2015,Córdoba CF,Athletic Bilbao,0:1
2252058,PrimeraDivision,2014-2015,25.04.2015,Espanyol Barcelona,FC Barcelona,0:2
2252054,PrimeraDivision,2014-2015,25.04.2015,Atlético Madrid,Elche CF,3:0
2252057,PrimeraDivision,2014-2015,25.04.2015,Getafe CF,Levante UD,0:1
2252055,PrimeraDivision,2014-2015,25.04.2015,Real Sociedad San Sebastian,Villarreal CF,0:0
2252053,PrimeraDivision,2014-2015,26.04.2015,Málaga CF,Deportivo La Coruña,1:1
2252061,PrimeraDivision,2014-2015,26.04.2015,UD Almería,SD Eibar,2:0
2252060,PrimeraDivision,2014-2015,26.04.2015,Sevilla FC,Rayo Vallecano,2:0
2252062,PrimeraDivision,2014-2015,26.04.2015,Celta Vigo,Real Madrid,2:4
2252059,PrimeraDivision,2014-2015,27.04.2015,Valencia CF,Granada CF,4:0
2252067,PrimeraDivision,2014-2015,28.04.2015,FC Barcelona,Getafe CF,6:0
2252065,PrimeraDivision,2014-2015,28.04.2015,Athletic Bilbao,Real Sociedad San Sebastian,1:1
2252066,PrimeraDivision,2014-2015,28.04.2015,Levante UD,Córdoba CF,1:0
2252070,PrimeraDivision,2014-2015,29.04.2015,SD Eibar,Sevilla FC,1:3
2252071,PrimeraDivision,2014-2015,29.04.2015,Real Madrid,UD Almería,3:0
2252072,PrimeraDivision,2014-2015,29.04.2015,Celta Vigo,Málaga CF,1:0
2252063,PrimeraDivision,2014-2015,29.04.2015,Elche CF,Deportivo La Coruña,4:0
2252064,PrimeraDivision,2014-2015,29.04.2015,Villarreal CF,Atlético Madrid,0:1
2252069,PrimeraDivision,2014-2015,30.04.2015,Rayo Vallecano,Valencia CF,1:1
2252068,PrimeraDivision,2014-2015,30.04.2015,Granada CF,Espanyol Barcelona,1:2
2252076,PrimeraDivision,2014-2015,01.05.2015,Real Sociedad San Sebastian,Levante UD,3:0
2252077,PrimeraDivision,2014-2015,02.05.2015,Córdoba CF,FC Barcelona,0:8
2252075,PrimeraDivision,2014-2015,02.05.2015,Atlético Madrid,Athletic Bilbao,0:0
2252081,PrimeraDivision,2014-2015,02.05.2015,Sevilla FC,Real Madrid,2:3
2252074,PrimeraDivision,2014-2015,02.05.2015,Deportivo La Coruña,Villarreal CF,1:1
2252079,PrimeraDivision,2014-2015,03.05.2015,Espanyol Barcelona,Rayo Vallecano,1:1
2252078,PrimeraDivision,2014-2015,03.05.2015,Getafe CF,Granada CF,1:2
2252080,PrimeraDivision,2014-2015,03.05.2015,Valencia CF,SD Eibar,3:1
2252073,PrimeraDivision,2014-2015,03.05.2015,Málaga CF,Elche CF,1:2
2252082,PrimeraDivision,2014-2015,04.05.2015,UD Almería,Celta Vigo,2:2
2252089,PrimeraDivision,2014-2015,08.05.2015,SD Eibar,Espanyol Barcelona,0:2
2252087,PrimeraDivision,2014-2015,09.05.2015,Granada CF,Córdoba CF,2:0
2252086,PrimeraDivision,2014-2015,09.05.2015,FC Barcelona,Real Sociedad San Sebastian,2:0
2252090,PrimeraDivision,2014-2015,09.05.2015,Real Madrid,Valencia CF,2:2
2252084,PrimeraDivision,2014-2015,09.05.2015,Athletic Bilbao,Deportivo La Coruña,1:1
2252085,PrimeraDivision,2014-2015,10.05.2015,Levante UD,Atlético Madrid,2:2
2252083,PrimeraDivision,2014-2015,10.05.2015,Villarreal CF,Elche CF,1:0
2252092,PrimeraDivision,2014-2015,10.05.2015,UD Almería,Málaga CF,1:2
2252091,PrimeraDivision,2014-2015,10.05.2015,Celta Vigo,Sevilla FC,1:1
2252088,PrimeraDivision,2014-2015,11.05.2015,Rayo Vallecano,Getafe CF,2:0
2252093,PrimeraDivision,2014-2015,17.05.2015,Villarreal CF,Málaga CF,2:1
2252094,PrimeraDivision,2014-2015,17.05.2015,Elche CF,Athletic Bilbao,2:3
2252095,PrimeraDivision,2014-2015,17.05.2015,Deportivo La Coruña,Levante UD,2:0
2252096,PrimeraDivision,2014-2015,17.05.2015,Atlético Madrid,FC Barcelona,0:1
2252097,PrimeraDivision,2014-2015,17.05.2015,Real Sociedad San Sebastian,Granada CF,0:3
2252098,PrimeraDivision,2014-2015,17.05.2015,Córdoba CF,Rayo Vallecano,1:2
2252099,PrimeraDivision,2014-2015,17.05.2015,Getafe CF,SD Eibar,1:1
2252100,PrimeraDivision,2014-2015,17.05.2015,Espanyol Barcelona,Real Madrid,1:4
2252101,PrimeraDivision,2014-2015,17.05.2015,Valencia CF,Celta Vigo,1:1
2252102,PrimeraDivision,2014-2015,17.05.2015,Sevilla FC,UD Almería,2:1
2252104,PrimeraDivision,2014-2015,23.05.2015,Levante UD,Elche CF,0:0
2252103,PrimeraDivision,2014-2015,23.05.2015,Athletic Bilbao,Villarreal CF,4:0
2252105,PrimeraDivision,2014-2015,23.05.2015,FC Barcelona,Deportivo La Coruña,2:2
2252106,PrimeraDivision,2014-2015,23.05.2015,Granada CF,Atlético Madrid,0:0
2252107,PrimeraDivision,2014-2015,23.05.2015,Rayo Vallecano,Real Sociedad San Sebastian,2:4
2252108,PrimeraDivision,2014-2015,23.05.2015,SD Eibar,Córdoba CF,3:0
2252110,PrimeraDivision,2014-2015,23.05.2015,Celta Vigo,Espanyol Barcelona,3:2
2252111,PrimeraDivision,2014-2015,23.05.2015,UD Almería,Valencia CF,2:3
2252112,PrimeraDivision,2014-2015,23.05.2015,Málaga CF,Sevilla FC,2:3
2252109,PrimeraDivision,2014-2015,23.05.2015,Real Madrid,Getafe CF,7:3
