GameID,League,Season,Date,HomeTeam,AwayTeam,Result
2432089,PrimeiraLiga,2015-2016,14.08.2015,CD Tondela,Sporting CP,1:2
2432081,PrimeiraLiga,2015-2016,15.08.2015,Os Belenenses,Rio Ave FC,3:3
2432087,PrimeiraLiga,2015-2016,15.08.2015,FC Porto,Vitória Guimarães,3:0
2432086,PrimeiraLiga,2015-2016,16.08.2015,Vitória Setúbal,Boavista,2:2
2432088,PrimeiraLiga,2015-2016,16.08.2015,União da Madeira,Maritimo Funchal,2:1
2432085,PrimeiraLiga,2015-2016,16.08.2015,Moreirense FC,FC Arouca,0:2
2432083,PrimeiraLiga,2015-2016,16.08.2015,Sporting Braga,CD Nacional,2:1
2432082,PrimeiraLiga,2015-2016,16.08.2015,SL Benfica,GD Estoril,4:0
2432084,PrimeiraLiga,2015-2016,17.08.2015,Paços de Ferreira,Académica Coimbra,1:0
2432097,PrimeiraLiga,2015-2016,21.08.2015,Rio Ave FC,Sporting Braga,1:0
2432098,PrimeiraLiga,2015-2016,22.08.2015,Sporting CP,Paços de Ferreira,1:1
2432094,PrimeiraLiga,2015-2016,22.08.2015,Maritimo Funchal,FC Porto,1:1
2432092,PrimeiraLiga,2015-2016,23.08.2015,Boavista,CD Tondela,1:0
2432093,PrimeiraLiga,2015-2016,23.08.2015,GD Estoril,Moreirense FC,2:0
2432095,PrimeiraLiga,2015-2016,23.08.2015,CD Nacional,União da Madeira,1:0
2432096,PrimeiraLiga,2015-2016,23.08.2015,Vitória Guimarães,Os Belenenses,1:1
2432091,PrimeiraLiga,2015-2016,23.08.2015,FC Arouca,SL Benfica,1:0
2432090,PrimeiraLiga,2015-2016,24.08.2015,Académica Coimbra,Vitória Setúbal,0:4
2432107,PrimeiraLiga,2015-2016,29.08.2015,Vitória Setúbal,Rio Ave FC,2:2
2432104,PrimeiraLiga,2015-2016,29.08.2015,FC Porto,GD Estoril,2:0
2432101,PrimeiraLiga,2015-2016,29.08.2015,SL Benfica,Moreirense FC,3:2
2432106,PrimeiraLiga,2015-2016,30.08.2015,CD Tondela,CD Nacional,1:0
2432102,PrimeiraLiga,2015-2016,30.08.2015,Paços de Ferreira,FC Arouca,1:1
2432103,PrimeiraLiga,2015-2016,30.08.2015,Sporting Braga,Boavista,4:0
2432099,PrimeiraLiga,2015-2016,30.08.2015,Académica Coimbra,Sporting CP,1:3
2432100,PrimeiraLiga,2015-2016,31.08.2015,Os Belenenses,Maritimo Funchal,1:1
2432105,PrimeiraLiga,2015-2016,31.08.2015,União da Madeira,Vitória Guimarães,0:0
2432115,PrimeiraLiga,2015-2016,11.09.2015,SL Benfica,Os Belenenses,6:0
2432116,PrimeiraLiga,2015-2016,12.09.2015,GD Estoril,Sporting Braga,1:0
2432108,PrimeiraLiga,2015-2016,12.09.2015,FC Arouca,FC Porto,1:3
2432111,PrimeiraLiga,2015-2016,13.09.2015,Maritimo Funchal,Vitória Setúbal,5:2
2432112,PrimeiraLiga,2015-2016,13.09.2015,Moreirense FC,União da Madeira,0:0
2432114,PrimeiraLiga,2015-2016,13.09.2015,CD Nacional,Académica Coimbra,2:0
2432110,PrimeiraLiga,2015-2016,13.09.2015,Vitória Guimarães,CD Tondela,1:0
2432113,PrimeiraLiga,2015-2016,13.09.2015,Rio Ave FC,Sporting CP,1:2
2432109,PrimeiraLiga,2015-2016,14.09.2015,Boavista,Paços de Ferreira,0:1
2432124,PrimeiraLiga,2015-2016,18.09.2015,Vitória Setúbal,Vitória Guimarães,2:2
2432123,PrimeiraLiga,2015-2016,19.09.2015,CD Tondela,GD Estoril,0:1
2432120,PrimeiraLiga,2015-2016,19.09.2015,Paços de Ferreira,Rio Ave FC,0:3
2432117,PrimeiraLiga,2015-2016,20.09.2015,Académica Coimbra,Boavista,0:2
2432121,PrimeiraLiga,2015-2016,20.09.2015,União da Madeira,FC Arouca,0:0
2432122,PrimeiraLiga,2015-2016,20.09.2015,FC Porto,SL Benfica,1:0
2432118,PrimeiraLiga,2015-2016,21.09.2015,Os Belenenses,Moreirense FC,2:0
2432119,PrimeiraLiga,2015-2016,21.09.2015,Sporting Braga,Maritimo Funchal,5:1
2432125,PrimeiraLiga,2015-2016,21.09.2015,Sporting CP,CD Nacional,1:0
2432131,PrimeiraLiga,2015-2016,25.09.2015,Moreirense FC,FC Porto,2:2
2432127,PrimeiraLiga,2015-2016,26.09.2015,SL Benfica,Paços de Ferreira,3:0
2432128,PrimeiraLiga,2015-2016,26.09.2015,Boavista,Sporting CP,0:0
2432130,PrimeiraLiga,2015-2016,27.09.2015,Maritimo Funchal,CD Tondela,1:0
2432132,PrimeiraLiga,2015-2016,27.09.2015,CD Nacional,Vitória Setúbal,1:1
2432126,PrimeiraLiga,2015-2016,27.09.2015,FC Arouca,Os Belenenses,2:2
2432129,PrimeiraLiga,2015-2016,27.09.2015,GD Estoril,União da Madeira,2:1
2432134,PrimeiraLiga,2015-2016,27.09.2015,Vitória Guimarães,Sporting Braga,0:1
2432133,PrimeiraLiga,2015-2016,28.09.2015,Rio Ave FC,Académica Coimbra,1:0
2432141,PrimeiraLiga,2015-2016,02.10.2015,Vitória Setúbal,GD Estoril,1:0
2432136,PrimeiraLiga,2015-2016,03.10.2015,Paços de Ferreira,CD Nacional,3:1
2432143,PrimeiraLiga,2015-2016,03.10.2015,CD Tondela,Moreirense FC,1:1
2432135,PrimeiraLiga,2015-2016,03.10.2015,Académica Coimbra,Maritimo Funchal,1:0
2432140,PrimeiraLiga,2015-2016,03.10.2015,Rio Ave FC,Boavista,1:0
2432137,PrimeiraLiga,2015-2016,04.10.2015,Sporting Braga,FC Arouca,0:0
2432138,PrimeiraLiga,2015-2016,04.10.2015,FC Porto,Os Belenenses,4:0
2432142,PrimeiraLiga,2015-2016,04.10.2015,Sporting CP,Vitória Guimarães,5:1
2432139,PrimeiraLiga,2015-2016,15.12.2015,União da Madeira,SL Benfica,0:0
2432150,PrimeiraLiga,2015-2016,23.10.2015,CD Nacional,Boavista,0:0
2432152,PrimeiraLiga,2015-2016,24.10.2015,Maritimo Funchal,Paços de Ferreira,0:2
2432147,PrimeiraLiga,2015-2016,24.10.2015,GD Estoril,Rio Ave FC,2:2
2432149,PrimeiraLiga,2015-2016,24.10.2015,Vitória Guimarães,Académica Coimbra,1:1
2432144,PrimeiraLiga,2015-2016,25.10.2015,FC Arouca,CD Tondela,1:1
2432148,PrimeiraLiga,2015-2016,25.10.2015,Moreirense FC,Vitória Setúbal,0:2
2432146,PrimeiraLiga,2015-2016,25.10.2015,SL Benfica,Sporting CP,0:3
2432151,PrimeiraLiga,2015-2016,25.10.2015,FC Porto,Sporting Braga,0:0
2432145,PrimeiraLiga,2015-2016,26.10.2015,Os Belenenses,União da Madeira,1:0
2432158,PrimeiraLiga,2015-2016,30.10.2015,CD Tondela,SL Benfica,0:4
2432157,PrimeiraLiga,2015-2016,31.10.2015,Sporting Braga,Os Belenenses,4:0
2432159,PrimeiraLiga,2015-2016,31.10.2015,Sporting CP,GD Estoril,1:0
2432153,PrimeiraLiga,2015-2016,01.11.2015,Académica Coimbra,Moreirense FC,1:1
2432156,PrimeiraLiga,2015-2016,01.11.2015,Vitória Setúbal,FC Arouca,0:0
2432160,PrimeiraLiga,2015-2016,01.11.2015,Rio Ave FC,CD Nacional,1:0
2432154,PrimeiraLiga,2015-2016,01.11.2015,Boavista,Maritimo Funchal,0:1
2432155,PrimeiraLiga,2015-2016,02.11.2015,Paços de Ferreira,Vitória Guimarães,0:1
2432161,PrimeiraLiga,2015-2016,02.12.2015,União da Madeira,FC Porto,0:4
2432168,PrimeiraLiga,2015-2016,06.11.2015,GD Estoril,Académica Coimbra,1:1
2432165,PrimeiraLiga,2015-2016,07.11.2015,Vitória Guimarães,CD Nacional,0:1
2432164,PrimeiraLiga,2015-2016,08.11.2015,SL Benfica,Boavista,2:0
2432166,PrimeiraLiga,2015-2016,08.11.2015,Maritimo Funchal,Rio Ave FC,3:2
2432170,PrimeiraLiga,2015-2016,08.11.2015,Moreirense FC,Paços de Ferreira,2:0
2432167,PrimeiraLiga,2015-2016,08.11.2015,FC Porto,Vitória Setúbal,2:0
2432162,PrimeiraLiga,2015-2016,08.11.2015,FC Arouca,Sporting CP,0:1
2432163,PrimeiraLiga,2015-2016,09.11.2015,Os Belenenses,CD Tondela,2:1
2432169,PrimeiraLiga,2015-2016,09.11.2015,União da Madeira,Sporting Braga,0:1
2432177,PrimeiraLiga,2015-2016,27.11.2015,CD Nacional,Maritimo Funchal,3:1
2432173,PrimeiraLiga,2015-2016,28.11.2015,Vitória Setúbal,União da Madeira,2:2
2432172,PrimeiraLiga,2015-2016,28.11.2015,Boavista,Vitória Guimarães,1:2
2432179,PrimeiraLiga,2015-2016,28.11.2015,CD Tondela,FC Porto,0:1
2432171,PrimeiraLiga,2015-2016,29.11.2015,Académica Coimbra,FC Arouca,1:1
2432178,PrimeiraLiga,2015-2016,29.11.2015,Rio Ave FC,Moreirense FC,0:1
2432176,PrimeiraLiga,2015-2016,29.11.2015,Paços de Ferreira,GD Estoril,2:0
2432174,PrimeiraLiga,2015-2016,30.11.2015,Sporting CP,Os Belenenses,1:0
2432175,PrimeiraLiga,2015-2016,30.11.2015,Sporting Braga,SL Benfica,0:2
2432185,PrimeiraLiga,2015-2016,04.12.2015,SL Benfica,Académica Coimbra,3:0
2432181,PrimeiraLiga,2015-2016,05.12.2015,Os Belenenses,Vitória Setúbal,0:3
2432187,PrimeiraLiga,2015-2016,05.12.2015,FC Porto,Paços de Ferreira,2:1
2432184,PrimeiraLiga,2015-2016,05.12.2015,Maritimo Funchal,Sporting CP,0:1
2432180,PrimeiraLiga,2015-2016,06.12.2015,FC Arouca,Boavista,3:2
2432182,PrimeiraLiga,2015-2016,06.12.2015,GD Estoril,CD Nacional,1:1
2432188,PrimeiraLiga,2015-2016,06.12.2015,União da Madeira,CD Tondela,2:0
2432186,PrimeiraLiga,2015-2016,06.12.2015,Moreirense FC,Sporting Braga,0:0
2432183,PrimeiraLiga,2015-2016,07.12.2015,Vitória Guimarães,Rio Ave FC,3:1
2432190,PrimeiraLiga,2015-2016,11.12.2015,Boavista,GD Estoril,1:1
2432194,PrimeiraLiga,2015-2016,12.12.2015,Rio Ave FC,FC Arouca,3:1
2432191,PrimeiraLiga,2015-2016,12.12.2015,Paços de Ferreira,União da Madeira,6:0
2432192,PrimeiraLiga,2015-2016,12.12.2015,Vitória Guimarães,Maritimo Funchal,3:4
2432195,PrimeiraLiga,2015-2016,12.12.2015,Vitória Setúbal,SL Benfica,2:4
2432197,PrimeiraLiga,2015-2016,13.12.2015,Sporting CP,Moreirense FC,3:1
2432196,PrimeiraLiga,2015-2016,13.12.2015,CD Tondela,Sporting Braga,0:1
2432193,PrimeiraLiga,2015-2016,14.12.2015,CD Nacional,FC Porto,1:2
2432189,PrimeiraLiga,2015-2016,14.12.2015,Académica Coimbra,Os Belenenses,4:3
2432198,PrimeiraLiga,2015-2016,19.12.2015,FC Arouca,Maritimo Funchal,4:1
2432202,PrimeiraLiga,2015-2016,19.12.2015,GD Estoril,Vitória Guimarães,0:1
2432200,PrimeiraLiga,2015-2016,20.12.2015,SL Benfica,Rio Ave FC,3:1
2432203,PrimeiraLiga,2015-2016,20.12.2015,Moreirense FC,CD Nacional,2:0
2432205,PrimeiraLiga,2015-2016,20.12.2015,CD Tondela,Vitória Setúbal,1:3
2432206,PrimeiraLiga,2015-2016,20.12.2015,União da Madeira,Sporting CP,1:0
2432204,PrimeiraLiga,2015-2016,20.12.2015,FC Porto,Académica Coimbra,3:1
2432199,PrimeiraLiga,2015-2016,21.12.2015,Os Belenenses,Boavista,1:0
2432201,PrimeiraLiga,2015-2016,21.12.2015,Sporting Braga,Paços de Ferreira,1:1
2432207,PrimeiraLiga,2015-2016,02.01.2016,Académica Coimbra,União da Madeira,3:1
2432208,PrimeiraLiga,2015-2016,02.01.2016,Boavista,Moreirense FC,0:3
2432210,PrimeiraLiga,2015-2016,02.01.2016,CD Nacional,FC Arouca,2:2
2432214,PrimeiraLiga,2015-2016,02.01.2016,Maritimo Funchal,GD Estoril,1:1
2432213,PrimeiraLiga,2015-2016,02.01.2016,Vitória Setúbal,Sporting Braga,1:1
2432211,PrimeiraLiga,2015-2016,02.01.2016,Paços de Ferreira,Os Belenenses,2:2
2432212,PrimeiraLiga,2015-2016,02.01.2016,Vitória Guimarães,SL Benfica,0:1
2432215,PrimeiraLiga,2015-2016,02.01.2016,Sporting CP,FC Porto,2:0
2432209,PrimeiraLiga,2015-2016,03.01.2016,Rio Ave FC,CD Tondela,2:3
2432222,PrimeiraLiga,2015-2016,06.01.2016,União da Madeira,Boavista,1:0
2432216,PrimeiraLiga,2015-2016,06.01.2016,FC Arouca,GD Estoril,1:0
2432223,PrimeiraLiga,2015-2016,06.01.2016,CD Tondela,Paços de Ferreira,0:2
2432224,PrimeiraLiga,2015-2016,06.01.2016,Moreirense FC,Vitória Guimarães,3:4
2432217,PrimeiraLiga,2015-2016,06.01.2016,Os Belenenses,CD Nacional,2:2
2432221,PrimeiraLiga,2015-2016,06.01.2016,Sporting Braga,Académica Coimbra,3:0
2432218,PrimeiraLiga,2015-2016,06.01.2016,SL Benfica,Maritimo Funchal,6:0
2432219,PrimeiraLiga,2015-2016,06.01.2016,FC Porto,Rio Ave FC,1:1
2432220,PrimeiraLiga,2015-2016,06.01.2016,Vitória Setúbal,Sporting CP,0:6
2432230,PrimeiraLiga,2015-2016,09.01.2016,Vitória Guimarães,FC Arouca,2:2
2432225,PrimeiraLiga,2015-2016,10.01.2016,Académica Coimbra,CD Tondela,2:1
2432228,PrimeiraLiga,2015-2016,10.01.2016,Maritimo Funchal,Moreirense FC,5:1
2432229,PrimeiraLiga,2015-2016,10.01.2016,Rio Ave FC,União da Madeira,1:0
2432231,PrimeiraLiga,2015-2016,10.01.2016,GD Estoril,Os Belenenses,2:0
2432233,PrimeiraLiga,2015-2016,10.01.2016,Sporting CP,Sporting Braga,3:2
2432226,PrimeiraLiga,2015-2016,10.01.2016,Boavista,FC Porto,0:5
2432232,PrimeiraLiga,2015-2016,11.01.2016,CD Nacional,SL Benfica,1:4
2432227,PrimeiraLiga,2015-2016,11.01.2016,Paços de Ferreira,Vitória Setúbal,2:1
2432242,PrimeiraLiga,2015-2016,15.01.2016,Sporting CP,CD Tondela,2:2
2432237,PrimeiraLiga,2015-2016,16.01.2016,Académica Coimbra,Paços de Ferreira,1:1
2432241,PrimeiraLiga,2015-2016,16.01.2016,Maritimo Funchal,União da Madeira,0:1
2432235,PrimeiraLiga,2015-2016,16.01.2016,GD Estoril,SL Benfica,1:2
2432234,PrimeiraLiga,2015-2016,17.01.2016,Rio Ave FC,Os Belenenses,1:2
2432238,PrimeiraLiga,2015-2016,17.01.2016,FC Arouca,Moreirense FC,1:2
2432236,PrimeiraLiga,2015-2016,17.01.2016,CD Nacional,Sporting Braga,2:3
2432240,PrimeiraLiga,2015-2016,17.01.2016,Vitória Guimarães,FC Porto,1:0
2432239,PrimeiraLiga,2015-2016,18.01.2016,Boavista,Vitória Setúbal,4:0
2432243,PrimeiraLiga,2015-2016,22.01.2016,Vitória Setúbal,Académica Coimbra,2:1
2432246,PrimeiraLiga,2015-2016,23.01.2016,Moreirense FC,GD Estoril,1:3
2432248,PrimeiraLiga,2015-2016,23.01.2016,União da Madeira,CD Nacional,3:0
2432244,PrimeiraLiga,2015-2016,23.01.2016,SL Benfica,FC Arouca,3:1
2432251,PrimeiraLiga,2015-2016,23.01.2016,Paços de Ferreira,Sporting CP,1:3
2432249,PrimeiraLiga,2015-2016,24.01.2016,Os Belenenses,Vitória Guimarães,3:3
2432250,PrimeiraLiga,2015-2016,24.01.2016,Sporting Braga,Rio Ave FC,5:1
2432247,PrimeiraLiga,2015-2016,24.01.2016,FC Porto,Maritimo Funchal,1:0
2432245,PrimeiraLiga,2015-2016,25.01.2016,CD Tondela,Boavista,1:2
2432258,PrimeiraLiga,2015-2016,29.01.2016,Vitória Guimarães,União da Madeira,3:1
2432257,PrimeiraLiga,2015-2016,30.01.2016,GD Estoril,FC Porto,1:3
2432252,PrimeiraLiga,2015-2016,30.01.2016,Sporting CP,Académica Coimbra,3:2
2432255,PrimeiraLiga,2015-2016,31.01.2016,FC Arouca,Paços de Ferreira,2:2
2432259,PrimeiraLiga,2015-2016,31.01.2016,CD Nacional,CD Tondela,3:1
2432260,PrimeiraLiga,2015-2016,31.01.2016,Rio Ave FC,Vitória Setúbal,2:1
2432256,PrimeiraLiga,2015-2016,31.01.2016,Boavista,Sporting Braga,0:0
2432254,PrimeiraLiga,2015-2016,31.01.2016,Moreirense FC,SL Benfica,1:4
2432253,PrimeiraLiga,2015-2016,01.02.2016,Maritimo Funchal,Os Belenenses,1:2
2432268,PrimeiraLiga,2015-2016,05.02.2016,Os Belenenses,SL Benfica,0:5
2432264,PrimeiraLiga,2015-2016,06.02.2016,Vitória Setúbal,Maritimo Funchal,1:1
2432263,PrimeiraLiga,2015-2016,06.02.2016,CD Tondela,Vitória Guimarães,1:1
2432262,PrimeiraLiga,2015-2016,07.02.2016,Paços de Ferreira,Boavista,0:1
2432265,PrimeiraLiga,2015-2016,07.02.2016,União da Madeira,Moreirense FC,0:1
2432267,PrimeiraLiga,2015-2016,07.02.2016,Académica Coimbra,CD Nacional,2:2
2432261,PrimeiraLiga,2015-2016,07.02.2016,FC Porto,FC Arouca,1:2
2432266,PrimeiraLiga,2015-2016,08.02.2016,Sporting CP,Rio Ave FC,0:0
2432269,PrimeiraLiga,2015-2016,08.02.2016,Sporting Braga,GD Estoril,2:0
2432275,PrimeiraLiga,2015-2016,12.02.2016,SL Benfica,FC Porto,1:2
2432271,PrimeiraLiga,2015-2016,13.02.2016,Moreirense FC,Os Belenenses,2:3
2432278,PrimeiraLiga,2015-2016,13.02.2016,CD Nacional,Sporting CP,0:4
2432277,PrimeiraLiga,2015-2016,13.02.2016,Vitória Guimarães,Vitória Setúbal,2:2
2432274,PrimeiraLiga,2015-2016,14.02.2016,FC Arouca,União da Madeira,3:0
2432276,PrimeiraLiga,2015-2016,14.02.2016,GD Estoril,CD Tondela,2:1
2432270,PrimeiraLiga,2015-2016,14.02.2016,Boavista,Académica Coimbra,0:0
2432272,PrimeiraLiga,2015-2016,14.02.2016,Maritimo Funchal,Sporting Braga,1:3
2432273,PrimeiraLiga,2015-2016,15.02.2016,Rio Ave FC,Paços de Ferreira,1:1
2432282,PrimeiraLiga,2015-2016,19.02.2016,União da Madeira,GD Estoril,1:1
2432280,PrimeiraLiga,2015-2016,20.02.2016,Paços de Ferreira,SL Benfica,1:3
2432286,PrimeiraLiga,2015-2016,20.02.2016,Académica Coimbra,Rio Ave FC,0:2
2432279,PrimeiraLiga,2015-2016,21.02.2016,Os Belenenses,FC Arouca,0:2
2432283,PrimeiraLiga,2015-2016,21.02.2016,CD Tondela,Maritimo Funchal,3:4
2432285,PrimeiraLiga,2015-2016,21.02.2016,Vitória Setúbal,CD Nacional,1:1
2432284,PrimeiraLiga,2015-2016,21.02.2016,FC Porto,Moreirense FC,3:2
2432287,PrimeiraLiga,2015-2016,21.02.2016,Sporting Braga,Vitória Guimarães,3:3
2432281,PrimeiraLiga,2015-2016,22.02.2016,Sporting CP,Boavista,2:0
2432289,PrimeiraLiga,2015-2016,26.02.2016,CD Nacional,Paços de Ferreira,3:0
2432293,PrimeiraLiga,2015-2016,27.02.2016,Boavista,Rio Ave FC,1:2
2432290,PrimeiraLiga,2015-2016,27.02.2016,FC Arouca,Sporting Braga,0:0
2432294,PrimeiraLiga,2015-2016,27.02.2016,GD Estoril,Vitória Setúbal,3:0
2432288,PrimeiraLiga,2015-2016,28.02.2016,Maritimo Funchal,Académica Coimbra,1:0
2432296,PrimeiraLiga,2015-2016,28.02.2016,Moreirense FC,CD Tondela,1:2
2432291,PrimeiraLiga,2015-2016,28.02.2016,Os Belenenses,FC Porto,1:2
2432292,PrimeiraLiga,2015-2016,29.02.2016,SL Benfica,União da Madeira,2:0
2432295,PrimeiraLiga,2015-2016,29.02.2016,Vitória Guimarães,Sporting CP,0:0
2432305,PrimeiraLiga,2015-2016,04.03.2016,Paços de Ferreira,Maritimo Funchal,2:2
2432299,PrimeiraLiga,2015-2016,05.03.2016,Sporting CP,SL Benfica,0:1
2432297,PrimeiraLiga,2015-2016,06.03.2016,CD Tondela,FC Arouca,0:1
2432298,PrimeiraLiga,2015-2016,06.03.2016,União da Madeira,Os Belenenses,0:0
2432301,PrimeiraLiga,2015-2016,06.03.2016,Vitória Setúbal,Moreirense FC,0:1
2432303,PrimeiraLiga,2015-2016,06.03.2016,Boavista,CD Nacional,0:1
2432302,PrimeiraLiga,2015-2016,06.03.2016,Académica Coimbra,Vitória Guimarães,2:0
2432304,PrimeiraLiga,2015-2016,06.03.2016,Sporting Braga,FC Porto,3:1
2432300,PrimeiraLiga,2015-2016,07.03.2016,Rio Ave FC,GD Estoril,1:3
2432307,PrimeiraLiga,2015-2016,11.03.2016,Maritimo Funchal,Boavista,0:3
2432312,PrimeiraLiga,2015-2016,12.03.2016,GD Estoril,Sporting CP,1:2
2432314,PrimeiraLiga,2015-2016,12.03.2016,FC Porto,União da Madeira,3:2
2432306,PrimeiraLiga,2015-2016,13.03.2016,Moreirense FC,Académica Coimbra,2:2
2432309,PrimeiraLiga,2015-2016,13.03.2016,FC Arouca,Vitória Setúbal,1:0
2432313,PrimeiraLiga,2015-2016,13.03.2016,CD Nacional,Rio Ave FC,1:0
2432308,PrimeiraLiga,2015-2016,13.03.2016,Vitória Guimarães,Paços de Ferreira,0:1
2432310,PrimeiraLiga,2015-2016,13.03.2016,Os Belenenses,Sporting Braga,3:0
2432311,PrimeiraLiga,2015-2016,14.03.2016,SL Benfica,CD Tondela,4:1
2432319,PrimeiraLiga,2015-2016,18.03.2016,Rio Ave FC,Maritimo Funchal,1:0
2432315,PrimeiraLiga,2015-2016,19.03.2016,Sporting CP,FC Arouca,5:1
2432320,PrimeiraLiga,2015-2016,19.03.2016,Vitória Setúbal,FC Porto,0:1
2432316,PrimeiraLiga,2015-2016,20.03.2016,CD Tondela,Os Belenenses,2:2
2432318,PrimeiraLiga,2015-2016,20.03.2016,CD Nacional,Vitória Guimarães,3:2
2432321,PrimeiraLiga,2015-2016,20.03.2016,Académica Coimbra,GD Estoril,0:3
2432323,PrimeiraLiga,2015-2016,20.03.2016,Paços de Ferreira,Moreirense FC,0:0
2432317,PrimeiraLiga,2015-2016,20.03.2016,Boavista,SL Benfica,0:1
2432322,PrimeiraLiga,2015-2016,20.03.2016,Sporting Braga,União da Madeira,2:0
2432328,PrimeiraLiga,2015-2016,01.04.2016,SL Benfica,Sporting Braga,5:1
2432324,PrimeiraLiga,2015-2016,02.04.2016,FC Arouca,Académica Coimbra,3:2
2432330,PrimeiraLiga,2015-2016,02.04.2016,Maritimo Funchal,CD Nacional,2:0
2432325,PrimeiraLiga,2015-2016,02.04.2016,Vitória Guimarães,Boavista,1:1
2432326,PrimeiraLiga,2015-2016,03.04.2016,União da Madeira,Vitória Setúbal,2:2
2432329,PrimeiraLiga,2015-2016,03.04.2016,GD Estoril,Paços de Ferreira,1:0
2432331,PrimeiraLiga,2015-2016,03.04.2016,Moreirense FC,Rio Ave FC,0:1
2432332,PrimeiraLiga,2015-2016,04.04.2016,FC Porto,CD Tondela,0:1
2432327,PrimeiraLiga,2015-2016,04.04.2016,Os Belenenses,Sporting CP,2:5
2432333,PrimeiraLiga,2015-2016,08.04.2016,Boavista,FC Arouca,0:0
2432338,PrimeiraLiga,2015-2016,09.04.2016,Académica Coimbra,SL Benfica,1:2
2432337,PrimeiraLiga,2015-2016,09.04.2016,Sporting CP,Maritimo Funchal,3:1
2432334,PrimeiraLiga,2015-2016,10.04.2016,Vitória Setúbal,Os Belenenses,0:1
2432335,PrimeiraLiga,2015-2016,10.04.2016,CD Nacional,GD Estoril,4:1
2432341,PrimeiraLiga,2015-2016,10.04.2016,CD Tondela,União da Madeira,1:0
2432340,PrimeiraLiga,2015-2016,10.04.2016,Paços de Ferreira,FC Porto,1:0
2432339,PrimeiraLiga,2015-2016,10.04.2016,Sporting Braga,Moreirense FC,1:1
2432336,PrimeiraLiga,2015-2016,11.04.2016,Rio Ave FC,Vitória Guimarães,2:0
2432347,PrimeiraLiga,2015-2016,16.04.2016,FC Arouca,Rio Ave FC,0:0
2432343,PrimeiraLiga,2015-2016,16.04.2016,GD Estoril,Boavista,1:0
2432350,PrimeiraLiga,2015-2016,16.04.2016,Moreirense FC,Sporting CP,0:1
2432342,PrimeiraLiga,2015-2016,17.04.2016,Os Belenenses,Académica Coimbra,1:1
2432344,PrimeiraLiga,2015-2016,17.04.2016,União da Madeira,Paços de Ferreira,3:4
2432345,PrimeiraLiga,2015-2016,17.04.2016,Maritimo Funchal,Vitória Guimarães,3:0
2432346,PrimeiraLiga,2015-2016,17.04.2016,FC Porto,CD Nacional,4:0
2432349,PrimeiraLiga,2015-2016,18.04.2016,Sporting Braga,CD Tondela,3:0
2432348,PrimeiraLiga,2015-2016,18.04.2016,SL Benfica,Vitória Setúbal,2:1
2432352,PrimeiraLiga,2015-2016,22.04.2016,Boavista,Os Belenenses,1:0
2432357,PrimeiraLiga,2015-2016,23.04.2016,Académica Coimbra,FC Porto,1:2
2432359,PrimeiraLiga,2015-2016,23.04.2016,Sporting CP,União da Madeira,2:0
2432354,PrimeiraLiga,2015-2016,23.04.2016,Paços de Ferreira,Sporting Braga,1:0
2432351,PrimeiraLiga,2015-2016,24.04.2016,Maritimo Funchal,FC Arouca,1:2
2432356,PrimeiraLiga,2015-2016,24.04.2016,CD Nacional,Moreirense FC,0:1
2432358,PrimeiraLiga,2015-2016,24.04.2016,Vitória Setúbal,CD Tondela,0:1
2432355,PrimeiraLiga,2015-2016,24.04.2016,Vitória Guimarães,GD Estoril,1:1
2432353,PrimeiraLiga,2015-2016,24.04.2016,Rio Ave FC,SL Benfica,0:1
2432365,PrimeiraLiga,2015-2016,29.04.2016,SL Benfica,Vitória Guimarães,1:0
2432366,PrimeiraLiga,2015-2016,29.04.2016,Sporting Braga,Vitória Setúbal,3:2
2432362,PrimeiraLiga,2015-2016,30.04.2016,CD Tondela,Rio Ave FC,1:1
2432364,PrimeiraLiga,2015-2016,30.04.2016,Os Belenenses,Paços de Ferreira,0:2
2432368,PrimeiraLiga,2015-2016,30.04.2016,FC Porto,Sporting CP,1:3
2432361,PrimeiraLiga,2015-2016,01.05.2016,Moreirense FC,Boavista,1:1
2432367,PrimeiraLiga,2015-2016,01.05.2016,GD Estoril,Maritimo Funchal,2:1
2432363,PrimeiraLiga,2015-2016,01.05.2016,FC Arouca,CD Nacional,3:0
2432360,PrimeiraLiga,2015-2016,01.05.2016,União da Madeira,Académica Coimbra,3:1
2432376,PrimeiraLiga,2015-2016,06.05.2016,Paços de Ferreira,CD Tondela,1:4
2432372,PrimeiraLiga,2015-2016,07.05.2016,Rio Ave FC,FC Porto,1:3
2432374,PrimeiraLiga,2015-2016,07.05.2016,Académica Coimbra,Sporting Braga,0:0
2432373,PrimeiraLiga,2015-2016,07.05.2016,Sporting CP,Vitória Setúbal,5:0
2432370,PrimeiraLiga,2015-2016,08.05.2016,CD Nacional,Os Belenenses,2:2
2432375,PrimeiraLiga,2015-2016,08.05.2016,Boavista,União da Madeira,1:0
2432377,PrimeiraLiga,2015-2016,08.05.2016,Vitória Guimarães,Moreirense FC,4:1
2432371,PrimeiraLiga,2015-2016,08.05.2016,Maritimo Funchal,SL Benfica,0:2
2432369,PrimeiraLiga,2015-2016,09.05.2016,GD Estoril,FC Arouca,1:1
2432379,PrimeiraLiga,2015-2016,14.05.2016,FC Porto,Boavista,4:0
2432383,PrimeiraLiga,2015-2016,14.05.2016,FC Arouca,Vitória Guimarães,2:2
2432378,PrimeiraLiga,2015-2016,14.05.2016,CD Tondela,Académica Coimbra,2:0
2432380,PrimeiraLiga,2015-2016,14.05.2016,Vitória Setúbal,Paços de Ferreira,0:0
2432382,PrimeiraLiga,2015-2016,14.05.2016,União da Madeira,Rio Ave FC,1:2
2432384,PrimeiraLiga,2015-2016,14.05.2016,Os Belenenses,GD Estoril,2:1
2432381,PrimeiraLiga,2015-2016,15.05.2016,Moreirense FC,Maritimo Funchal,2:1
2432385,PrimeiraLiga,2015-2016,15.05.2016,SL Benfica,CD Nacional,4:1
2432386,PrimeiraLiga,2015-2016,15.05.2016,Sporting Braga,Sporting CP,0:4
