GameID,Minute,Player,Team,Card
2253963,30,Thomas Mangani,Chievo Verona,yellow
2253963,57,Dario Dainelli,Chievo Verona,yellow
2253963,29,Arturo Vidal,Juventus Turin,yellow
2253971,24,Francesco Totti,AS Rom,yellow
2253971,57,Davide Astori,AS Rom,yellow
2253971,72,Vasilios Torosidis,AS Rom,yellow
2253971,88,Ashley Cole,AS Rom,yellow
2253971,23,Stefan Savić,AC Florenz,yellow
2253971,24,Gonzalo Rodríguez,AC Florenz,yellow
2253971,54,Marcos Alonso,AC Florenz,yellow
2253971,90,Alberto Aquilani,AC Florenz,yellow
2253959,84,Boukary Dramé,Atalanta,yellow
2253959,86,Richmond Boakye,Atalanta,yellow
2253959,35,Emil Hallfreðsson,Hellas Verona,yellow
2253959,70,Lazaros Christodoulopoulos,Hellas Verona,yellow
2253959,85,Artur Ioniță,Hellas Verona,yellow
2253967,20,Nigel de Jong,AC Mailand,yellow
2253967,71,Diego López,AC Mailand,yellow
2253967,25,Stefan Radu,Lazio Rom,yellow
2253967,37,Senad Lulić,Lazio Rom,yellow
2253967,62,Stefan de Vrij,Lazio Rom,yellow
2253961,25,Stefano Lucchini,AC Cesena,yellow
2253961,87,Alejandro Rodríguez,AC Cesena,yellow
2253961,57,Cristóbal Jorquera,Parma Calcio 1913,yellow
2253965,53,Giovanni Marchese,FC Genua,yellow
2253965,55,Stefano Sturaro,FC Genua,yellow
2253965,80,Antonino Ragusa,FC Genua,yellow
2253965,77,Raúl Albiol,SSC Neapel,yellow
2253969,26,Luca Rigoni,US Palermo,yellow
2253969,84,Fabio Daprelá,US Palermo,yellow
2253969,30,Lorenzo De Silvestri,Sampdoria,yellow
2253969,41,Vasco Regini,Sampdoria,yellow-red
2253969,82,Stefano Okaka,Sampdoria,yellow
2253973,34,Domenico Berardi,Sassuolo Calcio,yellow
2253973,86,Federico Peluso,Sassuolo Calcio,yellow
2253973,90,Simone Zaza,Sassuolo Calcio,yellow
2253973,49,Antonio Balzano,Cagliari Calcio,yellow
2253973,75,Daniele Conti,Cagliari Calcio,yellow
2253975,42,Nikola Maksimović,FC Turin,yellow
2253975,67,Hernanes,Inter Mailand,yellow
2253975,90,Nemanja Vidić,Inter Mailand,red
2253977,39,Giovanni Pasquale,Udinese Calcio,yellow
2253977,64,Emmanuel Agyemang-Badu,Udinese Calcio,yellow
2253977,55,Daniele Croce,Empoli FC,yellow
2253977,74,Simone Verdi,Empoli FC,yellow
2253981,67,Daniele De Rossi,AS Rom,yellow
2253989,40,Giovanni Pasquale,Udinese Calcio,yellow
2253997,24,Pedro Obiang,Sampdoria,yellow
2253997,53,Lorenzo De Silvestri,Sampdoria,yellow
2253997,85,Roberto Soriano,Sampdoria,yellow
2253997,13,Cesare Bovo,FC Turin,yellow
2253997,33,Kamil Glik,FC Turin,yellow
2253997,64,Giuseppe Vives,FC Turin,yellow
2253997,72,Omar El Kaddouri,FC Turin,yellow
2253979,24,Daniele Conti,Cagliari Calcio,yellow
2253979,40,Lorenzo Crisetig,Cagliari Calcio,yellow
2253979,57,Avelar,Cagliari Calcio,yellow
2253979,72,Víctor Ibarbo,Cagliari Calcio,yellow
2253979,39,Marcelo Estigarribia,Atalanta,yellow
2253979,45,Marco DAlessandro,Atalanta,yellow
2253979,87,Boukary Dramé,Atalanta,yellow
2253979,90,Luca Cigarini,Atalanta,yellow
2253983,51,Nenad Tomović,AC Florenz,yellow
2253983,16,Andrea Bertolacci,FC Genua,yellow
2253983,72,Facundo Roncaglia,FC Genua,yellow-red
2253983,78,Tomás Rincón,FC Genua,yellow
2253983,82,Diego Perotti,FC Genua,yellow
2253987,33,Lorenzo Ariaudo,Sassuolo Calcio,yellow
2253987,60,Domenico Berardi,Sassuolo Calcio,red
2253991,28,Marco Parolo,Lazio Rom,yellow
2253991,44,Lucas Biglia,Lazio Rom,yellow
2253991,68,Edson Braafheid,Lazio Rom,yellow
2253991,25,Stefano Lucchini,AC Cesena,yellow
2253993,16,Christian Maggio,SSC Neapel,yellow
2253993,90,Gökhan Inler,SSC Neapel,yellow
2253993,26,Boštjan Cesar,Chievo Verona,yellow
2253993,33,Dario Dainelli,Chievo Verona,yellow
2253995,45,Alessandro Lucarelli,Parma Calcio 1913,yellow
2253995,70,Paolo De Ceglie,Parma Calcio 1913,yellow
2253995,77,Felipe,Parma Calcio 1913,yellow-red
2253995,85,Afriyie Acquah,Parma Calcio 1913,yellow
2253995,58,Daniele Bonera,AC Mailand,yellow-red
2253995,60,Nigel de Jong,AC Mailand,yellow
2253985,43,Alessandro Agostini,Hellas Verona,yellow
2253985,73,Emil Hallfreðsson,Hellas Verona,yellow
2253985,73,Rafael Márquez,Hellas Verona,yellow
2253985,90,Mounir Obbadi,Hellas Verona,yellow
2253985,24,Fabio Daprelá,US Palermo,yellow
2253985,32,Zouhair Feddal,US Palermo,yellow
2254146,24,Luigi Giorgi,AC Cesena,yellow
2254146,51,Emmanuel Cascione,AC Cesena,yellow
2254146,54,Stefano Lucchini,AC Cesena,yellow
2254146,77,Gregoire Defrel,AC Cesena,yellow
2254146,76,Matías Vecino,Empoli FC,yellow
2254164,84,Sulley Ali Muntari,AC Mailand,yellow
2254164,90,Fernando Torres,AC Mailand,yellow
2254164,42,Claudio Marchisio,Juventus Turin,yellow
2254164,63,Angelo Ogbonna,Juventus Turin,yellow
2254164,90,Kwadwo Asamoah,Juventus Turin,yellow
2254150,90,Nicholas Frey,Chievo Verona,yellow
2254150,32,Alessandro Lucarelli,Parma Calcio 1913,yellow
2254150,63,Ishak Belfodil,Parma Calcio 1913,yellow
2254150,71,Massimo Gobbi,Parma Calcio 1913,yellow
2254150,90,Daniele Galloppa,Parma Calcio 1913,yellow
2254162,47,Tomás Rincón,FC Genua,yellow
2254162,90,Sebastien De Maio,FC Genua,yellow
2254162,57,Cristian Ledesma,Lazio Rom,yellow
2254162,85,Stefan de Vrij,Lazio Rom,yellow-red
2254176,17,Alessandro Florenzi,AS Rom,yellow
2254176,60,Luca Rossettini,Cagliari Calcio,yellow
2254180,9,Francesco Magnanelli,Sassuolo Calcio,yellow
2254180,59,Federico Peluso,Sassuolo Calcio,yellow
2254180,76,Luca Antei,Sassuolo Calcio,yellow
2254180,35,Daniele Gastaldello,Sampdoria,yellow
2254180,60,Manolo Gabbiadini,Sampdoria,yellow
2254142,27,Carlos Carmona,Atalanta,yellow
2254142,48,Gonzalo Rodríguez,AC Florenz,yellow
2254142,60,Matías Fernández,AC Florenz,yellow
2254142,67,Alberto Aquilani,AC Florenz,yellow
2254142,90,Mario Gomez,AC Florenz,yellow
2254188,49,Bruno Fernandes,Udinese Calcio,yellow
2254188,53,David López,SSC Neapel,yellow
2254188,84,Raúl Albiol,SSC Neapel,yellow
2254188,90,José Callejón,SSC Neapel,yellow
2254170,44,Luca Rigoni,US Palermo,yellow
2254170,48,Michel Morganella,US Palermo,yellow
2254170,33,Juan Jesus,Inter Mailand,yellow
2254170,36,Gary Medel,Inter Mailand,yellow
2254170,80,Andrea Ranocchia,Inter Mailand,yellow
2254170,90,Dodô,Inter Mailand,yellow
2254184,60,Cesare Bovo,FC Turin,yellow
2254184,65,Omar El Kaddouri,FC Turin,yellow
2254184,82,Bruno Peres,FC Turin,yellow
2254184,80,Nicolás López,Hellas Verona,yellow
2254184,85,Rafael Márquez,Hellas Verona,yellow
2254200,42,Matías Vecino,Empoli FC,yellow
2254200,86,Mirko Valdifiori,Empoli FC,yellow-red
2254200,20,Cristián Zapata,AC Mailand,yellow
2254200,36,Sulley Ali Muntari,AC Mailand,yellow
2254200,50,Mattia De Sciglio,AC Mailand,yellow
2254196,28,Avelar,Cagliari Calcio,yellow
2254196,40,Luca Rossettini,Cagliari Calcio,yellow
2254196,33,Alessandro Gazzi,FC Turin,yellow
2254196,87,Marco Benassi,FC Turin,yellow
2254206,29,Gonzalo Rodríguez,AC Florenz,yellow
2254206,90,Federico Bernardeschi,AC Florenz,yellow
2254206,30,Antonio Floro Flores,Sassuolo Calcio,yellow
2254212,45,Panagiotis Tachtsidis,Hellas Verona,yellow
2254212,55,Rafael Márquez,Hellas Verona,yellow
2254212,24,Iago Falqué,FC Genua,yellow
2254212,53,Stefano Sturaro,FC Genua,yellow
2254214,74,Mateo Kovačić,Inter Mailand,yellow
2254214,28,Carlos Carmona,Atalanta,yellow
2254214,29,Yohan Benalouane,Atalanta,yellow
2254214,89,Richmond Boakye,Atalanta,yellow
2254218,17,Emmanuel Cascione,AC Cesena,yellow
2254218,31,Daniele Capelli,AC Cesena,yellow
2254218,51,Gabriele Perico,AC Cesena,yellow
2254226,30,Kalidou Koulibaly,SSC Neapel,yellow
2254226,33,Michel Morganella,US Palermo,yellow
2254226,65,João Silva,US Palermo,yellow
2254226,73,Souleymane Bamba,US Palermo,yellow
2254226,90,Claudio Terzi,US Palermo,yellow
2254230,38,Afriyie Acquah,Parma Calcio 1913,yellow
2254230,72,Francesco Lodi,Parma Calcio 1913,yellow
2254230,89,Antonio Mirante,Parma Calcio 1913,yellow
2254230,42,Francesco Totti,AS Rom,yellow
2254230,49,Vasilios Torosidis,AS Rom,yellow
2254230,68,Kostas Manolas,AS Rom,yellow
2254234,4,Luca Rizzo,Sampdoria,yellow
2254234,38,Ivan Radovanović,Chievo Verona,yellow
2254234,69,Ervin Zukanović,Chievo Verona,yellow
2254234,86,Përparim Hetemaj,Chievo Verona,yellow
2254222,15,Diego Novaretti,Lazio Rom,yellow
2254222,45,Antonio Candreva,Lazio Rom,yellow
2254222,88,Senad Lulić,Lazio Rom,yellow
2254222,45,Panagiotis Kone,Udinese Calcio,yellow
2254282,45,Kostas Manolas,AS Rom,yellow
2254282,38,Nenê,Hellas Verona,yellow
2254252,20,Yohan Benalouane,Atalanta,yellow
2254252,73,Salvatore Molina,Atalanta,yellow
2254252,30,Claudio Marchisio,Juventus Turin,yellow
2254252,58,Giorgio Chiellini,Juventus Turin,yellow
2254252,74,Patrice Evra,Juventus Turin,yellow
2254286,23,Matteo Brighi,Sassuolo Calcio,yellow
2254286,52,Saphir Taïder,Sassuolo Calcio,yellow
2254286,55,Simone Zaza,Sassuolo Calcio,yellow
2254286,75,Marcello Gazzola,Sassuolo Calcio,yellow
2254286,52,Walter Gargano,SSC Neapel,yellow
2254286,78,Jorginho,SSC Neapel,yellow
2254256,17,Manuel Coppola,AC Cesena,yellow
2254256,22,Emmanuel Cascione,AC Cesena,yellow
2254256,57,Francesco Renzetti,AC Cesena,yellow
2254256,90,Giuseppe De Feudis,AC Cesena,yellow
2254256,44,Giacomo Bonaventura,AC Mailand,yellow
2254256,68,Nigel de Jong,AC Mailand,yellow
2254256,73,Cristián Zapata,AC Mailand,red
2254260,46,Ivan Radovanović,Chievo Verona,yellow
2254260,85,Përparim Hetemaj,Chievo Verona,yellow
2254260,90,Cristiano Biraghi,Chievo Verona,yellow
2254260,74,Elseid Hysaj,Empoli FC,yellow
2254270,28,Yuto Nagatomo,Inter Mailand,yellow-red
2254270,82,Fredy Guarín,Inter Mailand,yellow
2254270,45,Luca Rossettini,Cagliari Calcio,yellow
2254270,45,Marco Sau,Cagliari Calcio,yellow
2254270,82,Antonio Balzano,Cagliari Calcio,yellow
2254290,18,Emiliano Moretti,FC Turin,yellow
2254290,50,Juan Sánchez Miño,FC Turin,yellow
2254290,77,Rubén Pérez,FC Turin,yellow
2254290,19,Khouma Babacar,AC Florenz,yellow
2254290,56,Josip Iličič,AC Florenz,yellow
2254266,49,Nicolás Burdisso,FC Genua,yellow
2254266,53,Mauricio Pinilla,FC Genua,yellow
2254266,78,Stefano Sturaro,FC Genua,yellow
2254266,38,Matías Silvestre,Sampdoria,yellow
2254266,50,Éder,Sampdoria,yellow
2254266,77,Stefano Okaka,Sampdoria,yellow
2254266,80,Pedro Obiang,Sampdoria,yellow
2254292,38,Panagiotis Kone,Udinese Calcio,yellow
2254292,45,Silvan Widmer,Udinese Calcio,yellow
2254292,77,Afriyie Acquah,Parma Calcio 1913,yellow-red
2254278,42,Michel Morganella,US Palermo,yellow
2254278,90,Franco Vázquez,US Palermo,yellow
2254278,20,Marco Parolo,Lazio Rom,yellow
2254278,64,Stefano Mauri,Lazio Rom,yellow
2254278,65,Lorik Cana,Lazio Rom,yellow
2254278,79,Federico Marchetti,Lazio Rom,yellow
2254152,81,Panagiotis Tachtsidis,Hellas Verona,yellow
2254152,46,Daniele Dessena,Cagliari Calcio,yellow
2254152,49,Víctor Ibarbo,Cagliari Calcio,yellow
2254152,52,Luca Rossettini,Cagliari Calcio,yellow
2254158,65,Nigel de Jong,AC Mailand,yellow
2254158,90,Stephan El Shaarawy,AC Mailand,yellow
2254158,26,Valter Birsa,Chievo Verona,yellow
2254158,44,Cristiano Biraghi,Chievo Verona,yellow
2254158,77,Isaac Cofie,Chievo Verona,yellow
2254158,79,Ervin Zukanović,Chievo Verona,yellow
2254158,80,Riccardo Meggiorini,Chievo Verona,yellow
2254144,11,Franco Vázquez,US Palermo,yellow
2254144,16,Zouhair Feddal,US Palermo,yellow
2254144,37,Francesco Bolzoni,US Palermo,yellow
2254144,70,Claudio Terzi,US Palermo,yellow
2254156,27,Ogenyi Onazi,Lazio Rom,yellow
2254156,49,Lorik Cana,Lazio Rom,yellow-red
2254156,82,Federico Marchetti,Lazio Rom,yellow
2254156,61,Federico Peluso,Sassuolo Calcio,yellow-red
2254156,67,Paolo Cannavaro,Sassuolo Calcio,yellow
2254166,75,Alessandro Lucarelli,Parma Calcio 1913,yellow
2254166,82,Massimo Gobbi,Parma Calcio 1913,yellow
2254166,55,Facundo Roncaglia,FC Genua,yellow-red
2254166,76,Alessandro Matri,FC Genua,yellow
2254166,89,Luca Antonelli,FC Genua,yellow
2254172,57,Lorenzo De Silvestri,Sampdoria,yellow
2254172,75,Roberto Soriano,Sampdoria,yellow
2254172,87,Alessio Romagnoli,Sampdoria,yellow
2254172,55,Yohan Benalouane,Atalanta,yellow
2254172,73,Giuseppe Biava,Atalanta,yellow
2254172,75,Maximiliano Moralez,Atalanta,yellow
2254178,81,Luis Muriel,Udinese Calcio,yellow
2254178,90,Silvan Widmer,Udinese Calcio,yellow
2254178,90,Orestis Karnezis,Udinese Calcio,yellow
2254178,27,Stefano Lucchini,AC Cesena,yellow
2254178,70,Manuel Coppola,AC Cesena,yellow
2254178,78,Daniele Capelli,AC Cesena,yellow
2254154,30,Giorgio Chiellini,Juventus Turin,yellow
2254154,31,Stephan Lichtsteiner,Juventus Turin,yellow
2254154,32,Leonardo Bonucci,Juventus Turin,yellow
2254154,88,Morata,Juventus Turin,red
2254154,90,Carlos Tévez,Juventus Turin,yellow
2254154,26,Maicon,AS Rom,yellow
2254154,32,Francesco Totti,AS Rom,yellow
2254154,40,Gervinho,AS Rom,yellow
2254154,89,Kostas Manolas,AS Rom,red
2254148,53,Jasmin Kurtić,AC Florenz,yellow
2254148,78,Nenad Tomović,AC Florenz,yellow
2254148,20,Andrea Ranocchia,Inter Mailand,yellow
2254148,52,Danilo DAmbrosio,Inter Mailand,yellow
2254148,70,Pablo Osvaldo,Inter Mailand,yellow
2254160,34,Walter Gargano,SSC Neapel,yellow
2254160,41,Michu,SSC Neapel,yellow
2254160,84,Christian Maggio,SSC Neapel,yellow
2254160,12,Marco Benassi,FC Turin,yellow
2254160,43,Giuseppe Vives,FC Turin,yellow
2254160,70,Fabio Quagliarella,FC Turin,yellow
2254238,57,Miralem Pjanić,AS Rom,yellow
2254238,58,Maxi López,Chievo Verona,yellow
2254242,38,Simone Zaza,Sassuolo Calcio,yellow
2254242,87,Francesco Acerbi,Sassuolo Calcio,yellow
2254242,50,Paul Pogba,Juventus Turin,yellow
2254242,90,Leonardo Bonucci,Juventus Turin,yellow
2254242,90,Simone Padoin,Juventus Turin,red
2254216,25,David Pizarro,AC Florenz,yellow
2254216,90,Neto,AC Florenz,yellow
2254216,31,Filip Đorđević,Lazio Rom,yellow
2254216,37,Marco Parolo,Lazio Rom,yellow
2254216,45,Luis Cavanda,Lazio Rom,yellow
2254216,53,Federico Marchetti,Lazio Rom,yellow
2254216,71,Stefan Radu,Lazio Rom,yellow
2254204,26,Carlos Carmona,Atalanta,yellow
2254204,30,Davide Zappacosta,Atalanta,yellow
2254204,64,Pedro Mendes,Parma Calcio 1913,yellow
2254204,70,José Mauri,Parma Calcio 1913,yellow
2254204,90,Daniele Galloppa,Parma Calcio 1913,yellow
2254210,67,Avelar,Cagliari Calcio,yellow
2254210,87,Simone Benedetti,Cagliari Calcio,yellow
2254210,90,Andrea Cossu,Cagliari Calcio,yellow
2254210,19,Alfred Duncan,Sampdoria,yellow
2254210,58,Fabrizio Cacciatore,Sampdoria,yellow-red
2254210,73,Angelo Palombo,Sampdoria,yellow
2254210,86,Matías Silvestre,Sampdoria,yellow
2254210,90,Alessio Romagnoli,Sampdoria,yellow
2254210,90,Manolo Gabbiadini,Sampdoria,yellow
2254224,29,Alessandro Agostini,Hellas Verona,yellow
2254224,90,Rafael Márquez,Hellas Verona,red
2254224,83,Keisuke Honda,AC Mailand,yellow
2254232,35,Ivaylo Chochev,US Palermo,yellow
2254232,60,Siniša Anđelkovič,US Palermo,yellow
2254232,65,Franco Vázquez,US Palermo,yellow
2254232,81,Ezequiel Muñoz,US Palermo,yellow
2254232,88,Luca Rigoni,US Palermo,yellow
2254232,9,Gabriele Perico,AC Cesena,yellow
2254232,72,Giuseppe De Feudis,AC Cesena,yellow
2254232,79,Manuel Coppola,AC Cesena,yellow-red
2254232,90,Daniele Capelli,AC Cesena,yellow
2254246,13,Cristian Molinaro,FC Turin,yellow
2254246,43,Marco Benassi,FC Turin,yellow
2254246,88,Rubén Pérez,FC Turin,yellow
2254246,36,Thomas Heurtaux,Udinese Calcio,yellow
2254246,66,Allan,Udinese Calcio,yellow
2254228,37,Hernanes,Inter Mailand,yellow
2254228,85,Juan Jesus,Inter Mailand,yellow
2254228,45,Miguel Britos,SSC Neapel,yellow
2254228,70,Gonzalo Higuaín,SSC Neapel,yellow
2254228,73,Jorginho,SSC Neapel,yellow
2254220,71,Luca Antonini,FC Genua,yellow
2254220,78,Diego Perotti,FC Genua,yellow
2254220,90,Andrea Bertolacci,FC Genua,yellow
2254220,76,Daniele Croce,Empoli FC,yellow
2254274,37,Mirko Valdifiori,Empoli FC,yellow
2254274,63,Davide Moro,Empoli FC,yellow
2254274,51,Lorenzo Crisetig,Cagliari Calcio,yellow
2254274,86,Diego Farias,Cagliari Calcio,yellow
2254296,23,Pedro Mendes,Parma Calcio 1913,yellow
2254296,40,Paolo De Ceglie,Parma Calcio 1913,yellow
2254296,45,Alessandro Lucarelli,Parma Calcio 1913,yellow
2254296,90,Stefan Ristovski,Parma Calcio 1913,yellow
2254296,26,Andrea Consigli,Sassuolo Calcio,yellow
2254296,58,Francesco Acerbi,Sassuolo Calcio,yellow
2254298,36,Roberto Soriano,Sampdoria,yellow
2254298,90,Angelo Palombo,Sampdoria,yellow
2254298,28,Daniele De Rossi,AS Rom,yellow
2254298,59,Davide Astori,AS Rom,yellow
2254298,69,José Holebas,AS Rom,yellow
2254272,15,Riccardo Meggiorini,Chievo Verona,yellow
2254272,73,Ivan Radovanović,Chievo Verona,yellow-red
2254272,88,Ervin Zukanović,Chievo Verona,yellow
2254272,22,Nicolás Burdisso,FC Genua,yellow
2254272,30,Juraj Kucka,FC Genua,yellow
2254272,54,Leandro Greco,FC Genua,yellow
2254280,60,Claudio Marchisio,Juventus Turin,yellow
2254280,79,Arturo Vidal,Juventus Turin,yellow
2254280,50,Edgar Barreto,US Palermo,yellow
2254300,43,Panagiotis Kone,Udinese Calcio,yellow
2254300,76,Guilherme,Udinese Calcio,yellow
2254300,88,Luca Cigarini,Atalanta,yellow
2254262,13,Luca Garritano,AC Cesena,yellow
2254262,30,Nicola Leali,AC Cesena,red
2254262,36,Luigi Giorgi,AC Cesena,yellow
2254262,61,Massimo Volta,AC Cesena,yellow
2254262,86,Alejandro Rodríguez,AC Cesena,yellow
2254262,90,Emmanuel Cascione,AC Cesena,yellow
2254262,53,Hugo Campagnaro,Inter Mailand,yellow
2254284,24,Luis Cavanda,Lazio Rom,yellow
2254284,66,Miroslav Klose,Lazio Rom,yellow
2254284,27,Marco Benassi,FC Turin,yellow
2254294,24,Jorginho,SSC Neapel,yellow
2254294,55,Artur Ioniță,Hellas Verona,yellow
2254288,61,Sulley Ali Muntari,AC Mailand,yellow
2254288,80,Nigel de Jong,AC Mailand,yellow
2254288,40,Juan Cuadrado,AC Florenz,yellow
2254288,88,Gonzalo Rodríguez,AC Florenz,yellow
2254202,44,Saphir Taïder,Sassuolo Calcio,yellow
2254202,89,Francesco Acerbi,Sassuolo Calcio,yellow
2254202,19,Matías Vecino,Empoli FC,yellow
2254202,28,Massimo Maccarone,Empoli FC,yellow
2254202,75,Lorenzo Tonelli,Empoli FC,yellow
2254168,10,Yohan Benalouane,Atalanta,yellow
2254168,66,Cristian Raimondi,Atalanta,yellow
2254168,83,Luca Cigarini,Atalanta,yellow-red
2254168,90,Guglielmo Stendardo,Atalanta,yellow
2254168,45,Faouzi Ghoulam,SSC Neapel,yellow
2254168,67,Dries Mertens,SSC Neapel,yellow
2254174,5,Avelar,Cagliari Calcio,yellow
2254174,80,Lorenzo Crisetig,Cagliari Calcio,yellow
2254174,90,Albin Ekdal,Cagliari Calcio,yellow
2254174,9,Sulley Ali Muntari,AC Mailand,yellow
2254174,56,Adil Rami,AC Mailand,yellow
2254182,17,Marcos Alonso,AC Florenz,yellow
2254182,60,Stefan Savić,AC Florenz,yellow
2254182,52,Bruno Fernandes,Udinese Calcio,yellow
2254182,55,Allan,Udinese Calcio,yellow
2254182,67,Iván Piris,Udinese Calcio,yellow
2254186,73,Leandro Greco,FC Genua,yellow
2254186,88,Sebastien De Maio,FC Genua,yellow
2254186,16,Angelo Ogbonna,Juventus Turin,yellow
2254186,44,Arturo Vidal,Juventus Turin,yellow
2254186,58,Giorgio Chiellini,Juventus Turin,yellow
2254186,90,Stephan Lichtsteiner,Juventus Turin,yellow
2254192,23,Mateo Kovačić,Inter Mailand,yellow
2254192,81,Gary Medel,Inter Mailand,yellow
2254192,21,Daniele Gastaldello,Sampdoria,yellow
2254192,48,Angelo Palombo,Sampdoria,yellow
2254194,55,Paulo Dybala,US Palermo,yellow
2254194,62,Luca Rigoni,US Palermo,yellow
2254194,53,Gennaro Sardo,Chievo Verona,yellow
2254198,75,Mattia Destro,AS Rom,yellow
2254198,14,Davide Succi,AC Cesena,yellow
2254208,30,Kamil Glik,FC Turin,yellow
2254208,19,Massimo Gobbi,Parma Calcio 1913,yellow
2254208,59,Fabiano Santacroce,Parma Calcio 1913,yellow
2254208,74,Massimo Coda,Parma Calcio 1913,yellow
2254208,74,Alex Cordaz,Parma Calcio 1913,red
2254190,26,Ivan Martić,Hellas Verona,yellow
2254190,88,Gustavo,Hellas Verona,yellow
2254190,22,Ogenyi Onazi,Lazio Rom,yellow
2254190,68,Luis Cavanda,Lazio Rom,yellow-red
2254190,77,Lucas Biglia,Lazio Rom,yellow
2254254,40,Christian Maggio,SSC Neapel,yellow
2254254,68,David López,SSC Neapel,yellow
2254254,26,José Holebas,AS Rom,yellow
2254254,41,Alessandro Florenzi,AS Rom,yellow
2254254,73,Radja Nainggolan,AS Rom,yellow
2254244,90,Elseid Hysaj,Empoli FC,yellow
2254244,90,Lorenzo Tonelli,Empoli FC,red
2254244,53,Arturo Vidal,Juventus Turin,yellow
2254258,12,Andrea Costa,Parma Calcio 1913,yellow
2254258,18,Alessandro Lucarelli,Parma Calcio 1913,yellow
2254258,70,Antonio Mirante,Parma Calcio 1913,yellow
2254258,85,Dodô,Inter Mailand,yellow
2254240,26,Riccardo Meggiorini,Chievo Verona,yellow
2254240,22,Francesco Acerbi,Sassuolo Calcio,yellow
2254240,36,Francesco Magnanelli,Sassuolo Calcio,yellow
2254240,40,Nicola Sansone,Sassuolo Calcio,yellow
2254240,75,Luca Antei,Sassuolo Calcio,yellow
2254240,90,Antonio Floro Flores,Sassuolo Calcio,yellow
2254264,32,Angelo Palombo,Sampdoria,yellow
2254264,55,Pedro Obiang,Sampdoria,yellow
2254264,57,Luca Rizzo,Sampdoria,yellow
2254264,19,Micah Richards,AC Florenz,yellow
2254264,42,Juan Cuadrado,AC Florenz,yellow
2254264,58,Gonzalo Rodríguez,AC Florenz,yellow
2254264,59,Khouma Babacar,AC Florenz,yellow
2254268,35,Boukary Dramé,Atalanta,yellow
2254268,38,Guglielmo Stendardo,Atalanta,yellow
2254268,60,Giulio Migliaccio,Atalanta,yellow
2254268,64,Daniele Baselli,Atalanta,yellow
2254268,89,Carlos Carmona,Atalanta,yellow
2254276,39,Bruno Fernandes,Udinese Calcio,yellow
2254276,90,Guilherme,Udinese Calcio,yellow
2254276,30,Sebastien De Maio,FC Genua,yellow
2254276,34,Facundo Roncaglia,FC Genua,yellow
2254276,36,Iago Falqué,FC Genua,yellow
2254250,17,Nigel de Jong,AC Mailand,yellow
2254250,51,Stephan El Shaarawy,AC Mailand,yellow
2254250,88,Adil Rami,AC Mailand,yellow
2254250,16,Giancarlo González,US Palermo,yellow
2254250,19,Michel Morganella,US Palermo,yellow
2254250,45,Siniša Anđelkovič,US Palermo,yellow
2254236,61,Gregoire Defrel,AC Cesena,yellow
2254236,10,Artur Ioniță,Hellas Verona,yellow
2254236,39,Emil Hallfreðsson,Hellas Verona,yellow
2254236,60,Panagiotis Tachtsidis,Hellas Verona,yellow
2254236,87,Juan Gómez,Hellas Verona,yellow
2254248,43,Stefan de Vrij,Lazio Rom,yellow
2254248,72,Senad Lulić,Lazio Rom,yellow
2254248,56,Luca Ceppitelli,Cagliari Calcio,yellow
2254248,63,Lorenzo Crisetig,Cagliari Calcio,yellow
2254248,68,Daniele Conti,Cagliari Calcio,yellow
2254248,72,Víctor Ibarbo,Cagliari Calcio,red
2254320,15,Francesco Magnanelli,Sassuolo Calcio,yellow
2254320,30,Domenico Berardi,Sassuolo Calcio,yellow
2254320,90,Šime Vrsaljko,Sassuolo Calcio,yellow
2254320,26,Yohan Benalouane,Atalanta,yellow
2254318,56,Alfred Duncan,Sampdoria,yellow
2254318,36,Philippe Mexès,AC Mailand,yellow
2254318,75,Mattia De Sciglio,AC Mailand,yellow
2254318,82,Nigel de Jong,AC Mailand,yellow
2254318,84,Daniele Bonera,AC Mailand,yellow-red
2254302,10,João Pedro,Cagliari Calcio,yellow
2254302,39,Daniele Conti,Cagliari Calcio,yellow
2254302,44,Marco Sau,Cagliari Calcio,yellow
2254302,69,Avelar,Cagliari Calcio,yellow
2254302,90,Antonio Balzano,Cagliari Calcio,yellow
2254302,19,Edenilson,FC Genua,yellow
2254302,41,Luca Antonelli,FC Genua,yellow
2254302,73,Nicolás Burdisso,FC Genua,yellow
2254302,76,Stefano Sturaro,FC Genua,yellow-red
2254304,12,Riccardo Meggiorini,Chievo Verona,yellow
2254304,30,Alessandro Gamberini,Chievo Verona,yellow
2254304,32,Përparim Hetemaj,Chievo Verona,yellow
2254304,45,Nicholas Frey,Chievo Verona,yellow
2254304,58,Carlos Carbonero,AC Cesena,yellow
2254304,74,Stefano Lucchini,AC Cesena,yellow
2254304,82,Massimo Volta,AC Cesena,yellow
2254304,88,Milan Đurić,AC Cesena,yellow
2254306,84,Mário Rui,Empoli FC,yellow
2254306,38,Luis Cavanda,Lazio Rom,yellow
2254306,57,Ederson,Lazio Rom,yellow
2254312,73,Afriyie Acquah,Parma Calcio 1913,yellow
2254314,42,Stefano Sorrentino,US Palermo,yellow
2254314,16,Emmanuel Agyemang-Badu,Udinese Calcio,yellow
2254314,53,Allan,Udinese Calcio,yellow
2254314,82,Iván Piris,Udinese Calcio,yellow
2254314,87,Giampiero Pinzi,Udinese Calcio,yellow
2254314,90,Panagiotis Kone,Udinese Calcio,yellow
2254308,38,Josip Iličič,AC Florenz,yellow
2254308,54,Stefan Savić,AC Florenz,yellow
2254308,90,Juan Cuadrado,AC Florenz,yellow
2254308,32,Kalidou Koulibaly,SSC Neapel,yellow
2254308,56,Jorginho,SSC Neapel,yellow
2254308,90,Henrique,SSC Neapel,yellow
2254310,51,Gary Medel,Inter Mailand,yellow-red
2254310,57,Ivan Martić,Hellas Verona,yellow
2254310,71,Vangelis Moras,Hellas Verona,yellow
2254316,10,Francesco Totti,AS Rom,yellow
2254316,22,Fabio Quagliarella,FC Turin,yellow
2254316,58,Alessandro Gazzi,FC Turin,yellow
2254322,14,Carlos Carmona,Atalanta,yellow
2254322,19,Maximiliano Moralez,Atalanta,yellow
2254322,90,Richmond Boakye,Atalanta,red
2254322,3,Radja Nainggolan,AS Rom,yellow
2254322,50,Miralem Pjanić,AS Rom,yellow
2254322,63,Davide Astori,AS Rom,yellow
2254322,80,Michele Somma,AS Rom,yellow
2254322,86,Seydou Keita,AS Rom,yellow
2254330,49,Dušan Basta,Lazio Rom,yellow
2254330,74,Senad Lulić,Lazio Rom,yellow
2254330,52,Stephan Lichtsteiner,Juventus Turin,yellow
2254330,67,Leonardo Bonucci,Juventus Turin,yellow
2254330,70,Simone Padoin,Juventus Turin,yellow-red
2254338,45,Bruno Peres,FC Turin,yellow
2254338,58,Alessandro Gazzi,FC Turin,yellow
2254338,28,Paolo Cannavaro,Sassuolo Calcio,yellow
2254338,45,Simone Zaza,Sassuolo Calcio,yellow
2254338,75,Federico Peluso,Sassuolo Calcio,yellow
2254324,34,Franco Brienza,AC Cesena,yellow
2254324,43,Daniele Capelli,AC Cesena,yellow
2254328,26,Gustavo,Hellas Verona,yellow
2254328,87,Lazaros Christodoulopoulos,Hellas Verona,yellow
2254328,36,David Pizarro,AC Florenz,yellow
2254328,40,Neto,AC Florenz,yellow
2254328,42,Borja Valero,AC Florenz,yellow
2254328,80,José Basanta,AC Florenz,yellow
2254334,59,Kalidou Koulibaly,SSC Neapel,yellow
2254334,44,Diego Farias,Cagliari Calcio,yellow
2254334,55,Francesco Pisano,Cagliari Calcio,yellow
2254336,47,Francesco Lodi,Parma Calcio 1913,yellow
2254336,54,Daniele Galloppa,Parma Calcio 1913,yellow
2254336,57,Afriyie Acquah,Parma Calcio 1913,yellow
2254336,69,Ishak Belfodil,Parma Calcio 1913,yellow
2254336,70,Massimo Maccarone,Empoli FC,yellow
2254340,31,Antonio Di Natale,Udinese Calcio,yellow
2254340,44,Cyril Théréau,Udinese Calcio,yellow
2254340,64,Giampiero Pinzi,Udinese Calcio,yellow
2254340,26,Dario Dainelli,Chievo Verona,yellow
2254340,90,Nicholas Frey,Chievo Verona,yellow
2254332,28,Philippe Mexès,AC Mailand,yellow
2254332,66,Giacomo Bonaventura,AC Mailand,yellow
2254332,32,Joel Obi,Inter Mailand,yellow
2254332,68,Juan Jesus,Inter Mailand,yellow
2254326,33,Facundo Roncaglia,FC Genua,yellow
2254326,56,Leandro Greco,FC Genua,yellow
2254069,32,Saphir Taïder,Sassuolo Calcio,yellow
2254069,59,Domenico Berardi,Sassuolo Calcio,yellow
2254069,73,Antonio Floro Flores,Sassuolo Calcio,yellow
2254069,76,Francesco Magnanelli,Sassuolo Calcio,yellow
2254069,31,Emil Hallfreðsson,Hellas Verona,yellow
2254069,64,Nicolás López,Hellas Verona,yellow
2254069,70,Gustavo,Hellas Verona,yellow
2254035,56,Boštjan Cesar,Chievo Verona,yellow
2254031,36,Víctor Ibarbo,Cagliari Calcio,yellow
2254031,53,Luca Ceppitelli,Cagliari Calcio,yellow
2254031,7,Borja Valero,AC Florenz,yellow
2254031,31,Marcos Alonso,AC Florenz,yellow
2254033,29,Stefano Lucchini,AC Cesena,yellow
2254033,33,Luigi Giorgi,AC Cesena,yellow
2254033,51,Carlos Carbonero,AC Cesena,yellow
2254033,34,Facundo Roncaglia,FC Genua,yellow
2254033,89,Nicolás Burdisso,FC Genua,yellow
2254037,5,Daniele Croce,Empoli FC,yellow
2254037,73,Francesco Tavano,Empoli FC,yellow
2254037,29,Boukary Dramé,Atalanta,yellow
2254037,83,Luca Cigarini,Atalanta,yellow
2254037,90,Giulio Migliaccio,Atalanta,yellow
2254049,71,Michael Essien,AC Mailand,yellow-red
2254049,60,Emmanuel Agyemang-Badu,Udinese Calcio,yellow
2254049,62,Maurizio Domizzi,Udinese Calcio,red
2254049,64,Danilo,Udinese Calcio,yellow
2254055,85,Franco Vázquez,US Palermo,yellow
2254055,90,Edgar Barreto,US Palermo,yellow-red
2254055,63,Andrea Costa,Parma Calcio 1913,yellow
2254055,80,Felipe,Parma Calcio 1913,yellow-red
2254043,59,Paul Pogba,Juventus Turin,yellow
2254043,78,Stephan Lichtsteiner,Juventus Turin,yellow-red
2254043,17,Kamil Glik,FC Turin,yellow
2254043,46,Alessandro Gazzi,FC Turin,yellow
2254043,71,Amauri,FC Turin,yellow
2254043,90,Emiliano Moretti,FC Turin,yellow
2254059,44,Seydou Keita,AS Rom,yellow
2254059,16,Andrea Ranocchia,Inter Mailand,yellow
2254059,49,Yann MVila,Inter Mailand,yellow
2254059,56,Rodrigo Palacio,Inter Mailand,yellow
2254059,90,Fredy Guarín,Inter Mailand,yellow
2254067,19,Pedro Obiang,Sampdoria,yellow
2254067,23,Roberto Soriano,Sampdoria,yellow
2254067,53,Alessio Romagnoli,Sampdoria,yellow
2254067,7,Miguel Britos,SSC Neapel,yellow
2254067,56,Gökhan Inler,SSC Neapel,yellow
2254067,85,Kalidou Koulibaly,SSC Neapel,yellow-red
2254003,28,David Pizarro,AC Florenz,yellow
2254003,40,Juan Cuadrado,AC Florenz,yellow
2254003,35,Angelo Ogbonna,Juventus Turin,yellow
2254003,37,Giorgio Chiellini,Juventus Turin,yellow
2254003,58,Paul Pogba,Juventus Turin,yellow
2254023,26,Miralem Pjanić,AS Rom,yellow
2254023,51,Daniele De Rossi,AS Rom,yellow-red
2254023,61,Radja Nainggolan,AS Rom,yellow
2254023,64,Domenico Berardi,Sassuolo Calcio,yellow
2254023,86,Federico Peluso,Sassuolo Calcio,yellow
2254023,90,Šime Vrsaljko,Sassuolo Calcio,yellow-red
2254027,30,Bruno Peres,FC Turin,yellow
2254027,30,Achraf Lazaar,US Palermo,yellow
2254027,45,Ivaylo Chochev,US Palermo,yellow
2254027,84,Luca Rigoni,US Palermo,yellow
2254015,63,Christian Maggio,SSC Neapel,yellow
2254015,69,Raúl Albiol,SSC Neapel,yellow
2254015,63,Diego Laxalt,Empoli FC,yellow
2254015,73,Mário Rui,Empoli FC,yellow
2253999,13,Carlos Carmona,Atalanta,yellow
2253999,83,Yohan Benalouane,Atalanta,yellow
2253999,89,Marco Sportiello,Atalanta,yellow
2253999,33,Gregoire Defrel,AC Cesena,yellow
2253999,49,Stefano Lucchini,AC Cesena,yellow
2253999,62,Luigi Giorgi,AC Cesena,yellow
2253999,74,Giuseppe De Feudis,AC Cesena,yellow
2253999,90,Francesco Renzetti,AC Cesena,yellow
2254005,56,Luca Antonelli,FC Genua,yellow
2254005,73,Stefano Sturaro,FC Genua,yellow
2254005,90,Diego Perotti,FC Genua,yellow
2254005,58,Adil Rami,AC Mailand,yellow
2254005,62,Philippe Mexès,AC Mailand,yellow
2254019,3,Francesco Lodi,Parma Calcio 1913,yellow
2254019,33,Fabiano Santacroce,Parma Calcio 1913,yellow
2254019,48,Massimo Gobbi,Parma Calcio 1913,yellow
2254019,88,Afriyie Acquah,Parma Calcio 1913,yellow
2254019,11,Lucas Biglia,Lazio Rom,yellow
2254019,58,Felipe Anderson,Lazio Rom,yellow
2254019,68,Marco Parolo,Lazio Rom,yellow
2254019,89,Stefan Radu,Lazio Rom,yellow
2254011,49,Dodô,Inter Mailand,yellow
2254011,90,Federico Bonazzoli,Inter Mailand,yellow
2254011,86,Giampiero Pinzi,Udinese Calcio,yellow
2254001,23,Simone Benedetti,Cagliari Calcio,yellow
2254001,41,Andrea Cossu,Cagliari Calcio,yellow
2254001,51,Daniele Conti,Cagliari Calcio,yellow
2254001,56,Albin Ekdal,Cagliari Calcio,yellow
2254001,59,Diego Farias,Cagliari Calcio,yellow
2254001,71,Víctor Ibarbo,Cagliari Calcio,yellow
2254001,19,Mariano Izco,Chievo Verona,yellow
2254001,32,Ervin Zukanović,Chievo Verona,yellow
2254001,56,Nicholas Frey,Chievo Verona,yellow
2254007,26,Rafael Márquez,Hellas Verona,red
2254007,46,Alessandro Agostini,Hellas Verona,yellow
2254007,86,Mattia Valoti,Hellas Verona,yellow
2254007,35,Matías Silvestre,Sampdoria,yellow
2254007,43,Alfred Duncan,Sampdoria,yellow
2254007,64,Lorenzo De Silvestri,Sampdoria,yellow
2254053,90,Andrea Belotti,US Palermo,yellow
2254053,53,Marcello Gazzola,Sassuolo Calcio,yellow
2254053,66,Andrea Consigli,Sassuolo Calcio,red
2254053,78,Francesco Magnanelli,Sassuolo Calcio,yellow
2254053,87,Simone Zaza,Sassuolo Calcio,yellow
2254053,90,Paolo Cannavaro,Sassuolo Calcio,red
2254029,37,Germán Denis,Atalanta,yellow
2254029,48,Giulio Migliaccio,Atalanta,yellow
2254025,49,Arturo Vidal,Juventus Turin,yellow
2254025,66,Leonardo Bonucci,Juventus Turin,yellow
2254025,10,Vasco Regini,Sampdoria,yellow
2254025,54,Alessio Romagnoli,Sampdoria,yellow
2254025,59,Manolo Gabbiadini,Sampdoria,yellow
2254025,71,Stefano Okaka,Sampdoria,yellow
2254025,90,Sergio Romero,Sampdoria,yellow
2254021,29,Mattia Perin,FC Genua,red
2254021,80,Mauricio Pinilla,FC Genua,yellow
2254021,84,Diego Perotti,FC Genua,yellow
2254021,25,Davide Astori,AS Rom,yellow
2254021,28,Mapou Yanga-Mbiwa,AS Rom,yellow
2254021,90,Miralem Pjanić,AS Rom,yellow
2254061,24,Andrea Rispoli,Parma Calcio 1913,yellow
2254061,64,Fabiano Santacroce,Parma Calcio 1913,yellow
2254061,81,Afriyie Acquah,Parma Calcio 1913,yellow
2254061,90,Alessandro Lucarelli,Parma Calcio 1913,yellow
2254061,21,Samuele Longo,Cagliari Calcio,yellow
2254061,47,Daniele Conti,Cagliari Calcio,yellow
2254061,84,Albin Ekdal,Cagliari Calcio,yellow
2254061,88,Andrea Cossu,Cagliari Calcio,yellow
2254065,90,Allan,Udinese Calcio,yellow
2254065,90,Antonio Di Natale,Udinese Calcio,yellow
2254065,6,Alessandro Agostini,Hellas Verona,yellow
2254065,87,Panagiotis Tachtsidis,Hellas Verona,yellow
2254065,89,Alejandro González,Hellas Verona,yellow
2254065,90,Francesco Benussi,Hellas Verona,yellow
2254065,90,Mattia Valoti,Hellas Verona,yellow
2254009,56,Emmanuel Cascione,AC Cesena,yellow
2254009,71,Manuel Coppola,AC Cesena,yellow
2254009,77,Massimo Volta,AC Cesena,yellow-red
2254009,49,Borja Valero,AC Florenz,yellow
2254047,20,Riccardo Montolivo,AC Mailand,yellow
2254047,45,Daniele Bonera,AC Mailand,yellow
2254047,64,Andrea Poli,AC Mailand,yellow
2254047,45,Faouzi Ghoulam,SSC Neapel,yellow
2254047,58,Raúl Albiol,SSC Neapel,yellow
2254017,4,Matías Vecino,Empoli FC,yellow
2254017,69,Mário Rui,Empoli FC,yellow
2254017,17,Alessandro Gazzi,FC Turin,yellow
2254017,55,Emiliano Moretti,FC Turin,yellow
2254017,79,Omar El Kaddouri,FC Turin,yellow
2254017,90,Pontus Jansson,FC Turin,yellow-red
2254013,22,Mariano Izco,Chievo Verona,yellow
2254013,38,Boštjan Cesar,Chievo Verona,yellow
2254013,42,Riccardo Meggiorini,Chievo Verona,yellow
2254013,73,Rubén Botta,Chievo Verona,yellow-red
2254013,45,Samir Handanovič,Inter Mailand,yellow
2254045,33,Luca Rossettini,Cagliari Calcio,yellow
2254045,49,Marco Capuano,Cagliari Calcio,yellow
2254045,69,Avelar,Cagliari Calcio,yellow
2254045,90,Luca Ceppitelli,Cagliari Calcio,yellow
2254071,48,Miguel Britos,SSC Neapel,yellow
2254071,30,Massimo Gobbi,Parma Calcio 1913,yellow
2254071,35,Daniele Galloppa,Parma Calcio 1913,yellow
2254071,46,Fabiano Santacroce,Parma Calcio 1913,yellow
2254071,82,Pedro Mendes,Parma Calcio 1913,yellow
2254077,53,Federico Peluso,Sassuolo Calcio,yellow
2254077,59,Domenico Berardi,Sassuolo Calcio,yellow
2254077,88,Simone Missiroli,Sassuolo Calcio,yellow
2254077,90,Francesco Magnanelli,Sassuolo Calcio,yellow
2254077,10,Gregoire Defrel,AC Cesena,yellow
2254073,60,Maicon,AS Rom,yellow
2254073,64,Alessandro Florenzi,AS Rom,yellow
2254073,74,Daniele De Rossi,AS Rom,yellow
2254073,87,Mattia Destro,AS Rom,yellow
2254073,68,Nigel de Jong,AC Mailand,yellow
2254073,70,Pablo Armero,AC Mailand,yellow-red
2254073,86,Philippe Mexès,AC Mailand,yellow
2254057,27,Ivan Martić,Hellas Verona,yellow
2254057,43,Panagiotis Tachtsidis,Hellas Verona,yellow
2254057,44,Rafael Márquez,Hellas Verona,yellow
2254057,43,Ivan Radovanović,Chievo Verona,yellow
2254057,90,Alberto Paloschi,Chievo Verona,yellow
2254039,20,Yohan Benalouane,Atalanta,yellow
2254039,25,Daniele Baselli,Atalanta,yellow
2254039,64,Carlos Carmona,Atalanta,yellow
2254039,79,Rolando Bianchi,Atalanta,yellow
2254039,84,Luca Cigarini,Atalanta,yellow
2254039,33,Giancarlo González,US Palermo,yellow
2254039,90,Francesco Della Rocca,US Palermo,yellow
2254051,88,Mounir El Hamdaoui,AC Florenz,yellow
2254051,90,Borja Valero,AC Florenz,yellow
2254051,90,Alberto Aquilani,AC Florenz,yellow
2254051,32,Massimo Maccarone,Empoli FC,yellow
2254051,89,Manuel Pucciarelli,Empoli FC,yellow
2254051,90,Mirko Valdifiori,Empoli FC,yellow
2254051,90,Piotr Zieliński,Empoli FC,yellow
2254075,18,Roberto Soriano,Sampdoria,yellow
2254075,37,Manolo Gabbiadini,Sampdoria,yellow
2254075,86,Éder,Sampdoria,yellow
2254075,90,Djamel Mesbah,Sampdoria,yellow
2254075,22,Silvan Widmer,Udinese Calcio,yellow
2254075,65,Giovanni Pasquale,Udinese Calcio,yellow
2254075,88,Thomas Heurtaux,Udinese Calcio,yellow-red
2254075,90,Panagiotis Kone,Udinese Calcio,yellow
2254079,19,Emiliano Moretti,FC Turin,yellow
2254079,15,Iago Falqué,FC Genua,yellow
2254079,33,Nicolás Burdisso,FC Genua,yellow
2254079,36,Tomás Rincón,FC Genua,yellow
2254079,55,Giovanni Marchese,FC Genua,yellow
2254063,50,Danilo DAmbrosio,Inter Mailand,yellow
2254063,18,Felipe Anderson,Lazio Rom,yellow
2254063,30,Senad Lulić,Lazio Rom,yellow
2254063,32,Miroslav Klose,Lazio Rom,yellow
2254063,87,Álvaro González,Lazio Rom,yellow
2254108,45,Lorik Cana,Lazio Rom,yellow
2254108,56,Dušan Basta,Lazio Rom,yellow
2254108,19,Daniele Gastaldello,Sampdoria,yellow
2254108,64,Roberto Soriano,Sampdoria,yellow
2254120,21,Antonio Di Natale,Udinese Calcio,yellow
2254120,45,Maicon,AS Rom,yellow
2254120,52,Miralem Pjanić,AS Rom,yellow
2254120,72,Davide Astori,AS Rom,yellow
2254120,89,Vasilios Torosidis,AS Rom,yellow
2254120,90,Urby Emanuelson,AS Rom,yellow
2254092,26,Riccardo Meggiorini,Chievo Verona,yellow
2254092,45,Përparim Hetemaj,Chievo Verona,yellow
2254092,40,Giuseppe Vives,FC Turin,yellow
2254092,59,Alexander Farnerud,FC Turin,yellow
2254092,88,Alessandro Gazzi,FC Turin,yellow
2254096,65,Lorenzo Tonelli,Empoli FC,yellow-red
2254096,24,Jacopo Sala,Hellas Verona,yellow
2254096,41,Luca Toni,Hellas Verona,yellow
2254096,59,Gustavo,Hellas Verona,yellow
2254096,77,Emil Hallfreðsson,Hellas Verona,yellow-red
2254100,9,Nicolás Burdisso,FC Genua,yellow
2254100,13,Facundo Roncaglia,FC Genua,yellow
2254100,85,Alessandro Matri,FC Genua,yellow
2254100,90,Tino Costa,FC Genua,yellow
2254100,9,Daniele Baselli,Atalanta,yellow
2254100,19,Boukary Dramé,Atalanta,yellow
2254100,51,Yohan Benalouane,Atalanta,yellow
2254100,52,Marco DAlessandro,Atalanta,yellow
2254112,34,Alex,AC Mailand,yellow
2254112,60,Jérémy Ménez,AC Mailand,yellow
2254112,90,Andrea Poli,AC Mailand,yellow
2254112,60,Paolo Cannavaro,Sassuolo Calcio,yellow
2254112,74,Marcello Gazzola,Sassuolo Calcio,yellow
2254112,90,Davide Biondini,Sassuolo Calcio,yellow
2254116,22,Enzo Maresca,US Palermo,yellow
2254116,41,Franco Vázquez,US Palermo,yellow
2254116,61,Ezequiel Muñoz,US Palermo,yellow
2254116,26,Daniele Conti,Cagliari Calcio,yellow-red
2254116,32,Simone Colombi,Cagliari Calcio,yellow
2254116,38,Lorenzo Crisetig,Cagliari Calcio,yellow
2254116,56,Diego Farias,Cagliari Calcio,yellow
2254118,33,Paolo De Ceglie,Parma Calcio 1913,yellow
2254118,35,Massimo Gobbi,Parma Calcio 1913,yellow
2254118,66,Alessandro Lucarelli,Parma Calcio 1913,yellow
2254118,78,Soufiane Bidaoui,Parma Calcio 1913,yellow
2254118,87,Antonio Cassano,Parma Calcio 1913,yellow
2254118,88,Antonio Mirante,Parma Calcio 1913,yellow
2254118,79,Gonzalo Rodríguez,AC Florenz,yellow-red
2254118,86,Stefan Savić,AC Florenz,yellow-red
2254086,60,Daniele Capelli,AC Cesena,yellow
2254086,83,Zé Eduardo,AC Cesena,yellow
2254086,37,Walter Gargano,SSC Neapel,yellow
2254086,53,Henrique,SSC Neapel,yellow
2254102,71,Morata,Juventus Turin,yellow
2254102,82,Leonardo Bonucci,Juventus Turin,yellow
2254102,66,Mauro Icardi,Inter Mailand,yellow
2254102,67,Andrea Ranocchia,Inter Mailand,yellow
2254102,74,Danilo DAmbrosio,Inter Mailand,yellow
2254102,80,Juan Jesus,Inter Mailand,yellow
2254102,84,Gary Medel,Inter Mailand,yellow
2254102,86,Mateo Kovačić,Inter Mailand,red
2254110,46,Domenico Berardi,Sassuolo Calcio,yellow
2254110,49,Šime Vrsaljko,Sassuolo Calcio,yellow
2254110,57,Paolo Cannavaro,Sassuolo Calcio,yellow
2254110,47,Silvan Widmer,Udinese Calcio,yellow
2254110,58,Cyril Théréau,Udinese Calcio,yellow
2254114,16,Kamil Glik,FC Turin,yellow
2254114,42,MBaye Niang,AC Mailand,yellow
2254114,45,Mattia De Sciglio,AC Mailand,yellow-red
2254114,46,Sulley Ali Muntari,AC Mailand,yellow
2254114,84,Giacomo Bonaventura,AC Mailand,yellow
2254094,85,Hugo Campagnaro,Inter Mailand,yellow
2254094,71,Sebastien De Maio,FC Genua,yellow
2254094,82,Andrea Bertolacci,FC Genua,yellow
2254081,25,Davide Zappacosta,Atalanta,yellow
2254081,81,Boukary Dramé,Atalanta,yellow
2254081,84,Giuseppe Biava,Atalanta,yellow
2254081,89,Gianpaolo Bellini,Atalanta,yellow-red
2254083,21,Luca Rossettini,Cagliari Calcio,yellow
2254083,10,Luigi Giorgi,AC Cesena,yellow
2254083,19,Luca Valzania,AC Cesena,yellow
2254083,29,Massimo Volta,AC Cesena,yellow
2254088,42,Nenad Tomović,AC Florenz,yellow
2254088,64,Borja Valero,AC Florenz,yellow
2254088,75,Joaquín,AC Florenz,yellow
2254088,81,José Basanta,AC Florenz,yellow
2254088,40,Luca Rigoni,US Palermo,yellow
2254088,66,Michel Morganella,US Palermo,yellow
2254090,75,Mattia Valoti,Hellas Verona,yellow
2254104,32,Juan Iturbe,AS Rom,yellow
2254104,39,Radja Nainggolan,AS Rom,yellow
2254104,58,Miralem Pjanić,AS Rom,yellow
2254104,72,Daniele De Rossi,AS Rom,yellow
2254104,16,Felipe Anderson,Lazio Rom,yellow
2254104,31,Lorik Cana,Lazio Rom,yellow
2254104,32,Stefano Mauri,Lazio Rom,yellow
2254104,51,Federico Marchetti,Lazio Rom,yellow
2254106,59,Angelo Palombo,Sampdoria,yellow
2254106,24,Mário Rui,Empoli FC,yellow
2254106,36,Elseid Hysaj,Empoli FC,yellow
2254098,68,Miguel Britos,SSC Neapel,yellow
2254098,85,Jonathan de Guzmán,SSC Neapel,yellow
2254098,90,Raúl Albiol,SSC Neapel,yellow
2254098,90,Duván Zapata,SSC Neapel,yellow
2254098,39,Carlos Tévez,Juventus Turin,yellow
2254098,61,Martín Cáceres,Juventus Turin,yellow
2254126,57,Levan Mchedlidze,Empoli FC,yellow
2254126,86,Nemanja Vidić,Inter Mailand,yellow
2254126,90,Gary Medel,Inter Mailand,yellow
2254136,45,Michel Morganella,US Palermo,yellow
2254136,63,Achraf Lazaar,US Palermo,yellow
2254136,12,Mapou Yanga-Mbiwa,AS Rom,yellow
2254136,89,Kevin Strootman,AS Rom,yellow
2254136,90,Mattia Destro,AS Rom,yellow
2254132,16,Cristian Ledesma,Lazio Rom,yellow
2254132,43,Marco Parolo,Lazio Rom,yellow
2254132,70,Keita Baldé,Lazio Rom,yellow
2254132,32,David López,SSC Neapel,yellow
2254132,58,Dries Mertens,SSC Neapel,yellow
2254132,78,Walter Gargano,SSC Neapel,yellow
2254122,30,Gabriele Perico,AC Cesena,yellow
2254122,61,Zé Eduardo,AC Cesena,yellow
2254122,76,Giuseppe De Feudis,AC Cesena,yellow
2254122,80,Luigi Giorgi,AC Cesena,yellow
2254122,90,Gregoire Defrel,AC Cesena,yellow
2254122,42,Daniele Padelli,FC Turin,yellow
2254122,58,Marco Benassi,FC Turin,yellow
2254122,83,Bruno Peres,FC Turin,yellow
2254122,84,Pontus Jansson,FC Turin,yellow
2254122,86,Emiliano Moretti,FC Turin,yellow
2254124,17,Përparim Hetemaj,Chievo Verona,yellow
2254124,63,Boštjan Cesar,Chievo Verona,yellow
2254124,33,Milan Badelj,AC Florenz,yellow
2254128,75,Maxime Lestienne,FC Genua,yellow
2254128,43,Domenico Berardi,Sassuolo Calcio,yellow
2254128,55,Matteo Brighi,Sassuolo Calcio,yellow
2254128,76,Francesco Magnanelli,Sassuolo Calcio,yellow
2254128,81,Simone Zaza,Sassuolo Calcio,yellow
2254134,45,Ignazio Abate,AC Mailand,yellow
2254134,54,Adil Rami,AC Mailand,yellow
2254134,41,Germán Denis,Atalanta,yellow
2254134,48,Guglielmo Stendardo,Atalanta,yellow
2254134,73,Marco Sportiello,Atalanta,yellow
2254134,78,Luca Cigarini,Atalanta,yellow
2254134,87,Yohan Benalouane,Atalanta,yellow
2254138,43,Alessandro Lucarelli,Parma Calcio 1913,yellow
2254138,60,Gabriel Paletta,Parma Calcio 1913,yellow
2254138,38,Pedro Obiang,Sampdoria,yellow
2254140,20,Panagiotis Kone,Udinese Calcio,yellow
2254140,32,Godfred Donsah,Cagliari Calcio,yellow
2254140,44,Samuele Longo,Cagliari Calcio,yellow
2254140,57,Luca Rossettini,Cagliari Calcio,yellow
2254140,73,Daniele Dessena,Cagliari Calcio,yellow
2254130,47,Leandro Greco,Hellas Verona,yellow
2254130,79,Guillermo Rodríguez,Hellas Verona,yellow
2253974,31,Marco Capuano,Cagliari Calcio,yellow
2253974,57,Luca Rossettini,Cagliari Calcio,yellow
2253974,57,João Pedro,Cagliari Calcio,yellow
2253974,80,Albin Ekdal,Cagliari Calcio,yellow
2253974,60,Simone Zaza,Sassuolo Calcio,yellow
2253974,78,Antonio Floro Flores,Sassuolo Calcio,yellow
2253974,88,Francesco Acerbi,Sassuolo Calcio,yellow-red
2253968,3,Stefan Radu,Lazio Rom,yellow
2253968,36,Lucas Biglia,Lazio Rom,yellow
2253968,40,Danilo Cataldi,Lazio Rom,yellow
2253968,90,Stefano Mauri,Lazio Rom,yellow
2253968,3,Alex,AC Mailand,yellow
2253968,10,Andrea Poli,AC Mailand,yellow
2253968,42,Pablo Armero,AC Mailand,yellow
2253968,90,Philippe Mexès,AC Mailand,red
2253960,15,Frederik Sørensen,Hellas Verona,yellow
2253960,86,Emil Hallfreðsson,Hellas Verona,yellow
2253960,12,Germán Denis,Atalanta,yellow
2253960,90,Daniele Baselli,Atalanta,yellow
2253962,45,Raffaele Palladino,Parma Calcio 1913,yellow
2253962,65,José Mauri,Parma Calcio 1913,yellow
2253962,79,Varela,Parma Calcio 1913,yellow
2253962,88,Gabriel Paletta,Parma Calcio 1913,yellow
2253962,24,Emmanuel Cascione,AC Cesena,yellow
2253962,57,Francesco Renzetti,AC Cesena,yellow
2253962,68,Nicola Leali,AC Cesena,yellow
2253962,80,Luka Krajnc,AC Cesena,yellow
2253964,15,Arturo Vidal,Juventus Turin,yellow
2253964,58,Claudio Marchisio,Juventus Turin,yellow
2253964,20,Ervin Zukanović,Chievo Verona,yellow
2253964,27,Nicholas Frey,Chievo Verona,yellow
2253964,45,Dario Dainelli,Chievo Verona,yellow
2253964,45,Ezequiel Schelotto,Chievo Verona,yellow
2253970,60,Pedro Obiang,Sampdoria,yellow
2253970,73,Roberto Soriano,Sampdoria,yellow
2253970,76,Lorenzo De Silvestri,Sampdoria,yellow
2253970,21,Giancarlo González,US Palermo,yellow
2253970,61,Francesco Bolzoni,US Palermo,yellow
2253970,67,Siniša Anđelkovič,US Palermo,yellow
2253976,52,Danilo DAmbrosio,Inter Mailand,yellow
2253976,79,Mauro Icardi,Inter Mailand,yellow
2253976,75,Alessandro Gazzi,FC Turin,yellow
2253976,86,Matteo Darmian,FC Turin,yellow
2253972,57,David Pizarro,AC Florenz,yellow
2253972,90,Juan Cuadrado,AC Florenz,yellow
2253972,23,José Holebas,AS Rom,yellow
2253972,25,Mapou Yanga-Mbiwa,AS Rom,yellow
2253978,38,Riccardo Saponara,Empoli FC,yellow
2253978,90,Federico Barba,Empoli FC,yellow
2253978,36,Danilo,Udinese Calcio,yellow
2253978,69,Iván Piris,Udinese Calcio,yellow
2253978,74,Panagiotis Kone,Udinese Calcio,yellow-red
2253966,25,Raúl Albiol,SSC Neapel,yellow
2253966,81,Kalidou Koulibaly,SSC Neapel,yellow
2253966,88,Gökhan Inler,SSC Neapel,yellow
2253966,40,Andrea Bertolacci,FC Genua,yellow
2253966,60,Diego Perotti,FC Genua,yellow
2253966,61,Luca Antonelli,FC Genua,yellow
2253966,80,Juraj Kucka,FC Genua,yellow
2253966,90,MBaye Niang,FC Genua,yellow
2253984,81,Nicolás Burdisso,FC Genua,yellow-red
2253984,83,Stefano Sturaro,FC Genua,yellow
2253984,73,Borja Valero,AC Florenz,yellow
2253982,38,Kostas Manolas,AS Rom,red
2253982,58,Alessandro Florenzi,AS Rom,yellow
2253982,90,Davide Astori,AS Rom,yellow
2253982,90,Radja Nainggolan,AS Rom,yellow
2253982,45,Riccardo Saponara,Empoli FC,yellow-red
2253982,50,Daniele Croce,Empoli FC,yellow
2253982,71,Mirko Valdifiori,Empoli FC,yellow
2253988,9,Simone Missiroli,Sassuolo Calcio,yellow
2253988,11,Simone Zaza,Sassuolo Calcio,yellow
2253988,85,Domenico Berardi,Sassuolo Calcio,yellow
2253988,90,Nicola Sansone,Sassuolo Calcio,yellow-red
2253988,21,Andrea Ranocchia,Inter Mailand,yellow
2253988,66,Nemanja Vidić,Inter Mailand,yellow
2253988,83,Mauro Icardi,Inter Mailand,yellow
2253988,90,Gary Medel,Inter Mailand,yellow
2253988,90,Isaac Donkor,Inter Mailand,yellow-red
2253980,19,Luca Cigarini,Atalanta,yellow
2253980,22,Mauricio Pinilla,Atalanta,yellow
2253980,17,Alejandro González,Cagliari Calcio,yellow
2253980,45,Samuele Longo,Cagliari Calcio,yellow
2253986,83,Siniša Anđelkovič,US Palermo,yellow
2253986,19,Rafael Marques,Hellas Verona,yellow
2253986,90,Javier Saviola,Hellas Verona,yellow
2253990,87,Antonio Di Natale,Udinese Calcio,yellow
2253990,90,Cyril Théréau,Udinese Calcio,yellow
2253990,83,Stephan Lichtsteiner,Juventus Turin,yellow
2253992,87,Daniele Capelli,AC Cesena,yellow
2253992,48,Marco Parolo,Lazio Rom,yellow
2253992,57,Mauricio,Lazio Rom,yellow
2253992,78,Federico Marchetti,Lazio Rom,yellow
2253994,63,Rubén Botta,Chievo Verona,yellow
2253998,17,Alessandro Gazzi,FC Turin,yellow
2253998,29,Matías Silvestre,Sampdoria,yellow
2253998,42,Lorenzo De Silvestri,Sampdoria,yellow
2253996,24,Marco van Ginkel,AC Mailand,yellow
2253996,38,Mattia Destro,AC Mailand,yellow
2253996,20,Massimo Gobbi,Parma Calcio 1913,yellow
2253996,31,Alessandro Lucarelli,Parma Calcio 1913,yellow
2253996,62,MacDonald Mariga,Parma Calcio 1913,yellow
2254185,49,Rafael Marques,Hellas Verona,yellow
2254185,23,Kamil Glik,FC Turin,yellow
2254185,38,Cesare Bovo,FC Turin,yellow
2254185,90,Daniele Padelli,FC Turin,yellow
2254165,60,Simone Padoin,Juventus Turin,yellow
2254165,90,Carlos Tévez,Juventus Turin,yellow
2254165,34,Michael Essien,AC Mailand,yellow
2254143,90,Mario Gomez,AC Florenz,yellow
2254143,40,Gianpaolo Bellini,Atalanta,yellow
2254147,45,Mário Rui,Empoli FC,yellow
2254147,83,Levan Mchedlidze,Empoli FC,yellow
2254147,11,Giuseppe De Feudis,AC Cesena,yellow
2254147,36,Daniele Capelli,AC Cesena,yellow
2254147,63,Luigi Giorgi,AC Cesena,yellow
2254147,82,Alejandro Rodríguez,AC Cesena,yellow
2254177,35,Luca Rossettini,Cagliari Calcio,yellow
2254177,82,Paul Mpoku,Cagliari Calcio,yellow
2254177,42,Adem Ljajić,AS Rom,yellow
2254177,79,José Holebas,AS Rom,yellow
2254177,81,Leandro Paredes,AS Rom,yellow
2254181,12,Pedro Obiang,Sampdoria,yellow
2254181,71,Stefano Okaka,Sampdoria,yellow
2254181,84,Lorenzo De Silvestri,Sampdoria,yellow
2254181,85,Vasco Regini,Sampdoria,yellow
2254181,13,Davide Biondini,Sassuolo Calcio,yellow
2254181,16,Matteo Brighi,Sassuolo Calcio,yellow
2254181,23,Dejan Lazarevič,Sassuolo Calcio,yellow
2254181,59,Paolo Cannavaro,Sassuolo Calcio,yellow
2254181,83,Saphir Taïder,Sassuolo Calcio,yellow
2254189,38,Dries Mertens,SSC Neapel,yellow
2254189,81,Gonzalo Higuaín,SSC Neapel,yellow
2254189,1,Melker Hallberg,Udinese Calcio,yellow
2254189,11,Allan,Udinese Calcio,yellow
2254189,68,Giovanni Pasquale,Udinese Calcio,yellow
2254189,85,Thomas Heurtaux,Udinese Calcio,yellow
2254171,13,Gary Medel,Inter Mailand,yellow
2254171,40,Juan Jesus,Inter Mailand,yellow
2254171,20,Michel Morganella,US Palermo,yellow
2254171,72,Luca Rigoni,US Palermo,yellow
2254171,77,Giancarlo González,US Palermo,yellow
2254163,14,Stefano Mauri,Lazio Rom,yellow
2254163,16,Lorik Cana,Lazio Rom,yellow
2254163,27,Federico Marchetti,Lazio Rom,red
2254163,44,Antonio Candreva,Lazio Rom,yellow
2254163,45,Stefan de Vrij,Lazio Rom,yellow
2254163,18,Andrea Bertolacci,FC Genua,yellow
2254163,50,Facundo Roncaglia,FC Genua,yellow
2254163,70,Sebastien De Maio,FC Genua,yellow
2254163,88,Maxime Lestienne,FC Genua,yellow
2254163,89,Leonardo Pavoletti,FC Genua,yellow
2254151,16,Zouhair Feddal,Parma Calcio 1913,yellow
2254151,31,Daniele Galloppa,Parma Calcio 1913,yellow-red
2254151,35,Fabiano Santacroce,Parma Calcio 1913,yellow
2254151,68,Antonio Nocerino,Parma Calcio 1913,yellow
2254151,45,Alberto Paloschi,Chievo Verona,yellow
2254151,49,Nicholas Frey,Chievo Verona,yellow
2254151,71,Ivan Radovanović,Chievo Verona,yellow
2254207,21,Alessandro Longhi,Sassuolo Calcio,yellow
2254207,48,Simone Zaza,Sassuolo Calcio,yellow
2254207,63,Paolo Cannavaro,Sassuolo Calcio,yellow
2254207,34,Marcos Alonso,AC Florenz,yellow
2254207,54,Stefan Savić,AC Florenz,yellow
2254227,53,Andrea Rispoli,US Palermo,yellow
2254227,59,Luca Rigoni,US Palermo,yellow
2254227,81,Francesco Bolzoni,US Palermo,yellow
2254227,7,Jorginho,SSC Neapel,yellow
2254227,41,Gonzalo Higuaín,SSC Neapel,yellow
2254201,48,Adil Rami,AC Mailand,yellow
2254201,64,Luca Antonelli,AC Mailand,yellow
2254201,81,Gabriel Paletta,AC Mailand,yellow
2254201,84,Diego López,AC Mailand,red
2254201,78,Simone Verdi,Empoli FC,yellow
2254201,90,Lorenzo Tonelli,Empoli FC,yellow
2254197,43,Kamil Glik,FC Turin,yellow
2254197,55,Cesare Bovo,FC Turin,yellow
2254197,63,Omar El Kaddouri,FC Turin,yellow
2254197,54,Daniele Conti,Cagliari Calcio,yellow
2254197,57,Luca Rossettini,Cagliari Calcio,yellow
2254197,89,João Pedro,Cagliari Calcio,yellow
2254213,63,Juraj Kucka,FC Genua,yellow
2254213,73,Diego Laxalt,FC Genua,yellow
2254213,25,Panagiotis Tachtsidis,Hellas Verona,yellow
2254213,44,Leandro Greco,Hellas Verona,yellow
2254213,50,Frederik Sørensen,Hellas Verona,yellow
2254213,81,Eros Pisano,Hellas Verona,yellow
2254215,22,Carlos Carmona,Atalanta,yellow
2254215,33,Maximiliano Moralez,Atalanta,yellow
2254215,43,Mauricio Pinilla,Atalanta,yellow
2254215,53,Yohan Benalouane,Atalanta,yellow-red
2254215,19,Juan Jesus,Inter Mailand,yellow
2254215,33,Xherdan Shaqiri,Inter Mailand,yellow
2254223,22,Molla Wagué,Udinese Calcio,yellow
2254223,54,Allan,Udinese Calcio,yellow
2254223,29,Ogenyi Onazi,Lazio Rom,yellow
2254223,63,Antonio Candreva,Lazio Rom,yellow
2254223,78,Danilo Cataldi,Lazio Rom,yellow
2254223,83,Felipe Anderson,Lazio Rom,yellow
2254223,88,Stefan Radu,Lazio Rom,yellow
2254231,36,Alessandro Lucarelli,Parma Calcio 1913,yellow
2254231,50,José Mauri,Parma Calcio 1913,yellow
2254231,75,Andrea Costa,Parma Calcio 1913,yellow
2254231,87,MacDonald Mariga,Parma Calcio 1913,yellow
2254235,82,Përparim Hetemaj,Chievo Verona,yellow
2254235,90,Rubén Botta,Chievo Verona,yellow
2254235,55,Djamel Mesbah,Sampdoria,yellow
2254235,65,Afriyie Acquah,Sampdoria,yellow
2254235,90,Alessio Romagnoli,Sampdoria,yellow
2254219,20,Gabriele Perico,AC Cesena,yellow
2254219,88,Constantin Nica,AC Cesena,yellow
2254219,41,Stephan Lichtsteiner,Juventus Turin,yellow
2254219,69,Leonardo Bonucci,Juventus Turin,yellow
2254253,55,Claudio Marchisio,Juventus Turin,yellow
2254253,60,Simone Padoin,Juventus Turin,yellow
2254253,85,Roberto Pereyra,Juventus Turin,yellow
2254253,87,Stephan Lichtsteiner,Juventus Turin,yellow
2254253,90,Morata,Juventus Turin,yellow
2254253,43,Daniele Baselli,Atalanta,yellow
2254253,81,Gianpaolo Bellini,Atalanta,yellow
2254253,89,Giulio Migliaccio,Atalanta,yellow
2254257,31,Salvatore Bocchetti,AC Mailand,yellow
2254257,8,Stefano Lucchini,AC Cesena,yellow
2254257,62,Constantin Nica,AC Cesena,yellow
2254257,88,Massimo Volta,AC Cesena,yellow
2254257,89,Luigi Giorgi,AC Cesena,yellow
2254257,90,Carlos Carbonero,AC Cesena,yellow
2254257,90,Gaby Mudingayi,AC Cesena,yellow
2254261,36,Ivan Radovanović,Chievo Verona,yellow
2254261,87,Rubén Botta,Chievo Verona,yellow
2254279,36,Marco Parolo,Lazio Rom,yellow
2254279,61,Stefan Radu,Lazio Rom,yellow
2254279,63,Mauricio,Lazio Rom,yellow
2254279,23,Robin Quaison,US Palermo,yellow
2254279,59,Mato Jajalo,US Palermo,yellow
2254279,90,Andrea Rispoli,US Palermo,yellow
2254279,90,Edgar Barreto,US Palermo,yellow-red
2254283,2,Boško Janković,Hellas Verona,yellow
2254283,69,Juan Gómez,Hellas Verona,yellow
2254283,68,Ashley Cole,AS Rom,yellow
2254283,86,Kostas Manolas,AS Rom,yellow
2254283,87,Radja Nainggolan,AS Rom,yellow
2254291,34,Alessandro Diamanti,AC Florenz,yellow
2254291,10,Giuseppe Vives,FC Turin,yellow
2254291,35,Bruno Peres,FC Turin,yellow
2254291,49,Marco Benassi,FC Turin,yellow
2254291,58,Emiliano Moretti,FC Turin,yellow
2254287,34,Christian Maggio,SSC Neapel,yellow
2254287,55,Walter Gargano,SSC Neapel,yellow
2254287,65,Duván Zapata,SSC Neapel,yellow
2254287,72,Dries Mertens,SSC Neapel,red
2254287,38,Paolo Bianco,Sassuolo Calcio,yellow
2254287,50,Francesco Magnanelli,Sassuolo Calcio,yellow
2254271,39,Duje Čop,Cagliari Calcio,yellow
2254271,90,Avelar,Cagliari Calcio,yellow
2254271,13,Marcelo Brozović,Inter Mailand,yellow
2254271,89,Hugo Campagnaro,Inter Mailand,yellow
2254267,17,Emiliano Viviano,Sampdoria,yellow
2254267,40,Roberto Soriano,Sampdoria,yellow
2254267,73,Éder,Sampdoria,yellow
2254267,76,Pedro Obiang,Sampdoria,yellow
2254267,26,Facundo Roncaglia,FC Genua,yellow
2254293,21,José Mauri,Parma Calcio 1913,yellow
2254293,54,Varela,Parma Calcio 1913,yellow
2254293,11,Molla Wagué,Udinese Calcio,yellow
2254159,32,Sergio Pellissier,Chievo Verona,yellow
2254159,60,Riccardo Meggiorini,Chievo Verona,yellow
2254159,75,Alex,AC Mailand,yellow
2254159,85,Luca Antonelli,AC Mailand,yellow
2254153,45,Nicola Murru,Cagliari Calcio,yellow
2254153,54,Daniele Conti,Cagliari Calcio,yellow
2254153,58,João Pedro,Cagliari Calcio,yellow
2254153,67,Eros Pisano,Hellas Verona,yellow
2254153,90,Leandro Greco,Hellas Verona,yellow
2254153,90,Juan Gómez,Hellas Verona,yellow
2254145,37,Andrea Rispoli,US Palermo,yellow
2254145,51,Paulo Dybala,US Palermo,yellow
2254145,69,Fabio Daprelá,US Palermo,yellow
2254145,5,Elseid Hysaj,Empoli FC,yellow
2254145,18,Matías Vecino,Empoli FC,yellow
2254145,89,Piotr Zieliński,Empoli FC,yellow
2254157,22,Marcello Gazzola,Sassuolo Calcio,yellow
2254157,39,Paolo Bianco,Sassuolo Calcio,yellow
2254157,63,Alessandro Longhi,Sassuolo Calcio,yellow
2254157,76,Saphir Taïder,Sassuolo Calcio,yellow
2254157,29,Marco Parolo,Lazio Rom,yellow
2254157,42,Keita Baldé,Lazio Rom,yellow
2254173,50,Guglielmo Stendardo,Atalanta,yellow
2254173,87,Marco DAlessandro,Atalanta,yellow
2254173,24,Vasco Regini,Sampdoria,yellow
2254173,77,Emiliano Viviano,Sampdoria,yellow
2254173,82,Stefano Okaka,Sampdoria,yellow
2254173,90,Samuel Etoo,Sampdoria,yellow
2254179,18,Gaby Mudingayi,AC Cesena,yellow
2254179,26,Daniele Capelli,AC Cesena,yellow
2254179,29,Hörður Magnússon,AC Cesena,yellow
2254179,90,Gabriele Perico,AC Cesena,yellow
2254179,24,Thomas Heurtaux,Udinese Calcio,yellow
2254179,89,Danilo,Udinese Calcio,yellow
2254179,90,Stipe Perica,Udinese Calcio,yellow
2254149,49,Nemanja Vidić,Inter Mailand,yellow
2254149,52,Juan Jesus,Inter Mailand,yellow
2254149,85,Marcelo Brozović,Inter Mailand,yellow
2254149,26,Alberto Aquilani,AC Florenz,yellow
2254149,69,Alessandro Diamanti,AC Florenz,yellow
2254161,29,Omar El Kaddouri,FC Turin,yellow
2254161,72,Fabio Quagliarella,FC Turin,yellow
2254161,34,Walter Gargano,SSC Neapel,yellow
2254161,71,Kalidou Koulibaly,SSC Neapel,yellow
2254161,82,Christian Maggio,SSC Neapel,yellow
2254155,32,Daniele De Rossi,AS Rom,yellow
2254155,57,Miralem Pjanić,AS Rom,yellow
2254155,60,Mapou Yanga-Mbiwa,AS Rom,yellow
2254155,62,Vasilios Torosidis,AS Rom,yellow-red
2254155,79,Radja Nainggolan,AS Rom,yellow
2254155,41,Patrice Evra,Juventus Turin,yellow
2254155,54,Morata,Juventus Turin,yellow
2254155,71,Claudio Marchisio,Juventus Turin,yellow
2254155,77,Giorgio Chiellini,Juventus Turin,yellow
2254155,84,Arturo Vidal,Juventus Turin,yellow
2254167,45,Facundo Roncaglia,FC Genua,yellow
2254167,62,Iago Falqué,FC Genua,yellow
2254167,83,Juraj Kucka,FC Genua,yellow
2254167,20,Andi Lila,Parma Calcio 1913,yellow
2254167,55,Ishak Belfodil,Parma Calcio 1913,yellow
2254167,71,Antonio Nocerino,Parma Calcio 1913,yellow
2254167,80,Cristóbal Jorquera,Parma Calcio 1913,yellow
2254167,84,Alessandro Lucarelli,Parma Calcio 1913,yellow
2254211,41,Afriyie Acquah,Sampdoria,yellow
2254211,49,Alessio Romagnoli,Sampdoria,yellow
2254211,39,Andrea Cossu,Cagliari Calcio,yellow
2254211,82,Avelar,Cagliari Calcio,yellow-red
2254225,22,Andrea Poli,AC Mailand,yellow
2254225,31,Artur Ioniță,Hellas Verona,yellow
2254225,59,Emil Hallfreðsson,Hellas Verona,yellow
2254225,90,Nicolás López,Hellas Verona,yellow
2254233,15,Luigi Giorgi,AC Cesena,yellow
2254233,10,Mato Jajalo,US Palermo,yellow
2254233,18,Edgar Barreto,US Palermo,yellow
2254205,2,Alessandro Lucarelli,Parma Calcio 1913,yellow
2254205,87,Cristian Rodríguez,Parma Calcio 1913,yellow-red
2254205,56,Marco DAlessandro,Atalanta,yellow
2254205,90,Mauricio Pinilla,Atalanta,yellow
2254221,75,Mário Rui,Empoli FC,yellow
2254221,88,Mirko Valdifiori,Empoli FC,yellow
2254221,61,Nicolás Burdisso,FC Genua,yellow
2254221,69,Andrea Bertolacci,FC Genua,yellow
2254239,37,Dario Dainelli,Chievo Verona,yellow
2254239,52,Boštjan Cesar,Chievo Verona,yellow
2254239,78,Përparim Hetemaj,Chievo Verona,yellow
2254239,88,Valter Birsa,Chievo Verona,yellow
2254239,39,Alessandro Florenzi,AS Rom,yellow
2254239,41,Radja Nainggolan,AS Rom,yellow
2254247,29,Giovanni Pasquale,Udinese Calcio,yellow
2254247,53,Panagiotis Kone,Udinese Calcio,yellow
2254247,65,Giampiero Pinzi,Udinese Calcio,yellow
2254247,31,Alessandro Gazzi,FC Turin,yellow
2254247,64,Marco Benassi,FC Turin,yellow
2254229,15,Dries Mertens,SSC Neapel,yellow
2254229,86,Henrique,SSC Neapel,yellow-red
2254229,1,Juan Jesus,Inter Mailand,yellow
2254229,37,Marcelo Brozović,Inter Mailand,yellow
2254229,89,Fredy Guarín,Inter Mailand,yellow
2254217,48,Mauricio,Lazio Rom,yellow
2254217,66,Antonio Candreva,Lazio Rom,yellow
2254217,28,José Basanta,AC Florenz,yellow
2254217,63,Jasmin Kurtić,AC Florenz,yellow
2254217,64,Nenad Tomović,AC Florenz,yellow
2254243,37,Carlos Tévez,Juventus Turin,yellow
2254243,78,Paul Pogba,Juventus Turin,yellow
2254243,26,Simone Missiroli,Sassuolo Calcio,yellow
2254243,68,Nicola Sansone,Sassuolo Calcio,yellow
2254243,80,Francesco Magnanelli,Sassuolo Calcio,yellow
2254243,90,Simone Zaza,Sassuolo Calcio,yellow
2254281,39,Franco Vázquez,US Palermo,yellow
2254281,41,Siniša Anđelkovič,US Palermo,yellow
2254281,87,Paulo Dybala,US Palermo,yellow
2254281,52,Andrea Barzagli,Juventus Turin,yellow
2254281,80,Morata,Juventus Turin,yellow
2254281,84,Stephan Lichtsteiner,Juventus Turin,yellow
2254281,90,Roberto Pereyra,Juventus Turin,yellow
2254275,8,Diego Farias,Cagliari Calcio,yellow
2254275,57,Antonio Balzano,Cagliari Calcio,yellow
2254275,75,Piotr Zieliński,Empoli FC,yellow
2254273,11,Andrea Bertolacci,FC Genua,yellow
2254273,26,Iago Falqué,FC Genua,yellow
2254273,70,Tomás Rincón,FC Genua,yellow
2254273,81,Sebastien De Maio,FC Genua,yellow
2254273,21,Boštjan Cesar,Chievo Verona,yellow
2254273,61,Dario Dainelli,Chievo Verona,yellow
2254273,90,Valter Birsa,Chievo Verona,yellow
2254297,5,Francesco Acerbi,Sassuolo Calcio,yellow
2254297,38,Domenico Berardi,Sassuolo Calcio,yellow
2254297,23,Massimo Gobbi,Parma Calcio 1913,yellow
2254297,28,Fabiano Santacroce,Parma Calcio 1913,yellow
2254297,52,José Mauri,Parma Calcio 1913,yellow
2254297,60,Antonio Mirante,Parma Calcio 1913,red
2254297,68,Daniele Galloppa,Parma Calcio 1913,yellow
2254301,32,Giuseppe Biava,Atalanta,yellow
2254301,43,Luca Cigarini,Atalanta,yellow
2254301,76,Carlos Carmona,Atalanta,red
2254301,50,Giovanni Pasquale,Udinese Calcio,yellow
2254301,61,Giampiero Pinzi,Udinese Calcio,yellow
2254301,89,Emmanuel Agyemang-Badu,Udinese Calcio,yellow
2254295,44,Juan Gómez,Hellas Verona,yellow
2254295,71,Mounir Obbadi,Hellas Verona,yellow
2254295,72,Panagiotis Tachtsidis,Hellas Verona,yellow
2254295,79,Lazaros Christodoulopoulos,Hellas Verona,yellow
2254295,89,Jacopo Sala,Hellas Verona,yellow-red
2254295,90,Luca Toni,Hellas Verona,yellow
2254295,9,Faouzi Ghoulam,SSC Neapel,yellow
2254295,52,Giandomenico Mesto,SSC Neapel,yellow
2254295,57,Raúl Albiol,SSC Neapel,yellow
2254295,89,Manolo Gabbiadini,SSC Neapel,yellow
2254295,90,Miguel Britos,SSC Neapel,yellow
2254263,45,Andrea Ranocchia,Inter Mailand,yellow
2254263,26,Gregoire Defrel,AC Cesena,yellow
2254285,28,Nikola Maksimović,FC Turin,yellow
2254285,39,Amauri,FC Turin,yellow
2254285,51,Omar El Kaddouri,FC Turin,yellow
2254285,49,Stefan Radu,Lazio Rom,yellow
2254285,86,Dušan Basta,Lazio Rom,yellow
2254289,52,Manuel Pasqual,AC Florenz,yellow
2254289,60,Gonzalo Rodríguez,AC Florenz,yellow
2254289,73,Josip Iličič,AC Florenz,yellow
2254289,22,Jérémy Ménez,AC Mailand,yellow
2254289,29,Marco van Ginkel,AC Mailand,yellow
2254289,34,Philippe Mexès,AC Mailand,yellow
2254289,76,Diego López,AC Mailand,yellow
2254299,56,Davide Astori,AS Rom,yellow
2254299,81,Seydou Keita,AS Rom,yellow-red
2254299,86,Miralem Pjanić,AS Rom,yellow
2254299,24,Pedro Obiang,Sampdoria,yellow
2254299,39,Matías Silvestre,Sampdoria,yellow
2254299,51,Angelo Palombo,Sampdoria,yellow
2254195,42,Mariano Izco,Chievo Verona,yellow
2254195,29,Enzo Maresca,US Palermo,yellow
2254195,86,Siniša Anđelkovič,US Palermo,yellow-red
2254175,73,Nigel de Jong,AC Mailand,yellow
2254175,31,Lorenzo Crisetig,Cagliari Calcio,yellow
2254175,45,Alejandro González,Cagliari Calcio,yellow
2254175,50,Diego Farias,Cagliari Calcio,yellow
2254175,77,Luca Ceppitelli,Cagliari Calcio,yellow
2254203,44,Francesco Acerbi,Sassuolo Calcio,yellow
2254203,62,Francesco Magnanelli,Sassuolo Calcio,yellow
2254187,49,Leonardo Bonucci,Juventus Turin,yellow
2254187,14,Diego Perotti,FC Genua,yellow
2254187,23,Andrea Bertolacci,FC Genua,yellow
2254187,49,Marco Borriello,FC Genua,yellow
2254187,61,Facundo Roncaglia,FC Genua,yellow
2254169,23,Miguel Britos,SSC Neapel,yellow
2254169,78,Gonzalo Higuaín,SSC Neapel,yellow
2254169,90,Christian Maggio,SSC Neapel,yellow
2254169,90,Gökhan Inler,SSC Neapel,yellow
2254169,32,Davide Zappacosta,Atalanta,yellow
2254169,55,Papu Gómez,Atalanta,yellow-red
2254169,57,Germán Denis,Atalanta,yellow
2254169,90,Mauricio Pinilla,Atalanta,yellow
2254169,90,Marco Sportiello,Atalanta,yellow
2254183,49,Molla Wagué,Udinese Calcio,yellow
2254183,69,Giampiero Pinzi,Udinese Calcio,yellow
2254183,72,Danilo,Udinese Calcio,yellow
2254183,48,Josip Iličič,AC Florenz,yellow
2254183,57,Jasmin Kurtić,AC Florenz,yellow
2254183,62,Mario Gomez,AC Florenz,yellow
2254191,45,Guillermo Rodríguez,Hellas Verona,yellow
2254193,17,Roberto Soriano,Sampdoria,yellow
2254193,20,Alessio Romagnoli,Sampdoria,yellow
2254193,86,Éder,Sampdoria,yellow
2254193,22,Xherdan Shaqiri,Inter Mailand,yellow
2254193,31,Nemanja Vidić,Inter Mailand,yellow
2254193,44,Juan Jesus,Inter Mailand,yellow
2254193,64,Danilo DAmbrosio,Inter Mailand,yellow
2254193,68,Mauro Icardi,Inter Mailand,yellow
2254193,69,Gary Medel,Inter Mailand,yellow
2254199,38,Daniele Capelli,AC Cesena,yellow
2254199,49,Stefano Lucchini,AC Cesena,yellow
2254199,89,Gaby Mudingayi,AC Cesena,yellow
2254199,33,Salih Uçan,AS Rom,yellow
2254199,88,Daniele De Rossi,AS Rom,yellow
2254209,36,Alessandro Lucarelli,Parma Calcio 1913,yellow-red
2254209,38,Andi Lila,Parma Calcio 1913,yellow
2254209,45,Mattia Cassani,Parma Calcio 1913,yellow
2254209,48,Cristóbal Jorquera,Parma Calcio 1913,yellow
2254209,43,Marco Benassi,FC Turin,yellow
2254209,45,Omar El Kaddouri,FC Turin,yellow
2254255,11,Daniele De Rossi,AS Rom,yellow
2254255,21,José Holebas,AS Rom,yellow
2254255,55,Alessandro Florenzi,AS Rom,yellow
2254255,72,Vasilios Torosidis,AS Rom,yellow
2254255,32,Raúl Albiol,SSC Neapel,yellow
2254237,20,Boško Janković,Hellas Verona,yellow
2254237,26,Emil Hallfreðsson,Hellas Verona,yellow
2254237,76,Guillermo Rodríguez,Hellas Verona,yellow
2254237,32,Nico Pulzetti,AC Cesena,yellow
2254237,50,Luka Krajnc,AC Cesena,yellow
2254237,80,Davide Succi,AC Cesena,yellow
2254241,40,Davide Biondini,Sassuolo Calcio,yellow
2254241,48,Šime Vrsaljko,Sassuolo Calcio,yellow
2254241,60,Federico Peluso,Sassuolo Calcio,yellow-red
2254241,90,Simone Missiroli,Sassuolo Calcio,yellow
2254241,22,Alessandro Gamberini,Chievo Verona,yellow
2254241,67,Ivan Radovanović,Chievo Verona,yellow
2254249,60,Lorenzo Crisetig,Cagliari Calcio,yellow
2254249,63,Luca Rossettini,Cagliari Calcio,yellow
2254249,68,Modibo Diakité,Cagliari Calcio,red
2254249,78,Paul Mpoku,Cagliari Calcio,yellow
2254249,90,Antonio Balzano,Cagliari Calcio,yellow
2254249,15,Marco Parolo,Lazio Rom,yellow
2254249,22,Mauricio,Lazio Rom,yellow
2254249,55,Dušan Basta,Lazio Rom,yellow
2254249,85,Keita Baldé,Lazio Rom,yellow
2254251,67,Roberto Vitiello,US Palermo,yellow
2254251,73,Mato Jajalo,US Palermo,yellow
2254251,62,Ignazio Abate,AC Mailand,yellow
2254251,71,Gabriel Paletta,AC Mailand,yellow
2254251,90,Philippe Mexès,AC Mailand,yellow
2254259,61,Andrea Ranocchia,Inter Mailand,yellow
2254259,73,Felipe,Inter Mailand,yellow
2254269,45,Carlos Carmona,Atalanta,yellow
2254269,57,Giulio Migliaccio,Atalanta,yellow
2254269,70,Andrea Masiello,Atalanta,yellow
2254269,90,Mauricio Pinilla,Atalanta,red
2254269,45,Bruno Peres,FC Turin,yellow
2254269,65,Amauri,FC Turin,yellow
2254269,71,Matteo Darmian,FC Turin,yellow
2254269,74,Alessandro Gazzi,FC Turin,yellow
2254269,87,Daniele Padelli,FC Turin,yellow
2254269,90,Migjen Basha,FC Turin,red
2254277,62,Tino Costa,FC Genua,yellow
2254277,78,Tomás Rincón,FC Genua,yellow
2254277,18,Giampiero Pinzi,Udinese Calcio,yellow
2254277,44,Iván Piris,Udinese Calcio,yellow
2254277,49,Guilherme,Udinese Calcio,yellow
2254265,11,Gonzalo Rodríguez,AC Florenz,yellow
2254265,44,Alessandro Diamanti,AC Florenz,yellow
2254265,69,Vasco Regini,Sampdoria,yellow
2254245,48,Carlos Tévez,Juventus Turin,yellow
2254245,89,Andrea Barzagli,Juventus Turin,yellow
2254245,66,Mário Rui,Empoli FC,yellow
2254245,78,Riccardo Saponara,Empoli FC,yellow
2254303,10,Edenilson,FC Genua,yellow
2254303,57,MBaye Niang,FC Genua,yellow
2254303,9,Daniele Dessena,Cagliari Calcio,yellow
2254303,45,Luca Ceppitelli,Cagliari Calcio,yellow
2254303,88,Lorenzo Crisetig,Cagliari Calcio,yellow
2254313,52,Pedro Mendes,Parma Calcio 1913,yellow
2254313,77,Cristóbal Jorquera,Parma Calcio 1913,yellow
2254313,89,Massimo Gobbi,Parma Calcio 1913,yellow
2254313,45,Claudio Marchisio,Juventus Turin,yellow
2254313,51,Giorgio Chiellini,Juventus Turin,yellow
2254313,88,Angelo Ogbonna,Juventus Turin,yellow
2254311,36,Vangelis Moras,Hellas Verona,yellow
2254311,56,Mounir Obbadi,Hellas Verona,yellow
2254311,18,Juan Jesus,Inter Mailand,yellow
2254311,38,Marcelo Brozović,Inter Mailand,yellow
2254311,40,Fredy Guarín,Inter Mailand,yellow
2254311,76,Nemanja Vidić,Inter Mailand,yellow
2254305,61,Carlos Carbonero,AC Cesena,yellow
2254305,63,Milan Đurić,AC Cesena,yellow
2254305,55,Përparim Hetemaj,Chievo Verona,yellow
2254307,55,Miroslav Klose,Lazio Rom,yellow
2254307,58,Diego Novaretti,Lazio Rom,yellow-red
2254307,75,Lorik Cana,Lazio Rom,yellow
2254307,81,Luis Cavanda,Lazio Rom,yellow
2254309,42,Kalidou Koulibaly,SSC Neapel,yellow
2254309,63,Ivan Strinić,SSC Neapel,yellow
2254309,81,David López,SSC Neapel,yellow
2254309,42,Juan Vargas,AC Florenz,yellow
2254315,72,Danilo,Udinese Calcio,yellow
2254315,74,Guilherme,Udinese Calcio,yellow
2254315,90,Rodrigo Aguirre,Udinese Calcio,yellow
2254317,30,Giuseppe Vives,FC Turin,yellow
2254317,47,Nikola Maksimović,FC Turin,yellow
2254317,56,Emiliano Moretti,FC Turin,yellow
2254317,72,Omar El Kaddouri,FC Turin,yellow
2254317,79,Alessandro Gazzi,FC Turin,yellow
2254317,37,Juan Iturbe,AS Rom,yellow
2254317,56,Daniele De Rossi,AS Rom,yellow
2254317,90,Kostas Manolas,AS Rom,yellow
2254321,55,Carlos Carmona,Atalanta,yellow
2254321,67,Luca Cigarini,Atalanta,yellow
2254321,81,Giuseppe Biava,Atalanta,yellow-red
2254321,71,Simone Missiroli,Sassuolo Calcio,yellow-red
2254321,90,Domenico Berardi,Sassuolo Calcio,yellow
2254319,52,Gabriel Paletta,AC Mailand,yellow
2254319,83,Nigel de Jong,AC Mailand,yellow
2254319,90,Philippe Mexès,AC Mailand,yellow
2254319,43,Pedro Obiang,Sampdoria,yellow
2254319,90,Paweł Wszołek,Sampdoria,yellow
2254325,59,Matías Silvestre,Sampdoria,yellow
2254325,71,Stefano Okaka,Sampdoria,yellow
2254325,30,Gabriele Perico,AC Cesena,yellow
2254325,74,Gaby Mudingayi,AC Cesena,yellow
2254325,77,Luka Krajnc,AC Cesena,yellow
2254331,50,Patrice Evra,Juventus Turin,yellow
2254331,59,Claudio Marchisio,Juventus Turin,yellow
2254331,63,Giorgio Chiellini,Juventus Turin,yellow
2254331,45,Senad Lulić,Lazio Rom,yellow
2254331,45,Mauricio,Lazio Rom,yellow
2254331,60,Antonio Candreva,Lazio Rom,yellow
2254331,68,Lorik Cana,Lazio Rom,yellow
2254331,89,Danilo Cataldi,Lazio Rom,red
2254339,31,Domenico Berardi,Sassuolo Calcio,yellow
2254339,61,Francesco Acerbi,Sassuolo Calcio,yellow
2254339,45,Giuseppe Vives,FC Turin,yellow
2254339,75,Alexander Farnerud,FC Turin,yellow
2254339,90,Migjen Basha,FC Turin,yellow
2254323,48,Leandro Paredes,AS Rom,yellow
2254323,65,Davide Astori,AS Rom,yellow
2254323,67,Mapou Yanga-Mbiwa,AS Rom,yellow
2254323,90,Víctor Ibarbo,AS Rom,yellow
2254323,25,Daniele Baselli,Atalanta,yellow
2254323,41,Yohan Benalouane,Atalanta,yellow
2254323,63,Boukary Dramé,Atalanta,yellow
2254323,72,Giulio Migliaccio,Atalanta,yellow
2254323,82,Guglielmo Stendardo,Atalanta,yellow
2254327,36,Roberto Vitiello,US Palermo,yellow
2254327,55,Mato Jajalo,US Palermo,yellow
2254327,66,Franco Vázquez,US Palermo,yellow
2254327,83,Andrea Belotti,US Palermo,yellow
2254327,71,Tomás Rincón,FC Genua,yellow
2254327,78,Sebastien De Maio,FC Genua,yellow
2254327,90,Leonardo Pavoletti,FC Genua,yellow
2254337,62,José Mauri,Parma Calcio 1913,yellow
2254341,58,Riccardo Meggiorini,Chievo Verona,yellow
2254341,59,Ervin Zukanović,Chievo Verona,yellow
2254341,64,Valter Birsa,Chievo Verona,yellow
2254341,31,Bruno Fernandes,Udinese Calcio,yellow
2254341,36,Allan,Udinese Calcio,yellow
2254341,45,Giampiero Pinzi,Udinese Calcio,yellow
2254341,82,Danilo,Udinese Calcio,yellow
2254335,44,Daniele Conti,Cagliari Calcio,yellow
2254335,61,Samuele Longo,Cagliari Calcio,yellow
2254335,64,Luca Rossettini,Cagliari Calcio,yellow
2254335,69,Luca Ceppitelli,Cagliari Calcio,yellow
2254335,4,Kalidou Koulibaly,SSC Neapel,yellow
2254335,65,Christian Maggio,SSC Neapel,yellow-red
2254333,28,Gary Medel,Inter Mailand,yellow
2254333,35,Juan Jesus,Inter Mailand,yellow
2254333,83,Danilo DAmbrosio,Inter Mailand,yellow
2254333,84,Hernanes,Inter Mailand,yellow
2254333,33,Nigel de Jong,AC Mailand,yellow
2254333,82,Ignazio Abate,AC Mailand,yellow
2254329,10,Josip Iličič,AC Florenz,yellow
2254329,68,Aleandro Rosi,AC Florenz,yellow
2254329,36,Juan Gómez,Hellas Verona,yellow
2254329,38,Boško Janković,Hellas Verona,yellow
2254329,61,Jacopo Sala,Hellas Verona,yellow
2254329,66,Rafael Pinheiro,Hellas Verona,yellow
2254329,88,Eros Pisano,Hellas Verona,yellow
2254050,29,Maurizio Domizzi,Udinese Calcio,yellow
2254050,38,Giampiero Pinzi,Udinese Calcio,yellow
2254050,41,Giampaolo Pazzini,AC Mailand,yellow
2254060,20,Rodrigo Palacio,Inter Mailand,yellow
2254060,54,Marcelo Brozović,Inter Mailand,yellow
2254060,67,Juan Jesus,Inter Mailand,yellow
2254060,74,Andrea Ranocchia,Inter Mailand,yellow
2254060,77,Assane Gnoukouri,Inter Mailand,yellow
2254060,90,Samir Handanovič,Inter Mailand,yellow
2254060,21,Mapou Yanga-Mbiwa,AS Rom,yellow
2254060,86,Daniele De Rossi,AS Rom,yellow
2254060,90,Morgan De Sanctis,AS Rom,yellow
2254060,90,Radja Nainggolan,AS Rom,yellow
2254038,33,Yohan Benalouane,Atalanta,yellow
2254038,61,Luca Cigarini,Atalanta,yellow
2254038,85,Marco DAlessandro,Atalanta,yellow
2254038,56,Manuel Pucciarelli,Empoli FC,yellow
2254034,10,Andrea Bertolacci,FC Genua,yellow
2254034,74,Leonardo Pavoletti,FC Genua,yellow
2254034,11,Massimo Volta,AC Cesena,yellow
2254034,78,Emmanuel Cascione,AC Cesena,yellow
2254034,86,Carlos Carbonero,AC Cesena,yellow
2254034,90,Zé Eduardo,AC Cesena,red
2254036,47,Cristian Ledesma,Lazio Rom,yellow
2254036,57,Ogenyi Onazi,Lazio Rom,yellow
2254036,10,Ervin Zukanović,Chievo Verona,yellow
2254036,42,Ivan Radovanović,Chievo Verona,yellow
2254036,49,Dario Dainelli,Chievo Verona,yellow
2254036,66,Boštjan Cesar,Chievo Verona,yellow
2254036,84,Ezequiel Schelotto,Chievo Verona,yellow
2254044,60,Alessandro Gazzi,FC Turin,yellow
2254044,70,Emiliano Moretti,FC Turin,yellow
2254044,88,Giuseppe Vives,FC Turin,yellow
2254044,77,Leonardo Bonucci,Juventus Turin,yellow
2254056,27,Andrea Costa,Parma Calcio 1913,yellow
2254056,57,Zouhair Feddal,Parma Calcio 1913,yellow
2254056,76,Massimo Gobbi,Parma Calcio 1913,yellow
2254056,83,Andi Lila,Parma Calcio 1913,yellow
2254070,17,Rafael Pinheiro,Hellas Verona,red
2254070,25,Leandro Greco,Hellas Verona,yellow
2254070,90,Vangelis Moras,Hellas Verona,yellow
2254070,90,Mounir Obbadi,Hellas Verona,yellow
2254070,76,Domenico Berardi,Sassuolo Calcio,yellow
2254070,76,Paolo Cannavaro,Sassuolo Calcio,yellow
2254032,9,Borja Valero,AC Florenz,yellow
2254032,21,Avelar,Cagliari Calcio,yellow
2254032,63,Albin Ekdal,Cagliari Calcio,yellow
2254032,72,Nicola Murru,Cagliari Calcio,yellow
2254032,72,Diego Farias,Cagliari Calcio,yellow
2254032,83,Marco Sau,Cagliari Calcio,yellow
2254068,3,Miguel Britos,SSC Neapel,yellow
2254068,24,Djamel Mesbah,Sampdoria,yellow
2254068,90,Luis Muriel,Sampdoria,yellow
2254012,14,Giampiero Pinzi,Udinese Calcio,yellow
2254012,40,Maurizio Domizzi,Udinese Calcio,yellow-red
2254012,46,Orestis Karnezis,Udinese Calcio,yellow
2254012,51,Silvan Widmer,Udinese Calcio,yellow
2254012,58,Emmanuel Agyemang-Badu,Udinese Calcio,red
2254012,19,Fredy Guarín,Inter Mailand,yellow
2254012,71,Lukas Podolski,Inter Mailand,yellow
2254012,83,Rodrigo Palacio,Inter Mailand,yellow
2254012,90,Gary Medel,Inter Mailand,yellow
2254000,36,Gaby Mudingayi,AC Cesena,yellow
2254000,45,Carlos Carbonero,AC Cesena,yellow
2254000,64,Gabriele Perico,AC Cesena,yellow
2254000,55,Yohan Benalouane,Atalanta,yellow
2254000,86,Giulio Migliaccio,Atalanta,yellow
2254000,88,Carlos Carmona,Atalanta,yellow
2254000,90,Mauricio Pinilla,Atalanta,yellow
2254002,49,Ezequiel Schelotto,Chievo Verona,yellow
2254002,88,Rubén Botta,Chievo Verona,yellow
2254002,55,Luca Ceppitelli,Cagliari Calcio,yellow
2254002,60,Albin Ekdal,Cagliari Calcio,yellow
2254002,61,Daniele Conti,Cagliari Calcio,yellow
2254002,75,Paul Mpoku,Cagliari Calcio,yellow
2254002,84,Nicola Murru,Cagliari Calcio,red
2254002,89,Andrea Cossu,Cagliari Calcio,yellow-red
2254004,49,Patrice Evra,Juventus Turin,yellow
2254004,35,Neto,AC Florenz,yellow
2254004,38,Gonzalo Rodríguez,AC Florenz,yellow
2254004,76,Alberto Aquilani,AC Florenz,yellow
2254006,50,Philippe Mexès,AC Mailand,yellow
2254006,72,Jérémy Ménez,AC Mailand,yellow-red
2254006,90,Ignazio Abate,AC Mailand,yellow
2254006,28,Edenilson,FC Genua,yellow
2254006,45,Nicolás Burdisso,FC Genua,yellow
2254006,54,Tino Costa,FC Genua,yellow
2254006,79,Iago Falqué,FC Genua,yellow
2254008,57,Afriyie Acquah,Sampdoria,yellow-red
2254008,80,Ezequiel Muñoz,Sampdoria,yellow
2254008,16,Mattia Valoti,Hellas Verona,yellow
2254008,24,Frederik Sørensen,Hellas Verona,yellow
2254008,82,Davide Brivio,Hellas Verona,yellow
2254008,89,Guillermo Rodríguez,Hellas Verona,yellow
2254020,63,Miroslav Klose,Lazio Rom,yellow
2254020,20,Ishak Belfodil,Parma Calcio 1913,yellow
2254020,27,Antonio Mirante,Parma Calcio 1913,yellow
2254020,29,Varela,Parma Calcio 1913,yellow
2254024,56,Paolo Cannavaro,Sassuolo Calcio,yellow
2254024,57,Simone Zaza,Sassuolo Calcio,yellow
2254024,69,Saphir Taïder,Sassuolo Calcio,yellow
2254024,32,Víctor Ibarbo,AS Rom,yellow
2254024,33,Daniele De Rossi,AS Rom,yellow
2254024,42,Davide Astori,AS Rom,yellow
2254028,49,Ivaylo Chochev,US Palermo,yellow
2254028,55,Andrea Rispoli,US Palermo,yellow
2254028,74,Giuseppe Vives,FC Turin,yellow
2254028,76,Gastón Silva,FC Turin,yellow
2254028,90,Maxi López,FC Turin,yellow
2254016,15,Vincent Laurini,Empoli FC,yellow
2254016,71,Lorenzo Tonelli,Empoli FC,yellow
2254016,90,Simone Verdi,Empoli FC,yellow
2254016,24,Faouzi Ghoulam,SSC Neapel,yellow
2254016,79,Gonzalo Higuaín,SSC Neapel,yellow
2254026,44,Pedro Obiang,Sampdoria,yellow
2254026,83,Lorenzo De Silvestri,Sampdoria,yellow
2254026,87,Roberto Soriano,Sampdoria,yellow
2254026,89,Alessio Romagnoli,Sampdoria,yellow
2254026,61,Stefano Sturaro,Juventus Turin,yellow
2254054,54,Dejan Lazarevič,Sassuolo Calcio,yellow
2254054,90,Matteo Brighi,Sassuolo Calcio,yellow
2254054,28,Claudio Terzi,US Palermo,yellow
2254054,35,Roberto Vitiello,US Palermo,yellow
2254054,52,Luca Rigoni,US Palermo,yellow
2254022,51,Kostas Manolas,AS Rom,yellow
2254022,65,Vasilios Torosidis,AS Rom,yellow
2254022,90,Daniele De Rossi,AS Rom,yellow
2254022,32,Tomás Rincón,FC Genua,yellow
2254022,55,Diego Laxalt,FC Genua,yellow
2254022,61,Armando Izzo,FC Genua,yellow
2254010,67,Josip Iličič,AC Florenz,yellow
2254010,69,Daniele Capelli,AC Cesena,yellow
2254014,36,Gary Medel,Inter Mailand,yellow
2254014,63,Lukas Podolski,Inter Mailand,yellow
2254014,86,Xherdan Shaqiri,Inter Mailand,yellow
2254014,25,Cristiano Biraghi,Chievo Verona,yellow
2254030,32,Andrea Masiello,Atalanta,yellow
2254030,85,Marco Sportiello,Atalanta,yellow
2254030,33,Felipe Anderson,Lazio Rom,yellow
2254030,37,Danilo Cataldi,Lazio Rom,yellow
2254030,45,Michaël Ciani,Lazio Rom,yellow
2254030,73,Dušan Basta,Lazio Rom,yellow
2254030,80,Brayan Perea,Lazio Rom,yellow
2254030,90,Mauricio,Lazio Rom,yellow
2254066,34,Leandro Greco,Hellas Verona,yellow
2254066,61,Jacopo Sala,Hellas Verona,red
2254066,90,Rafael Márquez,Hellas Verona,red
2254066,30,Stipe Perica,Udinese Calcio,yellow
2254066,51,Allan,Udinese Calcio,yellow
2254066,54,Iván Piris,Udinese Calcio,yellow
2254066,66,Igor Bubnjic,Udinese Calcio,yellow
2254048,65,Raúl Albiol,SSC Neapel,yellow
2254048,71,Marek Hamšík,SSC Neapel,yellow
2254048,1,Mattia De Sciglio,AC Mailand,red
2254062,35,Paul Mpoku,Cagliari Calcio,yellow
2254062,37,Daniele Dessena,Cagliari Calcio,yellow
2254062,86,Nicolò Barella,Cagliari Calcio,yellow
2254062,40,Massimo Coda,Parma Calcio 1913,yellow
2254018,59,Kamil Glik,FC Turin,yellow
2254018,66,Álvaro González,FC Turin,yellow
2254018,90,Bruno Peres,FC Turin,yellow
2254018,65,Mário Rui,Empoli FC,yellow
2254046,57,Claudio Marchisio,Juventus Turin,yellow
2254046,32,Avelar,Cagliari Calcio,yellow
2254046,50,João Pedro,Cagliari Calcio,yellow
2254074,0,Alex,AC Mailand,yellow
2254074,71,Mattia Destro,AC Mailand,yellow
2254074,89,Ignazio Abate,AC Mailand,yellow
2254074,90,Philippe Mexès,AC Mailand,yellow
2254074,44,Vasilios Torosidis,AS Rom,yellow
2254074,60,Alessandro Florenzi,AS Rom,yellow
2254074,64,Miralem Pjanić,AS Rom,yellow
2254058,3,Përparim Hetemaj,Chievo Verona,yellow
2254058,19,Ezequiel Schelotto,Chievo Verona,yellow
2254058,85,Boštjan Cesar,Chievo Verona,yellow
2254058,3,Boško Janković,Hellas Verona,yellow
2254058,5,Mounir Obbadi,Hellas Verona,yellow
2254058,21,Luca Toni,Hellas Verona,yellow
2254058,28,Juan Gómez,Hellas Verona,yellow
2254058,76,Panagiotis Tachtsidis,Hellas Verona,yellow
2254040,20,Giancarlo González,US Palermo,yellow
2254040,24,Davide Zappacosta,Atalanta,yellow
2254040,36,Giuseppe Biava,Atalanta,yellow
2254040,56,Vlada Avramov,Atalanta,red
2254076,82,Iván Piris,Udinese Calcio,yellow
2254076,39,Roberto Soriano,Sampdoria,yellow
2254076,56,Vasco Regini,Sampdoria,yellow
2254076,86,Emiliano Viviano,Sampdoria,yellow
2254076,90,Andrea Coda,Sampdoria,yellow
2254078,62,Franco Brienza,AC Cesena,yellow
2254078,90,Carlos Carbonero,AC Cesena,yellow
2254052,83,Levan Mchedlidze,Empoli FC,yellow
2254052,24,Milan Badelj,AC Florenz,yellow
2254052,33,Juan Vargas,AC Florenz,yellow
2254072,22,Pedro Mendes,Parma Calcio 1913,yellow
2254072,53,Andi Lila,Parma Calcio 1913,yellow
2254072,82,Raúl Albiol,SSC Neapel,yellow
2254064,24,Mauricio,Lazio Rom,red
2254064,24,Stefano Mauri,Lazio Rom,yellow
2254064,27,Federico Marchetti,Lazio Rom,yellow
2254064,61,Federico Marchetti,Lazio Rom,red
2254064,71,Lucas Biglia,Lazio Rom,yellow
2254064,12,Danilo DAmbrosio,Inter Mailand,yellow
2254064,67,Hernanes,Inter Mailand,yellow
2254064,90,Yuto Nagatomo,Inter Mailand,yellow
2254080,59,Tino Costa,FC Genua,yellow
2254080,66,Sebastien De Maio,FC Genua,yellow
2254080,77,Facundo Roncaglia,FC Genua,yellow
2254080,39,Maxi López,FC Turin,yellow
2254080,56,Bruno Peres,FC Turin,yellow
2254080,56,Omar El Kaddouri,FC Turin,yellow
2254080,68,Emiliano Moretti,FC Turin,yellow
2254080,88,Amauri,FC Turin,yellow
2254103,33,Andrea Ranocchia,Inter Mailand,yellow
2254103,35,Marcelo Brozović,Inter Mailand,yellow
2254103,41,Nemanja Vidić,Inter Mailand,yellow
2254103,58,Mateo Kovačić,Inter Mailand,yellow
2254103,67,Juan Jesus,Inter Mailand,yellow
2254103,52,Morata,Juventus Turin,yellow
2254103,54,Stephan Lichtsteiner,Juventus Turin,yellow
2254109,16,Angelo Palombo,Sampdoria,yellow
2254109,40,Matías Silvestre,Sampdoria,yellow
2254113,45,Simone Missiroli,Sassuolo Calcio,yellow
2254113,72,Andrea Consigli,Sassuolo Calcio,yellow
2254113,39,Daniele Bonera,AC Mailand,yellow
2254113,58,Giacomo Bonaventura,AC Mailand,yellow-red
2254113,72,Keisuke Honda,AC Mailand,yellow
2254113,84,Stephan El Shaarawy,AC Mailand,yellow
2254113,86,Gabriel Paletta,AC Mailand,yellow
2254113,90,Suso,AC Mailand,red
2254093,18,Nikola Maksimović,FC Turin,yellow
2254093,45,Gastón Silva,FC Turin,yellow
2254093,52,Emiliano Moretti,FC Turin,yellow
2254097,66,Fernandinho Silva,Hellas Verona,yellow
2254097,83,Daniele Croce,Empoli FC,yellow
2254097,90,Simone Verdi,Empoli FC,yellow
2254101,54,Giulio Migliaccio,Atalanta,yellow
2254101,71,Carlos Carmona,Atalanta,yellow
2254101,86,Mauricio Pinilla,Atalanta,yellow
2254101,48,Armando Izzo,FC Genua,yellow
2254117,55,Antonio Balzano,Cagliari Calcio,yellow
2254117,80,Albin Ekdal,Cagliari Calcio,yellow
2254117,81,Modibo Diakité,Cagliari Calcio,yellow
2254117,6,Luca Rigoni,US Palermo,yellow
2254117,12,Ivaylo Chochev,US Palermo,yellow
2254117,81,Giancarlo González,US Palermo,yellow
2254121,80,Radja Nainggolan,AS Rom,yellow
2254121,87,Vasilios Torosidis,AS Rom,yellow
2254121,90,Adem Ljajić,AS Rom,yellow
2254121,24,Iván Piris,Udinese Calcio,yellow
2254121,49,Thomas Heurtaux,Udinese Calcio,yellow
2254119,81,Alessandro Diamanti,AC Florenz,yellow
2254119,77,Pedro Mendes,Parma Calcio 1913,yellow
2254087,42,Faouzi Ghoulam,SSC Neapel,yellow
2254087,76,Kalidou Koulibaly,SSC Neapel,yellow
2254087,6,Massimo Volta,AC Cesena,yellow
2254087,71,Daniele Capelli,AC Cesena,yellow
2254099,49,Kwadwo Asamoah,Juventus Turin,yellow
2254099,90,Morata,Juventus Turin,yellow
2254099,83,Faouzi Ghoulam,SSC Neapel,yellow
2254099,90,Miguel Britos,SSC Neapel,red
2254095,44,Juraj Kucka,FC Genua,yellow
2254095,63,Sebastien De Maio,FC Genua,yellow
2254095,90,Facundo Roncaglia,FC Genua,yellow
2254095,39,Hernanes,Inter Mailand,yellow
2254095,44,Marcelo Brozović,Inter Mailand,yellow
2254095,64,Danilo DAmbrosio,Inter Mailand,yellow
2254095,88,Juan Jesus,Inter Mailand,yellow
2254107,41,Mirko Valdifiori,Empoli FC,yellow
2254107,90,Massimo Maccarone,Empoli FC,yellow
2254107,90,Matías Vecino,Empoli FC,yellow
2254107,45,Afriyie Acquah,Sampdoria,yellow
2254107,47,Luis Muriel,Sampdoria,yellow
2254107,90,Alessio Romagnoli,Sampdoria,yellow
2254082,41,Boštjan Cesar,Chievo Verona,yellow
2254084,15,Giuseppe De Feudis,AC Cesena,yellow
2254084,39,Stefano Lucchini,AC Cesena,yellow
2254084,67,Emmanuel Cascione,AC Cesena,yellow
2254089,38,Luca Rigoni,US Palermo,yellow
2254089,90,Robin Quaison,US Palermo,yellow
2254089,39,Gonzalo Rodríguez,AC Florenz,yellow
2254089,65,Manuel Pasqual,AC Florenz,yellow
2254089,90,Jasmin Kurtić,AC Florenz,yellow-red
2254089,90,Neto,AC Florenz,yellow
2254091,90,Andi Lila,Parma Calcio 1913,yellow
2254091,41,Mounir Obbadi,Hellas Verona,yellow
2254091,51,Vangelis Moras,Hellas Verona,yellow
2254111,51,Panagiotis Kone,Udinese Calcio,yellow
2254111,80,Guilherme,Udinese Calcio,yellow-red
2254111,45,Domenico Berardi,Sassuolo Calcio,yellow
2254115,11,Keisuke Honda,AC Mailand,yellow
2254115,43,Cristian Zaccardo,AC Mailand,red
2254115,45,Andrea Poli,AC Mailand,yellow
2254115,63,Giampaolo Pazzini,AC Mailand,yellow
2254115,78,Marco van Ginkel,AC Mailand,yellow
2254115,40,Alessandro Gazzi,FC Turin,yellow
2254115,51,Emiliano Moretti,FC Turin,yellow
2254115,56,Cristian Molinaro,FC Turin,red
2254105,22,Senad Lulić,Lazio Rom,yellow
2254105,32,Santiago Gentiletti,Lazio Rom,yellow
2254105,35,Lucas Biglia,Lazio Rom,yellow
2254105,62,Miroslav Klose,Lazio Rom,yellow
2254105,9,Francesco Totti,AS Rom,yellow
2254105,52,Vasilios Torosidis,AS Rom,yellow
2254105,74,Juan Iturbe,AS Rom,yellow
2254105,87,Alessandro Florenzi,AS Rom,yellow
2254131,37,Panagiotis Tachtsidis,Hellas Verona,yellow
2254131,65,Juan Gómez,Hellas Verona,yellow
2254131,87,Rafael Márquez,Hellas Verona,yellow
2254131,31,Carlos Tévez,Juventus Turin,yellow
2254131,90,Simone Pepe,Juventus Turin,red
2254135,58,Andrea Masiello,Atalanta,yellow
2254135,60,Luca Cigarini,Atalanta,yellow
2254135,89,Marco DAlessandro,Atalanta,yellow
2254141,90,Avelar,Cagliari Calcio,yellow
2254141,16,Thomas Heurtaux,Udinese Calcio,yellow
2254141,28,Danilo,Udinese Calcio,yellow
2254141,54,Rodrigo Aguirre,Udinese Calcio,yellow
2254141,62,Bruno Fernandes,Udinese Calcio,yellow
2254123,55,Gregoire Defrel,AC Cesena,yellow
2254123,61,Massimo Volta,AC Cesena,yellow
2254125,50,Federico Bernardeschi,AC Florenz,yellow
2254125,85,Milan Badelj,AC Florenz,yellow
2254125,24,Dario Dainelli,Chievo Verona,yellow
2254125,69,Isaac Cofie,Chievo Verona,yellow-red
2254127,84,Hernanes,Inter Mailand,yellow
2254127,63,Federico Barba,Empoli FC,yellow
2254127,67,Mirko Valdifiori,Empoli FC,yellow
2254127,90,Mário Rui,Empoli FC,yellow
2254129,65,Francesco Magnanelli,Sassuolo Calcio,yellow
2254129,82,Nicola Sansone,Sassuolo Calcio,yellow
2254129,88,Sergio Floccari,Sassuolo Calcio,yellow
2254129,7,Facundo Roncaglia,FC Genua,yellow
2254129,27,Andrea Bertolacci,FC Genua,yellow
2254129,64,Tomás Rincón,FC Genua,yellow
2254129,67,Leonardo Pavoletti,FC Genua,yellow
2254129,72,Armando Izzo,FC Genua,red
2254133,71,Faouzi Ghoulam,SSC Neapel,yellow-red
2254133,85,Mariano Andújar,SSC Neapel,yellow
2254133,19,Filip Đorđević,Lazio Rom,yellow
2254133,43,Mauricio,Lazio Rom,yellow
2254133,62,Marco Parolo,Lazio Rom,yellow-red
2254133,75,Senad Lulić,Lazio Rom,yellow
2254133,88,Antonio Candreva,Lazio Rom,yellow
2254137,56,Davide Astori,AS Rom,yellow
2254137,90,Juan Iturbe,AS Rom,yellow
2254137,68,Mato Jajalo,US Palermo,yellow
2254137,76,Claudio Terzi,US Palermo,yellow
2254137,77,Andrea Belotti,US Palermo,yellow
2254139,78,Cristóbal Jorquera,Parma Calcio 1913,yellow
