GameID,Minute,Player,Team,Card
8265677,40,Mario Piccinocchi,FC Lugano,yellow
8265677,65,Fulvio Sulmoni,FC Lugano,yellow
8265677,67,Vladimir Golemić,FC Lugano,yellow
8265677,83,Mirko Salvi,FC Lugano,yellow
8265677,4,Simon Grether,FC Luzern,yellow
8265677,63,Claudio Lustenberger,FC Luzern,yellow
8265678,72,Martin Angha,FC St. Gallen,yellow
8265678,72,Sékou Sanogo,BSC Young Boys,yellow
8265678,74,Alain Rochat,BSC Young Boys,yellow
8265678,81,Guillaume Hoarau,BSC Young Boys,yellow
8265679,55,Mergim Brahimi,Grasshopper Club Zürich,yellow
8265679,70,Kim Källström,Grasshopper Club Zürich,yellow
8265679,55,Nicolas Gétaz,FC Lausanne-Sport,yellow
8265679,79,Olivier Custodio,FC Lausanne-Sport,yellow
8265680,39,Simone Rapp,FC Thun,yellow
8265680,42,Axel Borgmann,FC Vaduz,yellow
8265681,10,Marek Suchý,FC Basel,yellow
8265681,37,Moussa Konaté,FC Sion,yellow
8265681,83,Reto Ziegler,FC Sion,yellow
8265681,89,Léo Lacroix,FC Sion,yellow
8265682,49,Edimilson Fernandes,FC Sion,yellow
8265682,76,Léo Lacroix,FC Sion,yellow
8265682,41,Albert Bunjaku,FC St. Gallen,yellow
8265682,72,Martin Angha,FC St. Gallen,yellow
8265683,21,Milan Gajić,BSC Young Boys,yellow
8265683,42,Guillaume Hoarau,BSC Young Boys,yellow
8265683,69,Yoric Ravet,BSC Young Boys,yellow
8265683,85,Steve von Bergen,BSC Young Boys,yellow
8265683,72,Marco Padalino,FC Lugano,yellow
8265684,16,Jérémy Manière,FC Lausanne-Sport,yellow
8265684,58,Andrea Maccoppi,FC Lausanne-Sport,yellow
8265684,66,Dennis Hediger,FC Thun,yellow
8265685,19,Simone Grippo,FC Vaduz,yellow
8265685,25,Matthias Strohmaier,FC Vaduz,yellow
8265685,40,Éder Balanta,FC Basel,yellow
8265685,86,Seydou Doumbia,FC Basel,yellow
8265686,16,Hekuran Kryeziu,FC Luzern,yellow
8265686,36,Cedric Itten,FC Luzern,yellow
8265686,54,Tomi Jurić,FC Luzern,yellow
8265686,83,Christian Schneuwly,FC Luzern,yellow
8265686,39,Marko Bašić,Grasshopper Club Zürich,yellow
8265686,72,Alban Pnishi,Grasshopper Club Zürich,yellow
8265687,9,Florent Hadergjonaj,BSC Young Boys,yellow
8265687,27,Jan Lecjaks,BSC Young Boys,yellow
8265687,73,Yūya Kubo,BSC Young Boys,yellow
8265687,79,Steve von Bergen,BSC Young Boys,yellow
8265687,25,Carlinhos,FC Thun,yellow
8265687,52,Christian Fassnacht,FC Thun,yellow
8265687,88,Ayrton Ribeiro,FC Thun,yellow
8265688,6,Edimilson Fernandes,FC Sion,yellow
8265688,11,Elsad Zverotić,FC Sion,yellow
8265688,84,Léo Lacroix,FC Sion,yellow-red
8265688,52,Benjamin Kololli,FC Lausanne-Sport,yellow
8265688,57,Musa Araz,FC Lausanne-Sport,yellow
8265688,77,Samuele Campo,FC Lausanne-Sport,yellow
8265689,35,Marco Mathys,FC Vaduz,yellow
8265690,33,Hekuran Kryeziu,FC Luzern,yellow
8265690,21,Taulant Xhaka,FC Basel,yellow
8265691,3,Kofi Schulz,FC St. Gallen,yellow
8265691,17,Martin Angha,FC St. Gallen,yellow
8265691,51,Nzuzi Toko,FC St. Gallen,yellow
8265691,85,Roman Buess,FC St. Gallen,yellow
8265691,9,Caio,Grasshopper Club Zürich,yellow
8265691,48,Jan Bamert,Grasshopper Club Zürich,yellow
8265691,51,Mergim Brahimi,Grasshopper Club Zürich,yellow
8265692,61,Bálint Vécsei,FC Lugano,yellow
8265692,15,Ebenezer Assifuah,FC Sion,yellow
8265692,72,Nicolas Lüchinger,FC Sion,yellow
8265692,85,Reto Ziegler,FC Sion,yellow
8265694,35,Adama Traoré,FC Basel,yellow
8265694,58,Gregory Wüthrich,BSC Young Boys,yellow
8265694,88,Leonardo Bertone,BSC Young Boys,yellow
8265696,54,Carlinhos,FC Thun,yellow
8265696,69,Dejan Sorgić,FC Thun,yellow
8265696,90,Simone Rapp,FC Thun,yellow
8265696,45,Kim Källström,Grasshopper Club Zürich,yellow
8265696,52,Benjamin Lüthi,Grasshopper Club Zürich,yellow
8265696,81,Jan Bamert,Grasshopper Club Zürich,yellow
8265697,32,Thorsten Schick,BSC Young Boys,yellow
8265697,50,Gregory Wüthrich,BSC Young Boys,yellow
8265697,4,Jérémy Manière,FC Lausanne-Sport,yellow
8265697,81,Benjamin Kololli,FC Lausanne-Sport,yellow
8265698,19,Taulant Xhaka,FC Basel,yellow
8265698,37,Éder Balanta,FC Basel,yellow
8265698,80,Matías Delgado,FC Basel,yellow
8265698,88,Vladimir Golemić,FC Lugano,yellow
8265699,88,Mergim Brahimi,Grasshopper Club Zürich,yellow
8265699,61,Vero Salatic,FC Sion,yellow
8265699,90,Freddy Mveng,FC Sion,yellow
8265700,60,François Affolter,FC Luzern,yellow
8265700,74,Claudio Lustenberger,FC Luzern,yellow
8265700,60,Simone Rapp,FC Thun,yellow
8265700,77,Marco Bürki,FC Thun,yellow
8265701,47,Marco Mathys,FC Vaduz,yellow
8265701,74,Philipp Muntwiler,FC Vaduz,yellow
8265701,8,Mario Mutsch,FC St. Gallen,yellow
8265701,59,Andreas Wittwer,FC St. Gallen,yellow
8265701,88,Martin Angha,FC St. Gallen,yellow
8265701,90,Yannis Tafer,FC St. Gallen,yellow
8265701,90,Albert Bunjaku,FC St. Gallen,yellow
8265702,43,Ezgjan Alioski,FC Lugano,yellow
8265702,45,Bálint Vécsei,FC Lugano,yellow
8265702,77,Goran Jozinović,FC Lugano,yellow
8265702,11,Nicolas Gétaz,FC Lausanne-Sport,yellow
8265702,67,Elton Monteiro,FC Lausanne-Sport,yellow
8265702,89,Musa Araz,FC Lausanne-Sport,yellow
8265703,28,Vero Salatic,FC Sion,yellow
8265703,65,Léo Lacroix,FC Sion,yellow
8265703,56,Diego Ciccone,FC Vaduz,yellow-red
8265703,88,Moreno Costanzo,FC Vaduz,yellow
8265704,49,Alban Pnishi,Grasshopper Club Zürich,yellow
8265704,71,Steve von Bergen,BSC Young Boys,yellow
8265704,90,Yoric Ravet,BSC Young Boys,yellow
8265704,90,Kwadwo Duah,BSC Young Boys,yellow
8265705,14,Alain Wiss,FC St. Gallen,yellow
8265705,55,Roy Gelmi,FC St. Gallen,yellow
8265705,75,Nzuzi Toko,FC St. Gallen,yellow
8265705,87,Kofi Schulz,FC St. Gallen,yellow
8265705,40,Ricardo Costa,FC Luzern,yellow
8265705,90,Marco Schneuwly,FC Luzern,yellow
8265706,33,Marco Bürki,FC Thun,yellow
8265706,82,Dejan Sorgić,FC Thun,yellow
8265706,78,Davide Callà,FC Basel,yellow
8265707,58,Jan Bamert,Grasshopper Club Zürich,yellow
8265708,13,Denis Zakaria,BSC Young Boys,yellow
8265708,59,Tomislav Puljić,FC Luzern,yellow
8265708,75,Ricardo Costa,FC Luzern,yellow
8265709,15,Marcus Diniz,FC Lausanne-Sport,yellow
8265709,73,Benjamin Kololli,FC Lausanne-Sport,yellow
8265709,81,Peter Jehle,FC Vaduz,red
8265710,47,Carlitos,FC Sion,yellow
8265710,72,Paulo Ricardo,FC Sion,yellow
8265710,79,Adão,FC Sion,yellow
8265710,90,Nelson Ferreira,FC Thun,yellow
8265711,27,Karim Haggui,FC St. Gallen,yellow
8265711,88,Martin Angha,FC St. Gallen,yellow
8265711,54,Goran Jozinović,FC Lugano,yellow
8265711,90,Domen Črnigoj,FC Lugano,yellow
8265712,45,Dennis Hediger,FC Thun,yellow
8265712,35,Albert Bunjaku,FC St. Gallen,yellow
8265712,90,Nzuzi Toko,FC St. Gallen,yellow
8265713,55,Markus Neumayr,FC Luzern,yellow
8265713,55,Carlitos,FC Sion,yellow
8265713,72,Moussa Konaté,FC Sion,yellow
8265714,69,Simone Grippo,FC Vaduz,yellow
8265714,83,Maurice Brunner,FC Vaduz,yellow
8265714,88,Philipp Muntwiler,FC Vaduz,yellow
8265714,21,Michael Frey,BSC Young Boys,yellow
8265715,48,Francesco Margiotta,FC Lausanne-Sport,yellow
8265715,90,Xavier Margairaz,FC Lausanne-Sport,red
8265715,73,Éder Balanta,FC Basel,yellow
8265716,35,Rodrigo Aguirre,FC Lugano,yellow
8265716,37,Caio,Grasshopper Club Zürich,yellow
8265716,64,Alban Pnishi,Grasshopper Club Zürich,yellow
8265716,90,Kim Källström,Grasshopper Club Zürich,yellow
8265717,62,Jérome Thiesson,FC Luzern,yellow
8265717,87,Ricardo Costa,FC Luzern,yellow
8265717,17,Francesco Margiotta,FC Lausanne-Sport,yellow
8265717,75,Alexandre Pasche,FC Lausanne-Sport,yellow
8265717,79,Elton Monteiro,FC Lausanne-Sport,yellow
8265717,81,Jérémy Manière,FC Lausanne-Sport,yellow
8265718,1,Nzuzi Toko,FC St. Gallen,yellow
8265718,78,Karim Haggui,FC St. Gallen,yellow
8265718,89,Roy Gelmi,FC St. Gallen,yellow
8265718,33,Adama Traoré,FC Basel,yellow
8265718,56,Davide Callà,FC Basel,yellow
8265719,73,Marko Bašić,Grasshopper Club Zürich,yellow
8265719,86,Vaso Vasić,Grasshopper Club Zürich,yellow
8265720,52,Matteo Tosetti,FC Thun,yellow
8265720,85,Kevin Bigler,FC Thun,yellow
8265720,69,Ezgjan Alioski,FC Lugano,yellow
8265720,72,Ofir Mizrahi,FC Lugano,yellow
8265720,73,Jonathan Sabbatini,FC Lugano,yellow
8265721,25,Moussa Konaté,FC Sion,yellow
8265721,38,Nicolas Lüchinger,FC Sion,yellow
8265726,51,Franz Burgmeier,FC Vaduz,yellow
8265726,41,Vero Salatic,FC Sion,yellow
8265726,59,Adão,FC Sion,yellow
8265722,44,Dennis Hediger,FC Thun,yellow
8265722,56,Guillaume Faivre,FC Thun,yellow
8265722,90,Mickaël Facchinetti,FC Thun,yellow
8265724,38,Goran Jozinović,FC Lugano,yellow
8265724,64,Dragan Mihajlović,FC Lugano,yellow
8265724,73,Rodrigo Aguirre,FC Lugano,yellow
8265725,28,Steve von Bergen,BSC Young Boys,yellow
8265725,63,Leonardo Bertone,BSC Young Boys,yellow
8265725,90,Kevin Mbabu,BSC Young Boys,yellow
8265723,19,Marko Bašić,Grasshopper Club Zürich,yellow
8265723,72,Benjamin Lüthi,Grasshopper Club Zürich,yellow
8265723,79,Mergim Brahimi,Grasshopper Club Zürich,yellow
8265723,56,Nicolas Haas,FC Luzern,yellow-red
8265723,66,Claudio Lustenberger,FC Luzern,yellow
8265723,88,Jahmir Hyka,FC Luzern,yellow
8265731,90,Guillaume Faivre,FC Thun,yellow
8265731,37,Elton Monteiro,FC Lausanne-Sport,yellow
8265731,50,Jérémy Manière,FC Lausanne-Sport,yellow
8265731,53,Nicolas Gétaz,FC Lausanne-Sport,yellow
8265731,59,Olivier Custodio,FC Lausanne-Sport,yellow-red
8265727,67,Claudio Lustenberger,FC Luzern,yellow
8265729,44,Gregory Karlen,FC Sion,yellow
8265729,52,Nicolas Lüchinger,FC Sion,yellow
8265729,68,Adão,FC Sion,yellow-red
8265729,81,Ebenezer Assifuah,FC Sion,yellow
8265729,49,Numa Lavanchy,Grasshopper Club Zürich,yellow
8265729,74,Kim Källström,Grasshopper Club Zürich,yellow
8265729,76,Jan Bamert,Grasshopper Club Zürich,yellow
8265729,89,Cédric Zesiger,Grasshopper Club Zürich,yellow
8265730,29,Roman Buess,FC St. Gallen,yellow
8265730,42,Nzuzi Toko,FC St. Gallen,yellow
8265730,12,Marco Mathys,FC Vaduz,yellow
8265730,71,Franz Burgmeier,FC Vaduz,yellow
8265730,77,Philipp Muntwiler,FC Vaduz,yellow
8265730,90,Maurice Brunner,FC Vaduz,yellow
8265728,35,Dragan Mihajlović,FC Lugano,yellow
8265728,21,Alain Rochat,BSC Young Boys,yellow
8265728,60,Kasim Nuhu,BSC Young Boys,yellow
8265728,71,Denis Zakaria,BSC Young Boys,yellow
8265728,90,Jan Lecjaks,BSC Young Boys,yellow
8265735,89,Caleb Stanko,FC Vaduz,yellow
8265735,74,Dejan Sorgić,FC Thun,yellow
8265735,81,Mickaël Facchinetti,FC Thun,yellow
8265733,38,Rodrigo Aguirre,FC Lugano,yellow
8265733,85,Mirko Salvi,FC Lugano,yellow
8265733,88,Goran Jozinović,FC Lugano,yellow
8265733,90,Vladimir Golemić,FC Lugano,yellow
8265733,90,Renato Steffen,FC Basel,yellow
8265736,54,Kevin Mbabu,BSC Young Boys,yellow
8265736,58,Jean-Pierre Rhyner,Grasshopper Club Zürich,yellow
8265732,45,Marcus Diniz,FC Lausanne-Sport,yellow
8265732,52,Nicolas Gétaz,FC Lausanne-Sport,yellow
8265732,58,Xavier Margairaz,FC Lausanne-Sport,yellow
8265732,62,Reto Ziegler,FC Sion,yellow
8265734,10,Tomi Jurić,FC Luzern,yellow
8265734,30,Jérome Thiesson,FC Luzern,yellow
8265734,63,Simon Grether,FC Luzern,yellow
8265734,66,Marco Aratore,FC St. Gallen,yellow
8265734,90,Alain Wiss,FC St. Gallen,yellow
8265739,77,Adão,FC Sion,yellow
8265739,8,Assan Ceesay,FC Lugano,yellow
8265739,21,Rodrigo Aguirre,FC Lugano,yellow
8265739,70,Ezgjan Alioski,FC Lugano,yellow
8265739,74,Orlando Urbano,FC Lugano,yellow
8265739,81,Marco Padalino,FC Lugano,yellow
8265737,6,Marko Bašić,Grasshopper Club Zürich,yellow
8265737,20,Michael Lang,FC Basel,yellow
8265738,90,Jérémy Manière,FC Lausanne-Sport,yellow-red
8265738,70,Ricardo Costa,FC Luzern,yellow
8265738,85,Christian Schneuwly,FC Luzern,yellow
8265741,5,Scott Sutter,BSC Young Boys,yellow
8265741,41,Sékou Sanogo,BSC Young Boys,yellow
8265740,75,Karim Haggui,FC St. Gallen,yellow
8265740,89,Dennis Hediger,FC Thun,yellow
8265745,26,Ebenezer Assifuah,FC Sion,yellow
8265742,41,Taulant Xhaka,FC Basel,yellow
8265742,8,Nicolas Gétaz,FC Lausanne-Sport,yellow
8265742,86,Elton Monteiro,FC Lausanne-Sport,yellow
8265743,4,Marco Padalino,FC Lugano,yellow
8265743,12,Valerio Rosseti,FC Lugano,yellow
8265743,73,Domen Črnigoj,FC Lugano,yellow
8265743,75,Fulvio Sulmoni,FC Lugano,red
8265743,26,Nzuzi Toko,FC St. Gallen,yellow
8265746,37,Albion Avdijaj,FC Vaduz,yellow
8265746,40,Nicolas Hasler,FC Vaduz,yellow
8265746,62,Kim Källström,Grasshopper Club Zürich,yellow
8265744,46,Markus Neumayr,FC Luzern,yellow
8265744,38,Sékou Sanogo,BSC Young Boys,yellow
8265744,90,Yūya Kubo,BSC Young Boys,yellow
8265748,46,Numa Lavanchy,Grasshopper Club Zürich,yellow
8265748,89,Kim Källström,Grasshopper Club Zürich,yellow
8265748,90,Nemanja Antonov,Grasshopper Club Zürich,yellow
8265748,65,Dennis Hediger,FC Thun,yellow
8265747,4,Philipp Muntwiler,FC Vaduz,yellow
8265750,67,Nzuzi Toko,FC St. Gallen,yellow
8265750,25,Elton Monteiro,FC Lausanne-Sport,yellow
8265750,32,Olivier Custodio,FC Lausanne-Sport,yellow
8265751,55,Jan Lecjaks,BSC Young Boys,yellow
8265751,90,Kasim Nuhu,BSC Young Boys,yellow
8265751,86,Adão,FC Sion,yellow
8265749,35,Ricardo Costa,FC Luzern,yellow
8265749,58,Jahmir Hyka,FC Luzern,yellow
8265749,82,Claudio Lustenberger,FC Luzern,yellow
8265749,24,Vladimir Golemić,FC Lugano,yellow
8265749,34,Ofir Mizrahi,FC Lugano,yellow
8265749,40,Domen Črnigoj,FC Lugano,yellow
8265749,72,Bálint Vécsei,FC Lugano,yellow
8265749,90,Assan Ceesay,FC Lugano,yellow
8265755,55,Stefan Glarner,FC Thun,yellow
8265755,78,Christian Fassnacht,FC Thun,yellow
8265755,20,Francisco Rodríguez,FC Luzern,yellow
8265752,34,Marko Bašić,Grasshopper Club Zürich,yellow
8265752,45,Kim Källström,Grasshopper Club Zürich,yellow
8265752,62,Karim Haggui,FC St. Gallen,yellow
8265752,87,Alain Wiss,FC St. Gallen,yellow
8265753,57,Musa Araz,FC Lausanne-Sport,yellow
8265753,61,Samuele Campo,FC Lausanne-Sport,yellow
8265753,33,Leonardo Bertone,BSC Young Boys,yellow
8265753,36,Sékou Sanogo,BSC Young Boys,yellow
8265753,74,Kevin Mbabu,BSC Young Boys,yellow
8265753,84,Steve von Bergen,BSC Young Boys,yellow
8265756,27,Moreno Costanzo,FC Vaduz,yellow
8265756,72,Stjepan Kukuruzović,FC Vaduz,yellow
8265756,86,Franz Burgmeier,FC Vaduz,yellow
8265756,37,Rodrigo Aguirre,FC Lugano,yellow-red
8265756,39,Davide Mariani,FC Lugano,yellow
8265756,76,Dragan Mihajlović,FC Lugano,yellow
8265754,19,Vero Salatic,FC Sion,yellow
8265754,57,Vincent Sierro,FC Sion,yellow
8265754,50,Renato Steffen,FC Basel,yellow
8265754,70,Serey Dié,FC Basel,yellow
8265754,85,Marc Janko,FC Basel,yellow-red
8265759,77,Tomislav Puljić,FC Luzern,yellow
8265759,40,Franz Burgmeier,FC Vaduz,yellow
8265759,65,Moreno Costanzo,FC Vaduz,yellow
8265759,76,Maurice Brunner,FC Vaduz,yellow
8265761,45,Kasim Nuhu,BSC Young Boys,red
8265757,49,Gabriel Torres,FC Lausanne-Sport,yellow
8265757,54,Musa Araz,FC Lausanne-Sport,yellow
8265757,57,Maxime Dominguez,FC Lausanne-Sport,yellow
8265757,80,Alexandre Pasche,FC Lausanne-Sport,yellow
8265757,90,Nassim Ben Khalifa,FC Lausanne-Sport,yellow
8265757,21,Marko Bašić,Grasshopper Club Zürich,yellow
8265757,27,Alban Pnishi,Grasshopper Club Zürich,yellow
8265757,54,Nemanja Antonov,Grasshopper Club Zürich,yellow
8265757,87,Numa Lavanchy,Grasshopper Club Zürich,yellow
8265758,32,Vladimir Golemić,FC Lugano,yellow
8265758,51,Assan Ceesay,FC Lugano,yellow-red
8265758,45,Mickaël Facchinetti,FC Thun,yellow
8265758,69,Simone Rapp,FC Thun,yellow
8265758,78,Nicolas Schindelholz,FC Thun,yellow
8265760,71,Gianluca Gaudino,FC St. Gallen,yellow
8265760,73,Nzuzi Toko,FC St. Gallen,yellow
8265760,90,Albian Ajeti,FC St. Gallen,yellow
8265760,18,Pa Modou Jagne,FC Sion,red
8265760,58,Nicolas Lüchinger,FC Sion,yellow
8265760,88,Vincent Sierro,FC Sion,yellow
8265766,90,Maurice Brunner,FC Vaduz,yellow
8265766,27,Gabriel Torres,FC Lausanne-Sport,yellow
8265766,88,Jérémy Manière,FC Lausanne-Sport,yellow
8265766,90,Kevin Martin,FC Lausanne-Sport,yellow
8265762,57,Taulant Xhaka,FC Basel,yellow
8265762,42,Albian Ajeti,FC St. Gallen,yellow
8265762,55,Roman Buess,FC St. Gallen,yellow
8265763,31,Nemanja Antonov,Grasshopper Club Zürich,yellow
8265763,85,Mergim Brahimi,Grasshopper Club Zürich,yellow
8265763,89,Marko Bašić,Grasshopper Club Zürich,yellow
8265763,36,Vladimir Golemić,FC Lugano,yellow
8265763,62,Antoine Rey,FC Lugano,yellow
8265763,80,Ezgjan Alioski,FC Lugano,yellow
8265764,35,Nicolas Lüchinger,FC Sion,yellow
8265764,79,Vero Salatic,FC Sion,yellow
8265764,21,François Affolter,FC Luzern,yellow
8265764,82,Cedric Itten,FC Luzern,yellow
8265765,59,Nicolas Schindelholz,FC Thun,yellow
8265765,27,Loris Benito,BSC Young Boys,yellow
8265765,67,Jan Lecjaks,BSC Young Boys,yellow
8265765,77,Michael Frey,BSC Young Boys,yellow
8265768,65,Stefan Glarner,FC Thun,yellow
8265768,70,Marco Bürki,FC Thun,yellow
8265768,90,Nicolas Schindelholz,FC Thun,yellow
8265767,45,Éder Balanta,FC Basel,yellow
8265767,12,Ezgjan Alioski,FC Lugano,yellow
8265769,79,Nassim Ben Khalifa,FC Lausanne-Sport,yellow
8265769,89,Kwang-Ryong Pak,FC Lausanne-Sport,yellow
8265769,39,Ricardo Costa,FC Luzern,yellow
8265769,78,Claudio Lustenberger,FC Luzern,yellow
8265769,90,François Affolter,FC Luzern,yellow
8265769,90,Cedric Itten,FC Luzern,yellow
8265770,28,Philipp Muntwiler,FC Vaduz,yellow
8265770,70,Albion Avdijaj,FC Vaduz,yellow
8265770,28,Nzuzi Toko,FC St. Gallen,yellow
8265770,33,Kofi Schulz,FC St. Gallen,yellow
8265770,42,Marco Aratore,FC St. Gallen,yellow
8265770,70,Karim Haggui,FC St. Gallen,yellow
8265770,89,Alain Wiss,FC St. Gallen,yellow
8265771,75,Thorsten Schick,BSC Young Boys,yellow
8265771,78,Guillaume Hoarau,BSC Young Boys,yellow
8265771,88,Denis Zakaria,BSC Young Boys,yellow
8265771,90,Sékou Sanogo,BSC Young Boys,yellow
8265771,63,Gregory Karlen,FC Sion,yellow
8265771,90,Léo Itaperuna,FC Sion,yellow
8265776,30,Nicolas Schindelholz,FC Thun,yellow
8265776,34,Mickaël Facchinetti,FC Thun,yellow
8265776,57,Simone Rapp,FC Thun,yellow
8265776,73,Taulant Xhaka,FC Basel,yellow
8265776,74,Mohamed Elyounoussi,FC Basel,yellow
8265776,90,Tomáš Vaclík,FC Basel,yellow
8265772,62,Vladimir Golemić,FC Lugano,yellow
8265772,69,Marco Padalino,FC Lugano,yellow
8265772,16,Nedim Bajrami,Grasshopper Club Zürich,yellow
8265774,27,Adão,FC Sion,yellow
8265774,41,Moussa Konaté,FC Sion,yellow
8265774,32,Diego Ciccone,FC Vaduz,yellow
8265774,43,Philipp Muntwiler,FC Vaduz,yellow
8265774,69,Simone Grippo,FC Vaduz,yellow
8265775,17,Tranquillo Barnetta,FC St. Gallen,yellow
8265775,69,Roy Gelmi,FC St. Gallen,yellow
8265775,26,Andrea Maccoppi,FC Lausanne-Sport,yellow
8265775,73,Elton Monteiro,FC Lausanne-Sport,yellow-red
8265773,68,Claudio Lustenberger,FC Luzern,yellow
8265773,82,Markus Neumayr,FC Luzern,yellow
8265773,28,Sékou Sanogo,BSC Young Boys,yellow
8265773,45,Kasim Nuhu,BSC Young Boys,yellow
8265773,65,Jan Lecjaks,BSC Young Boys,yellow
8265773,83,Kevin Mbabu,BSC Young Boys,yellow
8265779,90,Claudio Lustenberger,FC Luzern,yellow
8265779,14,Matteo Tosetti,FC Thun,yellow
8265779,76,Simone Rapp,FC Thun,yellow
8265781,41,Kasim Nuhu,BSC Young Boys,yellow
8265781,72,Yoric Ravet,BSC Young Boys,yellow
8265781,90,Scott Sutter,BSC Young Boys,yellow
8265781,11,Tranquillo Barnetta,FC St. Gallen,yellow
8265781,55,Karim Haggui,FC St. Gallen,yellow
8265781,90,Sejad Salihović,FC St. Gallen,yellow
8265777,12,Nicolas Gétaz,FC Lausanne-Sport,yellow
8265780,13,Moreno Costanzo,FC Vaduz,yellow
8265778,17,Munas Dabbur,Grasshopper Club Zürich,yellow
8265778,25,Adão,FC Sion,yellow
8265778,41,Reto Ziegler,FC Sion,yellow
8265786,86,Simone Grippo,FC Vaduz,yellow
8265786,88,Stjepan Kukuruzović,FC Vaduz,yellow
8265783,35,Mergim Brahimi,Grasshopper Club Zürich,yellow
8265783,56,Numa Lavanchy,Grasshopper Club Zürich,yellow
8265783,70,Ridge Munsy,Grasshopper Club Zürich,yellow
8265783,75,Caio,Grasshopper Club Zürich,yellow
8265783,43,Denis Zakaria,BSC Young Boys,yellow
8265783,56,Roger Assalé,BSC Young Boys,yellow
8265783,64,Steve von Bergen,BSC Young Boys,yellow
8265783,90,Guillaume Hoarau,BSC Young Boys,yellow
8265782,67,Renato Steffen,FC Basel,yellow
8265782,19,Simon Grether,FC Luzern,yellow
8265782,75,Markus Neumayr,FC Luzern,yellow
8265782,77,Cedric Itten,FC Luzern,yellow
8265784,14,Nicolas Gétaz,FC Lausanne-Sport,yellow
8265784,68,Andrea Maccoppi,FC Lausanne-Sport,yellow
8265784,10,Vero Salatic,FC Sion,yellow
8265784,49,Nicolas Lüchinger,FC Sion,yellow
8265784,57,Elsad Zverotić,FC Sion,red
8265785,17,Fulvio Sulmoni,FC Lugano,yellow
8265785,24,Jonathan Sabbatini,FC Lugano,yellow
8265785,40,Steve Rouiller,FC Lugano,yellow
8265787,69,Jonathan Sabbatini,FC Lugano,yellow
8265791,34,Kevin Mbabu,BSC Young Boys,yellow
8265791,71,Leonardo Bertone,BSC Young Boys,yellow
8265791,30,Simone Rapp,FC Thun,yellow
8265791,45,Matteo Tosetti,FC Thun,yellow
8265791,47,Mickaël Facchinetti,FC Thun,yellow
8265791,66,Stefan Glarner,FC Thun,yellow
8265789,82,Vero Salatic,FC Sion,yellow
8265789,85,Reto Ziegler,FC Sion,yellow
8265789,24,Tranquillo Barnetta,FC St. Gallen,yellow
8265789,43,Karim Haggui,FC St. Gallen,yellow
8265790,59,Philipp Muntwiler,FC Vaduz,yellow
8265790,83,Mario Bühler,FC Vaduz,yellow
8265790,90,Seydou Doumbia,FC Basel,yellow
8265788,57,Claudio Lustenberger,FC Luzern,yellow
8265788,23,Rúnar Sigurjónsson,Grasshopper Club Zürich,yellow
8265788,28,Emil Bergström,Grasshopper Club Zürich,yellow
8265788,57,Milan Vilotić,Grasshopper Club Zürich,yellow
8265788,76,Munas Dabbur,Grasshopper Club Zürich,yellow
8265792,69,Milan Vilotić,Grasshopper Club Zürich,yellow
8265792,90,Munas Dabbur,Grasshopper Club Zürich,yellow
8265792,90,Ridge Munsy,Grasshopper Club Zürich,yellow
8265792,9,Maurice Brunner,FC Vaduz,yellow
8265792,41,Moreno Costanzo,FC Vaduz,yellow
8265792,50,Diego Ciccone,FC Vaduz,yellow
8265792,54,Mario Bühler,FC Vaduz,yellow
8265795,71,Hekuran Kryeziu,FC Luzern,yellow
8265795,78,Filip Ugrinić,FC Luzern,yellow
8265795,90,Christian Schneuwly,FC Luzern,yellow
8265793,27,Olivier Custodio,FC Lausanne-Sport,yellow
8265793,35,Marcus Diniz,FC Lausanne-Sport,yellow
8265793,90,Jérémy Manière,FC Lausanne-Sport,yellow
8265793,57,Jan Lecjaks,BSC Young Boys,yellow
8265796,80,Sandro Lauper,FC Thun,yellow
8265796,32,Ezgjan Alioski,FC Lugano,yellow
8265796,49,Carlinhos,FC Lugano,yellow
8265796,68,Dragan Mihajlović,FC Lugano,yellow
8265794,60,Moussa Konaté,FC Sion,yellow
8265794,47,Adama Traoré,FC Basel,yellow
8265799,35,Marco Schneuwly,FC Luzern,yellow
8265799,53,Tomi Jurić,FC Luzern,yellow
8265797,89,Taulant Xhaka,FC Basel,yellow
8265797,27,Munas Dabbur,Grasshopper Club Zürich,yellow
8265797,57,Numa Lavanchy,Grasshopper Club Zürich,yellow
8265797,88,Patrick Olsen,Grasshopper Club Zürich,red
8265798,3,Vladimir Golemić,FC Lugano,yellow
8265798,25,Ezgjan Alioski,FC Lugano,yellow
8265798,38,Marco Padalino,FC Lugano,yellow
8265798,69,Antoine Rey,FC Lugano,yellow
8265798,18,Kevin Mbabu,BSC Young Boys,yellow
8265798,59,Thorsten Schick,BSC Young Boys,yellow
8265798,79,Kasim Nuhu,BSC Young Boys,yellow
8265800,20,Dennis Hediger,FC Thun,yellow
8265800,27,Marco Bürki,FC Thun,yellow
8265800,19,Albian Ajeti,FC St. Gallen,yellow
8265800,90,Sejad Salihović,FC St. Gallen,yellow
8265801,19,Maurice Brunner,FC Vaduz,red
8265801,54,Moreno Costanzo,FC Vaduz,yellow
8265801,90,Dejan Janjatovic,FC Vaduz,yellow
8265801,90,Mario Bühler,FC Vaduz,yellow
8265801,13,Elton Monteiro,FC Lausanne-Sport,yellow
8265801,16,Alexandre Pasche,FC Lausanne-Sport,yellow
8265801,31,Samuele Campo,FC Lausanne-Sport,yellow
8265801,57,Jordan Lotomba,FC Lausanne-Sport,yellow
8265801,88,Xavier Tomas,FC Lausanne-Sport,yellow
8265801,90,Kevin Méndez,FC Lausanne-Sport,yellow
8265804,41,Vero Salatic,FC Sion,yellow
8265804,90,Gregory Karlen,FC Sion,yellow
8265804,26,Dennis Hediger,FC Thun,yellow-red
8265804,50,Stefan Glarner,FC Thun,yellow
8265804,84,Nicolas Bürgy,FC Thun,yellow
8265804,90,Thomas Reinmann,FC Thun,yellow
8265805,59,Tranquillo Barnetta,FC St. Gallen,yellow
8265805,28,Renato Steffen,FC Basel,yellow
8265805,41,Blas Riveros,FC Basel,yellow
8265805,72,Luca Zuffi,FC Basel,yellow
8265803,5,François Affolter,FC Luzern,yellow
8265803,46,Ricardo Costa,FC Luzern,yellow
8265803,55,Hekuran Kryeziu,FC Luzern,yellow
8265803,45,Ezgjan Alioski,FC Lugano,yellow
8265806,29,Leonardo Bertone,BSC Young Boys,yellow
8265806,33,Kevin Mbabu,BSC Young Boys,yellow
8265806,35,Sékou Sanogo,BSC Young Boys,yellow
8265806,72,Miralem Sulejmani,BSC Young Boys,yellow
8265806,2,Mario Bühler,FC Vaduz,yellow
8265806,56,Caleb Stanko,FC Vaduz,yellow
8265806,70,Nicolas Hasler,FC Vaduz,yellow
8265806,89,Franz Burgmeier,FC Vaduz,yellow
8265802,42,Nassim Ben Khalifa,FC Lausanne-Sport,yellow
8265802,65,Jérémy Manière,FC Lausanne-Sport,yellow
8265802,90,Marcus Diniz,FC Lausanne-Sport,yellow
8265802,38,Mergim Brahimi,Grasshopper Club Zürich,yellow
8265802,67,Lucas Andersen,Grasshopper Club Zürich,yellow
8265802,86,Ridge Munsy,Grasshopper Club Zürich,yellow
8265810,87,Nassim Ben Khalifa,FC Lausanne-Sport,yellow
8265808,20,Charles Pickel,Grasshopper Club Zürich,yellow
8265808,76,Lucas Andersen,Grasshopper Club Zürich,yellow
8265808,21,Albian Ajeti,FC St. Gallen,yellow
8265808,41,Mohamed Gouaida,FC St. Gallen,yellow
8265808,73,Roy Gelmi,FC St. Gallen,yellow
8265809,57,Davide Mariani,FC Lugano,yellow
8265809,24,Jérémy Taravel,FC Sion,yellow
8265809,29,Moussa Konaté,FC Sion,yellow
8265811,48,Thomas Konrad,FC Vaduz,yellow
8265811,79,Dejan Janjatovic,FC Vaduz,yellow
8265811,80,Maurice Brunner,FC Vaduz,yellow-red
8265811,87,Philipp Muntwiler,FC Vaduz,yellow
8265811,56,Tomi Jurić,FC Luzern,yellow
8265811,86,Ricardo Costa,FC Luzern,yellow
8265807,24,Taulant Xhaka,FC Basel,yellow
8265807,74,Blas Riveros,FC Basel,yellow
8265807,90,Manuel Akanji,FC Basel,yellow
8265807,51,Michael Frey,BSC Young Boys,yellow
8265807,74,Roger Assalé,BSC Young Boys,red
8265815,18,Nicolas Hasler,FC Vaduz,yellow
8265815,54,Simone Grippo,FC Vaduz,yellow
8265815,69,Thomas Konrad,FC Vaduz,yellow
8265815,13,Chadrac Akolo,FC Sion,yellow
8265812,85,Elton Monteiro,FC Lausanne-Sport,yellow
8265812,44,Renato Steffen,FC Basel,yellow
8265813,14,Davide Mariani,FC Lugano,yellow
8265813,60,Stefan Glarner,FC Thun,yellow
8265813,64,Marvin Spielmann,FC Thun,yellow
8265813,70,Sandro Lauper,FC Thun,yellow
8265813,83,Enrico Schirinzi,FC Thun,red
8265816,35,Yoric Ravet,BSC Young Boys,yellow
8265816,90,Steve von Bergen,BSC Young Boys,yellow
8265816,45,Milan Vilotić,Grasshopper Club Zürich,yellow
8265816,75,Patrick Olsen,Grasshopper Club Zürich,yellow
8265816,90,Munas Dabbur,Grasshopper Club Zürich,yellow
8265814,83,Christian Schneuwly,FC Luzern,yellow
8265814,31,Andreas Wittwer,FC St. Gallen,yellow
8265814,67,Mohamed Gouaida,FC St. Gallen,yellow
8265819,37,Milan Vilotić,Grasshopper Club Zürich,yellow
8265819,35,Ricardo Costa,FC Luzern,yellow
8265819,52,Hekuran Kryeziu,FC Luzern,yellow
8265819,63,Claudio Lustenberger,FC Luzern,yellow
8265818,39,Marek Suchý,FC Basel,yellow
8265818,63,Mohamed Elyounoussi,FC Basel,yellow
8265818,86,Marc Janko,FC Basel,yellow
8265818,60,Axel Borgmann,FC Vaduz,yellow
8265821,39,Karim Haggui,FC St. Gallen,yellow
8265821,49,Martin Angha,FC St. Gallen,yellow
8265821,85,Christian Fassnacht,FC Thun,yellow
8265822,26,Kevin Mbabu,BSC Young Boys,yellow
8265822,63,Michel Aebischer,BSC Young Boys,yellow
8265822,69,Steve von Bergen,BSC Young Boys,yellow
8265822,31,Jonathan Sabbatini,FC Lugano,yellow
8265820,17,Andrea Maccoppi,FC Lausanne-Sport,yellow
8265820,41,Marcus Diniz,FC Lausanne-Sport,yellow
8265820,70,Nassim Ben Khalifa,FC Lausanne-Sport,yellow
8265820,89,Alexandre Pasche,FC Lausanne-Sport,yellow
8265825,41,Ricardo Costa,FC Luzern,yellow
8265825,90,Nicolas Haas,FC Luzern,yellow
8265825,36,Adama Traoré,FC Basel,yellow
8265825,76,Marek Suchý,FC Basel,yellow
8265824,54,Yeltsin Tejeda,FC Lausanne-Sport,yellow
8265824,55,Maurice Brunner,FC Vaduz,yellow
8265824,90,Philipp Muntwiler,FC Vaduz,yellow
8265826,60,Nzuzi Toko,FC St. Gallen,yellow-red
8265826,66,Roy Gelmi,FC St. Gallen,yellow
8265826,90,Alain Wiss,FC St. Gallen,yellow
8265826,90,Gianluca Gaudino,FC St. Gallen,yellow
8265826,56,Alain Rochat,BSC Young Boys,yellow
8265827,29,Nicolas Bürgy,FC Thun,yellow
8265827,90,Sandro Lauper,FC Thun,yellow
8265827,50,Jérémy Taravel,FC Sion,yellow
8265827,90,Adão,FC Sion,yellow
8265823,23,Lucas Andersen,Grasshopper Club Zürich,yellow
8265823,60,Charles Pickel,Grasshopper Club Zürich,yellow
8265823,56,Vladimir Golemić,FC Lugano,yellow
8265823,89,Mirko Salvi,FC Lugano,yellow
8265831,84,Joël Geissmann,FC Thun,yellow
8265832,33,Benjamin Siegrist,FC Vaduz,yellow
8265832,33,Philipp Muntwiler,FC Vaduz,yellow
8265832,64,Thomas Konrad,FC Vaduz,yellow
8265832,57,Lucas Andersen,Grasshopper Club Zürich,yellow
8265832,82,Numa Lavanchy,Grasshopper Club Zürich,yellow
8265828,64,Alain Wiss,FC St. Gallen,yellow
8265828,69,Albian Ajeti,FC St. Gallen,yellow
8265828,89,Roy Gelmi,FC St. Gallen,yellow
8265828,90,Marco Aratore,FC St. Gallen,yellow
8265829,81,Armando Sadiku,FC Lugano,yellow-red
8265829,56,Luca Zuffi,FC Basel,yellow
8265829,68,Davide Callà,FC Basel,yellow
8265830,41,Jérémy Taravel,FC Sion,yellow
8265830,74,Vero Salatic,FC Sion,yellow
8265830,49,Denis Zakaria,BSC Young Boys,yellow
8265835,44,Jérémy Taravel,FC Sion,yellow-red
8265835,79,Nicolas Lüchinger,FC Sion,yellow
8265835,90,Bruno Morgado,FC Sion,yellow
8265835,34,Vladimir Golemić,FC Lugano,yellow
8265836,64,Mario Mutsch,FC St. Gallen,yellow
8265836,86,Marco Mathys,FC Vaduz,yellow
8265836,90,Philipp Muntwiler,FC Vaduz,yellow
8265833,20,Renato Steffen,FC Basel,yellow
8265833,45,Marc Janko,FC Basel,yellow
8265833,79,Serey Dié,FC Basel,yellow
8265833,86,Marek Suchý,FC Basel,yellow
8265833,68,Matteo Tosetti,FC Thun,yellow
8265833,86,Mickaël Facchinetti,FC Thun,yellow
8265834,79,Nemanja Antonov,Grasshopper Club Zürich,yellow
8265834,23,Alexandre Pasche,FC Lausanne-Sport,yellow
8265834,90,Gabriel Torres,FC Lausanne-Sport,yellow
8265837,23,Denis Zakaria,BSC Young Boys,yellow
8265837,45,Kevin Mbabu,BSC Young Boys,yellow
8265837,59,Loris Benito,BSC Young Boys,yellow
8265837,67,Ricardo Costa,FC Luzern,yellow
8265837,75,Claudio Lustenberger,FC Luzern,yellow-red
8265839,12,Eray Cümart,FC Lugano,yellow
8265839,64,Albian Ajeti,FC St. Gallen,yellow
8265839,74,Sejad Salihović,FC St. Gallen,yellow
8265840,83,Nicolas Haas,FC Luzern,yellow
8265840,58,Benjamin Kololli,FC Lausanne-Sport,yellow
8265842,70,Diego Ciccone,FC Vaduz,yellow
8265842,88,Simone Grippo,FC Vaduz,yellow
8265842,80,Michel Aebischer,BSC Young Boys,yellow
8265842,88,Yoric Ravet,BSC Young Boys,yellow
8265841,15,Marco Bürki,FC Thun,yellow
8265841,64,Milan Vilotić,Grasshopper Club Zürich,yellow
8265841,77,Munas Dabbur,Grasshopper Club Zürich,yellow
8265838,64,Moussa Konaté,FC Sion,yellow
8265838,72,Chadrac Akolo,FC Sion,yellow
8265838,73,Geoffrey Mujangi Bia,FC Sion,yellow
8265838,84,Quentin Maceiras,FC Sion,yellow
8265843,35,Andrea Maccoppi,FC Lausanne-Sport,yellow
8265843,42,Stefan Glarner,FC Thun,yellow
8265843,69,Matteo Tosetti,FC Thun,yellow
8265844,26,Ezgjan Alioski,FC Lugano,yellow
8265844,13,Simone Grippo,FC Vaduz,yellow
8265844,71,Thomas Konrad,FC Vaduz,yellow
8265844,85,Dejan Janjatovic,FC Vaduz,yellow
8265845,88,Reto Ziegler,FC Sion,yellow
8265845,62,Francisco Rodríguez,FC Luzern,yellow
8265845,67,Christian Schneuwly,FC Luzern,yellow
8265845,80,Stefan Knežević,FC Luzern,yellow
8265846,86,Gianluca Gaudino,FC St. Gallen,yellow-red
8265846,86,Munas Dabbur,Grasshopper Club Zürich,yellow-red
8265846,90,Patrick Olsen,Grasshopper Club Zürich,yellow
8265848,21,Rúnar Sigurjónsson,Grasshopper Club Zürich,yellow
8265848,63,Caio,Grasshopper Club Zürich,yellow
8265849,64,Andrea Maccoppi,FC Lausanne-Sport,yellow
8265849,30,Steve Rouiller,FC Lugano,yellow
8265849,69,Carlinhos,FC Lugano,yellow
8265850,90,Caleb Stanko,FC Vaduz,yellow
8265851,90,Tranquillo Barnetta,FC St. Gallen,yellow
8265851,90,Boris Babic,FC St. Gallen,yellow
8265851,78,Carlitos,FC Sion,yellow
8265851,83,Anton Mitryushkin,FC Sion,yellow
8265852,53,Matteo Tosetti,FC Thun,yellow
8265852,79,Enrico Schirinzi,FC Thun,red
8265852,36,Thorsten Schick,BSC Young Boys,yellow
8265852,59,Michel Aebischer,BSC Young Boys,yellow
8265852,90,Jan Lecjaks,BSC Young Boys,yellow
8265854,65,Jonathan Sabbatini,FC Lugano,yellow
8265854,82,Vladimir Golemić,FC Lugano,yellow
8265854,39,Hekuran Kryeziu,FC Luzern,yellow
8265854,89,Jonas Omlin,FC Luzern,yellow
8265855,86,Daniel Follonier,FC Sion,yellow
8265855,90,Nicolas Lüchinger,FC Sion,yellow
8265855,90,Moussa Konaté,FC Sion,yellow
8265855,35,Valon Fazliu,Grasshopper Club Zürich,yellow
8265855,56,Emil Bergström,Grasshopper Club Zürich,yellow
8265855,90,Charles Pickel,Grasshopper Club Zürich,yellow
8265855,90,Vaso Vasić,Grasshopper Club Zürich,yellow
8265856,87,Thomas Konrad,FC Vaduz,yellow
