GameID,Minute,Scorer,Team
8265677,85,Assan Ceesay,FC Lugano
8265677,31,Markus Neumayr,FC Luzern
8265677,84,Marco Schneuwly,FC Luzern
8265678,55,Leonardo Bertone,BSC Young Boys
8265678,83,Yūya Kubo,BSC Young Boys
8265679,24,Caio,Grasshopper Club Zürich
8265679,64,Caio,Grasshopper Club Zürich
8265680,2,Simone Rapp,FC Thun
8265680,90,Ali Messaoud,FC Vaduz
8265681,37,Matías Delgado,FC Basel
8265681,44,Seydou Doumbia,FC Basel
8265681,47,Matías Delgado,FC Basel
8265682,32,Geoffrey Mujangi Bia,FC Sion
8265682,83,Vincent Sierro,FC Sion
8265682,76,Danijel Aleksić,FC St. Gallen
8265683,9,Guillaume Hoarau,BSC Young Boys
8265683,83,Steve von Bergen,BSC Young Boys
8265683,55,Ezgjan Alioski,FC Lugano
8265684,2,Francesco Margiotta,FC Lausanne-Sport
8265684,43,Kwang-Ryong Pak,FC Lausanne-Sport
8265684,80,Gabriel Torres,FC Lausanne-Sport
8265684,90,Marcus Diniz,FC Lausanne-Sport
8265684,12,Simone Rapp,FC Thun
8265684,30,Joël Geissmann,FC Thun
8265684,83,Enrico Schirinzi,FC Thun
8265684,90,Norman Peyretti,FC Thun
8265685,31,Simone Grippo,FC Vaduz
8265685,4,Marc Janko,FC Basel
8265685,19,Matías Delgado,FC Basel
8265685,42,Mohamed Elyounoussi,FC Basel
8265685,89,Renato Steffen,FC Basel
8265685,90,Seydou Doumbia,FC Basel
8265686,34,Tomi Jurić,FC Luzern
8265686,45,Jahmir Hyka,FC Luzern
8265686,58,Tomislav Puljić,FC Luzern
8265686,79,Tomi Jurić,FC Luzern
8265686,50,Lucas Andersen,Grasshopper Club Zürich
8265686,52,Caio,Grasshopper Club Zürich
8265686,87,Caio,Grasshopper Club Zürich
8265687,7,Michael Frey,BSC Young Boys
8265687,81,Guillaume Hoarau,BSC Young Boys
8265687,88,Guillaume Hoarau,BSC Young Boys
8265687,28,Christian Fassnacht,FC Thun
8265687,53,Sandro Lauper,FC Thun
8265688,70,Reto Ziegler,FC Sion
8265688,17,Francesco Margiotta,FC Lausanne-Sport
8265688,73,Gabriel Torres,FC Lausanne-Sport
8265688,87,Xavier Margairaz,FC Lausanne-Sport
8265689,69,Fulvio Sulmoni,FC Lugano
8265689,75,Philipp Muntwiler,FC Vaduz
8265690,18,Jahmir Hyka,FC Luzern
8265690,30,Jahmir Hyka,FC Luzern
8265690,4,Marek Suchý,FC Basel
8265690,70,Marc Janko,FC Basel
8265690,79,Marc Janko,FC Basel
8265691,45,Roman Buess,FC St. Gallen
8265691,49,Yannis Tafer,FC St. Gallen
8265691,87,Caio,Grasshopper Club Zürich
8265692,23,Ezgjan Alioski,FC Lugano
8265692,43,Jonathan Sabbatini,FC Lugano
8265692,67,Ezgjan Alioski,FC Lugano
8265692,58,Reto Ziegler,FC Sion
8265693,71,Stjepan Kukuruzović,FC Vaduz
8265693,22,Marco Schneuwly,FC Luzern
8265693,26,Marco Schneuwly,FC Luzern
8265693,78,Cedric Itten,FC Luzern
8265694,55,Luca Zuffi,FC Basel
8265694,59,Birkir Bjarnason,FC Basel
8265694,71,Milan Vilotić,BSC Young Boys
8265695,49,Xavier Margairaz,FC Lausanne-Sport
8265696,45,Nicolas Schindelholz,FC Thun
8265696,88,Christian Fassnacht,FC Thun
8265696,43,Ridge Munsy,Grasshopper Club Zürich
8265697,2,Guillaume Hoarau,BSC Young Boys
8265697,29,Yoric Ravet,BSC Young Boys
8265697,36,Thorsten Schick,BSC Young Boys
8265697,48,Scott Sutter,BSC Young Boys
8265697,59,Jan Lecjaks,BSC Young Boys
8265697,68,Yūya Kubo,BSC Young Boys
8265697,90,Michael Frey,BSC Young Boys
8265697,39,Samuele Campo,FC Lausanne-Sport
8265697,75,Kwang-Ryong Pak,FC Lausanne-Sport
8265698,45,Marek Suchý,FC Basel
8265698,48,Renato Steffen,FC Basel
8265698,53,Seydou Doumbia,FC Basel
8265698,60,Michael Lang,FC Basel
8265698,66,Valerio Rosseti,FC Lugano
8265699,84,Haris Tabakovic,Grasshopper Club Zürich
8265699,87,Caio,Grasshopper Club Zürich
8265699,16,Geoffrey Mujangi Bia,FC Sion
8265700,29,Markus Neumayr,FC Luzern
8265700,52,Marco Schneuwly,FC Luzern
8265700,87,João Oliveira,FC Luzern
8265701,8,Moreno Costanzo,FC Vaduz
8265701,86,Philipp Muntwiler,FC Vaduz
8265702,64,Ezgjan Alioski,FC Lugano
8265702,56,Samuele Campo,FC Lausanne-Sport
8265703,7,Theofanis Gekas,FC Sion
8265703,48,Carlitos,FC Sion
8265703,90,Léo Itaperuna,FC Sion
8265703,82,Maurice Brunner,FC Vaduz
8265704,39,Ridge Munsy,Grasshopper Club Zürich
8265704,74,Numa Lavanchy,Grasshopper Club Zürich
8265704,86,Rúnar Sigurjónsson,Grasshopper Club Zürich
8265704,90,Caio,Grasshopper Club Zürich
8265704,58,Michael Frey,BSC Young Boys
8265705,63,Roman Buess,FC St. Gallen
8265705,72,Marco Aratore,FC St. Gallen
8265705,90,Seifedin Chabbi,FC St. Gallen
8265706,4,Michael Lang,FC Basel
8265706,13,Marc Janko,FC Basel
8265706,19,Luca Zuffi,FC Basel
8265707,29,Birkir Bjarnason,FC Basel
8265707,31,Seydou Doumbia,FC Basel
8265707,86,Seydou Doumbia,FC Basel
8265707,45,Rúnar Sigurjónsson,Grasshopper Club Zürich
8265708,18,Miralem Sulejmani,BSC Young Boys
8265708,43,Miralem Sulejmani,BSC Young Boys
8265708,90,Marco Schneuwly,FC Luzern
8265709,1,Benjamin Kololli,FC Lausanne-Sport
8265709,9,Olivier Custodio,FC Lausanne-Sport
8265709,37,Samuele Campo,FC Lausanne-Sport
8265709,49,Kwang-Ryong Pak,FC Lausanne-Sport
8265709,90,Benjamin Kololli,FC Lausanne-Sport
8265710,38,Reto Ziegler,FC Sion
8265711,6,Ezgjan Alioski,FC Lugano
8265711,56,Rodrigo Aguirre,FC Lugano
8265712,50,Joël Geissmann,FC Thun
8265712,49,Albert Bunjaku,FC St. Gallen
8265712,83,Albian Ajeti,FC St. Gallen
8265713,76,Marco Schneuwly,FC Luzern
8265713,16,Reto Ziegler,FC Sion
8265713,86,Nicolas Lüchinger,FC Sion
8265713,90,Chadrac Akolo,FC Sion
8265715,36,Francesco Margiotta,FC Lausanne-Sport
8265715,67,Birkir Bjarnason,FC Basel
8265715,90,Éder Balanta,FC Basel
8265716,31,Valerio Rosseti,FC Lugano
8265716,67,Ezgjan Alioski,FC Lugano
8265717,8,Marco Schneuwly,FC Luzern
8265717,24,Francesco Margiotta,FC Lausanne-Sport
8265717,58,Gabriel Torres,FC Lausanne-Sport
8265717,73,Francesco Margiotta,FC Lausanne-Sport
8265718,14,Marco Aratore,FC St. Gallen
8265718,75,Roy Gelmi,FC St. Gallen
8265718,25,Matías Delgado,FC Basel
8265718,90,Seydou Doumbia,FC Basel
8265719,23,Rúnar Sigurjónsson,Grasshopper Club Zürich
8265719,51,Rúnar Sigurjónsson,Grasshopper Club Zürich
8265719,69,Stjepan Kukuruzović,FC Vaduz
8265720,55,Dennis Hediger,FC Thun
8265720,66,Christian Fassnacht,FC Thun
8265720,58,Jonathan Sabbatini,FC Lugano
8265720,63,Ezgjan Alioski,FC Lugano
8265726,19,Franz Burgmeier,FC Vaduz
8265726,30,Moreno Costanzo,FC Vaduz
8265726,24,Moussa Konaté,FC Sion
8265726,36,Chadrac Akolo,FC Sion
8265726,75,Freddy Mveng,FC Sion
8265726,81,Ebenezer Assifuah,FC Sion
8265726,88,Ebenezer Assifuah,FC Sion
8265722,90,Davide Callà,FC Basel
8265722,35,Matteo Tosetti,FC Thun
8265724,25,Marcus Diniz,FC Lausanne-Sport
8265724,35,Musa Araz,FC Lausanne-Sport
8265724,38,Olivier Custodio,FC Lausanne-Sport
8265724,70,Francesco Margiotta,FC Lausanne-Sport
8265724,90,Mario Piccinocchi,FC Lugano
8265725,11,Leonardo Bertone,BSC Young Boys
8265725,90,Kwadwo Duah,BSC Young Boys
8265725,3,Roman Buess,FC St. Gallen
8265725,90,Albert Bunjaku,FC St. Gallen
8265723,12,Ridge Munsy,Grasshopper Club Zürich
8265723,36,Rúnar Sigurjónsson,Grasshopper Club Zürich
8265723,57,Nicolas Hunziker,Grasshopper Club Zürich
8265723,17,Francisco Rodríguez,FC Luzern
8265723,73,Markus Neumayr,FC Luzern
8265731,73,Christian Fassnacht,FC Thun
8265727,25,Seydou Doumbia,FC Basel
8265727,55,Michael Lang,FC Basel
8265727,89,Mohamed Elyounoussi,FC Basel
8265729,27,Chadrac Akolo,FC Sion
8265729,29,Chadrac Akolo,FC Sion
8265729,35,Reto Ziegler,FC Sion
8265729,90,Reto Ziegler,FC Sion
8265729,69,Marko Bašić,Grasshopper Club Zürich
8265729,80,Ridge Munsy,Grasshopper Club Zürich
8265730,4,Moreno Costanzo,FC Vaduz
8265730,57,Franz Burgmeier,FC Vaduz
8265735,71,Franz Burgmeier,FC Vaduz
8265735,88,Maurice Brunner,FC Vaduz
8265735,17,Dejan Sorgić,FC Thun
8265735,61,Dejan Sorgić,FC Thun
8265735,86,Joël Geissmann,FC Thun
8265733,63,Davide Mariani,FC Lugano
8265733,75,Ezgjan Alioski,FC Lugano
8265733,51,Matías Delgado,FC Basel
8265733,88,Davide Callà,FC Basel
8265736,6,Yoric Ravet,BSC Young Boys
8265736,21,Yūya Kubo,BSC Young Boys
8265736,59,Denis Zakaria,BSC Young Boys
8265736,65,Michael Frey,BSC Young Boys
8265732,8,Reto Ziegler,FC Sion
8265732,52,Reto Ziegler,FC Sion
8265734,9,Tomi Jurić,FC Luzern
8265734,57,Tomislav Puljić,FC Luzern
8265734,68,Christian Schneuwly,FC Luzern
8265739,1,Theofanis Gekas,FC Sion
8265739,34,Chadrac Akolo,FC Sion
8265739,38,Theofanis Gekas,FC Sion
8265739,58,Gregory Karlen,FC Sion
8265739,90,Vero Salatic,FC Sion
8265739,45,Valerio Rosseti,FC Lugano
8265737,17,Matías Delgado,FC Basel
8265737,22,Matías Delgado,FC Basel
8265738,6,Jordan Lotomba,FC Lausanne-Sport
8265738,61,Kwang-Ryong Pak,FC Lausanne-Sport
8265738,73,Marco Schneuwly,FC Luzern
8265738,79,Marco Schneuwly,FC Luzern
8265738,90,Markus Neumayr,FC Luzern
8265741,30,Guillaume Hoarau,BSC Young Boys
8265741,60,Yūya Kubo,BSC Young Boys
8265741,65,Guillaume Hoarau,BSC Young Boys
8265741,78,Leonardo Bertone,BSC Young Boys
8265741,90,Michael Frey,BSC Young Boys
8265745,72,Marco Bürki,FC Thun
8265745,84,Dejan Sorgić,FC Thun
8265745,14,Moussa Konaté,FC Sion
8265745,31,Moussa Konaté,FC Sion
8265745,78,Vincent Sierro,FC Sion
8265742,90,Marek Suchý,FC Basel
8265742,90,Marc Janko,FC Basel
8265742,42,Francesco Margiotta,FC Lausanne-Sport
8265743,8,Ezgjan Alioski,FC Lugano
8265743,66,Davide Mariani,FC Lugano
8265743,43,Albian Ajeti,FC St. Gallen
8265743,58,Albert Bunjaku,FC St. Gallen
8265743,76,Marco Aratore,FC St. Gallen
8265744,32,Nicolas Haas,FC Luzern
8265744,47,Nicolas Haas,FC Luzern
8265744,90,Marco Schneuwly,FC Luzern
8265744,86,Yūya Kubo,BSC Young Boys
8265748,25,Caio,Grasshopper Club Zürich
8265748,57,Christian Fassnacht,FC Thun
8265747,10,Seydou Doumbia,FC Basel
8265747,19,Mohamed Elyounoussi,FC Basel
8265747,51,Seydou Doumbia,FC Basel
8265747,74,Michael Lang,FC Basel
8265747,77,Birkir Bjarnason,FC Basel
8265747,90,Davide Callà,FC Basel
8265750,57,Roman Buess,FC St. Gallen
8265750,85,Yannis Tafer,FC St. Gallen
8265751,9,Miralem Sulejmani,BSC Young Boys
8265751,52,Guillaume Hoarau,BSC Young Boys
8265751,60,Thorsten Schick,BSC Young Boys
8265751,71,Guillaume Hoarau,BSC Young Boys
8265751,15,Moussa Konaté,FC Sion
8265751,25,Moussa Konaté,FC Sion
8265751,53,Chadrac Akolo,FC Sion
8265749,6,Ricardo Costa,FC Luzern
8265749,90,Tomislav Puljić,FC Luzern
8265749,54,Valerio Rosseti,FC Lugano
8265755,63,Nicolas Schindelholz,FC Thun
8265755,61,Tomislav Puljić,FC Luzern
8265755,68,Francisco Rodríguez,FC Luzern
8265752,26,Lucas Andersen,Grasshopper Club Zürich
8265752,73,Caio,Grasshopper Club Zürich
8265752,29,Albian Ajeti,FC St. Gallen
8265752,75,Andreas Wittwer,FC St. Gallen
8265753,87,Nassim Ben Khalifa,FC Lausanne-Sport
8265753,55,Guillaume Hoarau,BSC Young Boys
8265753,88,Guillaume Hoarau,BSC Young Boys
8265756,47,Stjepan Kukuruzović,FC Vaduz
8265756,62,Marco Mathys,FC Vaduz
8265756,75,Marco Mathys,FC Vaduz
8265756,88,Nicolas Hasler,FC Vaduz
8265756,90,Marco Mathys,FC Vaduz
8265756,73,Davide Mariani,FC Lugano
8265754,71,Gregory Karlen,FC Sion
8265754,34,Matías Delgado,FC Basel
8265754,77,Marc Janko,FC Basel
8265759,41,Christian Schneuwly,FC Luzern
8265759,51,Jahmir Hyka,FC Luzern
8265759,58,Jahmir Hyka,FC Luzern
8265761,6,Guillaume Hoarau,BSC Young Boys
8265761,51,Guillaume Hoarau,BSC Young Boys
8265761,79,Kevin Mbabu,BSC Young Boys
8265761,65,Matías Delgado,FC Basel
8265757,68,Francesco Margiotta,FC Lausanne-Sport
8265757,6,Rúnar Sigurjónsson,Grasshopper Club Zürich
8265757,32,Numa Lavanchy,Grasshopper Club Zürich
8265758,90,Davide Mariani,FC Lugano
8265758,90,Norman Peyretti,FC Thun
8265760,63,Albian Ajeti,FC St. Gallen
8265760,90,Albian Ajeti,FC St. Gallen
8265760,45,Elsad Zverotić,FC Sion
8265766,90,Moreno Costanzo,FC Vaduz
8265766,67,Nassim Ben Khalifa,FC Lausanne-Sport
8265762,48,Marc Janko,FC Basel
8265764,27,Chadrac Akolo,FC Sion
8265764,56,Carlitos,FC Sion
8265764,66,Chadrac Akolo,FC Sion
8265764,76,Jahmir Hyka,FC Luzern
8265765,33,Matteo Tosetti,FC Thun
8265765,58,Dejan Sorgić,FC Thun
8265765,37,Guillaume Hoarau,BSC Young Boys
8265765,60,Sékou Sanogo,BSC Young Boys
8265765,74,Michael Frey,BSC Young Boys
8265768,37,Dejan Sorgić,FC Thun
8265767,2,Mohamed Elyounoussi,FC Basel
8265767,23,Mohamed Elyounoussi,FC Basel
8265767,36,Mohamed Elyounoussi,FC Basel
8265767,85,Marc Janko,FC Basel
8265769,19,Nassim Ben Khalifa,FC Lausanne-Sport
8265769,33,Benjamin Kololli,FC Lausanne-Sport
8265769,78,Nassim Ben Khalifa,FC Lausanne-Sport
8265769,90,Nassim Ben Khalifa,FC Lausanne-Sport
8265769,17,François Affolter,FC Luzern
8265769,50,Marco Schneuwly,FC Luzern
8265769,60,Markus Neumayr,FC Luzern
8265769,67,Cedric Itten,FC Luzern
8265770,82,Moreno Costanzo,FC Vaduz
8265770,40,Albian Ajeti,FC St. Gallen
8265771,33,Alain Rochat,BSC Young Boys
8265771,40,Guillaume Hoarau,BSC Young Boys
8265771,50,Thorsten Schick,BSC Young Boys
8265771,66,Chadrac Akolo,FC Sion
8265776,79,Nicolas Schindelholz,FC Thun
8265776,90,Seydou Doumbia,FC Basel
8265772,11,Jonathan Sabbatini,FC Lugano
8265772,18,Carlinhos,FC Lugano
8265772,71,Armando Sadiku,FC Lugano
8265774,58,Chadrac Akolo,FC Sion
8265774,59,Chadrac Akolo,FC Sion
8265774,70,Geoffrey Mujangi Bia,FC Sion
8265774,78,Geoffrey Mujangi Bia,FC Sion
8265774,34,Moreno Costanzo,FC Vaduz
8265774,65,Albion Avdijaj,FC Vaduz
8265775,53,Karim Haggui,FC St. Gallen
8265775,70,Albian Ajeti,FC St. Gallen
8265775,57,Benjamin Kololli,FC Lausanne-Sport
8265773,24,João Oliveira,FC Luzern
8265773,31,Hekuran Kryeziu,FC Luzern
8265773,32,Francisco Rodríguez,FC Luzern
8265773,71,Markus Neumayr,FC Luzern
8265773,12,Yoric Ravet,BSC Young Boys
8265779,55,Francisco Rodríguez,FC Luzern
8265779,39,Dejan Sorgić,FC Thun
8265781,11,Guillaume Hoarau,BSC Young Boys
8265781,77,Roger Assalé,BSC Young Boys
8265781,59,Albian Ajeti,FC St. Gallen
8265781,63,Roman Buess,FC St. Gallen
8265777,11,Seydou Doumbia,FC Basel
8265777,72,Seydou Doumbia,FC Basel
8265777,74,Manuel Akanji,FC Basel
8265777,84,Marc Janko,FC Basel
8265777,9,Benjamin Kololli,FC Lausanne-Sport
8265777,39,Samuele Campo,FC Lausanne-Sport
8265777,68,Benjamin Kololli,FC Lausanne-Sport
8265780,35,Simone Grippo,FC Vaduz
8265780,65,Armando Sadiku,FC Lugano
8265778,31,Geoffrey Mujangi Bia,FC Sion
8265786,1,Christian Fassnacht,FC Thun
8265786,16,Dejan Sorgić,FC Thun
8265786,73,Nelson Ferreira,FC Thun
8265786,81,Sandro Lauper,FC Thun
8265786,29,Maurice Brunner,FC Vaduz
8265786,54,Dejan Janjatovic,FC Vaduz
8265786,72,Dejan Janjatovic,FC Vaduz
8265783,32,Munas Dabbur,Grasshopper Club Zürich
8265783,22,Roger Assalé,BSC Young Boys
8265783,28,Roger Assalé,BSC Young Boys
8265783,41,Guillaume Hoarau,BSC Young Boys
8265783,90,Yvon Mvogo,BSC Young Boys
8265782,19,Marek Suchý,FC Basel
8265782,81,Marc Janko,FC Basel
8265782,34,Lucão,FC Luzern
8265782,36,François Affolter,FC Luzern
8265784,43,Chadrac Akolo,FC Sion
8265785,65,Armando Sadiku,FC Lugano
8265787,6,Armando Sadiku,FC Lugano
8265787,56,Ezgjan Alioski,FC Lugano
8265787,32,Samuele Campo,FC Lausanne-Sport
8265791,38,Miralem Sulejmani,BSC Young Boys
8265791,80,Sékou Sanogo,BSC Young Boys
8265791,7,Christian Fassnacht,FC Thun
8265791,10,Dejan Sorgić,FC Thun
8265791,57,Marco Bürki,FC Thun
8265789,80,Paulo Ricardo,FC Sion
8265789,26,Yannis Tafer,FC St. Gallen
8265789,53,Yannis Tafer,FC St. Gallen
8265790,31,Albion Avdijaj,FC Vaduz
8265790,27,Luca Zuffi,FC Basel
8265788,73,Pascal Schürpf,FC Luzern
8265788,8,Rúnar Sigurjónsson,Grasshopper Club Zürich
8265792,82,Emil Bergström,Grasshopper Club Zürich
8265792,44,Simone Grippo,FC Vaduz
8265792,75,Gonzalo Zárate,FC Vaduz
8265795,63,Yannis Tafer,FC St. Gallen
8265795,51,Tomi Jurić,FC Luzern
8265796,6,Christian Fassnacht,FC Thun
8265796,25,Simone Rapp,FC Thun
8265796,29,Christian Fassnacht,FC Thun
8265796,45,Simone Rapp,FC Thun
8265796,65,Dejan Sorgić,FC Thun
8265796,87,Carlinhos,FC Lugano
8265796,88,Armando Sadiku,FC Lugano
8265794,55,Michael Lang,FC Basel
8265797,6,Luca Zuffi,FC Basel
8265798,72,Miralem Sulejmani,BSC Young Boys
8265798,74,Guillaume Hoarau,BSC Young Boys
8265800,23,Enrico Schirinzi,FC Thun
8265800,86,Dennis Hediger,FC Thun
8265800,28,Albian Ajeti,FC St. Gallen
8265800,51,Marco Aratore,FC St. Gallen
8265801,75,Gabriel Torres,FC Lausanne-Sport
8265804,54,Carlitos,FC Sion
8265804,67,Chadrac Akolo,FC Sion
8265804,69,Simone Rapp,FC Thun
8265805,7,Manuel Akanji,FC Basel
8265805,20,Marc Janko,FC Basel
8265805,55,Manuel Akanji,FC Basel
8265803,32,Ofir Mizrahi,FC Lugano
8265803,81,Carlinhos,FC Lugano
8265806,3,Guillaume Hoarau,BSC Young Boys
8265806,90,Michael Frey,BSC Young Boys
8265806,90,Roger Assalé,BSC Young Boys
8265806,8,Gonzalo Zárate,FC Vaduz
8265806,65,Philipp Muntwiler,FC Vaduz
8265810,13,Dejan Sorgić,FC Thun
8265810,69,Enrico Schirinzi,FC Thun
8265810,38,Nassim Ben Khalifa,FC Lausanne-Sport
8265810,48,Benjamin Kololli,FC Lausanne-Sport
8265810,81,Nassim Ben Khalifa,FC Lausanne-Sport
8265810,90,Nassim Ben Khalifa,FC Lausanne-Sport
8265808,35,Munas Dabbur,Grasshopper Club Zürich
8265808,69,Munas Dabbur,Grasshopper Club Zürich
8265808,74,Caio,Grasshopper Club Zürich
8265808,45,Andreas Wittwer,FC St. Gallen
8265809,17,Ezgjan Alioski,FC Lugano
8265809,19,Ezgjan Alioski,FC Lugano
8265809,25,Ezgjan Alioski,FC Lugano
8265809,49,Armando Sadiku,FC Lugano
8265809,34,Moussa Konaté,FC Sion
8265809,39,Kévin Constant,FC Sion
8265811,1,Pascal Schürpf,FC Luzern
8265811,90,Marco Schneuwly,FC Luzern
8265807,54,Mohamed Elyounoussi,FC Basel
8265807,18,Yoric Ravet,BSC Young Boys
8265815,21,Birama NDoye,FC Sion
8265812,37,Michael Lang,FC Basel
8265812,40,Mohamed Elyounoussi,FC Basel
8265812,59,Andraž Šporar,FC Basel
8265812,82,Mohamed Elyounoussi,FC Basel
8265813,65,Ezgjan Alioski,FC Lugano
8265813,49,Mickaël Facchinetti,FC Thun
8265813,90,Dejan Sorgić,FC Thun
8265816,82,Munas Dabbur,Grasshopper Club Zürich
8265814,72,Hekuran Kryeziu,FC Luzern
8265814,86,Cedric Itten,FC Luzern
8265819,15,Caio,Grasshopper Club Zürich
8265819,30,Caio,Grasshopper Club Zürich
8265819,47,Jan Bamert,Grasshopper Club Zürich
8265819,66,Munas Dabbur,Grasshopper Club Zürich
8265819,43,Stefan Knežević,FC Luzern
8265818,41,Matías Delgado,FC Basel
8265818,90,Seydou Doumbia,FC Basel
8265818,11,Maurice Brunner,FC Vaduz
8265818,78,Stjepan Kukuruzović,FC Vaduz
8265821,63,Yannis Tafer,FC St. Gallen
8265821,50,Nicolas Bürgy,FC Thun
8265821,52,Mickaël Facchinetti,FC Thun
8265822,86,Michel Aebischer,BSC Young Boys
8265822,6,Ezgjan Alioski,FC Lugano
8265822,54,Armando Sadiku,FC Lugano
8265820,59,Gabriel Torres,FC Lausanne-Sport
8265825,88,Marco Schneuwly,FC Luzern
8265825,3,Seydou Doumbia,FC Basel
8265825,71,Renato Steffen,FC Basel
8265824,16,Thomas Castella,FC Lausanne-Sport
8265824,39,Gabriel Torres,FC Lausanne-Sport
8265824,89,Kevin Méndez,FC Lausanne-Sport
8265824,10,Stjepan Kukuruzović,FC Vaduz
8265826,85,Alexander Gerndt,BSC Young Boys
8265826,90,Alexander Gerndt,BSC Young Boys
8265827,90,Simone Rapp,FC Thun
8265827,10,Chadrac Akolo,FC Sion
8265827,31,Nicolas Lüchinger,FC Sion
8265823,16,Davide Mariani,FC Lugano
8265831,52,Mickaël Facchinetti,FC Thun
8265831,76,Simone Rapp,FC Thun
8265831,78,Christian Fassnacht,FC Thun
8265831,12,Marco Schneuwly,FC Luzern
8265832,4,Gonzalo Zárate,FC Vaduz
8265832,58,Albion Avdijaj,FC Vaduz
8265832,30,Caio,Grasshopper Club Zürich
8265832,60,Lucas Andersen,Grasshopper Club Zürich
8265832,61,Lucas Andersen,Grasshopper Club Zürich
8265832,65,Milan Vilotić,Grasshopper Club Zürich
8265828,66,Albian Ajeti,FC St. Gallen
8265829,60,Ezgjan Alioski,FC Lugano
8265829,80,Armando Sadiku,FC Lugano
8265829,12,Alexander Fransson,FC Basel
8265829,54,Luca Zuffi,FC Basel
8265830,42,Miralem Sulejmani,BSC Young Boys
8265835,89,Moussa Konaté,FC Sion
8265835,13,Fulvio Sulmoni,FC Lugano
8265836,28,Karim Haggui,FC St. Gallen
8265836,78,Tranquillo Barnetta,FC St. Gallen
8265833,24,Renato Steffen,FC Basel
8265833,76,Mohamed Elyounoussi,FC Basel
8265833,90,Serey Dié,FC Basel
8265833,17,Dejan Sorgić,FC Thun
8265833,64,Dejan Sorgić,FC Thun
8265833,90,Dejan Sorgić,FC Thun
8265834,12,Munas Dabbur,Grasshopper Club Zürich
8265834,60,Gabriel Torres,FC Lausanne-Sport
8265837,1,Miralem Sulejmani,BSC Young Boys
8265837,29,Miralem Sulejmani,BSC Young Boys
8265837,35,Roger Assalé,BSC Young Boys
8265837,60,Michael Frey,BSC Young Boys
8265837,8,Tomi Jurić,FC Luzern
8265839,27,Davide Mariani,FC Lugano
8265839,32,Domen Črnigoj,FC Lugano
8265839,66,Dragan Mihajlović,FC Lugano
8265839,70,Davide Mariani,FC Lugano
8265839,68,Nzuzi Toko,FC St. Gallen
8265840,18,Gabriel Torres,FC Lausanne-Sport
8265840,41,Samuele Campo,FC Lausanne-Sport
8265840,55,Benjamin Kololli,FC Lausanne-Sport
8265842,71,Mario Bühler,FC Vaduz
8265841,54,Simone Rapp,FC Thun
8265841,64,Joël Geissmann,FC Thun
8265841,65,Thomas Reinmann,FC Thun
8265841,4,Lucas Andersen,Grasshopper Club Zürich
8265838,33,Marc Janko,FC Basel
8265838,88,Seydou Doumbia,FC Basel
8265838,39,Chadrac Akolo,FC Sion
8265838,90,Bruno Morgado,FC Sion
8265844,16,Armando Sadiku,FC Lugano
8265844,81,Davide Mariani,FC Lugano
8265844,90,Axel Borgmann,FC Vaduz
8265845,81,Geoffrey Mujangi Bia,FC Sion
8265845,90,Moussa Konaté,FC Sion
8265845,30,Tomi Jurić,FC Luzern
8265845,39,Francisco Rodríguez,FC Luzern
8265845,84,Francisco Rodríguez,FC Luzern
8265846,34,Danijel Aleksić,FC St. Gallen
8265846,77,Yannis Tafer,FC St. Gallen
8265846,82,Alain Wiss,FC St. Gallen
8265846,84,Yannis Tafer,FC St. Gallen
8265846,1,Munas Dabbur,Grasshopper Club Zürich
8265847,9,Roger Assalé,BSC Young Boys
8265847,52,Thorsten Schick,BSC Young Boys
8265847,3,Seydou Doumbia,FC Basel
8265848,63,Caio,Grasshopper Club Zürich
8265848,42,Manuel Akanji,FC Basel
8265848,85,Seydou Doumbia,FC Basel
8265848,88,Seydou Doumbia,FC Basel
8265849,12,Nassim Ben Khalifa,FC Lausanne-Sport
8265849,63,Jordan Lotomba,FC Lausanne-Sport
8265849,68,Carlinhos,FC Lugano
8265850,7,Tomi Jurić,FC Luzern
8265850,90,Pascal Schürpf,FC Luzern
8265850,3,Aldin Turkes,FC Vaduz
8265850,69,Marco Mathys,FC Vaduz
8265851,86,Roy Gelmi,FC St. Gallen
8265851,64,Paulo Ricardo,FC Sion
8265853,14,Seydou Doumbia,FC Basel
8265853,58,Renato Steffen,FC Basel
8265853,87,Seydou Doumbia,FC Basel
8265853,90,Marc Janko,FC Basel
8265853,25,Danijel Aleksić,FC St. Gallen
8265854,51,Tomi Jurić,FC Luzern
8265855,90,Quentin Maceiras,FC Sion
8265855,90,Lucas Andersen,Grasshopper Club Zürich
8265856,26,Gonzalo Zárate,FC Vaduz
8265856,21,Simone Rapp,FC Thun
8265856,23,Matteo Tosetti,FC Thun
8265856,59,Joël Geissmann,FC Thun
8265857,1,Yoric Ravet,BSC Young Boys
8265857,35,Yoric Ravet,BSC Young Boys
