GameID,League,Season,Date,HomeTeam,AwayTeam,Result
8265677,suisuperleague,2016-2017,23.07.2016,FC Lugano,FC Luzern,1:2
8265678,suisuperleague,2016-2017,23.07.2016,FC St. Gallen,BSC Young Boys,0:2
8265679,suisuperleague,2016-2017,24.07.2016,Grasshopper Club Zürich,FC Lausanne-Sport,2:0
8265680,suisuperleague,2016-2017,24.07.2016,FC Thun,FC Vaduz,1:1
8265681,suisuperleague,2016-2017,24.07.2016,FC Basel,FC Sion,3:0
8265682,suisuperleague,2016-2017,30.07.2016,FC Sion,FC St. Gallen,2:1
8265683,suisuperleague,2016-2017,30.07.2016,BSC Young Boys,FC Lugano,1:2
8265684,suisuperleague,2016-2017,31.07.2016,FC Lausanne-Sport,FC Thun,4:4
8265685,suisuperleague,2016-2017,31.07.2016,FC Vaduz,FC Basel,1:5
8265686,suisuperleague,2016-2017,31.07.2016,FC Luzern,Grasshopper Club Zürich,4:3
8265687,suisuperleague,2016-2017,06.08.2016,BSC Young Boys,FC Thun,4:1
8265688,suisuperleague,2016-2017,06.08.2016,FC Sion,FC Lausanne-Sport,1:3
8265689,suisuperleague,2016-2017,07.08.2016,FC Lugano,FC Vaduz,0:2
8265690,suisuperleague,2016-2017,07.08.2016,FC Luzern,FC Basel,2:3
8265691,suisuperleague,2016-2017,07.08.2016,FC St. Gallen,Grasshopper Club Zürich,2:1
8265692,suisuperleague,2016-2017,10.08.2016,FC Lugano,FC Sion,3:1
8265693,suisuperleague,2016-2017,10.08.2016,FC Vaduz,FC Luzern,1:3
8265694,suisuperleague,2016-2017,10.08.2016,FC Basel,BSC Young Boys,3:0
8265695,suisuperleague,2016-2017,11.08.2016,FC Lausanne-Sport,FC St. Gallen,1:0
8265696,suisuperleague,2016-2017,11.08.2016,FC Thun,Grasshopper Club Zürich,2:1
8265697,suisuperleague,2016-2017,20.08.2016,BSC Young Boys,FC Lausanne-Sport,7:2
8265698,suisuperleague,2016-2017,20.08.2016,FC Basel,FC Lugano,4:1
8265699,suisuperleague,2016-2017,21.08.2016,Grasshopper Club Zürich,FC Sion,2:1
8265700,suisuperleague,2016-2017,21.08.2016,FC Luzern,FC Thun,3:0
8265701,suisuperleague,2016-2017,21.08.2016,FC Vaduz,FC St. Gallen,2:0
8265702,suisuperleague,2016-2017,27.08.2016,FC Lugano,FC Lausanne-Sport,1:1
8265703,suisuperleague,2016-2017,27.08.2016,FC Sion,FC Vaduz,3:1
8265704,suisuperleague,2016-2017,28.08.2016,Grasshopper Club Zürich,BSC Young Boys,4:1
8265705,suisuperleague,2016-2017,28.08.2016,FC St. Gallen,FC Luzern,3:0
8265706,suisuperleague,2016-2017,28.08.2016,FC Thun,FC Basel,0:3
8265707,suisuperleague,2016-2017,10.09.2016,FC Basel,Grasshopper Club Zürich,3:1
8265708,suisuperleague,2016-2017,10.09.2016,BSC Young Boys,FC Luzern,2:1
8265709,suisuperleague,2016-2017,11.09.2016,FC Lausanne-Sport,FC Vaduz,5:0
8265710,suisuperleague,2016-2017,11.09.2016,FC Sion,FC Thun,1:0
8265711,suisuperleague,2016-2017,11.09.2016,FC St. Gallen,FC Lugano,0:2
8265712,suisuperleague,2016-2017,20.09.2016,FC Thun,FC St. Gallen,1:2
8265713,suisuperleague,2016-2017,21.09.2016,FC Luzern,FC Sion,2:2
8265714,suisuperleague,2016-2017,21.09.2016,FC Vaduz,BSC Young Boys,0:0
8265715,suisuperleague,2016-2017,21.09.2016,FC Lausanne-Sport,FC Basel,1:2
8265716,suisuperleague,2016-2017,22.09.2016,FC Lugano,Grasshopper Club Zürich,2:0
8265717,suisuperleague,2016-2017,24.09.2016,FC Luzern,FC Lausanne-Sport,1:3
8265718,suisuperleague,2016-2017,24.09.2016,FC St. Gallen,FC Basel,1:3
8265719,suisuperleague,2016-2017,25.09.2016,Grasshopper Club Zürich,FC Vaduz,2:1
8265720,suisuperleague,2016-2017,25.09.2016,FC Thun,FC Lugano,2:2
8265721,suisuperleague,2016-2017,25.09.2016,FC Sion,BSC Young Boys,0:0
8265726,suisuperleague,2016-2017,01.10.2016,FC Vaduz,FC Sion,2:5
8265722,suisuperleague,2016-2017,01.10.2016,FC Basel,FC Thun,1:1
8265724,suisuperleague,2016-2017,02.10.2016,FC Lausanne-Sport,FC Lugano,4:1
8265725,suisuperleague,2016-2017,02.10.2016,BSC Young Boys,FC St. Gallen,2:2
8265723,suisuperleague,2016-2017,02.10.2016,Grasshopper Club Zürich,FC Luzern,3:2
8265731,suisuperleague,2016-2017,15.10.2016,FC Thun,FC Lausanne-Sport,1:0
8265727,suisuperleague,2016-2017,15.10.2016,FC Basel,FC Luzern,3:0
8265729,suisuperleague,2016-2017,16.10.2016,FC Sion,Grasshopper Club Zürich,4:2
8265730,suisuperleague,2016-2017,16.10.2016,FC St. Gallen,FC Vaduz,0:2
8265728,suisuperleague,2016-2017,16.10.2016,FC Lugano,BSC Young Boys,0:0
8265735,suisuperleague,2016-2017,22.10.2016,FC Vaduz,FC Thun,2:3
8265733,suisuperleague,2016-2017,22.10.2016,FC Lugano,FC Basel,2:2
8265736,suisuperleague,2016-2017,23.10.2016,BSC Young Boys,Grasshopper Club Zürich,4:0
8265732,suisuperleague,2016-2017,23.10.2016,FC Lausanne-Sport,FC Sion,0:2
8265734,suisuperleague,2016-2017,23.10.2016,FC Luzern,FC St. Gallen,3:0
8265739,suisuperleague,2016-2017,29.10.2016,FC Sion,FC Lugano,5:1
8265737,suisuperleague,2016-2017,29.10.2016,Grasshopper Club Zürich,FC Basel,0:2
8265738,suisuperleague,2016-2017,30.10.2016,FC Lausanne-Sport,FC Luzern,2:3
8265741,suisuperleague,2016-2017,30.10.2016,BSC Young Boys,FC Vaduz,5:0
8265740,suisuperleague,2016-2017,30.10.2016,FC St. Gallen,FC Thun,0:0
8265745,suisuperleague,2016-2017,05.11.2016,FC Thun,FC Sion,2:3
8265742,suisuperleague,2016-2017,05.11.2016,FC Basel,FC Lausanne-Sport,2:1
8265743,suisuperleague,2016-2017,06.11.2016,FC Lugano,FC St. Gallen,2:3
8265746,suisuperleague,2016-2017,06.11.2016,FC Vaduz,Grasshopper Club Zürich,0:0
8265744,suisuperleague,2016-2017,06.11.2016,FC Luzern,BSC Young Boys,2:2
8265748,suisuperleague,2016-2017,19.11.2016,Grasshopper Club Zürich,FC Thun,1:1
8265747,suisuperleague,2016-2017,19.11.2016,FC Basel,FC Vaduz,6:0
8265750,suisuperleague,2016-2017,20.11.2016,FC St. Gallen,FC Lausanne-Sport,2:0
8265751,suisuperleague,2016-2017,20.11.2016,BSC Young Boys,FC Sion,4:3
8265749,suisuperleague,2016-2017,20.11.2016,FC Luzern,FC Lugano,2:1
8265755,suisuperleague,2016-2017,26.11.2016,FC Thun,FC Luzern,1:2
8265752,suisuperleague,2016-2017,26.11.2016,Grasshopper Club Zürich,FC St. Gallen,2:2
8265753,suisuperleague,2016-2017,27.11.2016,FC Lausanne-Sport,BSC Young Boys,1:2
8265756,suisuperleague,2016-2017,27.11.2016,FC Vaduz,FC Lugano,5:1
8265754,suisuperleague,2016-2017,27.11.2016,FC Sion,FC Basel,1:2
8265759,suisuperleague,2016-2017,03.12.2016,FC Luzern,FC Vaduz,3:0
8265761,suisuperleague,2016-2017,03.12.2016,BSC Young Boys,FC Basel,3:1
8265757,suisuperleague,2016-2017,04.12.2016,FC Lausanne-Sport,Grasshopper Club Zürich,1:2
8265758,suisuperleague,2016-2017,04.12.2016,FC Lugano,FC Thun,1:1
8265760,suisuperleague,2016-2017,04.12.2016,FC St. Gallen,FC Sion,2:1
8265766,suisuperleague,2016-2017,10.12.2016,FC Vaduz,FC Lausanne-Sport,1:1
8265762,suisuperleague,2016-2017,10.12.2016,FC Basel,FC St. Gallen,1:0
8265763,suisuperleague,2016-2017,11.12.2016,Grasshopper Club Zürich,FC Lugano,0:0
8265764,suisuperleague,2016-2017,11.12.2016,FC Sion,FC Luzern,3:1
8265765,suisuperleague,2016-2017,11.12.2016,FC Thun,BSC Young Boys,2:3
8265768,suisuperleague,2016-2017,04.02.2017,Grasshopper Club Zürich,FC Thun,0:1
8265767,suisuperleague,2016-2017,04.02.2017,FC Basel,FC Lugano,4:0
8265769,suisuperleague,2016-2017,05.02.2017,FC Lausanne-Sport,FC Luzern,4:4
8265770,suisuperleague,2016-2017,05.02.2017,FC Vaduz,FC St. Gallen,1:1
8265771,suisuperleague,2016-2017,05.02.2017,BSC Young Boys,FC Sion,3:1
8265776,suisuperleague,2016-2017,11.02.2017,FC Thun,FC Basel,0:2
8265772,suisuperleague,2016-2017,11.02.2017,FC Lugano,Grasshopper Club Zürich,3:0
8265774,suisuperleague,2016-2017,12.02.2017,FC Sion,FC Vaduz,4:2
8265775,suisuperleague,2016-2017,12.02.2017,FC St. Gallen,FC Lausanne-Sport,2:1
8265773,suisuperleague,2016-2017,12.02.2017,FC Luzern,BSC Young Boys,4:1
8265779,suisuperleague,2016-2017,18.02.2017,FC Luzern,FC Thun,1:1
8265781,suisuperleague,2016-2017,18.02.2017,BSC Young Boys,FC St. Gallen,2:2
8265777,suisuperleague,2016-2017,19.02.2017,FC Basel,FC Lausanne-Sport,4:3
8265780,suisuperleague,2016-2017,19.02.2017,FC Vaduz,FC Lugano,1:1
8265778,suisuperleague,2016-2017,19.02.2017,Grasshopper Club Zürich,FC Sion,0:1
8265786,suisuperleague,2016-2017,25.02.2017,FC Thun,FC Vaduz,4:3
8265783,suisuperleague,2016-2017,25.02.2017,Grasshopper Club Zürich,BSC Young Boys,2:3
8265782,suisuperleague,2016-2017,26.02.2017,FC Basel,FC Luzern,3:1
8265784,suisuperleague,2016-2017,26.02.2017,FC Lausanne-Sport,FC Sion,0:1
8265785,suisuperleague,2016-2017,26.02.2017,FC St. Gallen,FC Lugano,0:1
8265787,suisuperleague,2016-2017,04.03.2017,FC Lugano,FC Lausanne-Sport,2:1
8265791,suisuperleague,2016-2017,04.03.2017,BSC Young Boys,FC Thun,3:2
8265789,suisuperleague,2016-2017,05.03.2017,FC Sion,FC St. Gallen,1:2
8265790,suisuperleague,2016-2017,05.03.2017,FC Vaduz,FC Basel,1:1
8265788,suisuperleague,2016-2017,05.03.2017,FC Luzern,Grasshopper Club Zürich,1:1
8265792,suisuperleague,2016-2017,11.03.2017,Grasshopper Club Zürich,FC Vaduz,1:2
8265795,suisuperleague,2016-2017,11.03.2017,FC St. Gallen,FC Luzern,1:1
8265793,suisuperleague,2016-2017,12.03.2017,FC Lausanne-Sport,BSC Young Boys,0:0
8265796,suisuperleague,2016-2017,12.03.2017,FC Thun,FC Lugano,5:2
8265794,suisuperleague,2016-2017,12.03.2017,FC Sion,FC Basel,0:1
8265799,suisuperleague,2016-2017,18.03.2017,FC Luzern,FC Sion,0:0
8265797,suisuperleague,2016-2017,18.03.2017,FC Basel,Grasshopper Club Zürich,1:0
8265798,suisuperleague,2016-2017,19.03.2017,FC Lugano,BSC Young Boys,0:2
8265800,suisuperleague,2016-2017,19.03.2017,FC Thun,FC St. Gallen,2:2
8265801,suisuperleague,2016-2017,19.03.2017,FC Vaduz,FC Lausanne-Sport,0:1
8265804,suisuperleague,2016-2017,01.04.2017,FC Sion,FC Thun,2:1
8265805,suisuperleague,2016-2017,01.04.2017,FC St. Gallen,FC Basel,0:3
8265803,suisuperleague,2016-2017,02.04.2017,FC Luzern,FC Lugano,0:2
8265806,suisuperleague,2016-2017,02.04.2017,BSC Young Boys,FC Vaduz,3:2
8265802,suisuperleague,2016-2017,02.04.2017,FC Lausanne-Sport,Grasshopper Club Zürich,0:0
8265810,suisuperleague,2016-2017,08.04.2017,FC Thun,FC Lausanne-Sport,2:4
8265808,suisuperleague,2016-2017,08.04.2017,Grasshopper Club Zürich,FC St. Gallen,3:1
8265809,suisuperleague,2016-2017,09.04.2017,FC Lugano,FC Sion,4:2
8265811,suisuperleague,2016-2017,09.04.2017,FC Vaduz,FC Luzern,0:2
8265807,suisuperleague,2016-2017,09.04.2017,FC Basel,BSC Young Boys,1:1
8265815,suisuperleague,2016-2017,15.04.2017,FC Vaduz,FC Sion,0:1
8265812,suisuperleague,2016-2017,15.04.2017,FC Lausanne-Sport,FC Basel,0:4
8265813,suisuperleague,2016-2017,17.04.2017,FC Lugano,FC Thun,2:1
8265816,suisuperleague,2016-2017,17.04.2017,BSC Young Boys,Grasshopper Club Zürich,0:1
8265814,suisuperleague,2016-2017,17.04.2017,FC Luzern,FC St. Gallen,2:0
8265819,suisuperleague,2016-2017,22.04.2017,Grasshopper Club Zürich,FC Luzern,4:1
8265818,suisuperleague,2016-2017,22.04.2017,FC Basel,FC Vaduz,2:2
8265821,suisuperleague,2016-2017,23.04.2017,FC St. Gallen,FC Thun,1:2
8265822,suisuperleague,2016-2017,23.04.2017,BSC Young Boys,FC Lugano,1:2
8265820,suisuperleague,2016-2017,23.04.2017,FC Sion,FC Lausanne-Sport,0:1
8265825,suisuperleague,2016-2017,28.04.2017,FC Luzern,FC Basel,1:2
8265824,suisuperleague,2016-2017,29.04.2017,FC Lausanne-Sport,FC Vaduz,1:3
8265826,suisuperleague,2016-2017,30.04.2017,FC St. Gallen,BSC Young Boys,0:2
8265827,suisuperleague,2016-2017,30.04.2017,FC Thun,FC Sion,2:1
8265823,suisuperleague,2016-2017,30.04.2017,Grasshopper Club Zürich,FC Lugano,0:1
8265831,suisuperleague,2016-2017,06.05.2017,FC Thun,FC Luzern,3:1
8265832,suisuperleague,2016-2017,06.05.2017,FC Vaduz,Grasshopper Club Zürich,2:4
8265828,suisuperleague,2016-2017,07.05.2017,FC Lausanne-Sport,FC St. Gallen,0:1
8265829,suisuperleague,2016-2017,07.05.2017,FC Lugano,FC Basel,2:2
8265830,suisuperleague,2016-2017,07.05.2017,FC Sion,BSC Young Boys,0:1
8265835,suisuperleague,2016-2017,13.05.2017,FC Sion,FC Lugano,2:0
8265836,suisuperleague,2016-2017,13.05.2017,FC St. Gallen,FC Vaduz,2:0
8265833,suisuperleague,2016-2017,14.05.2017,FC Basel,FC Thun,3:3
8265834,suisuperleague,2016-2017,14.05.2017,Grasshopper Club Zürich,FC Lausanne-Sport,1:1
8265837,suisuperleague,2016-2017,14.05.2017,BSC Young Boys,FC Luzern,4:1
8265839,suisuperleague,2016-2017,16.05.2017,FC Lugano,FC St. Gallen,3:2
8265840,suisuperleague,2016-2017,17.05.2017,FC Luzern,FC Lausanne-Sport,0:3
8265842,suisuperleague,2016-2017,17.05.2017,FC Vaduz,BSC Young Boys,1:0
8265841,suisuperleague,2016-2017,17.05.2017,FC Thun,Grasshopper Club Zürich,3:1
8265838,suisuperleague,2016-2017,18.05.2017,FC Basel,FC Sion,2:2
8265843,suisuperleague,2016-2017,20.05.2017,FC Lausanne-Sport,FC Thun,0:0
8265844,suisuperleague,2016-2017,20.05.2017,FC Lugano,FC Vaduz,2:1
8265845,suisuperleague,2016-2017,21.05.2017,FC Sion,FC Luzern,2:3
8265846,suisuperleague,2016-2017,21.05.2017,FC St. Gallen,Grasshopper Club Zürich,4:1
8265847,suisuperleague,2016-2017,21.05.2017,BSC Young Boys,FC Basel,2:1
8265848,suisuperleague,2016-2017,28.05.2017,Grasshopper Club Zürich,FC Basel,1:3
8265849,suisuperleague,2016-2017,28.05.2017,FC Lausanne-Sport,FC Lugano,1:2
8265850,suisuperleague,2016-2017,28.05.2017,FC Luzern,FC Vaduz,2:2
8265851,suisuperleague,2016-2017,28.05.2017,FC St. Gallen,FC Sion,1:1
8265852,suisuperleague,2016-2017,28.05.2017,FC Thun,BSC Young Boys,0:0
8265853,suisuperleague,2016-2017,02.06.2017,FC Basel,FC St. Gallen,4:1
8265854,suisuperleague,2016-2017,02.06.2017,FC Lugano,FC Luzern,0:1
8265855,suisuperleague,2016-2017,02.06.2017,FC Sion,Grasshopper Club Zürich,1:1
8265856,suisuperleague,2016-2017,02.06.2017,FC Vaduz,FC Thun,1:3
8265857,suisuperleague,2016-2017,02.06.2017,BSC Young Boys,FC Lausanne-Sport,2:0
