GameID,League,Season,Date,HomeTeam,AwayTeam,Result
8445940,Superleague,2017-2018,19.08.2017,Asteras Tripolis,PAS Giannina,1:2
8445946,Superleague,2017-2018,19.08.2017,Skoda Xanthi,Lamia,0:0
8445944,Superleague,2017-2018,19.08.2017,Olympiakos Piräus,AE Larisa,4:1
8445939,Superleague,2017-2018,20.08.2017,AEK Athen,Panetolikos,2:0
8445942,Superleague,2017-2018,20.08.2017,AO Kerkyra,Panionios GSS,0:1
8445943,Superleague,2017-2018,20.08.2017,Levadiakos,PAOK Saloniki,0:0
8445945,Superleague,2017-2018,20.08.2017,Platanias Chanion,Panathinaikos,1:1
8445941,Superleague,2017-2018,21.08.2017,Atromitos,Apollon Smyrnis,1:1
8445951,Superleague,2017-2018,26.08.2017,Panetolikos,Atromitos,2:2
8445954,Superleague,2017-2018,26.08.2017,Platanias Chanion,Skoda Xanthi,0:2
8445949,Superleague,2017-2018,26.08.2017,Lamia,Olympiakos Piräus,0:1
8445950,Superleague,2017-2018,27.08.2017,Panathinaikos,Levadiakos,0:0
8445952,Superleague,2017-2018,27.08.2017,Panionios GSS,Apollon Smyrnis,2:0
8445953,Superleague,2017-2018,27.08.2017,PAOK Saloniki,AO Kerkyra,3:1
8445948,Superleague,2017-2018,27.08.2017,PAS Giannina,AEK Athen,0:0
8445947,Superleague,2017-2018,28.08.2017,AE Larisa,Asteras Tripolis,1:1
8445956,Superleague,2017-2018,09.09.2017,Asteras Tripolis,Lamia,1:3
8445957,Superleague,2017-2018,09.09.2017,Atromitos,PAS Giannina,0:0
8445962,Superleague,2017-2018,09.09.2017,Skoda Xanthi,Olympiakos Piräus,1:1
8445960,Superleague,2017-2018,10.09.2017,Panionios GSS,Panetolikos,1:1
8445955,Superleague,2017-2018,10.09.2017,AEK Athen,AE Larisa,4:0
8445959,Superleague,2017-2018,10.09.2017,Levadiakos,Platanias Chanion,1:1
8445958,Superleague,2017-2018,10.09.2017,AO Kerkyra,Panathinaikos,1:0
8445961,Superleague,2017-2018,11.09.2017,Apollon Smyrnis,PAOK Saloniki,0:0
8445966,Superleague,2017-2018,16.09.2017,Levadiakos,Skoda Xanthi,1:0
8445969,Superleague,2017-2018,16.09.2017,PAOK Saloniki,Panetolikos,1:0
8445967,Superleague,2017-2018,16.09.2017,Olympiakos Piräus,Asteras Tripolis,1:1
8445968,Superleague,2017-2018,17.09.2017,Panathinaikos,Apollon Smyrnis,1:0
8445963,Superleague,2017-2018,17.09.2017,AE Larisa,Atromitos,0:0
8445970,Superleague,2017-2018,17.09.2017,Platanias Chanion,AO Kerkyra,0:0
8445965,Superleague,2017-2018,17.09.2017,Lamia,AEK Athen,0:1
8445964,Superleague,2017-2018,18.09.2017,PAS Giannina,Panionios GSS,1:1
8445978,Superleague,2017-2018,23.09.2017,Apollon Smyrnis,Platanias Chanion,0:1
8445973,Superleague,2017-2018,23.09.2017,Atromitos,Lamia,3:0
8445975,Superleague,2017-2018,23.09.2017,Panetolikos,Panathinaikos,2:0
8445977,Superleague,2017-2018,24.09.2017,PAOK Saloniki,PAS Giannina,1:0
8445974,Superleague,2017-2018,24.09.2017,AO Kerkyra,Levadiakos,1:1
8445976,Superleague,2017-2018,24.09.2017,Panionios GSS,AE Larisa,4:1
8445971,Superleague,2017-2018,24.09.2017,AEK Athen,Olympiakos Piräus,3:2
8445979,Superleague,2017-2018,25.09.2017,Skoda Xanthi,Asteras Tripolis,0:0
8445987,Superleague,2017-2018,30.09.2017,Platanias Chanion,Panetolikos,0:3
8445986,Superleague,2017-2018,30.09.2017,Panathinaikos,PAS Giannina,2:0
8445980,Superleague,2017-2018,30.09.2017,AE Larisa,PAOK Saloniki,1:1
8445985,Superleague,2017-2018,01.10.2017,Olympiakos Piräus,Atromitos,0:1
8445982,Superleague,2017-2018,01.10.2017,AO Kerkyra,Skoda Xanthi,0:2
8445984,Superleague,2017-2018,01.10.2017,Levadiakos,Apollon Smyrnis,2:1
8445981,Superleague,2017-2018,01.10.2017,Asteras Tripolis,AEK Athen,2:0
8445983,Superleague,2017-2018,02.10.2017,Lamia,Panionios GSS,1:0
8445989,Superleague,2017-2018,14.10.2017,PAS Giannina,Platanias Chanion,3:1
8445988,Superleague,2017-2018,14.10.2017,Atromitos,Asteras Tripolis,1:0
8445992,Superleague,2017-2018,14.10.2017,Panionios GSS,Olympiakos Piräus,3:4
8445993,Superleague,2017-2018,15.10.2017,PAOK Saloniki,Lamia,4:0
8445991,Superleague,2017-2018,15.10.2017,Panetolikos,Levadiakos,0:1
8445994,Superleague,2017-2018,15.10.2017,Apollon Smyrnis,AO Kerkyra,0:0
8445995,Superleague,2017-2018,15.10.2017,Skoda Xanthi,AEK Athen,1:1
8445990,Superleague,2017-2018,16.10.2017,Panathinaikos,AE Larisa,2:1
8446000,Superleague,2017-2018,21.10.2017,Levadiakos,PAS Giannina,1:1
8445998,Superleague,2017-2018,21.10.2017,AO Kerkyra,Panetolikos,1:0
8445999,Superleague,2017-2018,21.10.2017,Lamia,Panathinaikos,1:1
8445997,Superleague,2017-2018,22.10.2017,Asteras Tripolis,Panionios GSS,0:1
8446002,Superleague,2017-2018,22.10.2017,Platanias Chanion,AE Larisa,0:1
8446003,Superleague,2017-2018,22.10.2017,Apollon Smyrnis,Skoda Xanthi,2:0
8446001,Superleague,2017-2018,22.10.2017,Olympiakos Piräus,PAOK Saloniki,1:0
8445996,Superleague,2017-2018,23.10.2017,AEK Athen,Atromitos,0:1
8446004,Superleague,2017-2018,28.10.2017,AE Larisa,Levadiakos,1:0
8446005,Superleague,2017-2018,28.10.2017,PAS Giannina,AO Kerkyra,2:1
8446007,Superleague,2017-2018,28.10.2017,Panathinaikos,Olympiakos Piräus,1:0
8446011,Superleague,2017-2018,29.10.2017,Skoda Xanthi,Atromitos,0:2
8446006,Superleague,2017-2018,29.10.2017,Lamia,Platanias Chanion,2:0
8446008,Superleague,2017-2018,29.10.2017,Panetolikos,Apollon Smyrnis,1:1
8446009,Superleague,2017-2018,29.10.2017,Panionios GSS,AEK Athen,0:1
8446010,Superleague,2017-2018,30.10.2017,PAOK Saloniki,Asteras Tripolis,2:0
8446018,Superleague,2017-2018,04.11.2017,Panetolikos,Skoda Xanthi,1:3
8446014,Superleague,2017-2018,04.11.2017,Atromitos,Panionios GSS,0:0
8446013,Superleague,2017-2018,04.11.2017,Asteras Tripolis,Panathinaikos,1:0
8446017,Superleague,2017-2018,05.11.2017,Olympiakos Piräus,Platanias Chanion,5:1
8446015,Superleague,2017-2018,05.11.2017,AO Kerkyra,AE Larisa,1:1
8446019,Superleague,2017-2018,05.11.2017,Apollon Smyrnis,PAS Giannina,4:3
8446012,Superleague,2017-2018,05.11.2017,AEK Athen,PAOK Saloniki,1:0
8446016,Superleague,2017-2018,06.11.2017,Levadiakos,Lamia,0:0
8446022,Superleague,2017-2018,18.11.2017,Lamia,AO Kerkyra,1:1
8446020,Superleague,2017-2018,18.11.2017,AE Larisa,Apollon Smyrnis,1:0
8446023,Superleague,2017-2018,18.11.2017,Olympiakos Piräus,Levadiakos,2:1
8446027,Superleague,2017-2018,19.11.2017,Skoda Xanthi,Panionios GSS,2:0
8446021,Superleague,2017-2018,19.11.2017,PAS Giannina,Panetolikos,1:1
8446026,Superleague,2017-2018,19.11.2017,Platanias Chanion,Asteras Tripolis,0:3
8446024,Superleague,2017-2018,19.11.2017,Panathinaikos,AEK Athen,1:1
8446025,Superleague,2017-2018,20.11.2017,PAOK Saloniki,Atromitos,2:1
8446031,Superleague,2017-2018,25.11.2017,PAS Giannina,Skoda Xanthi,1:1
8446035,Superleague,2017-2018,25.11.2017,Apollon Smyrnis,Lamia,1:1
8446030,Superleague,2017-2018,25.11.2017,Atromitos,Panathinaikos,1:1
8446034,Superleague,2017-2018,26.11.2017,Panionios GSS,PAOK Saloniki,2:2
8446029,Superleague,2017-2018,26.11.2017,Asteras Tripolis,Levadiakos,2:0
8446033,Superleague,2017-2018,26.11.2017,Panetolikos,AE Larisa,3:1
8446032,Superleague,2017-2018,26.11.2017,AO Kerkyra,Olympiakos Piräus,1:3
8446028,Superleague,2017-2018,27.11.2017,AEK Athen,Platanias Chanion,3:0
8446037,Superleague,2017-2018,02.12.2017,Asteras Tripolis,AO Kerkyra,4:0
8446043,Superleague,2017-2018,02.12.2017,Skoda Xanthi,PAOK Saloniki,0:3
8446040,Superleague,2017-2018,02.12.2017,Olympiakos Piräus,Apollon Smyrnis,3:1
8446041,Superleague,2017-2018,03.12.2017,Panathinaikos,Panionios GSS,0:1
8446036,Superleague,2017-2018,03.12.2017,AE Larisa,PAS Giannina,1:1
8446038,Superleague,2017-2018,03.12.2017,Lamia,Panetolikos,2:2
8446039,Superleague,2017-2018,03.12.2017,Levadiakos,AEK Athen,0:2
8446042,Superleague,2017-2018,04.12.2017,Platanias Chanion,Atromitos,1:3
8446045,Superleague,2017-2018,09.12.2017,AE Larisa,Skoda Xanthi,1:0
8446049,Superleague,2017-2018,09.12.2017,Panionios GSS,Platanias Chanion,2:1
8446048,Superleague,2017-2018,09.12.2017,Panetolikos,Olympiakos Piräus,1:4
8446052,Superleague,2017-2018,10.12.2017,Apollon Smyrnis,Asteras Tripolis,1:3
8446046,Superleague,2017-2018,10.12.2017,Atromitos,Levadiakos,1:0
8446047,Superleague,2017-2018,10.12.2017,PAS Giannina,Lamia,1:1
8446050,Superleague,2017-2018,10.12.2017,PAOK Saloniki,Panathinaikos,4:0
8446044,Superleague,2017-2018,11.12.2017,AEK Athen,AO Kerkyra,3:1
8446055,Superleague,2017-2018,16.12.2017,AO Kerkyra,Atromitos,1:3
8446053,Superleague,2017-2018,16.12.2017,AEK Athen,Apollon Smyrnis,0:0
8446059,Superleague,2017-2018,16.12.2017,Platanias Chanion,PAOK Saloniki,0:1
8446058,Superleague,2017-2018,17.12.2017,Olympiakos Piräus,PAS Giannina,1:0
8446054,Superleague,2017-2018,17.12.2017,Asteras Tripolis,Panetolikos,0:0
8446056,Superleague,2017-2018,17.12.2017,Lamia,AE Larisa,0:2
8446060,Superleague,2017-2018,17.12.2017,Skoda Xanthi,Panathinaikos,1:1
8446057,Superleague,2017-2018,18.12.2017,Levadiakos,Panionios GSS,2:1
8446066,Superleague,2017-2018,06.01.2018,Panionios GSS,AO Kerkyra,3:1
8446067,Superleague,2017-2018,06.01.2018,PAOK Saloniki,Levadiakos,5:0
8446065,Superleague,2017-2018,06.01.2018,Panetolikos,AEK Athen,1:4
8446064,Superleague,2017-2018,07.01.2018,Panathinaikos,Platanias Chanion,2:0
8446062,Superleague,2017-2018,07.01.2018,PAS Giannina,Asteras Tripolis,0:0
8446063,Superleague,2017-2018,07.01.2018,Lamia,Skoda Xanthi,0:1
8446061,Superleague,2017-2018,07.01.2018,AE Larisa,Olympiakos Piräus,0:3
8446068,Superleague,2017-2018,08.01.2018,Apollon Smyrnis,Atromitos,0:3
8446076,Superleague,2017-2018,13.01.2018,Skoda Xanthi,Platanias Chanion,3:2
8446075,Superleague,2017-2018,13.01.2018,Apollon Smyrnis,Panionios GSS,1:1
8446072,Superleague,2017-2018,14.01.2018,AO Kerkyra,PAOK Saloniki,0:3
8446070,Superleague,2017-2018,14.01.2018,Asteras Tripolis,AE Larisa,3:1
8446071,Superleague,2017-2018,14.01.2018,Atromitos,Panetolikos,0:1
8446069,Superleague,2017-2018,14.01.2018,AEK Athen,PAS Giannina,3:1
8446073,Superleague,2017-2018,14.01.2018,Levadiakos,Panathinaikos,3:2
8446074,Superleague,2017-2018,15.01.2018,Olympiakos Piräus,Lamia,2:0
8446084,Superleague,2017-2018,20.01.2018,Platanias Chanion,Levadiakos,1:0
8446081,Superleague,2017-2018,20.01.2018,Panathinaikos,AO Kerkyra,4:0
8446077,Superleague,2017-2018,20.01.2018,AE Larisa,AEK Athen,0:0
8446083,Superleague,2017-2018,21.01.2018,PAOK Saloniki,Apollon Smyrnis,3:0
8446078,Superleague,2017-2018,21.01.2018,PAS Giannina,Atromitos,2:2
8446079,Superleague,2017-2018,21.01.2018,Lamia,Asteras Tripolis,1:0
8446082,Superleague,2017-2018,21.01.2018,Panetolikos,Panionios GSS,1:1
8446080,Superleague,2017-2018,21.01.2018,Olympiakos Piräus,Skoda Xanthi,3:0
8446088,Superleague,2017-2018,27.01.2018,AO Kerkyra,Platanias Chanion,2:0
8446091,Superleague,2017-2018,27.01.2018,Apollon Smyrnis,Panathinaikos,0:0
8446085,Superleague,2017-2018,27.01.2018,AEK Athen,Lamia,2:0
8446089,Superleague,2017-2018,28.01.2018,Panetolikos,PAOK Saloniki,0:1
8446087,Superleague,2017-2018,28.01.2018,Atromitos,AE Larisa,1:0
8446090,Superleague,2017-2018,28.01.2018,Panionios GSS,PAS Giannina,0:1
8446092,Superleague,2017-2018,28.01.2018,Skoda Xanthi,Levadiakos,2:1
8446086,Superleague,2017-2018,28.01.2018,Asteras Tripolis,Olympiakos Piräus,1:1
8446094,Superleague,2017-2018,03.02.2018,Asteras Tripolis,Skoda Xanthi,1:1
8446093,Superleague,2017-2018,03.02.2018,AE Larisa,Panionios GSS,0:0
8446099,Superleague,2017-2018,03.02.2018,Panathinaikos,Panetolikos,0:0
8446095,Superleague,2017-2018,04.02.2018,PAS Giannina,PAOK Saloniki,1:3
8446096,Superleague,2017-2018,04.02.2018,Lamia,Atromitos,1:1
8446097,Superleague,2017-2018,04.02.2018,Levadiakos,AO Kerkyra,2:0
8446098,Superleague,2017-2018,04.02.2018,Olympiakos Piräus,AEK Athen,1:2
8446100,Superleague,2017-2018,05.02.2018,Platanias Chanion,Apollon Smyrnis,1:1
8446108,Superleague,2017-2018,10.02.2018,Skoda Xanthi,AO Kerkyra,1:1
8446105,Superleague,2017-2018,10.02.2018,Panionios GSS,Lamia,1:0
8446103,Superleague,2017-2018,10.02.2018,PAS Giannina,Panathinaikos,2:1
8446107,Superleague,2017-2018,11.02.2018,Apollon Smyrnis,Levadiakos,1:1
8446101,Superleague,2017-2018,11.02.2018,AEK Athen,Asteras Tripolis,1:0
8446104,Superleague,2017-2018,11.02.2018,Panetolikos,Platanias Chanion,3:0
8446102,Superleague,2017-2018,11.02.2018,Atromitos,Olympiakos Piräus,2:2
8446106,Superleague,2017-2018,12.02.2018,PAOK Saloniki,AE Larisa,3:0
8446112,Superleague,2017-2018,17.02.2018,AO Kerkyra,Apollon Smyrnis,2:0
8446111,Superleague,2017-2018,17.02.2018,Asteras Tripolis,Atromitos,0:1
8446113,Superleague,2017-2018,17.02.2018,Lamia,PAOK Saloniki,0:2
8446116,Superleague,2017-2018,18.02.2018,Platanias Chanion,PAS Giannina,0:3
8446109,Superleague,2017-2018,18.02.2018,AEK Athen,Skoda Xanthi,4:0
8446114,Superleague,2017-2018,18.02.2018,Levadiakos,Panetolikos,1:2
8446115,Superleague,2017-2018,18.02.2018,Olympiakos Piräus,Panionios GSS,1:0
8446110,Superleague,2017-2018,19.02.2018,AE Larisa,Panathinaikos,0:1
8446119,Superleague,2017-2018,24.02.2018,PAS Giannina,Levadiakos,0:0
8446122,Superleague,2017-2018,24.02.2018,Panionios GSS,Asteras Tripolis,0:0
8446120,Superleague,2017-2018,24.02.2018,Panathinaikos,Lamia,2:0
8446124,Superleague,2017-2018,25.02.2018,Skoda Xanthi,Apollon Smyrnis,2:0
8446117,Superleague,2017-2018,25.02.2018,AE Larisa,Platanias Chanion,1:0
8446121,Superleague,2017-2018,25.02.2018,Panetolikos,AO Kerkyra,1:0
8446123,Superleague,2017-2018,25.02.2018,PAOK Saloniki,Olympiakos Piräus,0:3
8446118,Superleague,2017-2018,26.02.2018,Atromitos,AEK Athen,1:1
8446131,Superleague,2017-2018,03.03.2018,Platanias Chanion,Lamia,1:2
8446128,Superleague,2017-2018,03.03.2018,AO Kerkyra,PAS Giannina,1:1
8446127,Superleague,2017-2018,03.03.2018,Atromitos,Skoda Xanthi,1:0
8446126,Superleague,2017-2018,04.03.2018,Asteras Tripolis,PAOK Saloniki,3:2
8446125,Superleague,2017-2018,04.03.2018,AEK Athen,Panionios GSS,1:0
8446129,Superleague,2017-2018,04.03.2018,Levadiakos,AE Larisa,2:1
8446130,Superleague,2017-2018,04.03.2018,Olympiakos Piräus,Panathinaikos,1:1
8446132,Superleague,2017-2018,05.03.2018,Apollon Smyrnis,Panetolikos,2:1
8446133,Superleague,2017-2018,10.03.2018,AE Larisa,AO Kerkyra,0:0
8446137,Superleague,2017-2018,10.03.2018,Panionios GSS,Atromitos,2:2
8446136,Superleague,2017-2018,10.03.2018,Panathinaikos,Asteras Tripolis,1:1
8446139,Superleague,2017-2018,11.03.2018,Platanias Chanion,Olympiakos Piräus,0:4
8446135,Superleague,2017-2018,11.03.2018,Lamia,Levadiakos,1:1
8446140,Superleague,2017-2018,11.03.2018,Skoda Xanthi,Panetolikos,1:0
8446138,Superleague,2017-2018,11.03.2018,PAOK Saloniki,AEK Athen,0:3
8446134,Superleague,2017-2018,04.04.2018,PAS Giannina,Apollon Smyrnis,0:1
8446146,Superleague,2017-2018,31.03.2018,Panetolikos,PAS Giannina,1:0
8446143,Superleague,2017-2018,31.03.2018,Atromitos,PAOK Saloniki,0:2
8446145,Superleague,2017-2018,31.03.2018,Levadiakos,Olympiakos Piräus,1:1
8446147,Superleague,2017-2018,01.04.2018,Panionios GSS,Skoda Xanthi,0:0
8446144,Superleague,2017-2018,01.04.2018,AO Kerkyra,Lamia,0:0
8446148,Superleague,2017-2018,01.04.2018,Apollon Smyrnis,AE Larisa,3:0
8446141,Superleague,2017-2018,01.04.2018,AEK Athen,Panathinaikos,3:0
8446142,Superleague,2017-2018,02.04.2018,Asteras Tripolis,Platanias Chanion,4:0
8446150,Superleague,2017-2018,14.04.2018,Lamia,Apollon Smyrnis,0:0
8446151,Superleague,2017-2018,14.04.2018,Levadiakos,Asteras Tripolis,1:0
8446154,Superleague,2017-2018,14.04.2018,PAOK Saloniki,Panionios GSS,3:1
8446149,Superleague,2017-2018,15.04.2018,AE Larisa,Panetolikos,4:2
8446153,Superleague,2017-2018,15.04.2018,Panathinaikos,Atromitos,1:0
8446156,Superleague,2017-2018,15.04.2018,Skoda Xanthi,PAS Giannina,3:0
8446155,Superleague,2017-2018,15.04.2018,Platanias Chanion,AEK Athen,0:1
8446152,Superleague,2017-2018,16.04.2018,Olympiakos Piräus,AO Kerkyra,5:1
8446157,Superleague,2017-2018,22.04.2018,AEK Athen,Levadiakos,2:0
8446158,Superleague,2017-2018,22.04.2018,Atromitos,Platanias Chanion,4:1
8446159,Superleague,2017-2018,22.04.2018,PAS Giannina,AE Larisa,0:0
8446160,Superleague,2017-2018,22.04.2018,AO Kerkyra,Asteras Tripolis,1:3
8446161,Superleague,2017-2018,22.04.2018,Panetolikos,Lamia,1:0
8446162,Superleague,2017-2018,22.04.2018,Panionios GSS,Panathinaikos,0:3
8446163,Superleague,2017-2018,22.04.2018,PAOK Saloniki,Skoda Xanthi,2:1
8446164,Superleague,2017-2018,22.04.2018,Apollon Smyrnis,Olympiakos Piräus,1:0
8446165,Superleague,2017-2018,29.04.2018,Asteras Tripolis,Apollon Smyrnis,2:1
8446166,Superleague,2017-2018,29.04.2018,AO Kerkyra,AEK Athen,0:0
8446167,Superleague,2017-2018,29.04.2018,Lamia,PAS Giannina,2:1
8446168,Superleague,2017-2018,29.04.2018,Levadiakos,Atromitos,0:1
8446169,Superleague,2017-2018,29.04.2018,Olympiakos Piräus,Panetolikos,4:0
8446170,Superleague,2017-2018,29.04.2018,Panathinaikos,PAOK Saloniki,0:3
8446171,Superleague,2017-2018,29.04.2018,Platanias Chanion,Panionios GSS,1:2
8446172,Superleague,2017-2018,29.04.2018,Skoda Xanthi,AE Larisa,1:0
8446173,Superleague,2017-2018,05.05.2018,AE Larisa,Lamia,1:1
8446174,Superleague,2017-2018,05.05.2018,Atromitos,AO Kerkyra,4:0
8446179,Superleague,2017-2018,05.05.2018,PAOK Saloniki,Platanias Chanion,3:0
8446180,Superleague,2017-2018,05.05.2018,Apollon Smyrnis,AEK Athen,0:1
8446175,Superleague,2017-2018,06.05.2018,PAS Giannina,Olympiakos Piräus,3:0
8446177,Superleague,2017-2018,06.05.2018,Panetolikos,Asteras Tripolis,0:2
8446178,Superleague,2017-2018,06.05.2018,Panionios GSS,Levadiakos,2:0
8446176,Superleague,2017-2018,07.05.2018,Panathinaikos,Skoda Xanthi,1:2
