GameID,League,Season,Date,HomeTeam,AwayTeam,Result
2444364,Superleague,2015-2016,22.08.2015,AEL Kalloni,AEP Iraklis FC,0:1
2444367,Superleague,2015-2016,22.08.2015,Panthrakikos,Asteras Tripolis,0:2
2444362,Superleague,2015-2016,22.08.2015,AEK Athen,Platanias Chanion,3:0
2444363,Superleague,2015-2016,23.08.2015,Atromitos,Levadiakos,1:0
2444368,Superleague,2015-2016,23.08.2015,PAOK Saloniki,Skoda Xanthi,0:0
2444369,Superleague,2015-2016,23.08.2015,Veria FC,PAS Giannina,1:1
2444365,Superleague,2015-2016,23.08.2015,Olympiakos Piräus,Panionios GSS,3:0
2444366,Superleague,2015-2016,24.08.2015,Panetolikos,Panathinaikos,1:2
2444373,Superleague,2015-2016,29.08.2015,Levadiakos,Olympiakos Piräus,0:2
2444375,Superleague,2015-2016,29.08.2015,Panthrakikos,Veria FC,0:2
2444377,Superleague,2015-2016,29.08.2015,Skoda Xanthi,AEK Athen,0:0
2444370,Superleague,2015-2016,30.08.2015,Asteras Tripolis,Panetolikos,0:2
2444372,Superleague,2015-2016,30.08.2015,AEP Iraklis FC,Panionios GSS,0:1
2444374,Superleague,2015-2016,30.08.2015,Panathinaikos,AEL Kalloni,4:0
2444371,Superleague,2015-2016,30.08.2015,PAS Giannina,PAOK Saloniki,3:1
2444376,Superleague,2015-2016,31.08.2015,Platanias Chanion,Atromitos,1:2
2444381,Superleague,2015-2016,12.09.2015,AEL Kalloni,Asteras Tripolis,1:1
2444385,Superleague,2015-2016,12.09.2015,Veria FC,PAOK Saloniki,0:3
2444382,Superleague,2015-2016,12.09.2015,Olympiakos Piräus,Platanias Chanion,3:1
2444378,Superleague,2015-2016,13.09.2015,AEK Athen,PAS Giannina,3:1
2444379,Superleague,2015-2016,13.09.2015,Atromitos,Skoda Xanthi,0:1
2444383,Superleague,2015-2016,13.09.2015,Panetolikos,Panthrakikos,1:0
2444384,Superleague,2015-2016,13.09.2015,Panionios GSS,Panathinaikos,1:0
2444380,Superleague,2015-2016,14.09.2015,AEP Iraklis FC,Levadiakos,0:1
2444389,Superleague,2015-2016,22.09.2015,Panetolikos,Veria FC,1:1
2444392,Superleague,2015-2016,22.09.2015,Platanias Chanion,AEP Iraklis FC,0:0
2444393,Superleague,2015-2016,22.09.2015,Skoda Xanthi,Olympiakos Piräus,1:3
2444388,Superleague,2015-2016,23.09.2015,Panathinaikos,Levadiakos,3:0
2444386,Superleague,2015-2016,23.09.2015,Asteras Tripolis,Panionios GSS,2:1
2444387,Superleague,2015-2016,23.09.2015,PAS Giannina,Atromitos,1:0
2444390,Superleague,2015-2016,23.09.2015,Panthrakikos,AEL Kalloni,0:0
2444391,Superleague,2015-2016,23.09.2015,PAOK Saloniki,AEK Athen,2:1
2444396,Superleague,2015-2016,26.09.2015,AEL Kalloni,Panetolikos,5:1
2444395,Superleague,2015-2016,26.09.2015,AEP Iraklis FC,Skoda Xanthi,1:1
2444398,Superleague,2015-2016,26.09.2015,Olympiakos Piräus,PAS Giannina,5:1
2444399,Superleague,2015-2016,27.09.2015,Panathinaikos,Platanias Chanion,1:0
2444397,Superleague,2015-2016,27.09.2015,Levadiakos,Asteras Tripolis,2:1
2444400,Superleague,2015-2016,27.09.2015,Panionios GSS,Panthrakikos,1:1
2444394,Superleague,2015-2016,27.09.2015,Atromitos,PAOK Saloniki,1:2
2444401,Superleague,2015-2016,28.09.2015,Veria FC,AEK Athen,1:2
2444407,Superleague,2015-2016,03.10.2015,Panthrakikos,Levadiakos,1:3
2444406,Superleague,2015-2016,03.10.2015,Panetolikos,Panionios GSS,1:5
2444409,Superleague,2015-2016,03.10.2015,Skoda Xanthi,Panathinaikos,0:1
2444402,Superleague,2015-2016,04.10.2015,AEK Athen,Atromitos,1:0
2444404,Superleague,2015-2016,04.10.2015,PAS Giannina,AEP Iraklis FC,2:2
2444405,Superleague,2015-2016,04.10.2015,AEL Kalloni,Veria FC,0:1
2444408,Superleague,2015-2016,04.10.2015,PAOK Saloniki,Olympiakos Piräus,0:2
2444403,Superleague,2015-2016,05.10.2015,Asteras Tripolis,Platanias Chanion,1:1
2444416,Superleague,2015-2016,17.10.2015,Platanias Chanion,Panthrakikos,4:0
2444415,Superleague,2015-2016,17.10.2015,Panionios GSS,AEL Kalloni,2:0
2444413,Superleague,2015-2016,17.10.2015,Olympiakos Piräus,AEK Athen,4:0
2444417,Superleague,2015-2016,18.10.2015,Veria FC,Atromitos,0:1
2444410,Superleague,2015-2016,18.10.2015,Asteras Tripolis,Skoda Xanthi,1:1
2444412,Superleague,2015-2016,18.10.2015,Levadiakos,Panetolikos,2:2
2444411,Superleague,2015-2016,18.10.2015,AEP Iraklis FC,PAOK Saloniki,3:3
2444414,Superleague,2015-2016,19.10.2015,Panathinaikos,PAS Giannina,3:1
2444421,Superleague,2015-2016,24.10.2015,AEL Kalloni,Levadiakos,0:0
2444422,Superleague,2015-2016,24.10.2015,Panetolikos,Platanias Chanion,1:2
2444418,Superleague,2015-2016,24.10.2015,AEK Athen,AEP Iraklis FC,5:1
2444419,Superleague,2015-2016,25.10.2015,Atromitos,Olympiakos Piräus,1:2
2444420,Superleague,2015-2016,25.10.2015,PAS Giannina,Asteras Tripolis,1:2
2444423,Superleague,2015-2016,25.10.2015,Panionios GSS,Veria FC,0:1
2444424,Superleague,2015-2016,25.10.2015,Panthrakikos,Skoda Xanthi,0:0
2444425,Superleague,2015-2016,25.10.2015,PAOK Saloniki,Panathinaikos,3:1
2444429,Superleague,2015-2016,31.10.2015,Levadiakos,Panionios GSS,0:2
2444431,Superleague,2015-2016,31.10.2015,Platanias Chanion,AEL Kalloni,2:1
2444432,Superleague,2015-2016,31.10.2015,Veria FC,Olympiakos Piräus,0:2
2444426,Superleague,2015-2016,01.11.2015,Asteras Tripolis,PAOK Saloniki,2:1
2444427,Superleague,2015-2016,01.11.2015,PAS Giannina,Panthrakikos,2:0
2444433,Superleague,2015-2016,01.11.2015,Skoda Xanthi,Panetolikos,3:1
2444430,Superleague,2015-2016,01.11.2015,Panathinaikos,AEK Athen,0:0
2444428,Superleague,2015-2016,02.11.2015,AEP Iraklis FC,Atromitos,2:0
2444440,Superleague,2015-2016,07.11.2015,Panionios GSS,Platanias Chanion,2:1
2444436,Superleague,2015-2016,07.11.2015,AEL Kalloni,Skoda Xanthi,2:2
2444435,Superleague,2015-2016,07.11.2015,Atromitos,Panathinaikos,1:2
2444438,Superleague,2015-2016,08.11.2015,Olympiakos Piräus,AEP Iraklis FC,2:0
2444437,Superleague,2015-2016,08.11.2015,Levadiakos,Veria FC,1:1
2444441,Superleague,2015-2016,08.11.2015,PAOK Saloniki,Panthrakikos,3:3
2444434,Superleague,2015-2016,08.11.2015,AEK Athen,Asteras Tripolis,0:1
2444439,Superleague,2015-2016,09.11.2015,Panetolikos,PAS Giannina,2:1
2444444,Superleague,2015-2016,21.11.2015,Panathinaikos,Olympiakos Piräus,0:3
2444442,Superleague,2015-2016,21.11.2015,Asteras Tripolis,Atromitos,1:0
2444443,Superleague,2015-2016,21.11.2015,PAS Giannina,AEL Kalloni,2:1
2444446,Superleague,2015-2016,22.11.2015,PAOK Saloniki,Panetolikos,0:0
2444447,Superleague,2015-2016,22.11.2015,Platanias Chanion,Levadiakos,2:1
2444449,Superleague,2015-2016,22.11.2015,Skoda Xanthi,Panionios GSS,2:0
2444445,Superleague,2015-2016,22.11.2015,Panthrakikos,AEK Athen,1:2
2444448,Superleague,2015-2016,23.11.2015,Veria FC,AEP Iraklis FC,0:0
2444451,Superleague,2015-2016,28.11.2015,Atromitos,Panthrakikos,1:2
2444456,Superleague,2015-2016,28.11.2015,Panionios GSS,PAS Giannina,2:0
2444452,Superleague,2015-2016,28.11.2015,AEP Iraklis FC,Panathinaikos,1:0
2444450,Superleague,2015-2016,29.11.2015,AEK Athen,Panetolikos,2:0
2444454,Superleague,2015-2016,29.11.2015,Levadiakos,Skoda Xanthi,1:0
2444457,Superleague,2015-2016,29.11.2015,Platanias Chanion,Veria FC,0:0
2444455,Superleague,2015-2016,29.11.2015,Olympiakos Piräus,Asteras Tripolis,3:1
2444453,Superleague,2015-2016,30.11.2015,AEL Kalloni,PAOK Saloniki,1:3
2444459,Superleague,2015-2016,05.12.2015,Asteras Tripolis,AEP Iraklis FC,1:2
2444465,Superleague,2015-2016,05.12.2015,Skoda Xanthi,Platanias Chanion,0:2
2444462,Superleague,2015-2016,05.12.2015,Panthrakikos,Olympiakos Piräus,3:4
2444463,Superleague,2015-2016,06.12.2015,PAOK Saloniki,Panionios GSS,2:1
2444458,Superleague,2015-2016,06.12.2015,AEK Athen,AEL Kalloni,3:0
2444460,Superleague,2015-2016,06.12.2015,PAS Giannina,Levadiakos,0:1
2444464,Superleague,2015-2016,06.12.2015,Veria FC,Panathinaikos,0:1
2444461,Superleague,2015-2016,07.12.2015,Panetolikos,Atromitos,1:1
2444467,Superleague,2015-2016,12.12.2015,AEP Iraklis FC,Panthrakikos,0:0
2444472,Superleague,2015-2016,12.12.2015,Platanias Chanion,PAS Giannina,0:1
2444471,Superleague,2015-2016,12.12.2015,Panionios GSS,AEK Athen,1:1
2444469,Superleague,2015-2016,13.12.2015,Olympiakos Piräus,Panetolikos,1:0
2444466,Superleague,2015-2016,13.12.2015,Atromitos,AEL Kalloni,1:0
2444473,Superleague,2015-2016,13.12.2015,Skoda Xanthi,Veria FC,1:1
2444470,Superleague,2015-2016,13.12.2015,Panathinaikos,Asteras Tripolis,2:0
2444468,Superleague,2015-2016,14.12.2015,Levadiakos,PAOK Saloniki,0:0
2444475,Superleague,2015-2016,19.12.2015,Atromitos,Panionios GSS,1:0
2444481,Superleague,2015-2016,19.12.2015,Veria FC,Asteras Tripolis,1:0
2444477,Superleague,2015-2016,19.12.2015,AEL Kalloni,Olympiakos Piräus,0:2
2444480,Superleague,2015-2016,20.12.2015,PAOK Saloniki,Platanias Chanion,1:0
2444476,Superleague,2015-2016,20.12.2015,PAS Giannina,Skoda Xanthi,1:1
2444478,Superleague,2015-2016,20.12.2015,Panetolikos,AEP Iraklis FC,2:0
2444479,Superleague,2015-2016,20.12.2015,Panthrakikos,Panathinaikos,1:0
2444474,Superleague,2015-2016,21.12.2015,AEK Athen,Levadiakos,1:2
2444482,Superleague,2015-2016,02.01.2016,Asteras Tripolis,Panthrakikos,4:0
2444483,Superleague,2015-2016,02.01.2016,PAS Giannina,Veria FC,2:0
2444484,Superleague,2015-2016,02.01.2016,AEP Iraklis FC,AEL Kalloni,3:0
2444488,Superleague,2015-2016,03.01.2016,Platanias Chanion,AEK Athen,0:3
2444487,Superleague,2015-2016,03.01.2016,Panionios GSS,Olympiakos Piräus,1:3
2444486,Superleague,2015-2016,04.01.2016,Panathinaikos,Panetolikos,4:2
2444489,Superleague,2015-2016,20.01.2016,Skoda Xanthi,PAOK Saloniki,1:1
2444485,Superleague,2015-2016,17.02.2016,Levadiakos,Atromitos,1:1
2444491,Superleague,2015-2016,09.01.2016,Atromitos,Platanias Chanion,0:0
2444497,Superleague,2015-2016,09.01.2016,Veria FC,Panthrakikos,0:0
2444490,Superleague,2015-2016,09.01.2016,AEK Athen,Skoda Xanthi,2:1
2444496,Superleague,2015-2016,10.01.2016,PAOK Saloniki,PAS Giannina,3:1
2444494,Superleague,2015-2016,10.01.2016,Panetolikos,Asteras Tripolis,2:1
2444495,Superleague,2015-2016,10.01.2016,Panionios GSS,AEP Iraklis FC,1:0
2444493,Superleague,2015-2016,10.01.2016,Olympiakos Piräus,Levadiakos,3:1
2444492,Superleague,2015-2016,11.01.2016,AEL Kalloni,Panathinaikos,0:2
2444505,Superleague,2015-2016,16.01.2016,Skoda Xanthi,Atromitos,2:2
2444502,Superleague,2015-2016,16.01.2016,Panthrakikos,Panetolikos,0:0
2444500,Superleague,2015-2016,16.01.2016,Levadiakos,AEP Iraklis FC,1:1
2444499,Superleague,2015-2016,17.01.2016,PAS Giannina,AEK Athen,0:2
2444498,Superleague,2015-2016,17.01.2016,Asteras Tripolis,AEL Kalloni,3:1
2444503,Superleague,2015-2016,17.01.2016,PAOK Saloniki,Veria FC,2:1
2444501,Superleague,2015-2016,17.01.2016,Panathinaikos,Panionios GSS,0:0
2444504,Superleague,2015-2016,18.01.2016,Platanias Chanion,Olympiakos Piräus,1:1
2444509,Superleague,2015-2016,23.01.2016,AEL Kalloni,Panthrakikos,2:0
2444512,Superleague,2015-2016,23.01.2016,Panionios GSS,Asteras Tripolis,0:0
2444511,Superleague,2015-2016,23.01.2016,Olympiakos Piräus,Skoda Xanthi,1:0
2444510,Superleague,2015-2016,24.01.2016,Levadiakos,Panathinaikos,0:2
2444507,Superleague,2015-2016,24.01.2016,Atromitos,PAS Giannina,0:2
2444513,Superleague,2015-2016,24.01.2016,Veria FC,Panetolikos,0:1
2444506,Superleague,2015-2016,24.01.2016,AEK Athen,PAOK Saloniki,1:0
2444508,Superleague,2015-2016,25.01.2016,AEP Iraklis FC,Platanias Chanion,0:0
2444517,Superleague,2015-2016,30.01.2016,Panetolikos,AEL Kalloni,1:0
2444518,Superleague,2015-2016,30.01.2016,Panthrakikos,Panionios GSS,0:1
2444519,Superleague,2015-2016,30.01.2016,PAOK Saloniki,Atromitos,1:1
2444514,Superleague,2015-2016,31.01.2016,AEK Athen,Veria FC,3:0
2444515,Superleague,2015-2016,31.01.2016,Asteras Tripolis,Levadiakos,2:0
2444520,Superleague,2015-2016,31.01.2016,Platanias Chanion,Panathinaikos,2:3
2444521,Superleague,2015-2016,31.01.2016,Skoda Xanthi,AEP Iraklis FC,2:0
2444516,Superleague,2015-2016,31.01.2016,PAS Giannina,Olympiakos Piräus,0:3
2444528,Superleague,2015-2016,06.02.2016,Platanias Chanion,Asteras Tripolis,2:0
2444524,Superleague,2015-2016,06.02.2016,Levadiakos,Panthrakikos,1:1
2444526,Superleague,2015-2016,06.02.2016,Panathinaikos,Skoda Xanthi,0:1
2444523,Superleague,2015-2016,07.02.2016,AEP Iraklis FC,PAS Giannina,1:0
2444522,Superleague,2015-2016,07.02.2016,Atromitos,AEK Athen,1:0
2444529,Superleague,2015-2016,07.02.2016,Veria FC,AEL Kalloni,2:0
2444525,Superleague,2015-2016,07.02.2016,Olympiakos Piräus,PAOK Saloniki,1:0
2444527,Superleague,2015-2016,08.02.2016,Panionios GSS,Panetolikos,2:0
2444531,Superleague,2015-2016,13.02.2016,Atromitos,Veria FC,0:0
2444535,Superleague,2015-2016,13.02.2016,Panthrakikos,Platanias Chanion,0:2
2444530,Superleague,2015-2016,13.02.2016,AEK Athen,Olympiakos Piräus,1:0
2444532,Superleague,2015-2016,14.02.2016,PAS Giannina,Panathinaikos,0:3
2444533,Superleague,2015-2016,14.02.2016,AEL Kalloni,Panionios GSS,1:1
2444534,Superleague,2015-2016,14.02.2016,Panetolikos,Levadiakos,2:0
2444536,Superleague,2015-2016,14.02.2016,PAOK Saloniki,AEP Iraklis FC,0:1
2444537,Superleague,2015-2016,15.02.2016,Skoda Xanthi,Asteras Tripolis,0:0
2444540,Superleague,2015-2016,20.02.2016,Levadiakos,AEL Kalloni,1:0
2444538,Superleague,2015-2016,20.02.2016,Asteras Tripolis,PAS Giannina,0:0
2444539,Superleague,2015-2016,20.02.2016,AEP Iraklis FC,AEK Athen,1:1
2444541,Superleague,2015-2016,21.02.2016,Olympiakos Piräus,Atromitos,4:0
2444543,Superleague,2015-2016,21.02.2016,Platanias Chanion,Panetolikos,1:1
2444545,Superleague,2015-2016,21.02.2016,Skoda Xanthi,Panthrakikos,1:0
2444542,Superleague,2015-2016,21.02.2016,Panathinaikos,PAOK Saloniki,2:2
2444544,Superleague,2015-2016,22.02.2016,Veria FC,Panionios GSS,1:1
2444548,Superleague,2015-2016,27.02.2016,AEL Kalloni,Platanias Chanion,2:1
2444550,Superleague,2015-2016,27.02.2016,Panetolikos,Skoda Xanthi,2:2
2444553,Superleague,2015-2016,27.02.2016,PAOK Saloniki,Asteras Tripolis,2:0
2444549,Superleague,2015-2016,28.02.2016,Olympiakos Piräus,Veria FC,3:0
2444551,Superleague,2015-2016,28.02.2016,Panionios GSS,Levadiakos,0:2
2444552,Superleague,2015-2016,28.02.2016,Panthrakikos,PAS Giannina,2:4
2444546,Superleague,2015-2016,28.02.2016,AEK Athen,Panathinaikos,1:0
2444547,Superleague,2015-2016,29.02.2016,Atromitos,AEP Iraklis FC,1:0
2444555,Superleague,2015-2016,05.03.2016,PAS Giannina,Panetolikos,2:0
2444559,Superleague,2015-2016,05.03.2016,Platanias Chanion,Panionios GSS,0:0
2444558,Superleague,2015-2016,06.03.2016,Panthrakikos,PAOK Saloniki,2:1
2444560,Superleague,2015-2016,06.03.2016,Veria FC,Levadiakos,0:0
2444561,Superleague,2015-2016,06.03.2016,Skoda Xanthi,AEL Kalloni,0:0
2444557,Superleague,2015-2016,06.03.2016,Panathinaikos,Atromitos,2:0
2444554,Superleague,2015-2016,07.03.2016,Asteras Tripolis,AEK Athen,0:0
2444556,Superleague,2015-2016,06.04.2016,AEP Iraklis FC,Olympiakos Piräus,0:2
2444569,Superleague,2015-2016,12.03.2016,Panionios GSS,Skoda Xanthi,3:0
2444565,Superleague,2015-2016,12.03.2016,AEL Kalloni,PAS Giannina,0:2
2444568,Superleague,2015-2016,12.03.2016,Panetolikos,PAOK Saloniki,0:3
2444563,Superleague,2015-2016,13.03.2016,Atromitos,Asteras Tripolis,2:1
2444564,Superleague,2015-2016,13.03.2016,AEP Iraklis FC,Veria FC,1:1
2444566,Superleague,2015-2016,13.03.2016,Levadiakos,Platanias Chanion,0:3
2444567,Superleague,2015-2016,13.03.2016,Olympiakos Piräus,Panathinaikos,3:1
2444562,Superleague,2015-2016,14.03.2016,AEK Athen,Panthrakikos,3:0
2444577,Superleague,2015-2016,19.03.2016,Skoda Xanthi,Levadiakos,2:2
2444576,Superleague,2015-2016,19.03.2016,Veria FC,Platanias Chanion,0:1
2444572,Superleague,2015-2016,19.03.2016,Panathinaikos,AEP Iraklis FC,4:0
2444573,Superleague,2015-2016,20.03.2016,Panetolikos,AEK Athen,1:0
2444574,Superleague,2015-2016,20.03.2016,Panthrakikos,Atromitos,0:1
2444575,Superleague,2015-2016,20.03.2016,PAOK Saloniki,AEL Kalloni,3:0
2444570,Superleague,2015-2016,20.03.2016,Asteras Tripolis,Olympiakos Piräus,1:2
2444571,Superleague,2015-2016,21.03.2016,PAS Giannina,Panionios GSS,1:1
2444578,Superleague,2015-2016,03.04.2016,Atromitos,Panetolikos,1:0
2444579,Superleague,2015-2016,03.04.2016,AEP Iraklis FC,Asteras Tripolis,0:1
2444580,Superleague,2015-2016,03.04.2016,AEL Kalloni,AEK Athen,0:0
2444581,Superleague,2015-2016,03.04.2016,Levadiakos,PAS Giannina,1:1
2444582,Superleague,2015-2016,03.04.2016,Olympiakos Piräus,Panthrakikos,4:0
2444583,Superleague,2015-2016,03.04.2016,Panathinaikos,Veria FC,3:2
2444584,Superleague,2015-2016,03.04.2016,Panionios GSS,PAOK Saloniki,3:1
2444585,Superleague,2015-2016,03.04.2016,Platanias Chanion,Skoda Xanthi,3:1
2444586,Superleague,2015-2016,10.04.2016,AEK Athen,Panionios GSS,2:0
2444587,Superleague,2015-2016,10.04.2016,Asteras Tripolis,Panathinaikos,0:0
2444588,Superleague,2015-2016,10.04.2016,PAS Giannina,Platanias Chanion,2:0
2444589,Superleague,2015-2016,10.04.2016,AEL Kalloni,Atromitos,2:4
2444590,Superleague,2015-2016,10.04.2016,Panetolikos,Olympiakos Piräus,2:5
2444591,Superleague,2015-2016,10.04.2016,Panthrakikos,AEP Iraklis FC,0:3
2444592,Superleague,2015-2016,10.04.2016,PAOK Saloniki,Levadiakos,2:0
2444593,Superleague,2015-2016,10.04.2016,Veria FC,Skoda Xanthi,1:1
2444594,Superleague,2015-2016,17.04.2016,Asteras Tripolis,Veria FC,2:1
2444595,Superleague,2015-2016,17.04.2016,AEP Iraklis FC,Panetolikos,0:0
2444596,Superleague,2015-2016,17.04.2016,Levadiakos,AEK Athen,3:0
2444597,Superleague,2015-2016,17.04.2016,Olympiakos Piräus,AEL Kalloni,5:0
2444598,Superleague,2015-2016,17.04.2016,Panathinaikos,Panthrakikos,6:1
2444599,Superleague,2015-2016,17.04.2016,Panionios GSS,Atromitos,0:1
2444600,Superleague,2015-2016,17.04.2016,Platanias Chanion,PAOK Saloniki,0:0
2444601,Superleague,2015-2016,17.04.2016,Skoda Xanthi,PAS Giannina,0:1
