GameID,Minute,PlayerIn,PlayerOut,Team
2444364,54,Emiliano Ellacopulos,Nikolaos Kaltsas,AEL Kalloni
2444364,68,Vítor Saba,Fotis Georgiou,AEL Kalloni
2444364,78,Dimitris Bourous,Jiří Kladrubský,AEL Kalloni
2444364,60,Angelos Chanti,Kosmas Tsilianidis,AEP Iraklis FC
2444364,66,Nikolaos Pourtoulidis,Costin Lazăr,AEP Iraklis FC
2444364,82,Nikolaos Ziabaris,Diego Romano,AEP Iraklis FC
2444367,57,Dimitrios Chasomeris,Anastasios Papachristos,Panthrakikos
2444367,71,Sebastián Setti,Athanasios Papageorgiou,Panthrakikos
2444367,83,Georgios Nikoltsis,Rogério Martins,Panthrakikos
2444367,65,Taxiarchis Fountas,Manu Lanzarote,Asteras Tripolis
2444367,75,Elin Dimoutsos,Pablo Mazza,Asteras Tripolis
2444367,88,Ederson,Matías Iglesias,Asteras Tripolis
2444362,52,Hélder Barbosa,Rafik Djebbour,AEK Athen
2444362,65,Dimitrios Anakoglou,Ronald Vargas,AEK Athen
2444362,75,Diego Buonanotte,André Simões,AEK Athen
2444362,56,Athanasios Tsourakis,Konstantinos Mendrinos,Platanias Chanion
2444362,56,Athanasios Dinas,Gilvan Gomes,Platanias Chanion
2444362,71,Fanourios Goundoulakis,Evgen Selin,Platanias Chanion
2444363,69,Nikolaos Lazaridis,Pape MBow,Atromitos
2444363,70,Stefano Napoleoni,Miloš Stojčev,Atromitos
2444363,79,Pitu,Anthony Le Tallec,Atromitos
2444363,64,Petros Giakoumakis,Romeu,Levadiakos
2444363,65,Vladan Milosavljev,Thanasis Moulopoulos,Levadiakos
2444363,79,Ximo Navarro,Christos Mingas,Levadiakos
2444368,25,Kyriakos Savvidis,Gojko Cimirot,PAOK Saloniki
2444368,62,Dimitrios Konstantinidis,Garry Rodrigues,PAOK Saloniki
2444368,78,Ioannis Mystakidis,Kyriakos Savvidis,PAOK Saloniki
2444368,54,Dimosthenis Baxevanidis,Nikolai Dimitrov,Skoda Xanthi
2444368,63,Ovidiu Herea,Pantelis Kapetanos,Skoda Xanthi
2444368,79,Antonis Ranos,Theodoros Vasilakakis,Skoda Xanthi
2444369,61,Giorgi Merebashvili,Branko Ostojić,Veria FC
2444369,72,Andreas Tatos,Radosław Majewski,Veria FC
2444369,87,Dimitrios Manos,Mohamed Youssouf,Veria FC
2444369,67,Euripidis Giakos,Brana Ilić,PAS Giannina
2444369,82,Stamatis Sapalidis,Michalis Manias,PAS Giannina
2444369,90,Chrysovalantis Kozoronis,Cristian Chávez,PAS Giannina
2444365,69,Franco Jara,Alfreð Finnbogason,Olympiakos Piräus
2444365,75,Sebá,Felipe Pardo,Olympiakos Piräus
2444365,87,Mathieu Dossevi,Kostas Fortounis,Olympiakos Piräus
2444365,65,Pavlos Mitropoulos,Emmanouil Siopis,Panionios GSS
2444365,65,Karim Ansarifard,Fiorin Durmishaj,Panionios GSS
2444365,77,Nikolaos Katharios,Anastasios Bakasetas,Panionios GSS
2444366,75,Henri Camara,Marcos Paulo,Panetolikos
2444366,78,Sebastián Rusculleda,Grigoris Makos,Panetolikos
2444366,86,Lucas Villafáñez,Amr Warda,Panetolikos
2444366,74,Sergio Sánchez,Tasos Lagos,Panathinaikos
2444366,75,Mladen Petrić,Sotiris Ninis,Panathinaikos
2444366,83,Nikolaos Kaltsas,Nikolaos Karelis,Panathinaikos
2444373,46,Thanasis Moulopoulos,Dimitrios Macheras,Levadiakos
2444373,68,Ivan Marković,Christos Mingas,Levadiakos
2444373,88,Ximo Navarro,Petros Giakoumakis,Levadiakos
2444373,58,Sebá,Esteban Cambiasso,Olympiakos Piräus
2444373,59,Alejandro Domínguez,Felipe Pardo,Olympiakos Piräus
2444373,72,Mathieu Dossevi,Jimmy Durmaz,Olympiakos Piräus
2444375,46,Georgios Nikoltsis,Christos Tzanis,Panthrakikos
2444375,46,Igor,Dimitrios Chasomeris,Panthrakikos
2444375,84,Anastasios Papachristos,Ioannis Christou,Panthrakikos
2444375,68,Andreas Tatos,Mohamed Youssouf,Veria FC
2444375,74,Vangelis Nastos,Stelios Marangos,Veria FC
2444375,90,Abdisalam Ibrahim,Radosław Majewski,Veria FC
2444377,46,Manolis Papasterianos,Nikolai Dimitrov,Skoda Xanthi
2444377,55,Dimosthenis Baxevanidis,Ovidiu Herea,Skoda Xanthi
2444377,80,Antonis Ranos,Pantelis Kapetanos,Skoda Xanthi
2444377,69,Macauley Chrisantus,Ronald Vargas,AEK Athen
2444377,79,Dimitrios Anakoglou,Hélder Barbosa,AEK Athen
2444377,87,Diego Buonanotte,Christos Aravidis,AEK Athen
2444370,65,Hervaine Moukam,Ritchie Kitoko,Asteras Tripolis
2444370,75,Vasil Shkurti,Pablo Mazza,Asteras Tripolis
2444370,84,Elin Dimoutsos,Matías Iglesias,Asteras Tripolis
2444370,68,Lucas Villafáñez,Amr Warda,Panetolikos
2444370,80,Sebastián Rusculleda,Leandro Kappel,Panetolikos
2444370,86,Stefanos Papoutsogianopoulos,Danny Bejarano,Panetolikos
2444372,24,Nikolaos Pourtoulidis,Costin Lazăr,AEP Iraklis FC
2444372,46,Angelos Chanti,Diego Romano,AEP Iraklis FC
2444372,65,Kerem Bulut,Lefteris Intzoglou,AEP Iraklis FC
2444372,57,Anastasios Karamanos,Karim Ansarifard,Panionios GSS
2444372,68,Valentinos Vlachos,Anastasios Bakasetas,Panionios GSS
2444372,80,Pavlos Mitropoulos,Georgios Masouras,Panionios GSS
2444374,17,Mladen Petrić,Sotiris Ninis,Panathinaikos
2444374,72,Nano,Danijel Pranjić,Panathinaikos
2444374,79,Nikolaos Kaltsas,Nikolaos Karelis,Panathinaikos
2444374,55,Miroslav Markovič,Ugochukwu Ukah,AEL Kalloni
2444374,66,Fotis Georgiou,Rafail Gioukaris,AEL Kalloni
2444374,79,Georgios Xydas,Emiliano Ellacopulos,AEL Kalloni
2444371,71,Euripidis Giakos,Brana Ilić,PAS Giannina
2444371,79,Dimitrios Ferfelis,Michalis Manias,PAS Giannina
2444371,86,Stamatis Sapalidis,Cristian Chávez,PAS Giannina
2444371,60,Garry Rodrigues,Erik Sabo,PAOK Saloniki
2444371,70,Ioannis Mystakidis,Róbert Mak,PAOK Saloniki
2444376,65,Gilvan Gomes,Athanasios Dinas,Platanias Chanion
2444376,77,Konstantinos Mendrinos,Luka Milunović,Platanias Chanion
2444376,85,Fanourios Goundoulakis,Alexandros Apostolopoulos,Platanias Chanion
2444376,46,Anthony Le Tallec,Fernando Godoy,Atromitos
2444376,46,Eduardo Brito,Kyriakos Kivrakidis,Atromitos
2444376,69,Miloš Stojčev,Pitu,Atromitos
2444381,56,Jiří Kladrubský,Vítor Saba,AEL Kalloni
2444381,63,Kenan Bargan,Fotis Georgiou,AEL Kalloni
2444381,82,Stratis Valios,Savvas Tsabouris,AEL Kalloni
2444381,59,Dimitrios Papadopoulos,Pablo Mazza,Asteras Tripolis
2444381,68,Rachid Hamdani,Taxiarchis Fountas,Asteras Tripolis
2444381,81,Tasos Tsokanis,Elin Dimoutsos,Asteras Tripolis
2444385,46,Rodgers Kola,Stefanos Siontis,Veria FC
2444385,46,Abdisalam Ibrahim,Radosław Majewski,Veria FC
2444385,68,Saša Kajkut,Thomas Nazlidis,Veria FC
2444385,46,Dimitrios Konstantinidis,Marin Leovac,PAOK Saloniki
2444385,58,Dimitar Berbatov,Stefanos Athanasiadis,PAOK Saloniki
2444385,72,Erik Sabo,Ergis Kaçe,PAOK Saloniki
2444382,64,Hernâni,Jimmy Durmaz,Olympiakos Piräus
2444382,66,Kostas Fortounis,Alejandro Domínguez,Olympiakos Piräus
2444382,81,David Fuster,Felipe Pardo,Olympiakos Piräus
2444382,58,Bernard Itoua,Evgen Selin,Platanias Chanion
2444382,62,Konstantinos Mendrinos,Azrack Mahamat,Platanias Chanion
2444382,77,Leonardo Ramos,Athanasios Dinas,Platanias Chanion
2444378,57,Christos Aravidis,Macauley Chrisantus,AEK Athen
2444378,63,Ronald Vargas,Diego Buonanotte,AEK Athen
2444378,79,Petros Mantalos,Hélder Barbosa,AEK Athen
2444378,46,Euripidis Giakos,Brana Ilić,PAS Giannina
2444378,67,Dimitrios Ferfelis,Michalis Manias,PAS Giannina
2444378,82,Chrysovalantis Kozoronis,Noé Acosta,PAS Giannina
2444379,55,Fernando Godoy,Pitu,Atromitos
2444379,58,Miloš Stojčev,Javier Umbides,Atromitos
2444379,67,Eduardo Brito,Marcelinho,Atromitos
2444379,46,Pantelis Kapetanos,Nikolai Dimitrov,Skoda Xanthi
2444379,69,Dimosthenis Baxevanidis,Ovidiu Herea,Skoda Xanthi
2444379,90,Dani Nieto,Karim Soltani,Skoda Xanthi
2444383,59,Lucas Villafáñez,Marcos Paulo,Panetolikos
2444383,84,Sebastián Rusculleda,Amr Warda,Panetolikos
2444383,90,Stefanos Papoutsogianopoulos,Leandro Kappel,Panetolikos
2444383,58,Konstantinos Markopoulos,Rogério Martins,Panthrakikos
2444383,84,Konstantinos Zdravos,Ioannis Christou,Panthrakikos
2444384,74,Pavlos Mitropoulos,Anastasios Karamanos,Panionios GSS
2444384,86,Leonardo Villalba,Olivier Boumal,Panionios GSS
2444384,90,Karim Ansarifard,Anastasios Bakasetas,Panionios GSS
2444384,46,Nikos Marinakis,Tasos Lagos,Panathinaikos
2444384,46,Nikolaos Kaltsas,Mladen Petrić,Panathinaikos
2444384,69,Sotiris Ninis,Mehdi Abeid,Panathinaikos
2444380,59,Apostolos Vellios,Kerem Bulut,AEP Iraklis FC
2444380,68,Diego Romano,Dimitrios Stamou,AEP Iraklis FC
2444380,74,Kosmas Tsilianidis,Carlitos,AEP Iraklis FC
2444380,50,Dimitrios Macheras,Lucas Favalli,Levadiakos
2444380,62,Sanel Jahić,Mários Nikolaou,Levadiakos
2444380,82,Giannis Stathis,Ximo Navarro,Levadiakos
2444389,72,Sebastián Rusculleda,Grigoris Makos,Panetolikos
2444389,72,Emiliano Romero,Lucas Villafáñez,Panetolikos
2444389,80,Stelios Vasiliou,Danny Bejarano,Panetolikos
2444389,67,Giorgi Merebashvili,Georgios Georgiadis,Veria FC
2444389,72,Radosław Majewski,Rodgers Kola,Veria FC
2444389,88,Achilleas Poungouras,Neto,Veria FC
2444392,46,Konstantinos Mendrinos,Filip Stanisavljević,Platanias Chanion
2444392,66,Leonardo Ramos,Luka Milunović,Platanias Chanion
2444392,77,Angulo,Konstantinos Pangalos,Platanias Chanion
2444392,54,Giorgos Saramantas,Carlitos,AEP Iraklis FC
2444392,66,Georgios Makris,Nikolaos Pourtoulidis,AEP Iraklis FC
2444392,75,Giannis Loukinas,Apostolos Vellios,AEP Iraklis FC
2444393,63,Ovidiu Herea,Nikolai Dimitrov,Skoda Xanthi
2444393,77,Dani Nieto,Theodoros Vasilakakis,Skoda Xanthi
2444393,81,Antonis Ranos,Pantelis Kapetanos,Skoda Xanthi
2444393,39,Alberto Botía,Manuel Da Costa,Olympiakos Piräus
2444393,69,Pajtim Kasami,Esteban Cambiasso,Olympiakos Piräus
2444393,72,Hernâni,Felipe Pardo,Olympiakos Piräus
2444388,57,Sotiris Ninis,Abdul Ajagun,Panathinaikos
2444388,64,Mehdi Abeid,Danijel Pranjić,Panathinaikos
2444388,71,Tasos Lagos,Georgios Koutroubis,Panathinaikos
2444388,46,Lucas Favalli,Ximo Navarro,Levadiakos
2444388,60,Ivan Marković,Romeu,Levadiakos
2444388,75,Christos Mingas,Thanasis Moulopoulos,Levadiakos
2444386,60,Dimitrios Kourbelis,Vasil Shkurti,Asteras Tripolis
2444386,77,Tasos Tsokanis,Pablo Mazza,Asteras Tripolis
2444386,90,Georgios Zisopoulos,Elin Dimoutsos,Asteras Tripolis
2444386,59,Bruno Chalkiadakis,Anastasios Bakasetas,Panionios GSS
2444386,66,Leonardo Villalba,Georgios Masouras,Panionios GSS
2444386,82,Karim Ansarifard,Emmanouil Siopis,Panionios GSS
2444387,52,Andi Lila,Brana Ilić,PAS Giannina
2444387,74,Dimitrios Ferfelis,Michalis Manias,PAS Giannina
2444387,90,Euripidis Giakos,Cristian Chávez,PAS Giannina
2444387,46,Eduardo Brito,Marcelinho,Atromitos
2444387,46,Stefano Napoleoni,Miloš Stojčev,Atromitos
2444387,67,Giannis Kontoes,Mariano Bíttolo,Atromitos
2444390,66,Walter,Georgios Nikoltsis,Panthrakikos
2444390,83,Sebastián Setti,Rogério Martins,Panthrakikos
2444390,62,Vítor Saba,Emiliano Ellacopulos,AEL Kalloni
2444390,68,Raúl Llorente,Kenan Bargan,AEL Kalloni
2444390,82,Dimitris Bourous,Georgios Manousos,AEL Kalloni
2444391,46,Ergis Kaçe,Erik Sabo,PAOK Saloniki
2444391,58,Dimitar Berbatov,Dimitrios Konstantinidis,PAOK Saloniki
2444391,89,Stelios Malezas,Stefanos Athanasiadis,PAOK Saloniki
2444391,55,Hélder Barbosa,Ronald Vargas,AEK Athen
2444391,67,Petros Mantalos,Diego Buonanotte,AEK Athen
2444391,76,Vangelis Platellas,Dimitrios Anakoglou,AEK Athen
2444396,32,Jiří Kladrubský,Emiliano Ellacopulos,AEL Kalloni
2444396,61,Kenan Bargan,Fotis Georgiou,AEL Kalloni
2444396,69,Dimitris Bourous,Savvas Tsabouris,AEL Kalloni
2444396,29,Emiliano Romero,Grigoris Makos,Panetolikos
2444396,55,Stelios Vasiliou,Marko Markovski,Panetolikos
2444396,65,Amr Warda,Lucas Villafáñez,Panetolikos
2444395,67,Apostolos Vellios,Kosmas Tsilianidis,AEP Iraklis FC
2444395,67,Pavlos Kyriakidis,Diego Romano,AEP Iraklis FC
2444395,89,Angelos Chanti,Giannis Pasas,AEP Iraklis FC
2444395,58,Theodoros Vasilakakis,Pantelis Kapetanos,Skoda Xanthi
2444395,87,Dimosthenis Baxevanidis,Ovidiu Herea,Skoda Xanthi
2444395,90,Christos Lisgaras,Nikolai Dimitrov,Skoda Xanthi
2444398,58,Alfreð Finnbogason,Brown Ideye,Olympiakos Piräus
2444398,58,Hernâni,Kostas Fortounis,Olympiakos Piräus
2444398,67,Dimitrios Kolovos,Sebá,Olympiakos Piräus
2444398,57,Apostolos Skondras,Theodoros Berios,PAS Giannina
2444398,66,Chrysovalantis Kozoronis,Themistoklis Tzimopoulos,PAS Giannina
2444398,76,Euripidis Giakos,Stavros Tsoukalas,PAS Giannina
2444399,58,Mehdi Abeid,Abdul Ajagun,Panathinaikos
2444399,65,Nikolaos Kaltsas,Nikolaos Karelis,Panathinaikos
2444399,90,Konstantinos Triantafyllopoulos,Nano,Panathinaikos
2444399,57,Athanasios Tsourakis,Alexandros Apostolopoulos,Platanias Chanion
2444399,77,Georgios Giakoumakis,Filip Stanisavljević,Platanias Chanion
2444399,83,Fanourios Goundoulakis,Leonardo Ramos,Platanias Chanion
2444397,59,Petros Giakoumakis,Ximo Navarro,Levadiakos
2444397,68,Lucas Favalli,Ivan Marković,Levadiakos
2444397,77,Georgios Theos,Christos Mingas,Levadiakos
2444397,23,Dimitrios Kourbelis,Elin Dimoutsos,Asteras Tripolis
2444397,60,Hervaine Moukam,Khalifa Sankaré,Asteras Tripolis
2444397,83,Georgios Zisopoulos,Brian Lluy,Asteras Tripolis
2444400,71,Bruno Chalkiadakis,Olivier Boumal,Panionios GSS
2444400,77,Christos Tasoulis,Leonardo Villalba,Panionios GSS
2444400,86,Emmanouil Siopis,Anastasios Bakasetas,Panionios GSS
2444400,52,Walter,Konstantinos Markopoulos,Panthrakikos
2444400,67,Stelios Iliadis,Rogério Martins,Panthrakikos
2444400,83,Georgios Nikoltsis,Dimitrios Chasomeris,Panthrakikos
2444394,46,Pitu,Miloš Stojčev,Atromitos
2444394,58,Anthony Le Tallec,Eduardo Brito,Atromitos
2444394,58,Dimitar Berbatov,Dimitrios Konstantinidis,PAOK Saloniki
2444394,64,Jairo,Stefanos Athanasiadis,PAOK Saloniki
2444394,70,Erik Sabo,Miguel Vítor,PAOK Saloniki
2444401,71,Rodgers Kola,Djamel Abdoun,Veria FC
2444401,76,Radosław Majewski,Giorgi Merebashvili,Veria FC
2444401,87,Georgios Georgiadis,Neto,Veria FC
2444401,65,Vangelis Platellas,André Simões,AEK Athen
2444401,75,Macauley Chrisantus,Diego Buonanotte,AEK Athen
2444401,80,Hélder Barbosa,Adam Tzanetopoulos,AEK Athen
2444407,62,Athanasios Papageorgiou,Dimitrios Chasomeris,Panthrakikos
2444407,73,Antonis Ladakis,Walter,Panthrakikos
2444407,85,Konstantinos Markopoulos,Deniz Baykara,Panthrakikos
2444407,66,Zacharias Choneftidis,Lucas Favalli,Levadiakos
2444407,66,Mários Nikolaou,Sanel Jahić,Levadiakos
2444407,76,Georgios Theos,Thanasis Moulopoulos,Levadiakos
2444406,22,Sebastián Rusculleda,Simos Rouboulakos,Panetolikos
2444406,46,Stelios Vasiliou,Danny Bejarano,Panetolikos
2444406,76,Marcos Paulo,Marko Markovski,Panetolikos
2444406,76,Karim Ansarifard,Leonardo Villalba,Panionios GSS
2444406,76,Christos Tasoulis,Vangelis Ikonomou,Panionios GSS
2444406,85,Bruno Chalkiadakis,Anastasios Bakasetas,Panionios GSS
2444409,57,Dimosthenis Baxevanidis,Nikolai Dimitrov,Skoda Xanthi
2444409,64,Christopher,Pantelis Kapetanos,Skoda Xanthi
2444409,86,Dani Nieto,Manolis Bertos,Skoda Xanthi
2444409,58,Nikolaos Karelis,Nikolaos Kaltsas,Panathinaikos
2444409,64,Sergio Sánchez,Stathis Tavlaridis,Panathinaikos
2444409,82,Robin Lod,Abdul Ajagun,Panathinaikos
2444402,60,Diego Buonanotte,Vangelis Platellas,AEK Athen
2444402,80,Macauley Chrisantus,Ronald Vargas,AEK Athen
2444402,88,Cordero,Hélder Barbosa,AEK Athen
2444402,70,Panagiotis Ballas,Usero,Atromitos
2444402,80,Eduardo Brito,Marcelinho,Atromitos
2444402,85,Anthony Le Tallec,Fernando Godoy,Atromitos
2444404,66,Andi Lila,Noé Acosta,PAS Giannina
2444404,80,Nikos Karanikas,Andraž Struna,PAS Giannina
2444404,84,Dimitrios Ferfelis,Michalis Manias,PAS Giannina
2444404,69,Angelos Chanti,Kosmas Tsilianidis,AEP Iraklis FC
2444404,73,Giannis Loukinas,Apostolos Vellios,AEP Iraklis FC
2444404,86,Lefteris Intzoglou,Costin Lazăr,AEP Iraklis FC
2444405,46,Jiří Kladrubský,Vítor Saba,AEL Kalloni
2444405,61,Kenan Bargan,Fotis Georgiou,AEL Kalloni
2444405,72,Raúl Llorente,Savvas Tsabouris,AEL Kalloni
2444405,57,Giorgi Merebashvili,Neto,Veria FC
2444405,69,Saša Kajkut,Thomas Nazlidis,Veria FC
2444405,85,Rodgers Kola,Stefanos Siontis,Veria FC
2444408,28,Stelios Kitsiou,Dimitrios Konstantinidis,PAOK Saloniki
2444408,46,Dimitar Berbatov,Dimitrios Pelkas,PAOK Saloniki
2444408,74,Jairo,Stelios Kitsiou,PAOK Saloniki
2444408,64,Esteban Cambiasso,Kostas Fortounis,Olympiakos Piräus
2444408,68,Alfreð Finnbogason,Brown Ideye,Olympiakos Piräus
2444408,85,Leandro Salino,Omar Elabdellaoui,Olympiakos Piräus
2444403,46,Nico Fernández,Taxiarchis Fountas,Asteras Tripolis
2444403,46,Rachid Hamdani,Matías Iglesias,Asteras Tripolis
2444403,79,Tasos Tsokanis,Ederson,Asteras Tripolis
2444403,46,Leonardo Ramos,Georgios Giakoumakis,Platanias Chanion
2444403,64,Filip Stanisavljević,Juan Munafo,Platanias Chanion
2444403,80,Azrack Mahamat,Ognjen Gnjatić,Platanias Chanion
2444416,73,Juan Munafo,Ognjen Gnjatić,Platanias Chanion
2444416,76,Gilvan Gomes,Athanasios Tsourakis,Platanias Chanion
2444416,83,Alexandros Apostolopoulos,Ousmane Coulibaly,Platanias Chanion
2444416,46,Alfredo Mejía,Stelios Iliadis,Panthrakikos
2444416,62,Antonis Ladakis,Rogério Martins,Panthrakikos
2444416,66,Igor,Javito,Panthrakikos
2444415,59,Karim Ansarifard,Leonardo Villalba,Panionios GSS
2444415,67,Georgios Masouras,Anastasios Karamanos,Panionios GSS
2444415,88,Bruno Chalkiadakis,Anastasios Bakasetas,Panionios GSS
2444415,46,Kenan Bargan,Emiliano Ellacopulos,AEL Kalloni
2444415,71,Raúl Llorente,Anestis Anastasiadis,AEL Kalloni
2444415,85,Jiří Kladrubský,Nikolaos Kaltsas,AEL Kalloni
2444413,65,Felipe Pardo,Jimmy Durmaz,Olympiakos Piräus
2444413,77,Kostas Fortounis,Alejandro Domínguez,Olympiakos Piräus
2444413,79,Hernâni,Sebá,Olympiakos Piräus
2444413,64,Diego Buonanotte,André Simões,AEK Athen
2444413,76,Macauley Chrisantus,Vangelis Platellas,AEK Athen
2444413,83,Cordero,Petros Mantalos,AEK Athen
2444417,55,Rodgers Kola,Radosław Majewski,Veria FC
2444417,55,Thomas Nazlidis,Saša Kajkut,Veria FC
2444417,66,Mohamed Youssouf,Giorgi Merebashvili,Veria FC
2444417,63,Miloš Stojčev,Eduardo Brito,Atromitos
2444417,67,Javier Umbides,Kyriakos Kivrakidis,Atromitos
2444417,83,Alexandros Kouros,Mariano Bíttolo,Atromitos
2444410,57,Khalifa Sankaré,Nico Fernández,Asteras Tripolis
2444410,62,Dimitrios Kourbelis,Vasil Shkurti,Asteras Tripolis
2444410,71,Apostolos Giannou,Rachid Hamdani,Asteras Tripolis
2444410,46,Ovidiu Herea,Adrián Lucero,Skoda Xanthi
2444410,56,Dani Nieto,Dimosthenis Baxevanidis,Skoda Xanthi
2444410,72,Pantelis Kapetanos,Antonis Ranos,Skoda Xanthi
2444412,30,Mários Nikolaou,Theodoros Tripotseris,Levadiakos
2444412,71,Ivan Marković,Lucas Favalli,Levadiakos
2444412,75,Christos Mingas,Milhazes,Levadiakos
2444412,66,Marcos Paulo,Sebastián Rusculleda,Panetolikos
2444412,71,Kevin,Lucas Villafáñez,Panetolikos
2444412,80,Amr Warda,Marko Markovski,Panetolikos
2444411,62,Nikolaos Pourtoulidis,Kerem Bulut,AEP Iraklis FC
2444411,81,Emanuel Perrone,Lefteris Intzoglou,AEP Iraklis FC
2444411,81,Diego Romano,Giorgos Saramantas,AEP Iraklis FC
2444411,62,Stefanos Athanasiadis,Ricardo Costa,PAOK Saloniki
2444411,72,Ergis Kaçe,Dimitrios Pelkas,PAOK Saloniki
2444411,83,Eyal Golasa,Róbert Mak,PAOK Saloniki
2444414,59,Marcus Berg,Nikolaos Karelis,Panathinaikos
2444414,65,Danijel Pranjić,Tasos Lagos,Panathinaikos
2444414,78,Georgios Koutroubis,Abdul Ajagun,Panathinaikos
2444414,69,Nikos Karanikas,Fonsi,PAS Giannina
2444414,73,Michalis Manias,Theodoros Berios,PAS Giannina
2444414,80,Dimitrios Ferfelis,Brana Ilić,PAS Giannina
2444421,83,Dimitris Bourous,Kenan Bargan,AEL Kalloni
2444421,67,Sanel Jahić,Lucas Favalli,Levadiakos
2444421,83,Romeu,Dimitrios Macheras,Levadiakos
2444421,90,Christos Mingas,Ximo Navarro,Levadiakos
2444422,64,Amr Warda,Sebastián Rusculleda,Panetolikos
2444422,78,Henri Camara,Leandro Kappel,Panetolikos
2444422,85,Emiliano Romero,Grigoris Makos,Panetolikos
2444422,68,Gilvan Gomes,Georgios Giakoumakis,Platanias Chanion
2444422,78,Azrack Mahamat,Konstantinos Mendrinos,Platanias Chanion
2444422,85,Alexandros Apostolopoulos,Luka Milunović,Platanias Chanion
2444418,54,Macauley Chrisantus,Christos Aravidis,AEK Athen
2444418,74,Diego Buonanotte,Ronald Vargas,AEK Athen
2444418,84,Cordero,André Simões,AEK Athen
2444418,46,Kerem Bulut,Kosmas Tsilianidis,AEP Iraklis FC
2444418,46,Diego Romano,Giorgos Saramantas,AEP Iraklis FC
2444418,70,Emanuel Perrone,Nikolaos Pourtoulidis,AEP Iraklis FC
2444419,17,Borislav Stoychev,Sokratis Fitanidis,Atromitos
2444419,61,Marcelinho,Eduardo Brito,Atromitos
2444419,69,Miloš Stojčev,Javier Umbides,Atromitos
2444419,72,Hernâni,Felipe Pardo,Olympiakos Piräus
2444419,76,Alejandro Domínguez,Kostas Fortounis,Olympiakos Piräus
2444419,90,Alfreð Finnbogason,Brown Ideye,Olympiakos Piräus
2444420,72,Apostolos Skondras,Alexandros Michail,PAS Giannina
2444420,76,Stamatis Sapalidis,Brana Ilić,PAS Giannina
2444420,84,Dimitrios Ferfelis,Chrysovalantis Kozoronis,PAS Giannina
2444420,46,Manu Lanzarote,Facundo Bertoglio,Asteras Tripolis
2444420,55,Nico Fernández,Elin Dimoutsos,Asteras Tripolis
2444420,85,Fernando Alloco,Apostolos Giannou,Asteras Tripolis
2444423,67,Leonardo Villalba,Anastasios Karamanos,Panionios GSS
2444423,79,Bruno Chalkiadakis,Anastasios Bakasetas,Panionios GSS
2444423,45,Stelios Marangos,Alexandros Vergonis,Veria FC
2444423,60,Mohamed Youssouf,Djamel Abdoun,Veria FC
2444423,87,Radosław Majewski,Neto,Veria FC
2444424,46,Ioannis Christou,Christos Melissis,Panthrakikos
2444424,79,Rogério Martins,Antonis Ladakis,Panthrakikos
2444424,89,Georgios Nikoltsis,Javito,Panthrakikos
2444424,46,Karim Soltani,Panagiotis Triadis,Skoda Xanthi
2444424,60,Nikolai Dimitrov,Dani Nieto,Skoda Xanthi
2444424,72,Christopher,Adrián Lucero,Skoda Xanthi
2444425,30,Dimitrios Pelkas,Dimitar Berbatov,PAOK Saloniki
2444425,70,Charilaos Charisis,Erik Sabo,PAOK Saloniki
2444425,83,Stefanos Athanasiadis,Jairo,PAOK Saloniki
2444425,61,Viktor Klonaridis,Georgios Koutroubis,Panathinaikos
2444425,83,Tasos Lagos,Nikolaos Karelis,Panathinaikos
2444425,83,Mladen Petrić,Mehdi Abeid,Panathinaikos
2444429,57,Petros Giakoumakis,Dimitrios Macheras,Levadiakos
2444429,65,Valeri Domovchiyski,Ximo Navarro,Levadiakos
2444429,81,Christos Mingas,Thanasis Moulopoulos,Levadiakos
2444429,69,Karim Ansarifard,Anastasios Bakasetas,Panionios GSS
2444429,72,Georgios Masouras,Leonardo Villalba,Panionios GSS
2444429,82,Bruno Chalkiadakis,Anastasios Karamanos,Panionios GSS
2444431,64,Athanasios Dinas,Fanourios Goundoulakis,Platanias Chanion
2444431,64,Juan Munafo,Luka Milunović,Platanias Chanion
2444431,73,Bernard Itoua,Evgen Selin,Platanias Chanion
2444431,67,Dimitris Bourous,Kenan Bargan,AEL Kalloni
2444431,75,Michalis Chatzidimitrou,Vítor Saba,AEL Kalloni
2444431,83,Konstantinos Dafkos,Fotis Georgiou,AEL Kalloni
2444432,61,Neto,Thomas Nazlidis,Veria FC
2444432,71,Stefanos Siontis,Pedro Arce,Veria FC
2444432,75,Giorgi Merebashvili,Djamel Abdoun,Veria FC
2444432,46,Hernâni,Felipe Pardo,Olympiakos Piräus
2444432,72,Jimmy Durmaz,Sebá,Olympiakos Piräus
2444432,83,Alfreð Finnbogason,Kostas Fortounis,Olympiakos Piräus
2444426,46,Fernando Alloco,Manu Lanzarote,Asteras Tripolis
2444426,55,Thanasis Panteliadis,Konstantinos Giannoulis,Asteras Tripolis
2444426,79,Pablo Mazza,Dimitrios Papadopoulos,Asteras Tripolis
2444426,46,Stefanos Athanasiadis,Jairo,PAOK Saloniki
2444426,65,Erik Sabo,Marin Leovac,PAOK Saloniki
2444427,82,Euripidis Giakos,Michalis Manias,PAS Giannina
2444427,90,Stamatis Sapalidis,Noé Acosta,PAS Giannina
2444427,90,Apostolos Skondras,Stavros Tsoukalas,PAS Giannina
2444427,46,Deniz Baykara,Javito,Panthrakikos
2444427,60,Rogério Martins,Igor,Panthrakikos
2444427,80,Georgios Nikoltsis,Antonis Ladakis,Panthrakikos
2444433,59,Dani Nieto,Nikolai Dimitrov,Skoda Xanthi
2444433,65,Christopher,Adrián Lucero,Skoda Xanthi
2444433,86,Antonis Ranos,Pantelis Kapetanos,Skoda Xanthi
2444433,73,Sebastián Rusculleda,Leandro Kappel,Panetolikos
2444433,84,Stelios Vasiliou,Dimitrios Koutromanos,Panetolikos
2444430,37,Abdul Ajagun,Tasos Lagos,Panathinaikos
2444430,46,Georgios Koutroubis,Robin Lod,Panathinaikos
2444430,85,Nikolaos Kaltsas,Sotiris Ninis,Panathinaikos
2444430,58,Cordero,Ronald Vargas,AEK Athen
2444430,84,Diego Buonanotte,Hélder Barbosa,AEK Athen
2444428,75,Giannis Loukinas,Apostolos Vellios,AEP Iraklis FC
2444428,81,Paschalis Kassos,Giannis Pasas,AEP Iraklis FC
2444428,86,Manolis Zabazis,Diego Romano,AEP Iraklis FC
2444428,46,Miloš Stojčev,Pitu,Atromitos
2444428,70,Michalis Bastakos,Eduardo Brito,Atromitos
2444428,78,Alexandros Kouros,Mariano Bíttolo,Atromitos
2444440,61,Georgios Masouras,Leonardo Villalba,Panionios GSS
2444440,73,Karim Ansarifard,Anastasios Bakasetas,Panionios GSS
2444440,86,Pavlos Mitropoulos,Anastasios Karamanos,Panionios GSS
2444440,31,Juan Munafo,Ognjen Gnjatić,Platanias Chanion
2444440,69,Athanasios Dinas,Georgios Giakoumakis,Platanias Chanion
2444440,79,Alkis Dimitris,Bernard Itoua,Platanias Chanion
2444436,46,Nikolaos Kaltsas,Jiří Kladrubský,AEL Kalloni
2444436,89,Dimitris Bourous,Raúl Llorente,AEL Kalloni
2444436,13,Dimosthenis Baxevanidis,Karim Soltani,Skoda Xanthi
2444436,60,Wallace,Giannis Zaradoukas,Skoda Xanthi
2444436,72,Dani Nieto,Nikolai Dimitrov,Skoda Xanthi
2444435,66,Dimitris Limnios,Eduardo Brito,Atromitos
2444435,77,Panagiotis Ballas,Kyriakos Kivrakidis,Atromitos
2444435,84,Miloš Stojčev,Marcelinho,Atromitos
2444435,61,Abdul Ajagun,Mehdi Abeid,Panathinaikos
2444435,67,Mladen Petrić,Sotiris Ninis,Panathinaikos
2444435,85,Nano,Robin Lod,Panathinaikos
2444438,64,Hernâni,Felipe Pardo,Olympiakos Piräus
2444438,64,Sebá,Jimmy Durmaz,Olympiakos Piräus
2444438,70,Alfreð Finnbogason,Brown Ideye,Olympiakos Piräus
2444438,68,Paschalis Kassos,Pavlos Kyriakidis,AEP Iraklis FC
2444438,74,Kosmas Tsilianidis,Diego Romano,AEP Iraklis FC
2444438,89,Giannis Tsotras,Georgios Makris,AEP Iraklis FC
2444437,9,Konstantinos Manolas,Milhazes,Levadiakos
2444437,71,Romeu,Dimitrios Macheras,Levadiakos
2444437,86,Valeri Domovchiyski,Christos Mingas,Levadiakos
2444437,60,Mohamed Youssouf,Giorgi Merebashvili,Veria FC
2444437,71,Rodgers Kola,Saša Kajkut,Veria FC
2444437,87,Branko Ostojić,Thomas Nazlidis,Veria FC
2444441,46,Stefanos Athanasiadis,Jairo,PAOK Saloniki
2444441,74,Giorgos Tzavellas,Stelios Kitsiou,PAOK Saloniki
2444441,85,Nikos Korovesis,Giannis Skondras,PAOK Saloniki
2444441,46,Javito,Rogério Martins,Panthrakikos
2444441,59,Sebastián Setti,Antonis Ladakis,Panthrakikos
2444441,68,Walter,Dimitrios Chasomeris,Panthrakikos
2444434,70,Diego Buonanotte,Hélder Barbosa,AEK Athen
2444434,70,Macauley Chrisantus,Christos Aravidis,AEK Athen
2444434,84,Cordero,Petros Mantalos,AEK Athen
2444434,63,Elin Dimoutsos,Matías Iglesias,Asteras Tripolis
2444434,68,Nico Fernández,Manu Lanzarote,Asteras Tripolis
2444434,85,Taxiarchis Fountas,Pablo Mazza,Asteras Tripolis
2444439,71,Simos Rouboulakos,Sebastián Rusculleda,Panetolikos
2444439,76,Wouter Corstjens,Leandro Kappel,Panetolikos
2444439,87,Panagiotis Konstantinopoulos,Stefanos Papoutsogianopoulos,Panetolikos
2444439,54,Michalis Manias,Stavros Tsoukalas,PAS Giannina
2444439,61,Andi Lila,Nikos Karanikas,PAS Giannina
2444439,77,Antonis Iliadis,Noé Acosta,PAS Giannina
2444442,63,Nico Fernández,Manu Lanzarote,Asteras Tripolis
2444442,72,Apostolos Giannou,Dimitrios Papadopoulos,Asteras Tripolis
2444442,84,Taxiarchis Fountas,Pablo Mazza,Asteras Tripolis
2444442,55,Panagiotis Ballas,Fernando Godoy,Atromitos
2444442,63,Miloš Stojčev,Marcelinho,Atromitos
2444442,90,Michalis Bastakos,Eduardo Brito,Atromitos
2444443,75,Iraklis Garoufalias,Chrysovalantis Kozoronis,PAS Giannina
2444443,82,Euripidis Giakos,Michalis Manias,PAS Giannina
2444443,90,Antonis Iliadis,Cristian Chávez,PAS Giannina
2444443,60,Raúl Llorente,Krzysztof Król,AEL Kalloni
2444443,69,Daniel Adejo,Panagiotis Spyropoulos,AEL Kalloni
2444443,78,Jiří Kladrubský,Vítor Saba,AEL Kalloni
2444446,56,Dimitrios Pelkas,Stefanos Athanasiadis,PAOK Saloniki
2444446,71,Ioannis Mystakidis,Stelios Kitsiou,PAOK Saloniki
2444446,85,Jairo,Eyal Golasa,PAOK Saloniki
2444446,32,Sebastián Rusculleda,Stefanos Papoutsogianopoulos,Panetolikos
2444446,79,Dimitrios Koutromanos,Lucas Villafáñez,Panetolikos
2444446,90,Wouter Corstjens,Sebastián Rusculleda,Panetolikos
2444447,55,Leonardo Ramos,Filip Stanisavljević,Platanias Chanion
2444447,78,Athanasios Dinas,Luka Milunović,Platanias Chanion
2444447,84,Alexandros Apostolopoulos,Georgios Giakoumakis,Platanias Chanion
2444447,60,Antonis Mangas,Georgios Theos,Levadiakos
2444447,74,Ximo Navarro,Mários Nikolaou,Levadiakos
2444447,82,Mattheos Kapsaskis,Theodoros Tripotseris,Levadiakos
2444449,22,Nikolai Dimitrov,Wallace,Skoda Xanthi
2444449,38,Panagiotis Triadis,Dani Nieto,Skoda Xanthi
2444449,78,Pavol Farkaš,Elton,Skoda Xanthi
2444449,46,Karim Ansarifard,Emmanouil Siopis,Panionios GSS
2444449,55,Pavlos Mitropoulos,Anastasios Karamanos,Panionios GSS
2444449,63,Georgios Masouras,Olivier Boumal,Panionios GSS
2444445,35,Mavroudis Bougaidis,Christos Melissis,Panthrakikos
2444445,46,Rogério Martins,Walter,Panthrakikos
2444445,63,Georgios Nikoltsis,Antonis Ladakis,Panthrakikos
2444445,74,Cordero,Petros Mantalos,AEK Athen
2444445,74,Vassilios Lambropoulos,Hélder Barbosa,AEK Athen
2444445,85,Rafik Djebbour,Christos Aravidis,AEK Athen
2444448,46,Djamel Abdoun,Giorgi Merebashvili,Veria FC
2444448,61,Mohamed Youssouf,Saša Kajkut,Veria FC
2444448,81,Rodgers Kola,Pedro Arce,Veria FC
2444448,46,Kerem Bulut,Pavlos Kyriakidis,AEP Iraklis FC
2444448,68,Nikolaos Ziabaris,Georgios Makris,AEP Iraklis FC
2444448,77,Giannis Pasas,Kosmas Tsilianidis,AEP Iraklis FC
2444451,46,Marcelinho,Anthony Le Tallec,Atromitos
2444451,46,Usero,Mariano Bíttolo,Atromitos
2444451,72,Miloš Stojčev,Kyriakos Kivrakidis,Atromitos
2444451,36,Savvas Moudouroglou,Dimitrios Chasomeris,Panthrakikos
2444451,64,Sebastián Setti,Rogério Martins,Panthrakikos
2444451,66,Stelios Iliadis,Antonis Ladakis,Panthrakikos
2444456,82,Anastasios Karamanos,Karim Ansarifard,Panionios GSS
2444456,85,Pavlos Mitropoulos,Anastasios Bakasetas,Panionios GSS
2444456,88,Bruno Chalkiadakis,Olivier Boumal,Panionios GSS
2444456,68,Antonis Iliadis,Brana Ilić,PAS Giannina
2444456,71,Euripidis Giakos,Stavros Tsoukalas,PAS Giannina
2444456,74,Stamatis Sapalidis,Noé Acosta,PAS Giannina
2444452,76,Angelos Chanti,Kerem Bulut,AEP Iraklis FC
2444452,87,Emanuel Perrone,Diego Romano,AEP Iraklis FC
2444452,58,Sotiris Ninis,Abdul Ajagun,Panathinaikos
2444452,73,Nikos Marinakis,Konstantinos Triantafyllopoulos,Panathinaikos
2444452,86,Viktor Klonaridis,Mehdi Abeid,Panathinaikos
2444450,60,Vangelis Platellas,Diego Buonanotte,AEK Athen
2444450,69,Rafik Djebbour,Christos Aravidis,AEK Athen
2444450,85,Vassilios Lambropoulos,Arzo,AEK Athen
2444450,60,Sebastián Rusculleda,Leandro Kappel,Panetolikos
2444450,69,Dimitrios Koutromanos,Amr Warda,Panetolikos
2444450,81,Anastasios Zarkadas,Georgios Mygas,Panetolikos
2444454,33,Panagiotis Tsintotas,Sergey Veremko,Levadiakos
2444454,49,Christos Mingas,Lucas Favalli,Levadiakos
2444454,78,Ximo Navarro,Valeri Domovchiyski,Levadiakos
2444454,46,Manolis Papasterianos,Giannis Zaradoukas,Skoda Xanthi
2444454,46,Pantelis Kapetanos,Antonis Ranos,Skoda Xanthi
2444454,68,Panagiotis Triadis,Nikolai Dimitrov,Skoda Xanthi
2444457,45,Antonis Kokkalas,Dimitrios Sotiriou,Platanias Chanion
2444457,45,Athanasios Dinas,Ognjen Gnjatić,Platanias Chanion
2444457,65,Leonardo Ramos,Georgios Giakoumakis,Platanias Chanion
2444457,62,Giorgi Merebashvili,Djamel Abdoun,Veria FC
2444457,72,Rodgers Kola,Thomas Nazlidis,Veria FC
2444457,90,Stelios Marangos,Radosław Majewski,Veria FC
2444455,46,David Fuster,Pajtim Kasami,Olympiakos Piräus
2444455,61,Hernâni,Sebá,Olympiakos Piräus
2444455,73,Alejandro Domínguez,Jimmy Durmaz,Olympiakos Piräus
2444455,66,Taxiarchis Fountas,Nico Fernández,Asteras Tripolis
2444455,70,Rachid Hamdani,Matías Iglesias,Asteras Tripolis
2444455,82,Apostolos Giannou,Pablo Mazza,Asteras Tripolis
2444453,80,Miroslav Markovič,Vítor Saba,AEL Kalloni
2444453,86,Alexandros Chintaseli,Raúl Llorente,AEL Kalloni
2444453,89,Rafail Gioukaris,Nikolaos Kaltsas,AEL Kalloni
2444453,59,Ioannis Mystakidis,Marin Leovac,PAOK Saloniki
2444453,65,Eyal Golasa,Dimitrios Pelkas,PAOK Saloniki
2444453,80,Dimitrios Konstantinidis,Róbert Mak,PAOK Saloniki
2444459,63,Taxiarchis Fountas,Nico Fernández,Asteras Tripolis
2444459,72,Dimitrios Papadopoulos,Manu Lanzarote,Asteras Tripolis
2444459,81,Elin Dimoutsos,Dimitrios Kourbelis,Asteras Tripolis
2444459,46,Carlitos,Giorgos Saramantas,AEP Iraklis FC
2444459,55,Manolis Zabazis,Aristotelis Karasalidis,AEP Iraklis FC
2444459,80,Angelos Chanti,Emanuel Perrone,AEP Iraklis FC
2444465,46,Petros Orfanidis,Elton,Skoda Xanthi
2444465,53,Dani Nieto,Nikolai Dimitrov,Skoda Xanthi
2444465,70,Panagiotis Triadis,Giannis Zaradoukas,Skoda Xanthi
2444465,46,Bernard Itoua,Evgen Selin,Platanias Chanion
2444465,75,Athanasios Dinas,Luka Milunović,Platanias Chanion
2444465,89,Gilvan Gomes,Angulo,Platanias Chanion
2444462,58,Stelios Iliadis,Savvas Moudouroglou,Panthrakikos
2444462,76,Konstantinos Markopoulos,Theocharis Psaltis,Panthrakikos
2444462,82,Georgios Nikoltsis,Javito,Panthrakikos
2444462,67,Sebá,Hernâni,Olympiakos Piräus
2444462,71,Alejandro Domínguez,Kostas Fortounis,Olympiakos Piräus
2444462,79,Alberto Botía,Manuel Da Costa,Olympiakos Piräus
2444463,46,Ergis Kaçe,Eyal Golasa,PAOK Saloniki
2444463,55,Erik Sabo,Dimitrios Pelkas,PAOK Saloniki
2444463,60,Dimitrios Konstantinidis,Miguel Vítor,PAOK Saloniki
2444463,54,Bruno Chalkiadakis,Anastasios Karamanos,Panionios GSS
2444463,74,Nikolaos Katharios,Georgios Masouras,Panionios GSS
2444463,83,Leonardo Villalba,Panagiotis Korbos,Panionios GSS
2444458,63,Ronald Vargas,Vangelis Platellas,AEK Athen
2444458,76,Petros Mantalos,Rafik Djebbour,AEK Athen
2444458,89,Cordero,Jakob Johansson,AEK Athen
2444458,65,Ugochukwu Ukah,Daniel Adejo,AEL Kalloni
2444458,65,Georgios Xydas,Alexandros Chintaseli,AEL Kalloni
2444458,84,Kyriakos Evangelidakis,Raúl Llorente,AEL Kalloni
2444460,57,Andi Lila,Euripidis Giakos,PAS Giannina
2444460,71,Stamatis Sapalidis,Iraklis Garoufalias,PAS Giannina
2444460,81,Dimitrios Ferfelis,Noé Acosta,PAS Giannina
2444460,76,Antonis Mangas,Dimitrios Macheras,Levadiakos
2444460,78,Mattheos Kapsaskis,Valeri Domovchiyski,Levadiakos
2444460,90,Marius Topi,Christos Mingas,Levadiakos
2444464,60,Roberto Battión,Rodgers Kola,Veria FC
2444464,83,Georgios Georgiadis,Radosław Majewski,Veria FC
2444464,88,Saša Kajkut,Abdisalam Ibrahim,Veria FC
2444464,64,Viktor Klonaridis,Mladen Petrić,Panathinaikos
2444464,76,Abdul Ajagun,Mehdi Abeid,Panathinaikos
2444461,72,Dimitrios Chantakias,Anastasios Papazoglou,Panetolikos
2444461,77,Danny Bejarano,Sebastián Rusculleda,Panetolikos
2444461,87,Stelios Vasiliou,Dimitrios Koutromanos,Panetolikos
2444461,72,Pitu,Michalis Bastakos,Atromitos
2444461,83,Borislav Stoychev,Dimitris Limnios,Atromitos
2444461,90,Panagiotis Ballas,Eduardo Brito,Atromitos
2444467,56,Pavlos Kyriakidis,Carlitos,AEP Iraklis FC
2444467,56,Nikolaos Pourtoulidis,Manolis Zabazis,AEP Iraklis FC
2444467,78,Giannis Pasas,Angelos Chanti,AEP Iraklis FC
2444467,46,Antonis Ladakis,Stelios Iliadis,Panthrakikos
2444467,66,Dimitrios Chasomeris,Javito,Panthrakikos
2444467,81,Igor,Rogério Martins,Panthrakikos
2444472,46,Athanasios Dinas,Luka Milunović,Platanias Chanion
2444472,60,Ognjen Gnjatić,Juan Munafo,Platanias Chanion
2444472,68,Konstantinos Pangalos,Yaya Banana,Platanias Chanion
2444472,58,Antonis Iliadis,Brana Ilić,PAS Giannina
2444472,88,Chrysovalantis Kozoronis,Michalis Manias,PAS Giannina
2444472,90,Apostolos Skondras,Euripidis Giakos,PAS Giannina
2444471,64,Anastasios Karamanos,Anastasios Bakasetas,Panionios GSS
2444471,79,Leonardo Villalba,Georgios Masouras,Panionios GSS
2444471,88,Pavlos Mitropoulos,Panagiotis Korbos,Panionios GSS
2444471,70,Vassilios Lambropoulos,Hélder Barbosa,AEK Athen
2444471,86,Aristides Soiledis,Rafik Djebbour,AEK Athen
2444469,73,Felipe Pardo,Alejandro Domínguez,Olympiakos Piräus
2444469,73,Sebá,Jimmy Durmaz,Olympiakos Piräus
2444469,45,Manolis Stefanakos,Dimitrios Chantakias,Panetolikos
2444469,70,Dimitrios Koutromanos,Stelios Vasiliou,Panetolikos
2444469,87,Henri Camara,Sebastián Rusculleda,Panetolikos
2444466,46,Pitu,Michalis Bastakos,Atromitos
2444466,59,Marcelinho,Dimitris Limnios,Atromitos
2444466,77,Anthony Le Tallec,Alexandros Kouros,Atromitos
2444466,15,Krzysztof Król,Raúl Llorente,AEL Kalloni
2444466,71,Emiliano Ellacopulos,Vítor Saba,AEL Kalloni
2444466,80,Daniel Adejo,Kenan Bargan,AEL Kalloni
2444473,67,Ovidiu Herea,Theodoros Vasilakakis,Skoda Xanthi
2444473,67,Pantelis Kapetanos,Antonis Ranos,Skoda Xanthi
2444473,71,Panagiotis Triadis,Karim Soltani,Skoda Xanthi
2444473,80,Stefanos Siontis,Saša Kajkut,Veria FC
2444473,90,Stelios Marangos,Neto,Veria FC
2444473,90,Rodgers Kola,Thomas Nazlidis,Veria FC
2444470,46,Nikolaos Kaltsas,Mehdi Abeid,Panathinaikos
2444470,78,Nikos Marinakis,Jens Wemmer,Panathinaikos
2444470,87,Stathis Tavlaridis,Mladen Petrić,Panathinaikos
2444470,59,Rachid Hamdani,Facundo Bertoglio,Asteras Tripolis
2444470,69,Fernando Alloco,Nico Fernández,Asteras Tripolis
2444470,76,Dimitrios Papadopoulos,Dudu,Asteras Tripolis
2444468,77,Mattheos Kapsaskis,Valeri Domovchiyski,Levadiakos
2444468,86,Sanel Jahić,Christos Mingas,Levadiakos
2444468,90,Marius Topi,Petros Giakoumakis,Levadiakos
2444468,46,Ioannis Mystakidis,Garry Rodrigues,PAOK Saloniki
2444468,68,Dimitar Berbatov,Stefanos Athanasiadis,PAOK Saloniki
2444468,80,Dimitrios Pelkas,Erik Sabo,PAOK Saloniki
2444475,46,Giannis Kontoes,Sokratis Fitanidis,Atromitos
2444475,60,Anthony Le Tallec,Usero,Atromitos
2444475,76,Alexandros Kouros,Marcelinho,Atromitos
2444475,84,Bruno Chalkiadakis,Karim Ansarifard,Panionios GSS
2444475,90,Leonardo Villalba,Emmanouil Siopis,Panionios GSS
2444481,75,Stefanos Siontis,Radosław Majewski,Veria FC
2444481,87,Vangelis Nastos,Georgios Georgiadis,Veria FC
2444481,90,Saša Kajkut,Rodgers Kola,Veria FC
2444481,64,Taxiarchis Fountas,Dimitrios Kourbelis,Asteras Tripolis
2444481,78,Rachid Hamdani,Nico Fernández,Asteras Tripolis
2444481,88,Elin Dimoutsos,Matías Iglesias,Asteras Tripolis
2444477,37,Nikolaos Mallis,Vítor Saba,AEL Kalloni
2444477,73,Rafail Gioukaris,Emiliano Ellacopulos,AEL Kalloni
2444477,79,Paul Were,Georgios Xydas,AEL Kalloni
2444477,74,Kostas Tsimikas,Omar Elabdellaoui,Olympiakos Piräus
2444477,80,David Fuster,Luka Milivojević,Olympiakos Piräus
2444477,81,Dimitrios Kolovos,Alejandro Domínguez,Olympiakos Piräus
2444480,24,Giannis Skondras,Dimitrios Konstantinidis,PAOK Saloniki
2444480,62,Nikolaos Melissas,Robin Olsen,PAOK Saloniki
2444480,70,Dimitar Berbatov,Dimitrios Pelkas,PAOK Saloniki
2444480,71,Angulo,Luka Milunović,Platanias Chanion
2444480,78,Athanasios Dinas,Bernard Itoua,Platanias Chanion
2444480,86,Konstantinos Pangalos,Konstantinos Mendrinos,Platanias Chanion
2444476,72,Andi Lila,Antonis Iliadis,PAS Giannina
2444476,82,Stamatis Sapalidis,Euripidis Giakos,PAS Giannina
2444476,90,Chrysovalantis Kozoronis,Nikos Karanikas,PAS Giannina
2444476,54,Ovidiu Herea,Theodoros Vasilakakis,Skoda Xanthi
2444476,67,Pantelis Kapetanos,Antonis Ranos,Skoda Xanthi
2444476,78,Petros Orfanidis,Hristos Karipidis,Skoda Xanthi
2444478,82,Dimitrios Koutromanos,Anastasios Papazoglou,Panetolikos
2444478,82,Henri Camara,Sebastián Rusculleda,Panetolikos
2444478,90,Panagiotis Konstantinopoulos,Amr Warda,Panetolikos
2444478,39,Dimitrios Stamou,Aristotelis Karasalidis,AEP Iraklis FC
2444478,59,Nikolaos Pourtoulidis,Giannis Pasas,AEP Iraklis FC
2444478,79,Giannis Loukinas,Emanuel Perrone,AEP Iraklis FC
2444479,46,Javito,Dimitrios Chasomeris,Panthrakikos
2444479,56,Ioannis Christou,Sofyane Cherfa,Panthrakikos
2444479,86,Igor,Rogério Martins,Panthrakikos
2444479,64,Abdul Ajagun,Nano,Panathinaikos
2444479,86,Mehdi Abeid,Nikolaos Kaltsas,Panathinaikos
2444479,88,Mladen Petrić,Viktor Klonaridis,Panathinaikos
2444474,71,Vangelis Platellas,Diego Buonanotte,AEK Athen
2444474,72,Ronald Vargas,Hélder Barbosa,AEK Athen
2444474,85,Aristides Soiledis,Dídac Vilà,AEK Athen
2444474,46,Kostas Pappas,Christos Mingas,Levadiakos
2444474,73,Sanel Jahić,Valeri Domovchiyski,Levadiakos
2444474,87,Mattheos Kapsaskis,Mários Nikolaou,Levadiakos
2444482,69,Elin Dimoutsos,Nico Fernández,Asteras Tripolis
2444482,78,Tasos Tsokanis,Manu Lanzarote,Asteras Tripolis
2444482,80,Dimitrios Papadopoulos,Apostolos Giannou,Asteras Tripolis
2444482,46,Walter,Javito,Panthrakikos
2444482,57,Igor,Dimitrios Chasomeris,Panthrakikos
2444482,66,Savvas Moudouroglou,Antonis Ladakis,Panthrakikos
2444483,72,Andi Lila,Antonis Iliadis,PAS Giannina
2444483,81,Theodoros Berios,Euripidis Giakos,PAS Giannina
2444483,87,Fonsi,Noé Acosta,PAS Giannina
2444483,70,Saša Kajkut,Iván Malón,Veria FC
2444483,81,Dimitrios Melikiotis,Radosław Majewski,Veria FC
2444483,87,Stefanos Siontis,Rodgers Kola,Veria FC
2444484,56,Emanuel Perrone,Giannis Pasas,AEP Iraklis FC
2444484,77,Giannis Loukinas,Apostolos Vellios,AEP Iraklis FC
2444484,85,Manolis Zabazis,Diego Romano,AEP Iraklis FC
2444484,46,Panagiotis Spyropoulos,Krzysztof Król,AEL Kalloni
2444484,60,Kenan Bargan,Paul Were,AEL Kalloni
2444484,78,Emiliano Ellacopulos,Miroslav Markovič,AEL Kalloni
2444488,46,Leonardo Ramos,Angulo,Platanias Chanion
2444488,63,Fanourios Goundoulakis,Athanasios Dinas,Platanias Chanion
2444488,78,Gilvan Gomes,Luka Milunović,Platanias Chanion
2444488,67,Vassilios Lambropoulos,Ronald Vargas,AEK Athen
2444488,68,Rafik Djebbour,Hélder Barbosa,AEK Athen
2444488,84,Cordero,Jakob Johansson,AEK Athen
2444487,68,Bruno Chalkiadakis,Georgios Masouras,Panionios GSS
2444487,81,Pavlos Mitropoulos,Panagiotis Korbos,Panionios GSS
2444487,81,Fiorin Durmishaj,Karim Ansarifard,Panionios GSS
2444487,67,Felipe Pardo,Pajtim Kasami,Olympiakos Piräus
2444487,77,Esteban Cambiasso,Alejandro Domínguez,Olympiakos Piräus
2444487,87,Sebá,Jimmy Durmaz,Olympiakos Piräus
2444486,63,Nikolaos Kaltsas,Viktor Klonaridis,Panathinaikos
2444486,76,Tasos Lagos,Mladen Petrić,Panathinaikos
2444486,83,Marcus Berg,Nikolaos Karelis,Panathinaikos
2444486,79,Stelios Vasiliou,Lucas Villafáñez,Panetolikos
2444486,81,Dimitrios Koutromanos,Georgios Mygas,Panetolikos
2444486,87,Henri Camara,Kevin,Panetolikos
2444489,60,Panagiotis Triadis,Dani Nieto,Skoda Xanthi
2444489,63,Ovidiu Herea,Theodoros Vasilakakis,Skoda Xanthi
2444489,71,Vasil Shkurti,Pantelis Kapetanos,Skoda Xanthi
2444489,46,Miguel Vítor,Erik Sabo,PAOK Saloniki
2444489,59,Garry Rodrigues,Dimitrios Pelkas,PAOK Saloniki
2444489,87,Jairo,Ioannis Mystakidis,PAOK Saloniki
2444485,46,Marius Topi,Valeri Domovchiyski,Levadiakos
2444485,60,Mattheos Kapsaskis,Abdul Ajagun,Levadiakos
2444485,69,Chahir Belghazouani,Mohamed Ben Nabouhane,Levadiakos
2444485,69,Dimitrios Grontis,Cosmin Matei,Atromitos
2444485,80,Dimitrios Papadopoulos,Miloš Stojčev,Atromitos
2444485,87,Dimitris Limnios,Giannis Kontoes,Atromitos
2444491,63,Marcelinho,Eduardo Brito,Atromitos
2444491,75,Dimitris Limnios,Pitu,Atromitos
2444491,85,Michalis Bastakos,Anthony Le Tallec,Atromitos
2444491,67,Filip Stanisavljević,Luka Milunović,Platanias Chanion
2444491,72,Alkis Dimitris,Evgen Selin,Platanias Chanion
2444491,87,Alexandros Apostolopoulos,Angulo,Platanias Chanion
2444497,60,Djamel Abdoun,Radosław Majewski,Veria FC
2444497,76,Vangelis Nastos,Branko Ostojić,Veria FC
2444497,81,Saša Kajkut,Rodgers Kola,Veria FC
2444497,53,Igor,Rogério Martins,Panthrakikos
2444497,58,Dimitrios Chasomeris,Walter,Panthrakikos
2444497,74,Stelios Iliadis,Antonis Ladakis,Panthrakikos
2444490,71,Jakob Johansson,Ronald Vargas,AEK Athen
2444490,72,Dimitrios Kolovetsios,Petros Mantalos,AEK Athen
2444490,79,Rafik Djebbour,Hélder Barbosa,AEK Athen
2444490,29,Hristos Karipidis,Dimitrios Goutas,Skoda Xanthi
2444490,58,Pantelis Kapetanos,Ovidiu Herea,Skoda Xanthi
2444490,70,Nikolai Dimitrov,Dani Nieto,Skoda Xanthi
2444496,69,Eyal Golasa,Charilaos Charisis,PAOK Saloniki
2444496,74,Dimitar Berbatov,Róbert Mak,PAOK Saloniki
2444496,78,Ioannis Mystakidis,Jairo,PAOK Saloniki
2444496,46,Noé Acosta,Andraž Struna,PAS Giannina
2444496,60,Michalis Manias,Brana Ilić,PAS Giannina
2444496,71,Chrysovalantis Kozoronis,Iraklis Garoufalias,PAS Giannina
2444494,72,Leandro Kappel,Sebastián Rusculleda,Panetolikos
2444494,79,Stathis Vasiloudis,Lucas Villafáñez,Panetolikos
2444494,89,Dimitrios Koutromanos,Marcos Paulo,Panetolikos
2444494,67,Dimitrios Kourbelis,Matías Iglesias,Asteras Tripolis
2444494,67,Dimitrios Papadopoulos,Nico Fernández,Asteras Tripolis
2444494,77,Tasos Tsokanis,Taxiarchis Fountas,Asteras Tripolis
2444495,79,Nikolaos Katharios,Anastasios Karamanos,Panionios GSS
2444495,86,Bruno Chalkiadakis,Karim Ansarifard,Panionios GSS
2444495,90,Vasilios Patsatzoglou,Anastasios Bakasetas,Panionios GSS
2444495,46,Giannis Tsotras,Lefteris Intzoglou,AEP Iraklis FC
2444495,64,Manolis Zabazis,Nikolaos Pourtoulidis,AEP Iraklis FC
2444495,72,Giannis Loukinas,Pavlos Kyriakidis,AEP Iraklis FC
2444493,70,Dimitrios Kolovos,Alejandro Domínguez,Olympiakos Piräus
2444493,74,Ioannis Maniatis,Esteban Cambiasso,Olympiakos Piräus
2444493,81,Sebá,Felipe Pardo,Olympiakos Piräus
2444493,46,Kostas Pappas,Thanasis Moulopoulos,Levadiakos
2444493,46,Giorgi Merebashvili,Andriy Tsurikov,Levadiakos
2444493,70,Mattheos Kapsaskis,Valeri Domovchiyski,Levadiakos
2444492,69,Kenan Bargan,Miroslav Markovič,AEL Kalloni
2444492,57,Marcus Berg,Mladen Petrić,Panathinaikos
2444492,67,Abdul Ajagun,Mehdi Abeid,Panathinaikos
2444492,73,Tasos Lagos,Michael Essien,Panathinaikos
2444505,64,Vasil Shkurti,Petros Orfanidis,Skoda Xanthi
2444505,71,Panagiotis Triadis,Karim Soltani,Skoda Xanthi
2444505,80,Ovidiu Herea,Theodoros Vasilakakis,Skoda Xanthi
2444505,27,Panagiotis Ballas,Anthony Le Tallec,Atromitos
2444505,76,Fernando Godoy,Pitu,Atromitos
2444505,90,Miloš Stojčev,Eduardo Brito,Atromitos
2444502,65,Walter,Dimitrios Chasomeris,Panthrakikos
2444502,76,Rogério Martins,Antonis Ladakis,Panthrakikos
2444502,73,Leandro Kappel,Marko Markovski,Panetolikos
2444502,80,Stelios Vasiliou,Lucas Villafáñez,Panetolikos
2444502,89,Dimitrios Chantakias,Amr Warda,Panetolikos
2444500,46,Sanel Jahić,Andriy Tsurikov,Levadiakos
2444500,57,Giorgi Merebashvili,Valeri Domovchiyski,Levadiakos
2444500,66,Dimitrios Macheras,Antonis Mangas,Levadiakos
2444500,77,Giannis Tsotras,Kerem Bulut,AEP Iraklis FC
2444500,90,Giannis Loukinas,Pavlos Kyriakidis,AEP Iraklis FC
2444499,46,Chrysovalantis Kozoronis,Themistoklis Tzimopoulos,PAS Giannina
2444499,62,Fonsi,Andi Lila,PAS Giannina
2444499,70,Antonis Iliadis,Euripidis Giakos,PAS Giannina
2444499,46,Rafik Djebbour,Ronald Vargas,AEK Athen
2444499,66,Vassilios Lambropoulos,Petros Mantalos,AEK Athen
2444499,88,Diego Buonanotte,André Simões,AEK Athen
2444498,46,Facundo Bertoglio,Nico Fernández,Asteras Tripolis
2444498,60,Pablo Mazza,Aleksandar Stanisavljević,Asteras Tripolis
2444498,83,Ederson,Matías Iglesias,Asteras Tripolis
2444498,69,Rafail Gioukaris,Paul Were,AEL Kalloni
2444498,74,Braulio,Miroslav Markovič,AEL Kalloni
2444498,88,Sonny Karlsson,Georgios Manousos,AEL Kalloni
2444503,46,Charilaos Charisis,Stelios Malezas,PAOK Saloniki
2444503,68,Ioannis Mystakidis,Jairo,PAOK Saloniki
2444503,78,Dimitrios Pelkas,Róbert Mak,PAOK Saloniki
2444503,46,Neto,Djamel Abdoun,Veria FC
2444503,46,Saša Kajkut,Rodgers Kola,Veria FC
2444503,81,Panagiotis Xoblios,Vangelis Nastos,Veria FC
2444501,62,Nikolaos Kaltsas,Viktor Klonaridis,Panathinaikos
2444501,76,Mladen Petrić,Mehdi Abeid,Panathinaikos
2444501,86,Robin Lod,Michael Essien,Panathinaikos
2444501,66,Nikolaos Katharios,Karim Ansarifard,Panionios GSS
2444501,81,Leonardo Villalba,Georgios Masouras,Panionios GSS
2444501,89,Leonidas Argyropoulos,Anastasios Bakasetas,Panionios GSS
2444504,74,Angulo,Konstantinos Mendrinos,Platanias Chanion
2444504,81,Luka Milunović,Fanourios Goundoulakis,Platanias Chanion
2444504,89,Alkis Dimitris,Leonardo Ramos,Platanias Chanion
2444504,59,Kostas Fortounis,Esteban Cambiasso,Olympiakos Piräus
2444504,84,Alan Pulido,Felipe Pardo,Olympiakos Piräus
2444504,85,Sebá,Alejandro Domínguez,Olympiakos Piräus
2444509,70,Miroslav Markovič,Sonny Karlsson,AEL Kalloni
2444509,75,Panagiotis Spyropoulos,Lucas Favalli,AEL Kalloni
2444509,87,Ugochukwu Ukah,Georgios Manousos,AEL Kalloni
2444509,46,Stavros Petavrakis,Mavroudis Bougaidis,Panthrakikos
2444509,57,Walter,Rogério Martins,Panthrakikos
2444509,78,Stelios Iliadis,Antonis Ladakis,Panthrakikos
2444512,74,Theofanis Tzandaris,Georgios Masouras,Panionios GSS
2444512,87,Bruno Chalkiadakis,Anastasios Bakasetas,Panionios GSS
2444512,90,Nikolaos Katharios,Karim Ansarifard,Panionios GSS
2444512,44,Manu Lanzarote,Taxiarchis Fountas,Asteras Tripolis
2444512,70,Nico Fernández,Facundo Bertoglio,Asteras Tripolis
2444512,82,Matías Iglesias,Aleksandar Stanisavljević,Asteras Tripolis
2444511,65,Brown Ideye,Felipe Pardo,Olympiakos Piräus
2444511,65,Alejandro Domínguez,Pajtim Kasami,Olympiakos Piräus
2444511,85,Ioannis Maniatis,Kostas Fortounis,Olympiakos Piräus
2444511,80,Panagiotis Triadis,Nikolai Dimitrov,Skoda Xanthi
2444511,81,Vasil Shkurti,Hristos Karipidis,Skoda Xanthi
2444511,86,Ovidiu Herea,Pantelis Kapetanos,Skoda Xanthi
2444510,52,Antonis Mangas,Mários Nikolaou,Levadiakos
2444510,63,Petros Giakoumakis,Thanasis Moulopoulos,Levadiakos
2444510,75,Christos Mingas,Giorgi Merebashvili,Levadiakos
2444510,63,Mladen Petrić,Marcus Berg,Panathinaikos
2444510,70,Lucas Evangelista,Nikolaos Kaltsas,Panathinaikos
2444510,81,Stathis Tavlaridis,Michael Essien,Panathinaikos
2444507,63,Dimitrios Grontis,Giannis Kontoes,Atromitos
2444507,71,Pitu,Paul Keita,Atromitos
2444507,84,Michalis Bastakos,Eduardo Brito,Atromitos
2444507,69,Nikos Karanikas,Andi Lila,PAS Giannina
2444507,81,Chrysovalantis Kozoronis,Brana Ilić,PAS Giannina
2444507,90,Theodoros Berios,Michalis Manias,PAS Giannina
2444513,61,Neto,Georgios Georgiadis,Veria FC
2444513,69,Rodgers Kola,Radosław Majewski,Veria FC
2444513,69,Amr Warda,Leandro Kappel,Panetolikos
2444513,83,Ilya Aleksievich,Sebastián Rusculleda,Panetolikos
2444513,90,Stathis Vasiloudis,Marcos Paulo,Panetolikos
2444506,62,Rafik Djebbour,Ronald Vargas,AEK Athen
2444506,90,Diego Buonanotte,Christos Aravidis,AEK Athen
2444506,90,Aristides Soiledis,Hélder Barbosa,AEK Athen
2444506,46,Dimitar Berbatov,Alexandros Tziolis,PAOK Saloniki
2444506,70,Jairo,Stefanos Athanasiadis,PAOK Saloniki
2444506,77,Ricardo Costa,Miguel Vítor,PAOK Saloniki
2444508,64,Diego Romano,Kerem Bulut,AEP Iraklis FC
2444508,70,Emanuel Perrone,Giannis Loukinas,AEP Iraklis FC
2444508,76,Giannis Pasas,Aristotelis Karasalidis,AEP Iraklis FC
2444508,66,Athanasios Dinas,Konstantinos Mendrinos,Platanias Chanion
2444508,79,Filip Stanisavljević,Fanourios Goundoulakis,Platanias Chanion
2444508,86,Luka Milunović,Alexandros Apostolopoulos,Platanias Chanion
2444517,67,Ilya Aleksievich,Sebastián Rusculleda,Panetolikos
2444517,81,Stathis Vasiloudis,Lucas Villafáñez,Panetolikos
2444517,90,Dimitrios Chantakias,Marko Markovski,Panetolikos
2444517,46,Fotis Georgiou,Sonny Karlsson,AEL Kalloni
2444517,63,Paul Were,Lucas Favalli,AEL Kalloni
2444517,80,Braulio,Panagiotis Spyropoulos,AEL Kalloni
2444518,30,Alfredo Mejía,Antonis Ladakis,Panthrakikos
2444518,69,Rogério Martins,Dimitrios Chasomeris,Panthrakikos
2444518,83,Georgios Nikoltsis,Stelios Iliadis,Panthrakikos
2444518,67,Georgios Masouras,Leonardo Villalba,Panionios GSS
2444518,74,Kenan Bargan,Nikolaos Katharios,Panionios GSS
2444518,81,Theofanis Tzandaris,Anastasios Bakasetas,Panionios GSS
2444519,27,Ioannis Mystakidis,Jairo,PAOK Saloniki
2444519,57,Eyal Golasa,Garry Rodrigues,PAOK Saloniki
2444519,46,Eduardo Brito,Panagiotis Ballas,Atromitos
2444519,64,Dimitrios Papadopoulos,Anthony Le Tallec,Atromitos
2444519,86,Giannis Kontoes,Stefano Napoleoni,Atromitos
2444514,56,Rafik Djebbour,Christos Aravidis,AEK Athen
2444514,66,Vangelis Platellas,Hélder Barbosa,AEK Athen
2444514,78,Diego Buonanotte,Ronald Vargas,AEK Athen
2444514,57,Georgios Georgiadis,Neto,Veria FC
2444514,73,Saša Kajkut,Stefanos Siontis,Veria FC
2444515,64,Elin Dimoutsos,Aleksandar Stanisavljević,Asteras Tripolis
2444515,75,Dudu,Facundo Bertoglio,Asteras Tripolis
2444515,84,Hervaine Moukam,Dimitrios Kourbelis,Asteras Tripolis
2444515,55,Jackson Mendy,Edwin Ouon,Levadiakos
2444515,63,Giorgi Merebashvili,Petros Giakoumakis,Levadiakos
2444515,79,Christos Mingas,Evangelos Mantzios,Levadiakos
2444520,57,Luka Milunović,Juan Munafo,Platanias Chanion
2444520,63,Athanasios Dinas,Alexandros Apostolopoulos,Platanias Chanion
2444520,83,Angulo,Konstantinos Mendrinos,Platanias Chanion
2444520,51,Robin Lod,Rasmus Thelander,Panathinaikos
2444520,68,Olivier Boumal,Nikolaos Kaltsas,Panathinaikos
2444520,83,Lucas Evangelista,Olivier Boumal,Panathinaikos
2444521,76,Nikolai Dimitrov,Dani Nieto,Skoda Xanthi
2444521,85,Manolis Papasterianos,Petros Orfanidis,Skoda Xanthi
2444521,56,Pavlos Kyriakidis,Giannis Pasas,AEP Iraklis FC
2444521,81,Manolis Zabazis,Kosmas Tsilianidis,AEP Iraklis FC
2444521,81,Giannis Loukinas,Kerem Bulut,AEP Iraklis FC
2444516,63,Alexandros Nikolias,Noé Acosta,PAS Giannina
2444516,73,Dimitrios Ferfelis,Michalis Manias,PAS Giannina
2444516,78,Nikos Karanikas,Antonis Iliadis,PAS Giannina
2444516,51,Manuel Da Costa,Alberto Botía,Olympiakos Piräus
2444516,78,Sebá,Felipe Pardo,Olympiakos Piräus
2444516,84,Alan Pulido,Brown Ideye,Olympiakos Piräus
2444528,69,Filip Stanisavljević,Juan Munafo,Platanias Chanion
2444528,77,Angulo,Leonardo Ramos,Platanias Chanion
2444528,84,Athanasios Tsourakis,Konstantinos Mendrinos,Platanias Chanion
2444528,66,Elin Dimoutsos,Dimitrios Kourbelis,Asteras Tripolis
2444528,77,Aleksandar Stanisavljević,Pablo Mazza,Asteras Tripolis
2444528,82,Nico Fernández,Rachid Hamdani,Asteras Tripolis
2444524,63,Valeri Domovchiyski,Abdul Ajagun,Levadiakos
2444524,66,Thanasis Moulopoulos,Antonis Mangas,Levadiakos
2444524,70,Sanel Jahić,Giannis Stathis,Levadiakos
2444524,59,Javito,Savvas Moudouroglou,Panthrakikos
2444524,90,Vasilios Gavriilidis,Stelios Iliadis,Panthrakikos
2444524,90,Georgios Nikoltsis,Igor,Panthrakikos
2444526,54,Michael Essien,Nikolaos Kaltsas,Panathinaikos
2444526,64,Danijel Pranjić,Lucas Villafáñez,Panathinaikos
2444526,76,Robin Lod,Tasos Lagos,Panathinaikos
2444526,59,Vasil Shkurti,Nikolai Dimitrov,Skoda Xanthi
2444526,70,Manolis Papasterianos,Konstantinos Fliskas,Skoda Xanthi
2444526,80,Theodoros Vasilakakis,Dani Nieto,Skoda Xanthi
2444523,21,Kerem Bulut,Giannis Pasas,AEP Iraklis FC
2444523,64,Nikolaos Pourtoulidis,Leozinho,AEP Iraklis FC
2444523,83,Sebastian Bartolini,Kosmas Tsilianidis,AEP Iraklis FC
2444523,46,Alexandros Nikolias,Brana Ilić,PAS Giannina
2444523,46,Michalis Manias,Dimitrios Ferfelis,PAS Giannina
2444523,65,Euripidis Giakos,Andi Lila,PAS Giannina
2444522,69,Giannis Kontoes,Kyriakos Kivrakidis,Atromitos
2444522,72,Cosmin Matei,Chumbinho,Atromitos
2444522,82,Usero,Eduardo Brito,Atromitos
2444522,58,Tomáš Pekhart,Rafik Djebbour,AEK Athen
2444522,58,Vangelis Platellas,Ronald Vargas,AEK Athen
2444529,42,Saša Kajkut,Rodgers Kola,Veria FC
2444529,61,Dimitrios Anakoglou,Pedro Arce,Veria FC
2444529,79,William Edjenguele,Thomas Nazlidis,Veria FC
2444529,46,Emiliano Ellacopulos,Paul Were,AEL Kalloni
2444529,57,Braulio,Marko Blažić,AEL Kalloni
2444529,74,Sonny Karlsson,Savvas Tsabouris,AEL Kalloni
2444525,73,Andreas Bouchalakis,Jimmy Durmaz,Olympiakos Piräus
2444525,80,David Fuster,Kostas Fortounis,Olympiakos Piräus
2444525,83,Sebá,Felipe Pardo,Olympiakos Piräus
2444525,63,Eyal Golasa,Stefanos Athanasiadis,PAOK Saloniki
2444525,68,Giannis Skondras,Dimitrios Pelkas,PAOK Saloniki
2444525,81,Erik Sabo,Alexandros Tziolis,PAOK Saloniki
2444527,60,Karim Ansarifard,Kenan Bargan,Panionios GSS
2444527,80,Bruno Chalkiadakis,Georgios Masouras,Panionios GSS
2444527,84,Nikolaos Katharios,Anastasios Bakasetas,Panionios GSS
2444527,66,Dimitrios Koutromanos,Clésio,Panetolikos
2444527,77,Stelios Vasiliou,Marko Markovski,Panetolikos
2444527,82,Fabián Muñoz,Leandro Kappel,Panetolikos
2444531,65,Anthony Le Tallec,Cosmin Matei,Atromitos
2444531,65,Chumbinho,Dimitrios Papadopoulos,Atromitos
2444531,76,Paul Keita,Usero,Atromitos
2444531,46,Mohamed Youssouf,Pedro Arce,Veria FC
2444531,67,Georgios Kantimoiris,Jonathan,Veria FC
2444531,79,Neto,Georgios Georgiadis,Veria FC
2444535,59,Walter,Dimitrios Chasomeris,Panthrakikos
2444535,79,Vasilios Gavriilidis,Ioannis Christou,Panthrakikos
2444535,68,Filip Stanisavljević,Fanourios Goundoulakis,Platanias Chanion
2444535,80,Athanasios Tsourakis,Alexandros Apostolopoulos,Platanias Chanion
2444535,90,Athanasios Dinas,Konstantinos Mendrinos,Platanias Chanion
2444530,52,Tomáš Pekhart,Bruno Zuculini,AEK Athen
2444530,68,Ronald Vargas,Jakob Johansson,AEK Athen
2444530,75,Diego Buonanotte,Christos Aravidis,AEK Athen
2444530,33,Sebá,Felipe Pardo,Olympiakos Piräus
2444530,49,Manuel Da Costa,Kostas Fortounis,Olympiakos Piräus
2444530,86,Alejandro Domínguez,Jimmy Durmaz,Olympiakos Piräus
2444532,52,Euripidis Giakos,Chrysovalantis Kozoronis,PAS Giannina
2444532,64,Dimitrios Ferfelis,Iraklis Garoufalias,PAS Giannina
2444532,69,Antonis Iliadis,Andraž Struna,PAS Giannina
2444532,58,Viktor Klonaridis,Nikolaos Kaltsas,Panathinaikos
2444532,59,Tasos Lagos,Panagiotis Vlachodimos,Panathinaikos
2444532,64,Nano,Danijel Pranjić,Panathinaikos
2444533,37,Fotis Georgiou,Stratis Valios,AEL Kalloni
2444533,74,Sonny Karlsson,Miroslav Markovič,AEL Kalloni
2444533,85,Panagiotis Spyropoulos,Emiliano Ellacopulos,AEL Kalloni
2444533,63,Anastasios Karamanos,Kenan Bargan,Panionios GSS
2444533,72,Anastasios Bakasetas,Bruno Chalkiadakis,Panionios GSS
2444533,83,Theofanis Tzandaris,Nikolaos Katharios,Panionios GSS
2444534,46,Fabián Muñoz,Ilya Aleksievich,Panetolikos
2444534,72,Osmar Ferreyra,Marko Markovski,Panetolikos
2444534,90,Dimitrios Koutromanos,Amr Warda,Panetolikos
2444534,74,Christos Mingas,Giorgi Merebashvili,Levadiakos
2444534,82,Valeri Domovchiyski,Azrack Mahamat,Levadiakos
2444536,46,Ioannis Mystakidis,Marin Leovac,PAOK Saloniki
2444536,64,Charilaos Charisis,Stelios Kitsiou,PAOK Saloniki
2444536,79,Eyal Golasa,Dimitar Berbatov,PAOK Saloniki
2444536,62,Lefteris Intzoglou,Kosmas Tsilianidis,AEP Iraklis FC
2444536,78,Nikolaos Pourtoulidis,Leozinho,AEP Iraklis FC
2444536,89,Giannis Loukinas,Kerem Bulut,AEP Iraklis FC
2444537,56,Manolis Papasterianos,Petros Orfanidis,Skoda Xanthi
2444537,66,Pantelis Kapetanos,Vasil Shkurti,Skoda Xanthi
2444537,74,Christopher,Dani Nieto,Skoda Xanthi
2444537,72,Nikolaos Ioannidis,Pablo Mazza,Asteras Tripolis
2444537,77,Khalifa Sankaré,Dudu,Asteras Tripolis
2444537,88,Brian Lluy,Facundo Bertoglio,Asteras Tripolis
2444540,46,Konstantinos Manolas,Andriy Tsurikov,Levadiakos
2444540,59,Chahir Belghazouani,Giorgi Merebashvili,Levadiakos
2444540,83,Marius Topi,Abdul Ajagun,Levadiakos
2444540,61,Emiliano Ellacopulos,Marko Blažić,AEL Kalloni
2444540,70,Sonny Karlsson,Miroslav Markovič,AEL Kalloni
2444540,86,Braulio,Georgios Manousos,AEL Kalloni
2444538,46,Hervaine Moukam,Aleksandar Stanisavljević,Asteras Tripolis
2444538,65,Nikolaos Ioannidis,Apostolos Giannou,Asteras Tripolis
2444538,77,Cristian Chávez,Pablo Mazza,Asteras Tripolis
2444538,63,Andi Lila,Iraklis Garoufalias,PAS Giannina
2444538,71,Stavros Tsoukalas,Brana Ilić,PAS Giannina
2444538,85,Chrysovalantis Kozoronis,Euripidis Giakos,PAS Giannina
2444539,60,Emanuel Perrone,Kerem Bulut,AEP Iraklis FC
2444539,60,Leozinho,Diego Romano,AEP Iraklis FC
2444539,80,Giannis Loukinas,Monteiro,AEP Iraklis FC
2444539,58,Rafik Djebbour,Ronald Vargas,AEK Athen
2444539,65,Vassilios Lambropoulos,Hélder Barbosa,AEK Athen
2444541,68,Brown Ideye,Pajtim Kasami,Olympiakos Piräus
2444541,69,Kostas Fortounis,Dimitrios Kolovos,Olympiakos Piräus
2444541,79,Andreas Bouchalakis,Alejandro Domínguez,Olympiakos Piräus
2444541,71,Anthony Le Tallec,Dimitrios Papadopoulos,Atromitos
2444541,75,Alexandros Kouros,Usero,Atromitos
2444541,80,Cosmin Matei,Miloš Stojčev,Atromitos
2444543,19,Alkis Dimitris,Evgen Selin,Platanias Chanion
2444543,64,Konstantinos Mendrinos,Luka Milunović,Platanias Chanion
2444543,79,Angulo,Alexandros Apostolopoulos,Platanias Chanion
2444543,63,Clésio,Sebastián Rusculleda,Panetolikos
2444543,69,Osmar Ferreyra,Marcos Paulo,Panetolikos
2444543,76,Stathis Vasiloudis,Leandro Kappel,Panetolikos
2444545,56,Manolis Papasterianos,Theodoros Vasilakakis,Skoda Xanthi
2444545,66,Vasil Shkurti,Nikolai Dimitrov,Skoda Xanthi
2444545,80,Christopher,Wallace,Skoda Xanthi
2444545,57,Ioannis Christou,Christos Melissis,Panthrakikos
2444545,73,Georgios Fotakis,Dimitrios Chasomeris,Panthrakikos
2444545,88,Igor,Javito,Panthrakikos
2444542,59,Lucas Evangelista,Panagiotis Vlachodimos,Panathinaikos
2444542,59,Viktor Klonaridis,Nikolaos Kaltsas,Panathinaikos
2444542,75,Yuri Mamute,Mehdi Abeid,Panathinaikos
2444542,79,Nikos Korovesis,Marin Leovac,PAOK Saloniki
2444542,84,Terry Antonis,Ioannis Mystakidis,PAOK Saloniki
2444542,90,Erik Sabo,Dimitrios Pelkas,PAOK Saloniki
2444544,59,Dimitrios Anakoglou,Mohamed Youssouf,Veria FC
2444544,80,Saša Kajkut,Pedro Arce,Veria FC
2444544,84,Neto,Georgios Georgiadis,Veria FC
2444544,58,Georgios Masouras,Leonardo Villalba,Panionios GSS
2444544,74,Bruno Chalkiadakis,Theofanis Tzandaris,Panionios GSS
2444544,90,Nikolaos Katharios,Karim Ansarifard,Panionios GSS
2444548,53,Emiliano Ellacopulos,Marko Blažić,AEL Kalloni
2444548,76,Braulio,Miroslav Markovič,AEL Kalloni
2444548,86,Raúl Llorente,Fotis Georgiou,AEL Kalloni
2444548,25,Luka Milunović,Fanourios Goundoulakis,Platanias Chanion
2444548,39,Athanasios Tsourakis,Leonardo Ramos,Platanias Chanion
2444548,75,Filip Stanisavljević,Bernard Itoua,Platanias Chanion
2444550,14,Stathis Vasiloudis,Anastasios Papazoglou,Panetolikos
2444550,46,Osmar Ferreyra,Sebastián Rusculleda,Panetolikos
2444550,70,Clésio,Kevin,Panetolikos
2444550,57,Theodoros Vasilakakis,Petros Orfanidis,Skoda Xanthi
2444550,73,Nikolai Dimitrov,Dani Nieto,Skoda Xanthi
2444550,79,Vasil Shkurti,Manolis Papasterianos,Skoda Xanthi
2444553,62,Ergis Kaçe,Stelios Kitsiou,PAOK Saloniki
2444553,71,Alexandros Tziolis,Terry Antonis,PAOK Saloniki
2444553,81,Nikos Korovesis,Marin Leovac,PAOK Saloniki
2444553,46,Hervaine Moukam,Dudu,Asteras Tripolis
2444553,61,Nikolaos Ioannidis,Pablo Mazza,Asteras Tripolis
2444553,79,Taxiarchis Fountas,Brian Lluy,Asteras Tripolis
2444549,46,Andreas Bouchalakis,Saša Zdjelar,Olympiakos Piräus
2444549,66,Hernâni,Dimitrios Kolovos,Olympiakos Piräus
2444549,66,Kostas Fortounis,Alejandro Domínguez,Olympiakos Piräus
2444549,59,Georgios Georgiadis,Radosław Majewski,Veria FC
2444549,70,Saša Kajkut,Thomas Nazlidis,Veria FC
2444549,84,Dimitrios Melikiotis,Dimitrios Anakoglou,Veria FC
2444551,61,Nikolaos Katharios,Georgios Masouras,Panionios GSS
2444551,65,Bruno Chalkiadakis,Theofanis Tzandaris,Panionios GSS
2444551,78,Kenan Bargan,Christos Tasoulis,Panionios GSS
2444551,77,Marius Topi,Christos Mingas,Levadiakos
2444551,88,Mohamed Ben Nabouhane,Petros Giakoumakis,Levadiakos
2444551,90,Kostas Pappas,Giannis Stathis,Levadiakos
2444552,41,Albertos Roussos,Ioannis Christou,Panthrakikos
2444552,46,Dimitrios Chasomeris,Javito,Panthrakikos
2444552,87,Stavros Petavrakis,Mavroudis Bougaidis,Panthrakikos
2444552,68,Euripidis Giakos,Fonsi,PAS Giannina
2444552,82,Chrysovalantis Kozoronis,Michalis Manias,PAS Giannina
2444552,86,Antonis Iliadis,Brana Ilić,PAS Giannina
2444546,64,Christos Aravidis,Tomáš Pekhart,AEK Athen
2444546,64,Rafik Djebbour,Vangelis Platellas,AEK Athen
2444546,75,Adam Tzanetopoulos,Jakob Johansson,AEK Athen
2444546,67,Lucas Villafáñez,Nikolaos Kaltsas,Panathinaikos
2444546,75,Georgios Koutroubis,Michael Essien,Panathinaikos
2444546,80,Yuri Mamute,Mehdi Abeid,Panathinaikos
2444547,70,Miloš Stojčev,Cosmin Matei,Atromitos
2444547,81,Dimitrios Grontis,Chumbinho,Atromitos
2444547,87,Dimitrios Papadopoulos,Anthony Le Tallec,Atromitos
2444547,45,Kerem Bulut,Sebastian Bartolini,AEP Iraklis FC
2444547,67,Manolis Zabazis,Leozinho,AEP Iraklis FC
2444547,77,Kosmas Tsilianidis,Diego Romano,AEP Iraklis FC
2444555,82,Euripidis Giakos,Michalis Manias,PAS Giannina
2444555,90,Antonis Iliadis,Brana Ilić,PAS Giannina
2444555,90,Nikos Karanikas,Fonsi,PAS Giannina
2444555,79,Osmar Ferreyra,Stathis Vasiloudis,Panetolikos
2444555,80,Dimitrios Chantakias,Marcos Paulo,Panetolikos
2444555,88,Clésio,Kevin,Panetolikos
2444559,60,Athanasios Tsourakis,Alexandros Apostolopoulos,Platanias Chanion
2444559,79,Konstantinos Pangalos,Luka Milunović,Platanias Chanion
2444559,83,Filip Stanisavljević,Juan Munafo,Platanias Chanion
2444559,64,Bruno Chalkiadakis,Theofanis Tzandaris,Panionios GSS
2444559,88,Vasilios Patsatzoglou,Anastasios Bakasetas,Panionios GSS
2444559,90,Kenan Bargan,Georgios Masouras,Panionios GSS
2444558,71,Antonis Ladakis,Savvas Moudouroglou,Panthrakikos
2444558,90,Georgios Nikoltsis,Igor,Panthrakikos
2444558,90,Walter,Nicolas Diguiny,Panthrakikos
2444558,57,Ergis Kaçe,Alexandros Tziolis,PAOK Saloniki
2444558,57,Stefanos Athanasiadis,Charilaos Charisis,PAOK Saloniki
2444558,70,Georgios Kakko,Marin Leovac,PAOK Saloniki
2444560,61,Djamel Abdoun,Radosław Majewski,Veria FC
2444560,79,Saša Kajkut,Pedro Arce,Veria FC
2444560,86,Neto,Iván Malón,Veria FC
2444560,46,Abdul Ajagun,Mohamed Ben Nabouhane,Levadiakos
2444560,68,Kostas Pappas,Abdul Ajagun,Levadiakos
2444560,83,Andriy Tsurikov,Marius Topi,Levadiakos
2444561,67,Christopher,Karim Soltani,Skoda Xanthi
2444561,79,Vasil Shkurti,Manolis Papasterianos,Skoda Xanthi
2444561,87,Nikolai Dimitrov,Dani Nieto,Skoda Xanthi
2444561,56,Georgios Xydas,Paul Were,AEL Kalloni
2444561,83,Ugochukwu Ukah,Marko Blažić,AEL Kalloni
2444561,90,Efthymios Gamagas,Georgios Manousos,AEL Kalloni
2444557,46,Nikolaos Kaltsas,Panagiotis Vlachodimos,Panathinaikos
2444557,67,Sebastián Leto,Lucas Evangelista,Panathinaikos
2444557,84,Yuri Mamute,Marcus Berg,Panathinaikos
2444557,73,Usero,Sokratis Fitanidis,Atromitos
2444557,80,Dimitrios Papadopoulos,Cosmin Matei,Atromitos
2444557,83,Pantelis Theologou,Dimitrios Grontis,Atromitos
2444554,58,Pablo Mazza,Nikolaos Ioannidis,Asteras Tripolis
2444554,65,Cristian Chávez,Nico Fernández,Asteras Tripolis
2444554,81,Rachid Hamdani,Dimitrios Kourbelis,Asteras Tripolis
2444554,50,Rafik Djebbour,Jakob Johansson,AEK Athen
2444554,65,Diego Buonanotte,Hélder Barbosa,AEK Athen
2444554,74,Adam Tzanetopoulos,Cordero,AEK Athen
2444556,62,Emanuel Perrone,Giannis Pasas,AEP Iraklis FC
2444556,78,Vasilis Karagounis,Dimitrios Stamou,AEP Iraklis FC
2444556,80,Leozinho,Diego Romano,AEP Iraklis FC
2444556,58,Pajtim Kasami,Saša Zdjelar,Olympiakos Piräus
2444556,70,Hernâni,David Fuster,Olympiakos Piräus
2444556,77,Felipe Pardo,Jimmy Durmaz,Olympiakos Piräus
2444569,65,Anastasios Karamanos,Nikolaos Katharios,Panionios GSS
2444569,82,Theofanis Tzandaris,Karim Ansarifard,Panionios GSS
2444569,90,Kenan Bargan,Georgios Masouras,Panionios GSS
2444569,46,Manolis Papasterianos,Konstantinos Fliskas,Skoda Xanthi
2444569,59,Pantelis Kapetanos,Vasil Shkurti,Skoda Xanthi
2444569,59,Dani Nieto,Nikolai Dimitrov,Skoda Xanthi
2444565,66,Sonny Karlsson,Miroslav Markovič,AEL Kalloni
2444565,77,Paul Were,Lucas Favalli,AEL Kalloni
2444565,71,Chrysovalantis Kozoronis,Brana Ilić,PAS Giannina
2444565,76,Nikos Karanikas,Fonsi,PAS Giannina
2444565,79,Antonis Iliadis,Euripidis Giakos,PAS Giannina
2444568,46,Dimitrios Chantakias,Osmar Ferreyra,Panetolikos
2444568,74,Stelios Vasiliou,Kevin,Panetolikos
2444568,79,Simos Rouboulakos,Amr Warda,Panetolikos
2444568,59,Nikos Korovesis,Dimitrios Pelkas,PAOK Saloniki
2444568,85,Stelios Malezas,Miguel Vítor,PAOK Saloniki
2444568,90,Anastasios Dimitriadis,Ioannis Mystakidis,PAOK Saloniki
2444563,46,Cosmin Matei,Miloš Stojčev,Atromitos
2444563,73,Usero,Chumbinho,Atromitos
2444563,82,Anthony Le Tallec,Dimitrios Papadopoulos,Atromitos
2444563,55,Nikolaos Ioannidis,Cristian Chávez,Asteras Tripolis
2444563,69,Nico Fernández,Elin Dimoutsos,Asteras Tripolis
2444563,78,Aleksandar Stanisavljević,Dimitrios Kourbelis,Asteras Tripolis
2444564,46,Giannis Loukinas,Monteiro,AEP Iraklis FC
2444564,80,Diego Romano,Leozinho,AEP Iraklis FC
2444564,87,Emanuel Perrone,Dimitrios Stamou,AEP Iraklis FC
2444564,72,Thomas Nazlidis,Saša Kajkut,Veria FC
2444564,81,Djamel Abdoun,Mohamed Youssouf,Veria FC
2444564,90,Achilleas Poungouras,Dimitrios Anakoglou,Veria FC
2444566,46,Abdul Ajagun,Marius Topi,Levadiakos
2444566,46,Edwin Ouon,Sanel Jahić,Levadiakos
2444566,77,Andriy Tsurikov,Giorgi Merebashvili,Levadiakos
2444566,65,Leonardo Ramos,Konstantinos Mendrinos,Platanias Chanion
2444566,74,Georgios Valerianos,Athanasios Dinas,Platanias Chanion
2444566,86,Tawonga Chimodzi,Ousmane Coulibaly,Platanias Chanion
2444567,62,Felipe Pardo,Alejandro Domínguez,Olympiakos Piräus
2444567,81,Hernâni,David Fuster,Olympiakos Piräus
2444567,81,Alan Pulido,Esteban Cambiasso,Olympiakos Piräus
2444567,71,Michael Essien,Lucas Villafáñez,Panathinaikos
2444567,74,Yuri Mamute,Sebastián Leto,Panathinaikos
2444567,90,Mladen Petrić,Georgios Koutroubis,Panathinaikos
2444562,26,Stavros Vasilantonopoulos,Aristides Soiledis,AEK Athen
2444562,34,Vassilios Lambropoulos,Dimitrios Kolovetsios,AEK Athen
2444562,86,Vangelis Platellas,Cordero,AEK Athen
2444562,72,Antonis Tsiaras,Ioannis Christou,Panthrakikos
2444562,79,Stavros Petavrakis,Dimitrios Chasomeris,Panthrakikos
2444562,85,Georgios Tzelepis,Trifon Gioudas,Panthrakikos
2444577,70,Vasil Shkurti,Konstantinos Fliskas,Skoda Xanthi
2444577,76,Panagiotis Triadis,Petros Orfanidis,Skoda Xanthi
2444577,79,Manolis Papasterianos,Manolis Bertos,Skoda Xanthi
2444577,36,Konstantinos Manolas,Andriy Tsurikov,Levadiakos
2444577,57,Jackson Mendy,Theodoros Tripotseris,Levadiakos
2444577,86,Giannis Stathis,Mohamed Ben Nabouhane,Levadiakos
2444576,46,Djamel Abdoun,Stefanos Siontis,Veria FC
2444576,69,Neto,Iván Malón,Veria FC
2444576,70,Thomas Nazlidis,Radosław Majewski,Veria FC
2444576,60,Georgios Valerianos,Leonardo Ramos,Platanias Chanion
2444576,90,Luka Milunović,Konstantinos Mendrinos,Platanias Chanion
2444576,90,Fanourios Goundoulakis,Juan Munafo,Platanias Chanion
2444572,65,Mehdi Abeid,Lucas Evangelista,Panathinaikos
2444572,74,Yuri Mamute,Marcus Berg,Panathinaikos
2444572,81,Olivier Boumal,Lucas Villafáñez,Panathinaikos
2444572,46,Kerem Bulut,Kosmas Tsilianidis,AEP Iraklis FC
2444572,71,Dimitrios Stamou,Lefteris Intzoglou,AEP Iraklis FC
2444572,81,Manolis Zabazis,Giorgos Saramantas,AEP Iraklis FC
2444573,72,Stathis Vasiloudis,Osmar Ferreyra,Panetolikos
2444573,83,Clésio,Marko Markovski,Panetolikos
2444573,90,Stelios Vasiliou,Amr Warda,Panetolikos
2444573,60,Diego Buonanotte,Ronald Vargas,AEK Athen
2444573,63,Cordero,Jakob Johansson,AEK Athen
2444573,77,Tomáš Pekhart,Christos Aravidis,AEK Athen
2444574,74,Deniz Baykara,Antonis Tsiaras,Panthrakikos
2444574,84,Savvas Moudouroglou,Dimitrios Chasomeris,Panthrakikos
2444574,62,Miloš Stojčev,Chumbinho,Atromitos
2444574,81,Dimitrios Grontis,Cosmin Matei,Atromitos
2444574,87,Dimitrios Papadopoulos,Anthony Le Tallec,Atromitos
2444575,60,Nikos Korovesis,Charilaos Charisis,PAOK Saloniki
2444575,68,Garry Rodrigues,Ioannis Mystakidis,PAOK Saloniki
2444575,78,Stelios Malezas,Marin Leovac,PAOK Saloniki
2444575,60,Georgios Xydas,Miroslav Markovič,AEL Kalloni
2444575,63,Panagiotis Spyropoulos,Lucas Favalli,AEL Kalloni
2444575,79,Rafail Gioukaris,Savvas Tsabouris,AEL Kalloni
2444570,46,Cristian Chávez,Matías Iglesias,Asteras Tripolis
2444570,62,Aleksandar Stanisavljević,Nico Fernández,Asteras Tripolis
2444570,84,Nikolaos Ioannidis,Pablo Mazza,Asteras Tripolis
2444570,63,Alejandro Domínguez,Kostas Fortounis,Olympiakos Piräus
2444570,63,Jimmy Durmaz,Felipe Pardo,Olympiakos Piräus
2444570,73,Roberto,Stefanos Kapino,Olympiakos Piräus
2444571,90,Euripidis Giakos,Fonsi,PAS Giannina
2444571,90,Antonis Iliadis,Brana Ilić,PAS Giannina
2444571,46,Karim Ansarifard,Georgios Masouras,Panionios GSS
2444571,59,Theofanis Tzandaris,Nikolaos Katharios,Panionios GSS
2444571,64,Bruno Chalkiadakis,Emmanouil Siopis,Panionios GSS
2444578,74,Miloš Stojčev,Cosmin Matei,Atromitos
2444578,80,Usero,Chumbinho,Atromitos
2444578,90,Dimitrios Grontis,Paul Keita,Atromitos
2444578,55,Amr Warda,Stathis Vasiloudis,Panetolikos
2444578,67,Leandro Kappel,Georgios Mygas,Panetolikos
2444578,72,Anastasios Papazoglou,Osmar Ferreyra,Panetolikos
2444579,34,Lefteris Intzoglou,Giorgos Saramantas,AEP Iraklis FC
2444579,46,Diego Romano,Giannis Pasas,AEP Iraklis FC
2444579,78,Emanuel Perrone,Giannis Tsotras,AEP Iraklis FC
2444579,71,Aleksandar Stanisavljević,Nico Fernández,Asteras Tripolis
2444579,85,Hervaine Moukam,Facundo Bertoglio,Asteras Tripolis
2444579,90,Nikolaos Ioannidis,Pablo Mazza,Asteras Tripolis
2444580,78,Sonny Karlsson,Georgios Manousos,AEL Kalloni
2444580,84,Panagiotis Spyropoulos,Nikola Mikić,AEL Kalloni
2444580,86,Ugochukwu Ukah,Lucas Favalli,AEL Kalloni
2444580,64,Christos Aravidis,Hélder Barbosa,AEK Athen
2444580,77,Tomáš Pekhart,Rafik Djebbour,AEK Athen
2444580,86,Jakob Johansson,Petros Mantalos,AEK Athen
2444581,58,Chahir Belghazouani,Dimitrios Macheras,Levadiakos
2444581,71,Christos Mingas,Mohamed Ben Nabouhane,Levadiakos
2444581,86,Giorgi Merebashvili,Theodoros Tripotseris,Levadiakos
2444581,75,Dimitrios Ferfelis,Brana Ilić,PAS Giannina
2444581,79,Chrysovalantis Kozoronis,Noé Acosta,PAS Giannina
2444581,90,Nikos Karanikas,Fonsi,PAS Giannina
2444582,32,Pajtim Kasami,Esteban Cambiasso,Olympiakos Piräus
2444582,68,Sebá,Alejandro Domínguez,Olympiakos Piräus
2444582,83,Eleftherios Choutesiotis,Stefanos Kapino,Olympiakos Piräus
2444582,70,Savvas Moudouroglou,Stelios Iliadis,Panthrakikos
2444582,73,Konstantinos Zdravos,Athanasios Papageorgiou,Panthrakikos
2444582,87,Theocharis Psaltis,Igor,Panthrakikos
2444583,46,Viktor Klonaridis,Yuri Mamute,Panathinaikos
2444583,62,Mladen Petrić,Olivier Boumal,Panathinaikos
2444583,72,Mehdi Abeid,Robin Lod,Panathinaikos
2444583,64,Dimitrios Manos,Dimitrios Melikiotis,Veria FC
2444583,73,Neto,Sotirios Balafas,Veria FC
2444583,89,Anestis Karakostas,Pedro Arce,Veria FC
2444584,66,Karim Ansarifard,Nikolaos Katharios,Panionios GSS
2444584,87,Bruno Chalkiadakis,Georgios Masouras,Panionios GSS
2444584,90,Leonidas Argyropoulos,Anastasios Karamanos,Panionios GSS
2444584,46,Garry Rodrigues,Charilaos Charisis,PAOK Saloniki
2444584,75,Eyal Golasa,Nikos Korovesis,PAOK Saloniki
2444584,88,Terry Antonis,Ergis Kaçe,PAOK Saloniki
2444585,70,Luka Milunović,Athanasios Dinas,Platanias Chanion
2444585,88,Athanasios Tsourakis,Fanourios Goundoulakis,Platanias Chanion
2444585,90,Bernard Itoua,Angulo,Platanias Chanion
2444585,46,Pantelis Kapetanos,Hristos Karipidis,Skoda Xanthi
2444585,46,Khassa Camara,Dimosthenis Baxevanidis,Skoda Xanthi
2444585,79,Vasilios Fasidis,Wallace,Skoda Xanthi
2444586,67,Tomáš Pekhart,Ronald Vargas,AEK Athen
2444586,67,Hélder Barbosa,Christos Aravidis,AEK Athen
2444586,74,Vassilios Lambropoulos,Diego Buonanotte,AEK Athen
2444586,68,Anastasios Karamanos,Nikolaos Katharios,Panionios GSS
2444586,75,Kenan Bargan,Georgios Masouras,Panionios GSS
2444586,78,Leonardo Villalba,Panagiotis Korbos,Panionios GSS
2444587,62,Taxiarchis Fountas,Nico Fernández,Asteras Tripolis
2444587,78,Nikolaos Ioannidis,Matías Iglesias,Asteras Tripolis
2444587,85,Cristian Chávez,Facundo Bertoglio,Asteras Tripolis
2444587,62,Sebastián Leto,Mladen Petrić,Panathinaikos
2444587,62,Tasos Lagos,Lucas Evangelista,Panathinaikos
2444587,74,Olivier Boumal,Viktor Klonaridis,Panathinaikos
2444588,62,Noé Acosta,Euripidis Giakos,PAS Giannina
2444588,80,Antonis Iliadis,Brana Ilić,PAS Giannina
2444588,89,Dimitrios Ferfelis,Michalis Manias,PAS Giannina
2444588,70,Leonardo Ramos,Luka Milunović,Platanias Chanion
2444588,83,Athanasios Tsourakis,Evgen Selin,Platanias Chanion
2444589,62,Kyriakos Evangelidakis,Stratis Valios,AEL Kalloni
2444589,78,Michalis Chatzidimitrou,Rafail Gioukaris,AEL Kalloni
2444589,84,Efthymios Gamagas,Georgios Xydas,AEL Kalloni
2444589,64,Dimitrios Grontis,Paul Keita,Atromitos
2444589,74,Miloš Stojčev,Chumbinho,Atromitos
2444589,84,Dimitris Limnios,Eduardo Brito,Atromitos
2444590,46,Stelios Vasiliou,Marcos Paulo,Panetolikos
2444590,67,Leandro Kappel,Simos Rouboulakos,Panetolikos
2444590,77,Stefanos Papoutsogianopoulos,Anastasios Papazoglou,Panetolikos
2444590,68,Felipe Pardo,Hernâni,Olympiakos Piräus
2444590,77,David Fuster,Sebá,Olympiakos Piräus
2444590,81,Andreas Bouchalakis,Pajtim Kasami,Olympiakos Piräus
2444591,58,Vasilios Gavriilidis,Deniz Baykara,Panthrakikos
2444591,65,Savvas Moudouroglou,Igor,Panthrakikos
2444591,90,Javito,Stelios Iliadis,Panthrakikos
2444591,76,Diego Romano,Leozinho,AEP Iraklis FC
2444591,79,Emanuel Perrone,Apostolos Vellios,AEP Iraklis FC
2444591,90,Giannis Tsotras,Manolis Zabazis,AEP Iraklis FC
2444592,61,Nikos Korovesis,Dimitrios Pelkas,PAOK Saloniki
2444592,90,Gojko Cimirot,Ergis Kaçe,PAOK Saloniki
2444592,90,Kristian Kushta,Garry Rodrigues,PAOK Saloniki
2444592,46,Kostas Pappas,Chahir Belghazouani,Levadiakos
2444592,60,Marius Topi,Antonis Mangas,Levadiakos
2444592,86,Christos Mingas,Abdul Ajagun,Levadiakos
2444593,65,Dimitrios Manos,Dimitrios Melikiotis,Veria FC
2444593,75,Mohamed Youssouf,Sotirios Balafas,Veria FC
2444593,86,Panagiotis Xoblios,Pedro Arce,Veria FC
2444593,45,Manolis Papasterianos,Konstantinos Fliskas,Skoda Xanthi
2444593,60,Petros Orfanidis,Khassa Camara,Skoda Xanthi
2444593,83,Pantelis Kapetanos,Theodoros Vasilakakis,Skoda Xanthi
2444594,46,Cristian Chávez,Dudu,Asteras Tripolis
2444594,46,Taxiarchis Fountas,Aleksandar Stanisavljević,Asteras Tripolis
2444594,73,Thanasis Panteliadis,Konstantinos Giannoulis,Asteras Tripolis
2444594,51,Mohamed Youssouf,Dimitrios Melikiotis,Veria FC
2444594,67,William Edjenguele,Iván Malón,Veria FC
2444594,76,Dimitrios Manos,Radosław Majewski,Veria FC
2444595,64,Giannis Pasas,Monteiro,AEP Iraklis FC
2444595,76,Emanuel Perrone,Apostolos Vellios,AEP Iraklis FC
2444595,90,Vasilios Amarantidis,Kosmas Tsilianidis,AEP Iraklis FC
2444595,77,Stathis Vasiloudis,Cristiano Pereira,Panetolikos
2444595,83,Clésio,Amr Warda,Panetolikos
2444595,86,Wouter Corstjens,Stefanos Papoutsogianopoulos,Panetolikos
2444596,56,Azrack Mahamat,Antonis Mangas,Levadiakos
2444596,77,Giorgi Merebashvili,Mohamed Ben Nabouhane,Levadiakos
2444596,87,Milhazes,Dimitrios Macheras,Levadiakos
2444596,46,Ronald Vargas,Adam Tzanetopoulos,AEK Athen
2444596,46,Rafik Djebbour,Petros Mantalos,AEK Athen
2444596,69,Christos Aravidis,Tomáš Pekhart,AEK Athen
2444597,62,Jimmy Durmaz,Hernâni,Olympiakos Piräus
2444597,62,Esteban Cambiasso,Pajtim Kasami,Olympiakos Piräus
2444597,72,Dimitrios Siovas,Manuel Da Costa,Olympiakos Piräus
2444597,65,Michalis Chatzidimitrou,Georgios Xydas,AEL Kalloni
2444597,65,Kyriakos Evangelidakis,Ugochukwu Ukah,AEL Kalloni
2444597,83,Alexander Fioretos,Paul Were,AEL Kalloni
2444598,46,Lucas Evangelista,Robin Lod,Panathinaikos
2444598,60,Panagiotis Vlachodimos,Nikolaos Kaltsas,Panathinaikos
2444598,77,Olivier Boumal,Marcus Berg,Panathinaikos
2444598,16,Savvas Moudouroglou,Stelios Iliadis,Panthrakikos
2444598,55,Georgios Nikoltsis,Mavroudis Bougaidis,Panthrakikos
2444598,77,Theocharis Psaltis,Antonis Tsiaras,Panthrakikos
2444599,72,Georgios Masouras,Kenan Bargan,Panionios GSS
2444599,83,Angelos Piniotis,Nikolaos Katharios,Panionios GSS
2444599,89,Vasilios Patsatzoglou,Vangelis Ikonomou,Panionios GSS
2444599,64,Miloš Stojčev,Cosmin Matei,Atromitos
2444599,71,Dimitrios Papadopoulos,Anthony Le Tallec,Atromitos
2444599,78,Dimitris Limnios,Dimitrios Grontis,Atromitos
2444600,68,Leonardo Ramos,Luka Milunović,Platanias Chanion
2444600,76,Athanasios Tsourakis,Angulo,Platanias Chanion
2444600,84,Konstantinos Pangalos,Ognjen Gnjatić,Platanias Chanion
2444600,63,Dimitrios Pelkas,Ergis Kaçe,PAOK Saloniki
2444600,90,Charilaos Charisis,Nikos Korovesis,PAOK Saloniki
2444601,46,Petros Orfanidis,Dani Nieto,Skoda Xanthi
2444601,46,Pantelis Kapetanos,Vasil Shkurti,Skoda Xanthi
2444601,69,Panagiotis Triadis,Khassa Camara,Skoda Xanthi
2444601,59,Antonis Iliadis,Euripidis Giakos,PAS Giannina
2444601,73,Nikos Karanikas,Leonardo Koutris,PAS Giannina
2444601,87,Chrysovalantis Kozoronis,Brana Ilić,PAS Giannina
