GameID,League,Season,Date,HomeTeam,AwayTeam,Result
8257921,2Bundesliga,2016-2017,05.08.2016,1. FC Kaiserslautern,Hannover 96,0:4
8257974,2Bundesliga,2016-2017,06.08.2016,VfL Bochum,1. FC Union Berlin,2:1
8257998,2Bundesliga,2016-2017,06.08.2016,SV Sandhausen,Fortuna Düsseldorf,2:2
8258004,2Bundesliga,2016-2017,06.08.2016,Dynamo Dresden,1. FC Nürnberg,1:1
8257982,2Bundesliga,2016-2017,07.08.2016,SpVgg Greuther Fürth,TSV 1860 München,1:0
8257978,2Bundesliga,2016-2017,07.08.2016,Eintracht Braunschweig,Würzburger Kickers,2:1
8257988,2Bundesliga,2016-2017,07.08.2016,1. FC Heidenheim 1846,Erzgebirge Aue,1:0
8257992,2Bundesliga,2016-2017,07.08.2016,Arminia Bielefeld,Karlsruher SC,0:0
8257940,2Bundesliga,2016-2017,08.08.2016,VfB Stuttgart,FC St. Pauli,2:1
8258028,2Bundesliga,2016-2017,12.08.2016,1. FC Nürnberg,1. FC Heidenheim 1846,1:1
8258072,2Bundesliga,2016-2017,12.08.2016,Erzgebirge Aue,SV Sandhausen,2:0
8258056,2Bundesliga,2016-2017,12.08.2016,Fortuna Düsseldorf,VfB Stuttgart,1:0
8258048,2Bundesliga,2016-2017,13.08.2016,Karlsruher SC,VfL Bochum,1:1
8258034,2Bundesliga,2016-2017,13.08.2016,FC St. Pauli,Eintracht Braunschweig,0:2
8258024,2Bundesliga,2016-2017,14.08.2016,Hannover 96,SpVgg Greuther Fürth,3:1
8258066,2Bundesliga,2016-2017,14.08.2016,TSV 1860 München,Arminia Bielefeld,1:0
8258082,2Bundesliga,2016-2017,14.08.2016,Würzburger Kickers,1. FC Kaiserslautern,1:1
8258040,2Bundesliga,2016-2017,15.08.2016,1. FC Union Berlin,Dynamo Dresden,2:2
8258110,2Bundesliga,2016-2017,26.08.2016,VfL Bochum,Hannover 96,1:1
8258141,2Bundesliga,2016-2017,26.08.2016,1. FC Heidenheim 1846,Würzburger Kickers,1:2
8258153,2Bundesliga,2016-2017,26.08.2016,SV Sandhausen,VfB Stuttgart,1:2
8258114,2Bundesliga,2016-2017,27.08.2016,Karlsruher SC,TSV 1860 München,0:0
8258127,2Bundesliga,2016-2017,27.08.2016,SpVgg Greuther Fürth,Erzgebirge Aue,3:2
8258120,2Bundesliga,2016-2017,28.08.2016,Eintracht Braunschweig,1. FC Nürnberg,6:1
8258148,2Bundesliga,2016-2017,28.08.2016,Arminia Bielefeld,1. FC Union Berlin,4:4
8258158,2Bundesliga,2016-2017,28.08.2016,Dynamo Dresden,FC St. Pauli,1:0
8258137,2Bundesliga,2016-2017,29.08.2016,1. FC Kaiserslautern,Fortuna Düsseldorf,0:0
8258195,2Bundesliga,2016-2017,09.09.2016,VfB Stuttgart,1. FC Heidenheim 1846,1:2
8258226,2Bundesliga,2016-2017,09.09.2016,Erzgebirge Aue,Eintracht Braunschweig,0:2
8258231,2Bundesliga,2016-2017,09.09.2016,Würzburger Kickers,VfL Bochum,2:0
8258209,2Bundesliga,2016-2017,10.09.2016,FC St. Pauli,Arminia Bielefeld,2:1
8258211,2Bundesliga,2016-2017,10.09.2016,1. FC Union Berlin,Karlsruher SC,4:0
8258201,2Bundesliga,2016-2017,11.09.2016,Hannover 96,Dynamo Dresden,0:2
8258215,2Bundesliga,2016-2017,11.09.2016,SV Sandhausen,1. FC Kaiserslautern,2:0
8258220,2Bundesliga,2016-2017,11.09.2016,Fortuna Düsseldorf,SpVgg Greuther Fürth,1:1
8258207,2Bundesliga,2016-2017,12.09.2016,1. FC Nürnberg,TSV 1860 München,1:2
8258262,2Bundesliga,2016-2017,16.09.2016,VfL Bochum,1. FC Nürnberg,5:4
8258280,2Bundesliga,2016-2017,16.09.2016,SpVgg Greuther Fürth,Würzburger Kickers,0:3
8258295,2Bundesliga,2016-2017,16.09.2016,TSV 1860 München,1. FC Union Berlin,1:2
8258276,2Bundesliga,2016-2017,17.09.2016,Eintracht Braunschweig,SV Sandhausen,2:1
8258285,2Bundesliga,2016-2017,17.09.2016,1. FC Kaiserslautern,VfB Stuttgart,0:1
8258288,2Bundesliga,2016-2017,17.09.2016,1. FC Heidenheim 1846,Fortuna Düsseldorf,2:0
8258266,2Bundesliga,2016-2017,18.09.2016,Karlsruher SC,FC St. Pauli,1:1
8258292,2Bundesliga,2016-2017,18.09.2016,Arminia Bielefeld,Hannover 96,3:3
8258299,2Bundesliga,2016-2017,18.09.2016,Dynamo Dresden,Erzgebirge Aue,0:3
8258313,2Bundesliga,2016-2017,20.09.2016,VfB Stuttgart,Eintracht Braunschweig,2:0
8258319,2Bundesliga,2016-2017,20.09.2016,1. FC Nürnberg,SpVgg Greuther Fürth,1:2
8258335,2Bundesliga,2016-2017,20.09.2016,SV Sandhausen,1. FC Heidenheim 1846,0:0
8258341,2Bundesliga,2016-2017,20.09.2016,Fortuna Düsseldorf,VfL Bochum,3:0
8258317,2Bundesliga,2016-2017,21.09.2016,Hannover 96,Karlsruher SC,1:0
8258330,2Bundesliga,2016-2017,21.09.2016,1. FC Kaiserslautern,Dynamo Dresden,3:0
8258345,2Bundesliga,2016-2017,21.09.2016,Erzgebirge Aue,Arminia Bielefeld,1:1
8258353,2Bundesliga,2016-2017,21.09.2016,Würzburger Kickers,1. FC Union Berlin,0:1
8258323,2Bundesliga,2016-2017,22.09.2016,FC St. Pauli,TSV 1860 München,2:2
8258368,2Bundesliga,2016-2017,23.09.2016,VfL Bochum,VfB Stuttgart,1:1
8258380,2Bundesliga,2016-2017,23.09.2016,Eintracht Braunschweig,Fortuna Düsseldorf,2:1
8258382,2Bundesliga,2016-2017,23.09.2016,SpVgg Greuther Fürth,SV Sandhausen,1:1
8258374,2Bundesliga,2016-2017,24.09.2016,Karlsruher SC,Erzgebirge Aue,2:0
8258384,2Bundesliga,2016-2017,24.09.2016,1. FC Heidenheim 1846,1. FC Kaiserslautern,3:0
8258386,2Bundesliga,2016-2017,25.09.2016,Arminia Bielefeld,1. FC Nürnberg,1:3
8258388,2Bundesliga,2016-2017,25.09.2016,TSV 1860 München,Hannover 96,0:2
8258390,2Bundesliga,2016-2017,25.09.2016,Dynamo Dresden,Würzburger Kickers,2:2
8258372,2Bundesliga,2016-2017,26.09.2016,1. FC Union Berlin,FC St. Pauli,2:0
8258396,2Bundesliga,2016-2017,30.09.2016,1. FC Nürnberg,1. FC Union Berlin,2:0
8258402,2Bundesliga,2016-2017,30.09.2016,SV Sandhausen,Dynamo Dresden,2:0
8258406,2Bundesliga,2016-2017,30.09.2016,Erzgebirge Aue,VfL Bochum,2:4
8258394,2Bundesliga,2016-2017,01.10.2016,Hannover 96,FC St. Pauli,2:0
8258404,2Bundesliga,2016-2017,01.10.2016,Fortuna Düsseldorf,Karlsruher SC,1:1
8258398,2Bundesliga,2016-2017,02.10.2016,1. FC Kaiserslautern,Arminia Bielefeld,0:0
8258400,2Bundesliga,2016-2017,02.10.2016,1. FC Heidenheim 1846,Eintracht Braunschweig,1:1
8258408,2Bundesliga,2016-2017,02.10.2016,Würzburger Kickers,TSV 1860 München,2:0
8258392,2Bundesliga,2016-2017,03.10.2016,VfB Stuttgart,SpVgg Greuther Fürth,4:0
8258343,2Bundesliga,2016-2017,14.10.2016,FC St. Pauli,Erzgebirge Aue,1:2
8258350,2Bundesliga,2016-2017,14.10.2016,VfL Bochum,SV Sandhausen,2:2
8258370,2Bundesliga,2016-2017,14.10.2016,Arminia Bielefeld,Würzburger Kickers,0:1
8258366,2Bundesliga,2016-2017,15.10.2016,SpVgg Greuther Fürth,1. FC Heidenheim 1846,0:2
8258378,2Bundesliga,2016-2017,15.10.2016,Dynamo Dresden,VfB Stuttgart,5:0
8258358,2Bundesliga,2016-2017,16.10.2016,1. FC Union Berlin,Hannover 96,2:1
8258360,2Bundesliga,2016-2017,16.10.2016,Karlsruher SC,1. FC Nürnberg,0:3
8258376,2Bundesliga,2016-2017,16.10.2016,TSV 1860 München,Fortuna Düsseldorf,1:3
8258363,2Bundesliga,2016-2017,17.10.2016,Eintracht Braunschweig,1. FC Kaiserslautern,1:0
8257879,2Bundesliga,2016-2017,21.10.2016,VfB Stuttgart,TSV 1860 München,2:1
8257911,2Bundesliga,2016-2017,21.10.2016,Fortuna Düsseldorf,Arminia Bielefeld,4:0
8257925,2Bundesliga,2016-2017,21.10.2016,Würzburger Kickers,Karlsruher SC,0:2
8257893,2Bundesliga,2016-2017,22.10.2016,1. FC Heidenheim 1846,Dynamo Dresden,0:0
8257902,2Bundesliga,2016-2017,22.10.2016,SV Sandhausen,FC St. Pauli,3:0
8257881,2Bundesliga,2016-2017,23.10.2016,1. FC Nürnberg,Hannover 96,2:0
8257885,2Bundesliga,2016-2017,23.10.2016,Eintracht Braunschweig,SpVgg Greuther Fürth,1:0
8257916,2Bundesliga,2016-2017,23.10.2016,Erzgebirge Aue,1. FC Union Berlin,1:3
8257888,2Bundesliga,2016-2017,24.10.2016,1. FC Kaiserslautern,VfL Bochum,3:0
8257980,2Bundesliga,2016-2017,28.10.2016,Arminia Bielefeld,SV Sandhausen,1:0
8257983,2Bundesliga,2016-2017,28.10.2016,TSV 1860 München,Erzgebirge Aue,6:2
8257986,2Bundesliga,2016-2017,28.10.2016,Dynamo Dresden,Eintracht Braunschweig,3:2
8257968,2Bundesliga,2016-2017,29.10.2016,1. FC Union Berlin,Fortuna Düsseldorf,0:1
8257976,2Bundesliga,2016-2017,29.10.2016,SpVgg Greuther Fürth,1. FC Kaiserslautern,0:1
8257950,2Bundesliga,2016-2017,30.10.2016,Hannover 96,Würzburger Kickers,3:1
8257964,2Bundesliga,2016-2017,30.10.2016,VfL Bochum,1. FC Heidenheim 1846,2:1
8257970,2Bundesliga,2016-2017,30.10.2016,Karlsruher SC,VfB Stuttgart,1:3
8257960,2Bundesliga,2016-2017,31.10.2016,FC St. Pauli,1. FC Nürnberg,1:1
8258022,2Bundesliga,2016-2017,04.11.2016,1. FC Heidenheim 1846,Karlsruher SC,2:1
8258032,2Bundesliga,2016-2017,04.11.2016,Fortuna Düsseldorf,Dynamo Dresden,0:3
8258036,2Bundesliga,2016-2017,04.11.2016,Erzgebirge Aue,1. FC Nürnberg,1:2
8258016,2Bundesliga,2016-2017,05.11.2016,SpVgg Greuther Fürth,VfL Bochum,2:1
8258018,2Bundesliga,2016-2017,05.11.2016,1. FC Kaiserslautern,1. FC Union Berlin,1:0
8258002,2Bundesliga,2016-2017,06.11.2016,VfB Stuttgart,Arminia Bielefeld,3:1
8258010,2Bundesliga,2016-2017,06.11.2016,Eintracht Braunschweig,Hannover 96,2:2
8258026,2Bundesliga,2016-2017,06.11.2016,SV Sandhausen,TSV 1860 München,3:2
8258042,2Bundesliga,2016-2017,07.11.2016,Würzburger Kickers,FC St. Pauli,1:0
8258075,2Bundesliga,2016-2017,18.11.2016,1. FC Nürnberg,Würzburger Kickers,2:2
8258092,2Bundesliga,2016-2017,18.11.2016,VfL Bochum,Eintracht Braunschweig,1:1
8258098,2Bundesliga,2016-2017,18.11.2016,Arminia Bielefeld,1. FC Heidenheim 1846,2:1
8258062,2Bundesliga,2016-2017,19.11.2016,Hannover 96,Erzgebirge Aue,2:0
8258096,2Bundesliga,2016-2017,19.11.2016,Karlsruher SC,SV Sandhausen,1:3
8258087,2Bundesliga,2016-2017,20.11.2016,FC St. Pauli,Fortuna Düsseldorf,0:1
8258094,2Bundesliga,2016-2017,20.11.2016,1. FC Union Berlin,VfB Stuttgart,1:1
8258108,2Bundesliga,2016-2017,20.11.2016,Dynamo Dresden,SpVgg Greuther Fürth,2:1
8258102,2Bundesliga,2016-2017,21.11.2016,TSV 1860 München,1. FC Kaiserslautern,1:1
8258151,2Bundesliga,2016-2017,25.11.2016,SpVgg Greuther Fürth,Arminia Bielefeld,2:1
8258175,2Bundesliga,2016-2017,25.11.2016,Fortuna Düsseldorf,Hannover 96,2:2
8258189,2Bundesliga,2016-2017,25.11.2016,Würzburger Kickers,Erzgebirge Aue,1:1
8258162,2Bundesliga,2016-2017,26.11.2016,1. FC Heidenheim 1846,FC St. Pauli,2:0
8258182,2Bundesliga,2016-2017,26.11.2016,Dynamo Dresden,VfL Bochum,2:2
8258146,2Bundesliga,2016-2017,27.11.2016,Eintracht Braunschweig,TSV 1860 München,2:1
8258156,2Bundesliga,2016-2017,27.11.2016,1. FC Kaiserslautern,Karlsruher SC,0:0
8258168,2Bundesliga,2016-2017,27.11.2016,SV Sandhausen,1. FC Union Berlin,0:1
8258130,2Bundesliga,2016-2017,28.11.2016,VfB Stuttgart,1. FC Nürnberg,3:1
8258212,2Bundesliga,2016-2017,02.12.2016,Hannover 96,1. FC Heidenheim 1846,3:2
8258222,2Bundesliga,2016-2017,02.12.2016,FC St. Pauli,1. FC Kaiserslautern,0:0
8258235,2Bundesliga,2016-2017,02.12.2016,Karlsruher SC,SpVgg Greuther Fürth,1:2
8258217,2Bundesliga,2016-2017,03.12.2016,1. FC Nürnberg,SV Sandhausen,1:3
8258245,2Bundesliga,2016-2017,03.12.2016,TSV 1860 München,Dynamo Dresden,1:0
8258241,2Bundesliga,2016-2017,04.12.2016,Arminia Bielefeld,VfL Bochum,1:0
8258248,2Bundesliga,2016-2017,04.12.2016,Erzgebirge Aue,VfB Stuttgart,0:4
8258252,2Bundesliga,2016-2017,04.12.2016,Würzburger Kickers,Fortuna Düsseldorf,0:0
8258227,2Bundesliga,2016-2017,05.12.2016,1. FC Union Berlin,Eintracht Braunschweig,2:0
8258303,2Bundesliga,2016-2017,09.12.2016,1. FC Heidenheim 1846,1. FC Union Berlin,3:0
8258307,2Bundesliga,2016-2017,09.12.2016,Fortuna Düsseldorf,1. FC Nürnberg,0:2
8258309,2Bundesliga,2016-2017,09.12.2016,Dynamo Dresden,Karlsruher SC,0:0
8258268,2Bundesliga,2016-2017,10.12.2016,VfL Bochum,TSV 1860 München,1:0
8258282,2Bundesliga,2016-2017,10.12.2016,1. FC Kaiserslautern,Erzgebirge Aue,0:0
8258270,2Bundesliga,2016-2017,11.12.2016,Eintracht Braunschweig,Arminia Bielefeld,3:2
8258274,2Bundesliga,2016-2017,11.12.2016,SpVgg Greuther Fürth,FC St. Pauli,0:2
8258305,2Bundesliga,2016-2017,11.12.2016,SV Sandhausen,Würzburger Kickers,0:0
8258264,2Bundesliga,2016-2017,12.12.2016,VfB Stuttgart,Hannover 96,1:2
8258325,2Bundesliga,2016-2017,16.12.2016,1. FC Union Berlin,SpVgg Greuther Fürth,1:1
8258338,2Bundesliga,2016-2017,16.12.2016,TSV 1860 München,1. FC Heidenheim 1846,1:1
8258348,2Bundesliga,2016-2017,16.12.2016,Erzgebirge Aue,Fortuna Düsseldorf,0:0
8258321,2Bundesliga,2016-2017,17.12.2016,FC St. Pauli,VfL Bochum,1:1
8258328,2Bundesliga,2016-2017,17.12.2016,Karlsruher SC,Eintracht Braunschweig,0:0
8258311,2Bundesliga,2016-2017,18.12.2016,Hannover 96,SV Sandhausen,0:0
8258333,2Bundesliga,2016-2017,18.12.2016,Arminia Bielefeld,Dynamo Dresden,1:2
8258355,2Bundesliga,2016-2017,18.12.2016,Würzburger Kickers,VfB Stuttgart,3:0
8258315,2Bundesliga,2016-2017,19.12.2016,1. FC Nürnberg,1. FC Kaiserslautern,2:1
8257975,2Bundesliga,2016-2017,27.01.2017,1. FC Union Berlin,VfL Bochum,2:1
8257984,2Bundesliga,2016-2017,27.01.2017,TSV 1860 München,SpVgg Greuther Fürth,2:1
8257999,2Bundesliga,2016-2017,27.01.2017,Fortuna Düsseldorf,SV Sandhausen,0:3
8257979,2Bundesliga,2016-2017,28.01.2017,Würzburger Kickers,Eintracht Braunschweig,1:1
8257989,2Bundesliga,2016-2017,28.01.2017,Erzgebirge Aue,1. FC Heidenheim 1846,2:1
8257941,2Bundesliga,2016-2017,29.01.2017,FC St. Pauli,VfB Stuttgart,0:1
8257993,2Bundesliga,2016-2017,29.01.2017,Karlsruher SC,Arminia Bielefeld,3:2
8258005,2Bundesliga,2016-2017,29.01.2017,1. FC Nürnberg,Dynamo Dresden,1:2
8257922,2Bundesliga,2016-2017,30.01.2017,Hannover 96,1. FC Kaiserslautern,1:0
8258025,2Bundesliga,2016-2017,03.02.2017,SpVgg Greuther Fürth,Hannover 96,4:1
8258067,2Bundesliga,2016-2017,03.02.2017,Arminia Bielefeld,TSV 1860 München,2:1
8258083,2Bundesliga,2016-2017,03.02.2017,1. FC Kaiserslautern,Würzburger Kickers,1:0
8258029,2Bundesliga,2016-2017,04.02.2017,1. FC Heidenheim 1846,1. FC Nürnberg,2:3
8258073,2Bundesliga,2016-2017,04.02.2017,SV Sandhausen,Erzgebirge Aue,2:0
8258035,2Bundesliga,2016-2017,05.02.2017,Eintracht Braunschweig,FC St. Pauli,1:2
8258041,2Bundesliga,2016-2017,05.02.2017,Dynamo Dresden,1. FC Union Berlin,0:0
8258050,2Bundesliga,2016-2017,05.02.2017,VfL Bochum,Karlsruher SC,1:1
8258057,2Bundesliga,2016-2017,06.02.2017,VfB Stuttgart,Fortuna Düsseldorf,2:0
8258121,2Bundesliga,2016-2017,10.02.2017,1. FC Nürnberg,Eintracht Braunschweig,1:1
8258128,2Bundesliga,2016-2017,10.02.2017,Erzgebirge Aue,SpVgg Greuther Fürth,0:0
8258139,2Bundesliga,2016-2017,10.02.2017,Fortuna Düsseldorf,1. FC Kaiserslautern,1:1
8258115,2Bundesliga,2016-2017,11.02.2017,TSV 1860 München,Karlsruher SC,2:1
8258142,2Bundesliga,2016-2017,11.02.2017,Würzburger Kickers,1. FC Heidenheim 1846,0:2
8258149,2Bundesliga,2016-2017,12.02.2017,1. FC Union Berlin,Arminia Bielefeld,3:1
8258154,2Bundesliga,2016-2017,12.02.2017,VfB Stuttgart,SV Sandhausen,2:1
8258159,2Bundesliga,2016-2017,12.02.2017,FC St. Pauli,Dynamo Dresden,2:0
8258111,2Bundesliga,2016-2017,13.02.2017,Hannover 96,VfL Bochum,2:1
8258196,2Bundesliga,2016-2017,17.02.2017,1. FC Heidenheim 1846,VfB Stuttgart,1:2
8258216,2Bundesliga,2016-2017,17.02.2017,1. FC Kaiserslautern,SV Sandhausen,3:0
8258228,2Bundesliga,2016-2017,17.02.2017,Eintracht Braunschweig,Erzgebirge Aue,1:1
8258221,2Bundesliga,2016-2017,18.02.2017,SpVgg Greuther Fürth,Fortuna Düsseldorf,1:0
8258232,2Bundesliga,2016-2017,18.02.2017,VfL Bochum,Würzburger Kickers,2:1
8258202,2Bundesliga,2016-2017,19.02.2017,Dynamo Dresden,Hannover 96,1:2
8258210,2Bundesliga,2016-2017,19.02.2017,Arminia Bielefeld,FC St. Pauli,1:1
8258213,2Bundesliga,2016-2017,19.02.2017,Karlsruher SC,1. FC Union Berlin,1:2
8258208,2Bundesliga,2016-2017,20.02.2017,TSV 1860 München,1. FC Nürnberg,2:0
8258277,2Bundesliga,2016-2017,24.02.2017,SV Sandhausen,Eintracht Braunschweig,0:1
8258281,2Bundesliga,2016-2017,24.02.2017,Würzburger Kickers,SpVgg Greuther Fürth,1:1
8258296,2Bundesliga,2016-2017,24.02.2017,1. FC Union Berlin,TSV 1860 München,2:0
8258289,2Bundesliga,2016-2017,25.02.2017,Fortuna Düsseldorf,1. FC Heidenheim 1846,0:0
8258293,2Bundesliga,2016-2017,25.02.2017,Hannover 96,Arminia Bielefeld,2:2
8258263,2Bundesliga,2016-2017,26.02.2017,1. FC Nürnberg,VfL Bochum,0:1
8258286,2Bundesliga,2016-2017,26.02.2017,VfB Stuttgart,1. FC Kaiserslautern,2:0
8258300,2Bundesliga,2016-2017,26.02.2017,Erzgebirge Aue,Dynamo Dresden,1:4
8258267,2Bundesliga,2016-2017,27.02.2017,FC St. Pauli,Karlsruher SC,5:0
8258331,2Bundesliga,2016-2017,03.03.2017,Dynamo Dresden,1. FC Kaiserslautern,3:3
8258342,2Bundesliga,2016-2017,03.03.2017,VfL Bochum,Fortuna Düsseldorf,1:2
8258354,2Bundesliga,2016-2017,03.03.2017,1. FC Union Berlin,Würzburger Kickers,2:0
8258318,2Bundesliga,2016-2017,04.03.2017,Karlsruher SC,Hannover 96,2:0
8258324,2Bundesliga,2016-2017,04.03.2017,TSV 1860 München,FC St. Pauli,1:2
8258320,2Bundesliga,2016-2017,05.03.2017,SpVgg Greuther Fürth,1. FC Nürnberg,1:0
8258336,2Bundesliga,2016-2017,05.03.2017,1. FC Heidenheim 1846,SV Sandhausen,2:2
8258346,2Bundesliga,2016-2017,05.03.2017,Arminia Bielefeld,Erzgebirge Aue,2:2
8258314,2Bundesliga,2016-2017,06.03.2017,Eintracht Braunschweig,VfB Stuttgart,1:1
8258369,2Bundesliga,2016-2017,10.03.2017,VfB Stuttgart,VfL Bochum,1:1
8258373,2Bundesliga,2016-2017,10.03.2017,FC St. Pauli,1. FC Union Berlin,1:2
8258375,2Bundesliga,2016-2017,10.03.2017,Erzgebirge Aue,Karlsruher SC,1:0
8258389,2Bundesliga,2016-2017,11.03.2017,Hannover 96,TSV 1860 München,1:0
8258391,2Bundesliga,2016-2017,11.03.2017,Würzburger Kickers,Dynamo Dresden,0:2
8258383,2Bundesliga,2016-2017,12.03.2017,SV Sandhausen,SpVgg Greuther Fürth,1:1
8258385,2Bundesliga,2016-2017,12.03.2017,1. FC Kaiserslautern,1. FC Heidenheim 1846,1:1
8258387,2Bundesliga,2016-2017,12.03.2017,1. FC Nürnberg,Arminia Bielefeld,1:0
8258381,2Bundesliga,2016-2017,13.03.2017,Fortuna Düsseldorf,Eintracht Braunschweig,1:2
8258399,2Bundesliga,2016-2017,17.03.2017,Arminia Bielefeld,1. FC Kaiserslautern,2:0
8258401,2Bundesliga,2016-2017,17.03.2017,Eintracht Braunschweig,1. FC Heidenheim 1846,3:2
8258409,2Bundesliga,2016-2017,17.03.2017,TSV 1860 München,Würzburger Kickers,2:1
8258393,2Bundesliga,2016-2017,18.03.2017,SpVgg Greuther Fürth,VfB Stuttgart,1:0
8258395,2Bundesliga,2016-2017,18.03.2017,FC St. Pauli,Hannover 96,0:0
8258403,2Bundesliga,2016-2017,19.03.2017,Dynamo Dresden,SV Sandhausen,2:0
8258405,2Bundesliga,2016-2017,19.03.2017,Karlsruher SC,Fortuna Düsseldorf,0:3
8258407,2Bundesliga,2016-2017,19.03.2017,VfL Bochum,Erzgebirge Aue,1:1
8258397,2Bundesliga,2016-2017,20.03.2017,1. FC Union Berlin,1. FC Nürnberg,1:0
8258344,2Bundesliga,2016-2017,31.03.2017,Erzgebirge Aue,FC St. Pauli,1:0
8258361,2Bundesliga,2016-2017,31.03.2017,1. FC Nürnberg,Karlsruher SC,2:1
8258377,2Bundesliga,2016-2017,31.03.2017,Fortuna Düsseldorf,TSV 1860 München,0:1
8258351,2Bundesliga,2016-2017,01.04.2017,SV Sandhausen,VfL Bochum,0:0
8258359,2Bundesliga,2016-2017,01.04.2017,Hannover 96,1. FC Union Berlin,2:0
8258371,2Bundesliga,2016-2017,01.04.2017,Würzburger Kickers,Arminia Bielefeld,1:1
8258364,2Bundesliga,2016-2017,02.04.2017,1. FC Kaiserslautern,Eintracht Braunschweig,0:1
8258367,2Bundesliga,2016-2017,02.04.2017,1. FC Heidenheim 1846,SpVgg Greuther Fürth,0:2
8258379,2Bundesliga,2016-2017,02.04.2017,VfB Stuttgart,Dynamo Dresden,3:3
8257882,2Bundesliga,2016-2017,04.04.2017,Hannover 96,1. FC Nürnberg,1:0
8257903,2Bundesliga,2016-2017,04.04.2017,FC St. Pauli,SV Sandhausen,0:0
8257912,2Bundesliga,2016-2017,04.04.2017,Arminia Bielefeld,Fortuna Düsseldorf,2:1
8257926,2Bundesliga,2016-2017,04.04.2017,Karlsruher SC,Würzburger Kickers,1:1
8257880,2Bundesliga,2016-2017,05.04.2017,TSV 1860 München,VfB Stuttgart,1:1
8257886,2Bundesliga,2016-2017,05.04.2017,SpVgg Greuther Fürth,Eintracht Braunschweig,0:0
8257889,2Bundesliga,2016-2017,05.04.2017,VfL Bochum,1. FC Kaiserslautern,0:0
8257895,2Bundesliga,2016-2017,05.04.2017,Dynamo Dresden,1. FC Heidenheim 1846,2:1
8257917,2Bundesliga,2016-2017,05.04.2017,1. FC Union Berlin,Erzgebirge Aue,0:1
8257952,2Bundesliga,2016-2017,07.04.2017,Würzburger Kickers,Hannover 96,0:0
8257961,2Bundesliga,2016-2017,07.04.2017,1. FC Nürnberg,FC St. Pauli,0:2
8257981,2Bundesliga,2016-2017,07.04.2017,SV Sandhausen,Arminia Bielefeld,1:3
8257965,2Bundesliga,2016-2017,08.04.2017,1. FC Heidenheim 1846,VfL Bochum,0:0
8257977,2Bundesliga,2016-2017,08.04.2017,1. FC Kaiserslautern,SpVgg Greuther Fürth,2:0
8257969,2Bundesliga,2016-2017,09.04.2017,Fortuna Düsseldorf,1. FC Union Berlin,2:2
8257971,2Bundesliga,2016-2017,09.04.2017,VfB Stuttgart,Karlsruher SC,2:0
8257985,2Bundesliga,2016-2017,09.04.2017,Erzgebirge Aue,TSV 1860 München,3:0
8257987,2Bundesliga,2016-2017,10.04.2017,Eintracht Braunschweig,Dynamo Dresden,1:0
8258011,2Bundesliga,2016-2017,15.04.2017,Hannover 96,Eintracht Braunschweig,1:0
8258037,2Bundesliga,2016-2017,15.04.2017,1. FC Nürnberg,Erzgebirge Aue,2:1
8258017,2Bundesliga,2016-2017,16.04.2017,VfL Bochum,SpVgg Greuther Fürth,1:0
8258019,2Bundesliga,2016-2017,16.04.2017,1. FC Union Berlin,1. FC Kaiserslautern,3:1
8258023,2Bundesliga,2016-2017,16.04.2017,Karlsruher SC,1. FC Heidenheim 1846,0:1
8258027,2Bundesliga,2016-2017,16.04.2017,TSV 1860 München,SV Sandhausen,1:1
8258033,2Bundesliga,2016-2017,16.04.2017,Dynamo Dresden,Fortuna Düsseldorf,1:1
8258043,2Bundesliga,2016-2017,16.04.2017,FC St. Pauli,Würzburger Kickers,1:0
8258003,2Bundesliga,2016-2017,17.04.2017,Arminia Bielefeld,VfB Stuttgart,2:3
8258089,2Bundesliga,2016-2017,21.04.2017,Fortuna Düsseldorf,FC St. Pauli,1:3
8258103,2Bundesliga,2016-2017,21.04.2017,1. FC Kaiserslautern,TSV 1860 München,1:0
8258109,2Bundesliga,2016-2017,21.04.2017,SpVgg Greuther Fürth,Dynamo Dresden,1:0
8258063,2Bundesliga,2016-2017,22.04.2017,Erzgebirge Aue,Hannover 96,2:2
8258099,2Bundesliga,2016-2017,22.04.2017,1. FC Heidenheim 1846,Arminia Bielefeld,2:2
8258077,2Bundesliga,2016-2017,23.04.2017,Würzburger Kickers,1. FC Nürnberg,1:1
8258093,2Bundesliga,2016-2017,23.04.2017,Eintracht Braunschweig,VfL Bochum,2:0
8258097,2Bundesliga,2016-2017,23.04.2017,SV Sandhausen,Karlsruher SC,4:0
8258095,2Bundesliga,2016-2017,24.04.2017,VfB Stuttgart,1. FC Union Berlin,3:1
8258163,2Bundesliga,2016-2017,28.04.2017,FC St. Pauli,1. FC Heidenheim 1846,3:0
8258169,2Bundesliga,2016-2017,28.04.2017,1. FC Union Berlin,SV Sandhausen,2:1
8258183,2Bundesliga,2016-2017,28.04.2017,VfL Bochum,Dynamo Dresden,4:2
8258131,2Bundesliga,2016-2017,29.04.2017,1. FC Nürnberg,VfB Stuttgart,2:3
8258152,2Bundesliga,2016-2017,29.04.2017,Arminia Bielefeld,SpVgg Greuther Fürth,1:1
8258157,2Bundesliga,2016-2017,29.04.2017,Karlsruher SC,1. FC Kaiserslautern,1:3
8258147,2Bundesliga,2016-2017,30.04.2017,TSV 1860 München,Eintracht Braunschweig,0:1
8258176,2Bundesliga,2016-2017,30.04.2017,Hannover 96,Fortuna Düsseldorf,1:0
8258190,2Bundesliga,2016-2017,30.04.2017,Erzgebirge Aue,Würzburger Kickers,3:1
8258214,2Bundesliga,2016-2017,05.05.2017,1. FC Heidenheim 1846,Hannover 96,0:2
8258223,2Bundesliga,2016-2017,05.05.2017,1. FC Kaiserslautern,FC St. Pauli,1:2
8258246,2Bundesliga,2016-2017,05.05.2017,Dynamo Dresden,TSV 1860 München,1:2
8258218,2Bundesliga,2016-2017,06.05.2017,SV Sandhausen,1. FC Nürnberg,0:1
8258253,2Bundesliga,2016-2017,06.05.2017,Fortuna Düsseldorf,Würzburger Kickers,1:1
8258236,2Bundesliga,2016-2017,07.05.2017,SpVgg Greuther Fürth,Karlsruher SC,0:1
8258242,2Bundesliga,2016-2017,07.05.2017,VfL Bochum,Arminia Bielefeld,1:1
8258249,2Bundesliga,2016-2017,07.05.2017,VfB Stuttgart,Erzgebirge Aue,3:0
8258229,2Bundesliga,2016-2017,08.05.2017,Eintracht Braunschweig,1. FC Union Berlin,3:1
8258265,2Bundesliga,2016-2017,14.05.2017,Hannover 96,VfB Stuttgart,1:0
8258269,2Bundesliga,2016-2017,14.05.2017,TSV 1860 München,VfL Bochum,1:2
8258271,2Bundesliga,2016-2017,14.05.2017,Arminia Bielefeld,Eintracht Braunschweig,6:0
8258275,2Bundesliga,2016-2017,14.05.2017,FC St. Pauli,SpVgg Greuther Fürth,1:1
8258283,2Bundesliga,2016-2017,14.05.2017,Erzgebirge Aue,1. FC Kaiserslautern,1:0
8258304,2Bundesliga,2016-2017,14.05.2017,1. FC Union Berlin,1. FC Heidenheim 1846,0:1
8258306,2Bundesliga,2016-2017,14.05.2017,Würzburger Kickers,SV Sandhausen,0:1
8258308,2Bundesliga,2016-2017,14.05.2017,1. FC Nürnberg,Fortuna Düsseldorf,2:3
8258310,2Bundesliga,2016-2017,14.05.2017,Karlsruher SC,Dynamo Dresden,3:4
8258312,2Bundesliga,2016-2017,21.05.2017,SV Sandhausen,Hannover 96,1:1
8258316,2Bundesliga,2016-2017,21.05.2017,1. FC Kaiserslautern,1. FC Nürnberg,1:0
8258322,2Bundesliga,2016-2017,21.05.2017,VfL Bochum,FC St. Pauli,1:3
8258326,2Bundesliga,2016-2017,21.05.2017,SpVgg Greuther Fürth,1. FC Union Berlin,1:2
8258329,2Bundesliga,2016-2017,21.05.2017,Eintracht Braunschweig,Karlsruher SC,2:1
8258334,2Bundesliga,2016-2017,21.05.2017,Dynamo Dresden,Arminia Bielefeld,1:1
8258339,2Bundesliga,2016-2017,21.05.2017,1. FC Heidenheim 1846,TSV 1860 München,2:1
8258349,2Bundesliga,2016-2017,21.05.2017,Fortuna Düsseldorf,Erzgebirge Aue,1:0
8258356,2Bundesliga,2016-2017,21.05.2017,VfB Stuttgart,Würzburger Kickers,4:1
