GameID,Minute,Scorer,Team
8257921,16,Sebastian Maier,Hannover 96
8257921,48,Waldemar Anton,Hannover 96
8257921,63,Artur Sobiech,Hannover 96
8257921,84,Artur Sobiech,Hannover 96
8257974,57,Felix Bastians,VfL Bochum
8257974,77,Tom Weilandt,VfL Bochum
8257974,72,Damir Kreilach,1. FC Union Berlin
8257998,5,Korbinian Vollmann,SV Sandhausen
8257998,12,Markus Karl,SV Sandhausen
8257998,89,Daniel Gordon,SV Sandhausen
8257998,30,Adam Bodzek,Fortuna Düsseldorf
8258004,90,Pascal Testroet,Dynamo Dresden
8258004,45,Guido Burgstaller,1. FC Nürnberg
8257982,45,Robert Žulj,SpVgg Greuther Fürth
8257978,43,Salim Khelifi,Eintracht Braunschweig
8257978,54,Julius Biada,Eintracht Braunschweig
8257978,61,Elia Soriano,Würzburger Kickers
8257988,42,Denis Thomalla,1. FC Heidenheim 1846
8257940,67,Alexandru Maxim,VfB Stuttgart
8257940,87,Christian Gentner,VfB Stuttgart
8257940,28,Aziz Bouhaddouz,FC St. Pauli
8258028,11,Jakub Sylvestr,1. FC Nürnberg
8258028,56,Denis Thomalla,1. FC Heidenheim 1846
8258072,28,Nicky Adler,Erzgebirge Aue
8258072,40,Pascal Köpke,Erzgebirge Aue
8258056,53,Ihlas Bebou,Fortuna Düsseldorf
8258048,65,Dimitrios Diamantakos,Karlsruher SC
8258048,34,Stefano Celozzi,VfL Bochum
8258034,40,Domi Kumbela,Eintracht Braunschweig
8258034,67,Julius Biada,Eintracht Braunschweig
8258024,23,Iver Fossum,Hannover 96
8258024,74,Sebastian Maier,Hannover 96
8258024,85,Martin Harnik,Hannover 96
8258024,90,Veton Berisha,SpVgg Greuther Fürth
8258066,67,Stefan Aigner,TSV 1860 München
8258082,45,Richard Weil,Würzburger Kickers
8258082,20,Marcel Gaus,1. FC Kaiserslautern
8258040,58,Collin Quaner,1. FC Union Berlin
8258040,66,Collin Quaner,1. FC Union Berlin
8258040,8,Aias Aosman,Dynamo Dresden
8258040,69,Andreas Lambertz,Dynamo Dresden
8258110,72,Johannes Wurtz,VfL Bochum
8258110,74,Salif Sané,Hannover 96
8258141,60,Marc Schnatterer,1. FC Heidenheim 1846
8258141,17,Patrick Weihrauch,Würzburger Kickers
8258141,89,Rico Benatelli,Würzburger Kickers
8258153,76,Andrew Wooten,SV Sandhausen
8258153,39,Simon Terodde,VfB Stuttgart
8258153,65,Christian Gentner,VfB Stuttgart
8258127,39,Sebastian Freis,SpVgg Greuther Fürth
8258127,47,Serdar Dursun,SpVgg Greuther Fürth
8258127,78,Marcel Franke,SpVgg Greuther Fürth
8258127,90,Marcel Franke,SpVgg Greuther Fürth
8258127,62,Mario Kvesić,Erzgebirge Aue
8258120,43,Domi Kumbela,Eintracht Braunschweig
8258120,45,Saulo Decarli,Eintracht Braunschweig
8258120,55,Saulo Decarli,Eintracht Braunschweig
8258120,87,Nik Omladič,Eintracht Braunschweig
8258120,88,Christoffer Nyman,Eintracht Braunschweig
8258120,8,Guido Burgstaller,1. FC Nürnberg
8258120,64,Dave Bulthuis,1. FC Nürnberg
8258148,30,Sebastian Schuppan,Arminia Bielefeld
8258148,42,Fabian Klos,Arminia Bielefeld
8258148,63,Christopher Nöthe,Arminia Bielefeld
8258148,84,David Ulm,Arminia Bielefeld
8258148,37,Stephan Fürstner,1. FC Union Berlin
8258148,66,Steven Skrzybski,1. FC Union Berlin
8258148,68,Collin Quaner,1. FC Union Berlin
8258148,81,Steven Skrzybski,1. FC Union Berlin
8258158,7,Andreas Lambertz,Dynamo Dresden
8258195,72,Toni Šunjić,VfB Stuttgart
8258195,69,John Verhoek,1. FC Heidenheim 1846
8258195,76,Tim Skarke,1. FC Heidenheim 1846
8258226,10,Domi Kumbela,Eintracht Braunschweig
8258226,89,Domi Kumbela,Eintracht Braunschweig
8258231,62,Elia Soriano,Würzburger Kickers
8258231,90,Rico Benatelli,Würzburger Kickers
8258209,38,Aziz Bouhaddouz,FC St. Pauli
8258209,90,Cenk Şahin,FC St. Pauli
8258209,50,Sebastian Schuppan,Arminia Bielefeld
8258211,22,Damir Kreilach,1. FC Union Berlin
8258211,44,Collin Quaner,1. FC Union Berlin
8258211,61,Steven Skrzybski,1. FC Union Berlin
8258211,76,Collin Quaner,1. FC Union Berlin
8258201,18,Marvin Stefaniak,Dynamo Dresden
8258201,57,Florian Ballas,Dynamo Dresden
8258215,6,Lucas Höler,SV Sandhausen
8258215,83,Korbinian Vollmann,SV Sandhausen
8258220,78,Oliver Fink,Fortuna Düsseldorf
8258220,23,Khaled Narey,SpVgg Greuther Fürth
8258207,17,Tim Matavž,1. FC Nürnberg
8258207,11,Sascha Mölders,TSV 1860 München
8258207,79,Michael Liendl,TSV 1860 München
8258262,4,Kevin Stöger,VfL Bochum
8258262,7,Felix Bastians,VfL Bochum
8258262,27,Peniel Mlapa,VfL Bochum
8258262,55,Peniel Mlapa,VfL Bochum
8258262,89,Nils Quaschner,VfL Bochum
8258262,18,Edgar Salli,1. FC Nürnberg
8258262,34,Dave Bulthuis,1. FC Nürnberg
8258262,45,Edgar Salli,1. FC Nürnberg
8258262,90,Shawn Parker,1. FC Nürnberg
8258280,10,David Pisot,Würzburger Kickers
8258280,79,David Pisot,Würzburger Kickers
8258280,84,Tobias Schröck,Würzburger Kickers
8258295,25,Michael Liendl,TSV 1860 München
8258295,5,Steven Skrzybski,1. FC Union Berlin
8258295,40,Kenny Redondo,1. FC Union Berlin
8258276,62,Christoffer Nyman,Eintracht Braunschweig
8258276,74,Onel Hernandez,Eintracht Braunschweig
8258276,90,Richard Sukuta-Pasu,SV Sandhausen
8258285,52,Simon Terodde,VfB Stuttgart
8258288,70,Tim Kleindienst,1. FC Heidenheim 1846
8258288,76,Marc Schnatterer,1. FC Heidenheim 1846
8258266,57,Dimitrios Diamantakos,Karlsruher SC
8258266,32,Aziz Bouhaddouz,FC St. Pauli
8258292,26,Fabian Klos,Arminia Bielefeld
8258292,31,Fabian Klos,Arminia Bielefeld
8258292,45,Sebastian Schuppan,Arminia Bielefeld
8258292,79,Brian Behrendt,Arminia Bielefeld
8258292,90,Sebastian Schuppan,Arminia Bielefeld
8258292,69,Kenan Karaman,Hannover 96
8258299,32,Fabio Kaufmann,Erzgebirge Aue
8258299,53,Simon Skarlatidis,Erzgebirge Aue
8258299,54,Pascal Köpke,Erzgebirge Aue
8258313,18,Toni Šunjić,VfB Stuttgart
8258313,64,Kevin Großkreutz,VfB Stuttgart
8258319,90,Guido Burgstaller,1. FC Nürnberg
8258319,40,Serdar Dursun,SpVgg Greuther Fürth
8258319,54,Daniel Steininger,SpVgg Greuther Fürth
8258341,3,Marcel Sobottka,Fortuna Düsseldorf
8258341,14,Rouwen Hennings,Fortuna Düsseldorf
8258341,68,Axel Bellinghausen,Fortuna Düsseldorf
8258317,7,Felix Klaus,Hannover 96
8258330,16,Jacques Zoua,1. FC Kaiserslautern
8258330,51,Osayamen Osawe,1. FC Kaiserslautern
8258330,56,Jacques Zoua,1. FC Kaiserslautern
8258345,43,Pascal Köpke,Erzgebirge Aue
8258345,48,Malcolm Cacutalua,Arminia Bielefeld
8258353,84,Collin Quaner,1. FC Union Berlin
8258323,16,Christopher Buchtmann,FC St. Pauli
8258323,76,Bernd Nehrig,FC St. Pauli
8258323,70,Michael Liendl,TSV 1860 München
8258323,77,Victor Andrade,TSV 1860 München
8258368,79,Johannes Wurtz,VfL Bochum
8258368,57,Christian Gentner,VfB Stuttgart
8258380,30,Domi Kumbela,Eintracht Braunschweig
8258380,33,Ken Reichel,Eintracht Braunschweig
8258380,78,Jerome Kiesewetter,Fortuna Düsseldorf
8258382,71,Sebastian Freis,SpVgg Greuther Fürth
8258382,90,Andrew Wooten,SV Sandhausen
8258374,76,Erwin Hoffer,Karlsruher SC
8258374,87,Moritz Stoppelkamp,Karlsruher SC
8258384,2,Bård Finne,1. FC Heidenheim 1846
8258384,20,Timo Beermann,1. FC Heidenheim 1846
8258384,56,Robert Strauß,1. FC Heidenheim 1846
8258386,42,Sebastian Schuppan,Arminia Bielefeld
8258386,52,Guido Burgstaller,1. FC Nürnberg
8258386,81,Guido Burgstaller,1. FC Nürnberg
8258386,85,Tim Matavž,1. FC Nürnberg
8258388,67,Kenan Karaman,Hannover 96
8258388,87,Martin Harnik,Hannover 96
8258390,2,Marco Hartmann,Dynamo Dresden
8258390,58,Akaki Gogia,Dynamo Dresden
8258390,50,Felix Müller,Würzburger Kickers
8258390,72,Tobias Schröck,Würzburger Kickers
8258372,12,Philipp Hosiner,1. FC Union Berlin
8258372,42,Kenny Redondo,1. FC Union Berlin
8258396,45,Kevin Möhwald,1. FC Nürnberg
8258396,83,Cedric Teuchert,1. FC Nürnberg
8258402,8,Andrew Wooten,SV Sandhausen
8258402,15,Tim Kister,SV Sandhausen
8258406,5,Pascal Köpke,Erzgebirge Aue
8258406,12,Simon Skarlatidis,Erzgebirge Aue
8258406,2,Johannes Wurtz,VfL Bochum
8258406,14,Thomas Eisfeld,VfL Bochum
8258406,70,Jan Gyamerah,VfL Bochum
8258406,90,Peniel Mlapa,VfL Bochum
8258394,75,Kenan Karaman,Hannover 96
8258394,90,Felix Klaus,Hannover 96
8258404,37,Rouwen Hennings,Fortuna Düsseldorf
8258404,47,Florian Kamberi,Karlsruher SC
8258400,27,Tim Kleindienst,1. FC Heidenheim 1846
8258400,76,Domi Kumbela,Eintracht Braunschweig
8258408,27,Elia Soriano,Würzburger Kickers
8258408,82,Felix Müller,Würzburger Kickers
8258392,2,Carlos Mané,VfB Stuttgart
8258392,4,Carlos Mané,VfB Stuttgart
8258392,24,Benjamin Pavard,VfB Stuttgart
8258392,80,Christian Gentner,VfB Stuttgart
8258343,3,Marvin Ducksch,FC St. Pauli
8258343,39,Pascal Köpke,Erzgebirge Aue
8258343,90,Steve Breitkreuz,Erzgebirge Aue
8258350,60,Tim Hoogland,VfL Bochum
8258350,61,Johannes Wurtz,VfL Bochum
8258350,30,Lucas Höler,SV Sandhausen
8258350,55,Tim Knipping,SV Sandhausen
8258370,82,Nejmeddin Daghfous,Würzburger Kickers
8258366,14,Ben Halloran,1. FC Heidenheim 1846
8258366,18,Tim Kleindienst,1. FC Heidenheim 1846
8258378,38,Stefan Kutschke,Dynamo Dresden
8258378,42,Andreas Lambertz,Dynamo Dresden
8258378,44,Akaki Gogia,Dynamo Dresden
8258378,74,Akaki Gogia,Dynamo Dresden
8258378,77,Pascal Testroet,Dynamo Dresden
8258358,75,Collin Quaner,1. FC Union Berlin
8258358,79,Philipp Hosiner,1. FC Union Berlin
8258358,90,Felix Klaus,Hannover 96
8258360,61,Guido Burgstaller,1. FC Nürnberg
8258360,67,Guido Burgstaller,1. FC Nürnberg
8258360,88,Tim Matavž,1. FC Nürnberg
8258376,81,Michael Liendl,TSV 1860 München
8258376,6,Rouwen Hennings,Fortuna Düsseldorf
8258376,25,Ihlas Bebou,Fortuna Düsseldorf
8258376,36,Marcel Sobottka,Fortuna Düsseldorf
8258363,18,Nik Omladič,Eintracht Braunschweig
8257879,6,Berkay Özcan,VfB Stuttgart
8257879,18,Simon Terodde,VfB Stuttgart
8257879,35,Levent Ayçiçek,TSV 1860 München
8257911,20,Axel Bellinghausen,Fortuna Düsseldorf
8257911,32,Rouwen Hennings,Fortuna Düsseldorf
8257911,67,Arianit Ferati,Fortuna Düsseldorf
8257911,73,Rouwen Hennings,Fortuna Düsseldorf
8257925,16,Moritz Stoppelkamp,Karlsruher SC
8257925,67,Dennis Kempe,Karlsruher SC
8257902,26,Lucas Höler,SV Sandhausen
8257902,45,Thomas Pledl,SV Sandhausen
8257902,72,Andrew Wooten,SV Sandhausen
8257881,4,Tim Matavž,1. FC Nürnberg
8257881,21,Guido Burgstaller,1. FC Nürnberg
8257885,59,Onel Hernandez,Eintracht Braunschweig
8257916,20,Mario Kvesić,Erzgebirge Aue
8257916,41,Damir Kreilach,1. FC Union Berlin
8257916,63,Damir Kreilach,1. FC Union Berlin
8257916,82,Steven Skrzybski,1. FC Union Berlin
8257888,32,Osayamen Osawe,1. FC Kaiserslautern
8257888,57,Osayamen Osawe,1. FC Kaiserslautern
8257888,75,Osayamen Osawe,1. FC Kaiserslautern
8257980,84,Andreas Voglsammer,Arminia Bielefeld
8257983,16,Levent Ayçiçek,TSV 1860 München
8257983,23,Michael Liendl,TSV 1860 München
8257983,43,Michael Liendl,TSV 1860 München
8257983,49,Sascha Mölders,TSV 1860 München
8257983,72,Levent Ayçiçek,TSV 1860 München
8257983,90,Daniel Adlung,TSV 1860 München
8257983,28,Pascal Köpke,Erzgebirge Aue
8257983,55,Cebio Soukou,Erzgebirge Aue
8257986,69,Stefan Kutschke,Dynamo Dresden
8257986,74,Stefan Kutschke,Dynamo Dresden
8257986,81,Stefan Kutschke,Dynamo Dresden
8257986,10,Onel Hernandez,Eintracht Braunschweig
8257986,52,Domi Kumbela,Eintracht Braunschweig
8257968,56,Ihlas Bebou,Fortuna Düsseldorf
8257976,51,Osayamen Osawe,1. FC Kaiserslautern
8257950,59,Martin Harnik,Hannover 96
8257950,67,Felix Klaus,Hannover 96
8257950,90,Martin Harnik,Hannover 96
8257950,24,Elia Soriano,Würzburger Kickers
8257964,6,Peniel Mlapa,VfL Bochum
8257964,31,Felix Bastians,VfL Bochum
8257964,49,Paweł Dawidowicz,VfL Bochum
8257970,51,Moritz Stoppelkamp,Karlsruher SC
8257970,10,Takuma Asano,VfB Stuttgart
8257970,46,Simon Terodde,VfB Stuttgart
8257970,86,Alexandru Maxim,VfB Stuttgart
8257960,6,Christopher Buchtmann,FC St. Pauli
8257960,20,Guido Burgstaller,1. FC Nürnberg
8258022,36,Marc Schnatterer,1. FC Heidenheim 1846
8258022,82,Sebastian Griesbeck,1. FC Heidenheim 1846
8258022,28,Hiroki Yamada,Karlsruher SC
8258032,1,Niklas Hauptmann,Dynamo Dresden
8258032,26,Akaki Gogia,Dynamo Dresden
8258032,50,Akaki Gogia,Dynamo Dresden
8258036,60,Nicky Adler,Erzgebirge Aue
8258036,44,Kevin Möhwald,1. FC Nürnberg
8258036,77,Guido Burgstaller,1. FC Nürnberg
8258016,51,Sebastian Freis,SpVgg Greuther Fürth
8258016,82,Sercan Sararer,SpVgg Greuther Fürth
8258016,67,Selim Gündüz,VfL Bochum
8258018,71,Marcel Gaus,1. FC Kaiserslautern
8258002,13,Simon Terodde,VfB Stuttgart
8258002,70,Simon Terodde,VfB Stuttgart
8258002,90,Simon Terodde,VfB Stuttgart
8258002,64,Andreas Voglsammer,Arminia Bielefeld
8258010,17,Ken Reichel,Eintracht Braunschweig
8258010,36,Onel Hernandez,Eintracht Braunschweig
8258010,38,Martin Harnik,Hannover 96
8258010,66,Kenan Karaman,Hannover 96
8258026,1,Julian Derstroff,SV Sandhausen
8258026,64,Daniel Gordon,SV Sandhausen
8258026,73,Andrew Wooten,SV Sandhausen
8258026,12,Ivica Olić,TSV 1860 München
8258026,43,Felix Uduokhai,TSV 1860 München
8258042,84,Vegar Hedenstad,FC St. Pauli
8258075,45,Guido Burgstaller,1. FC Nürnberg
8258075,89,Even Hovland,1. FC Nürnberg
8258075,54,Elia Soriano,Würzburger Kickers
8258075,56,David Pisot,Würzburger Kickers
8258092,84,Nils Quaschner,VfL Bochum
8258092,68,Domi Kumbela,Eintracht Braunschweig
8258098,35,Andreas Voglsammer,Arminia Bielefeld
8258098,62,Manuel Prietl,Arminia Bielefeld
8258098,14,Tim Skarke,1. FC Heidenheim 1846
8258062,23,Martin Harnik,Hannover 96
8258062,77,Niclas Füllkrug,Hannover 96
8258096,47,Dimitrios Diamantakos,Karlsruher SC
8258096,60,Andrew Wooten,SV Sandhausen
8258096,74,Andrew Wooten,SV Sandhausen
8258096,90,Lucas Höler,SV Sandhausen
8258087,36,Daniel Buballa,FC St. Pauli
8258094,60,Steven Skrzybski,1. FC Union Berlin
8258094,3,Simon Terodde,VfB Stuttgart
8258108,20,Akaki Gogia,Dynamo Dresden
8258108,86,Akaki Gogia,Dynamo Dresden
8258108,90,Serdar Dursun,SpVgg Greuther Fürth
8258102,9,Ivica Olić,TSV 1860 München
8258102,44,Zoltán Stieber,1. FC Kaiserslautern
8258151,30,Nicolai Rapp,SpVgg Greuther Fürth
8258151,77,Nicolai Rapp,SpVgg Greuther Fürth
8258151,90,Zlatko Tripić,SpVgg Greuther Fürth
8258175,52,Ihlas Bebou,Fortuna Düsseldorf
8258175,67,Robin Bormuth,Fortuna Düsseldorf
8258175,17,Kenan Karaman,Hannover 96
8258175,61,Felipe,Hannover 96
8258189,23,Adam Sušac,Erzgebirge Aue
8258189,43,Pascal Köpke,Erzgebirge Aue
8258162,20,Marc Schnatterer,1. FC Heidenheim 1846
8258162,81,Marc Schnatterer,1. FC Heidenheim 1846
8258182,32,Aias Aosman,Dynamo Dresden
8258182,40,Stefan Kutschke,Dynamo Dresden
8258182,15,Johannes Wurtz,VfL Bochum
8258182,85,Peniel Mlapa,VfL Bochum
8258146,16,Christoffer Nyman,Eintracht Braunschweig
8258146,65,Domi Kumbela,Eintracht Braunschweig
8258146,72,Ivica Olić,TSV 1860 München
8258168,12,Felix Kroos,1. FC Union Berlin
8258130,3,Simon Terodde,VfB Stuttgart
8258130,33,Simon Terodde,VfB Stuttgart
8258130,90,Takuma Asano,VfB Stuttgart
8258130,80,Kevin Möhwald,1. FC Nürnberg
8258212,45,Martin Harnik,Hannover 96
8258212,60,Waldemar Anton,Hannover 96
8258212,68,Niclas Füllkrug,Hannover 96
8258212,70,Noah Joel Sarenren Bazee,Hannover 96
8258212,42,John Verhoek,1. FC Heidenheim 1846
8258235,80,Dimitrios Diamantakos,Karlsruher SC
8258235,6,Khaled Narey,SpVgg Greuther Fürth
8258235,24,Mathis Bolly,SpVgg Greuther Fürth
8258217,82,Guido Burgstaller,1. FC Nürnberg
8258217,28,Andrew Wooten,SV Sandhausen
8258217,55,Philipp Klingmann,SV Sandhausen
8258217,76,Daniel Łukasik,SV Sandhausen
8258245,89,Levent Ayçiçek,TSV 1860 München
8258241,16,Andreas Voglsammer,Arminia Bielefeld
8258248,13,Timo Baumgartl,VfB Stuttgart
8258248,24,Christian Gentner,VfB Stuttgart
8258248,67,Carlos Mané,VfB Stuttgart
8258248,76,Carlos Mané,VfB Stuttgart
8258227,56,Simon Hedlund,1. FC Union Berlin
8258227,82,Dennis Daube,1. FC Union Berlin
8258303,34,Tim Kleindienst,1. FC Heidenheim 1846
8258303,58,Marc Schnatterer,1. FC Heidenheim 1846
8258303,90,Ben Halloran,1. FC Heidenheim 1846
8258307,6,Guido Burgstaller,1. FC Nürnberg
8258307,66,Tim Matavž,1. FC Nürnberg
8258268,77,Russell Canouse,VfL Bochum
8258270,30,Christoffer Nyman,Eintracht Braunschweig
8258270,55,Domi Kumbela,Eintracht Braunschweig
8258270,76,Domi Kumbela,Eintracht Braunschweig
8258270,4,Andreas Voglsammer,Arminia Bielefeld
8258270,75,Fabian Klos,Arminia Bielefeld
8258274,64,Aziz Bouhaddouz,FC St. Pauli
8258274,90,Cenk Şahin,FC St. Pauli
8258264,12,Simon Terodde,VfB Stuttgart
8258264,26,Martin Harnik,Hannover 96
8258264,87,Felix Klaus,Hannover 96
8258325,65,Toni Leistner,1. FC Union Berlin
8258325,80,Serdar Dursun,SpVgg Greuther Fürth
8258338,27,Sascha Mölders,TSV 1860 München
8258338,72,Marc Schnatterer,1. FC Heidenheim 1846
8258321,76,Aziz Bouhaddouz,FC St. Pauli
8258321,20,Peniel Mlapa,VfL Bochum
8258333,55,Fabian Klos,Arminia Bielefeld
8258333,14,Stefan Kutschke,Dynamo Dresden
8258333,81,Pascal Testroet,Dynamo Dresden
8258355,27,Rico Benatelli,Würzburger Kickers
8258355,40,Clemens Schoppenhauer,Würzburger Kickers
8258355,80,Nejmeddin Daghfous,Würzburger Kickers
8258315,51,Hanno Behrens,1. FC Nürnberg
8258315,90,Guido Burgstaller,1. FC Nürnberg
8258315,78,Jacques Zoua,1. FC Kaiserslautern
8257975,67,Sebastian Polter,1. FC Union Berlin
8257975,80,Steven Skrzybski,1. FC Union Berlin
8257975,40,Tim Hoogland,VfL Bochum
8257984,43,Ivica Olić,TSV 1860 München
8257984,86,Michael Liendl,TSV 1860 München
8257984,12,Serdar Dursun,SpVgg Greuther Fürth
8257999,14,Lucas Höler,SV Sandhausen
8257999,75,Thomas Pledl,SV Sandhausen
8257999,86,Tim Knipping,SV Sandhausen
8257979,33,Valdet Rama,Würzburger Kickers
8257979,90,Christoffer Nyman,Eintracht Braunschweig
8257989,56,Pascal Köpke,Erzgebirge Aue
8257989,90,Dimitrij Nazarov,Erzgebirge Aue
8257989,84,John Verhoek,1. FC Heidenheim 1846
8257941,84,Carlos Mané,VfB Stuttgart
8257993,63,Jordi Figueras,Karlsruher SC
8257993,66,Dennis Kempe,Karlsruher SC
8257993,82,Erwin Hoffer,Karlsruher SC
8257993,51,Fabian Klos,Arminia Bielefeld
8257993,68,Tom Schütz,Arminia Bielefeld
8258005,71,Lukas Mühl,1. FC Nürnberg
8258005,31,Philip Heise,Dynamo Dresden
8258005,46,Erich Berko,Dynamo Dresden
8257922,49,Uffe Bech,Hannover 96
8258025,16,Serdar Dursun,SpVgg Greuther Fürth
8258025,21,Marcel Franke,SpVgg Greuther Fürth
8258025,64,Serdar Dursun,SpVgg Greuther Fürth
8258025,67,Veton Berisha,SpVgg Greuther Fürth
8258025,87,Edgar Prib,Hannover 96
8258067,12,Fabian Klos,Arminia Bielefeld
8258067,38,Fabian Klos,Arminia Bielefeld
8258067,13,Christian Gytkjær,TSV 1860 München
8258083,81,Robert Glatzel,1. FC Kaiserslautern
8258029,41,Tim Kleindienst,1. FC Heidenheim 1846
8258029,90,John Verhoek,1. FC Heidenheim 1846
8258029,4,Abdelhamid Sabiri,1. FC Nürnberg
8258029,68,Patrick Kammerbauer,1. FC Nürnberg
8258029,79,Abdelhamid Sabiri,1. FC Nürnberg
8258073,76,Andrew Wooten,SV Sandhausen
8258073,50,Christian Tiffert,Erzgebirge Aue
8258035,90,Suleiman Abdullahi,Eintracht Braunschweig
8258035,7,Lasse Sobiech,FC St. Pauli
8258035,72,Cenk Şahin,FC St. Pauli
8258050,85,Johannes Wurtz,VfL Bochum
8258050,74,Stefan Mugoša,Karlsruher SC
8258057,13,Simon Terodde,VfB Stuttgart
8258057,20,Julian Green,VfB Stuttgart
8258121,53,Abdelhamid Sabiri,1. FC Nürnberg
8258121,23,Christoffer Nyman,Eintracht Braunschweig
8258139,59,Marcel Sobottka,Fortuna Düsseldorf
8258139,53,Robert Glatzel,1. FC Kaiserslautern
8258115,57,Ivica Olić,TSV 1860 München
8258115,90,Kai Bülow,TSV 1860 München
8258115,48,Jordi Figueras,Karlsruher SC
8258142,80,Timo Beermann,1. FC Heidenheim 1846
8258142,83,Tim Kleindienst,1. FC Heidenheim 1846
8258149,22,Felix Kroos,1. FC Union Berlin
8258149,63,Damir Kreilach,1. FC Union Berlin
8258149,83,Sebastian Polter,1. FC Union Berlin
8258149,44,Fabian Klos,Arminia Bielefeld
8258154,45,Simon Terodde,VfB Stuttgart
8258154,85,Simon Terodde,VfB Stuttgart
8258154,61,Richard Sukuta-Pasu,SV Sandhausen
8258159,28,Kyoung-rok Choi,FC St. Pauli
8258159,59,Cenk Şahin,FC St. Pauli
8258111,45,Martin Harnik,Hannover 96
8258111,63,Martin Harnik,Hannover 96
8258111,16,Johannes Wurtz,VfL Bochum
8258196,42,Marc Schnatterer,1. FC Heidenheim 1846
8258196,19,Christian Gentner,VfB Stuttgart
8258196,71,Josip Brekalo,VfB Stuttgart
8258216,26,Jacques Zoua,1. FC Kaiserslautern
8258216,34,Marcel Gaus,1. FC Kaiserslautern
8258216,78,Osayamen Osawe,1. FC Kaiserslautern
8258228,10,Phil Ofosu-Ayeh,Eintracht Braunschweig
8258228,57,Dimitrij Nazarov,Erzgebirge Aue
8258221,41,Robert Žulj,SpVgg Greuther Fürth
8258232,26,Tim Hoogland,VfL Bochum
8258232,84,Tom Weilandt,VfL Bochum
8258232,87,Dominik Wydra,VfL Bochum
8258202,78,Stefan Kutschke,Dynamo Dresden
8258202,64,Martin Harnik,Hannover 96
8258202,80,Kenan Karaman,Hannover 96
8258210,90,Fabian Klos,Arminia Bielefeld
8258210,50,Christopher Buchtmann,FC St. Pauli
8258213,37,David Kinsombi,Karlsruher SC
8258213,77,Moritz Stoppelkamp,Karlsruher SC
8258213,6,Simon Hedlund,1. FC Union Berlin
8258208,16,Abdoulaye Ba,TSV 1860 München
8258208,39,Lumor Agbenyenu,TSV 1860 München
8258277,71,Mirko Boland,Eintracht Braunschweig
8258281,47,Tobias Schröck,Würzburger Kickers
8258281,52,Júnior Díaz,Würzburger Kickers
8258296,41,Steven Skrzybski,1. FC Union Berlin
8258296,61,Simon Hedlund,1. FC Union Berlin
8258293,37,Martin Harnik,Hannover 96
8258293,57,Salif Sané,Hannover 96
8258293,28,Christoph Hemlein,Arminia Bielefeld
8258293,45,Fabian Klos,Arminia Bielefeld
8258263,35,Nils Quaschner,VfL Bochum
8258286,58,Simon Terodde,VfB Stuttgart
8258286,87,Berkay Özcan,VfB Stuttgart
8258300,60,Dimitrij Nazarov,Erzgebirge Aue
8258300,16,Jannik Müller,Dynamo Dresden
8258300,21,Niklas Kreuzer,Dynamo Dresden
8258300,39,Stefan Kutschke,Dynamo Dresden
8258300,45,Stefan Kutschke,Dynamo Dresden
8258267,12,Mats Møller Dæhli,FC St. Pauli
8258267,50,Waldemar Sobota,FC St. Pauli
8258267,52,Aziz Bouhaddouz,FC St. Pauli
8258267,58,Aziz Bouhaddouz,FC St. Pauli
8258267,79,Aziz Bouhaddouz,FC St. Pauli
8258331,32,Manuel Konrad,Dynamo Dresden
8258331,45,Stefan Kutschke,Dynamo Dresden
8258331,77,Stefan Kutschke,Dynamo Dresden
8258331,19,Robert Glatzel,1. FC Kaiserslautern
8258331,27,Robert Glatzel,1. FC Kaiserslautern
8258331,87,Kacper Przybyłko,1. FC Kaiserslautern
8258342,43,Peniel Mlapa,VfL Bochum
8258342,48,Rouwen Hennings,Fortuna Düsseldorf
8258342,90,Ihlas Bebou,Fortuna Düsseldorf
8258354,21,Sebastian Polter,1. FC Union Berlin
8258354,82,Damir Kreilach,1. FC Union Berlin
8258318,10,Stefan Mugoša,Karlsruher SC
8258318,71,Dimitrios Diamantakos,Karlsruher SC
8258324,27,Lumor Agbenyenu,TSV 1860 München
8258324,36,Lasse Sobiech,FC St. Pauli
8258324,41,Aziz Bouhaddouz,FC St. Pauli
8258320,77,Robert Žulj,SpVgg Greuther Fürth
8258336,45,Arne Feick,1. FC Heidenheim 1846
8258336,66,Marc Schnatterer,1. FC Heidenheim 1846
8258336,2,Jakub Kosecki,SV Sandhausen
8258336,27,Denis Linsmayer,SV Sandhausen
8258346,4,Julian Börner,Arminia Bielefeld
8258346,57,Michael Görlitz,Arminia Bielefeld
8258346,2,Fabian Kalig,Erzgebirge Aue
8258346,71,Nicky Adler,Erzgebirge Aue
8258314,42,Ken Reichel,Eintracht Braunschweig
8258314,3,Carlos Mané,VfB Stuttgart
8258369,70,Daniel Ginczek,VfB Stuttgart
8258369,10,Anthony Losilla,VfL Bochum
8258373,83,Aziz Bouhaddouz,FC St. Pauli
8258373,19,Sebastian Polter,1. FC Union Berlin
8258373,48,Damir Kreilach,1. FC Union Berlin
8258375,36,Dimitrij Nazarov,Erzgebirge Aue
8258389,55,Martin Harnik,Hannover 96
8258391,47,Aias Aosman,Dynamo Dresden
8258391,77,Niklas Kreuzer,Dynamo Dresden
8258383,14,Moritz Kuhn,SV Sandhausen
8258383,88,Serdar Dursun,SpVgg Greuther Fürth
8258385,66,Arne Feick,1. FC Heidenheim 1846
8258385,76,Norman Theuerkauf,1. FC Heidenheim 1846
8258387,35,Ondřej Petrák,1. FC Nürnberg
8258381,37,Robin Bormuth,Fortuna Düsseldorf
8258381,60,Christoffer Nyman,Eintracht Braunschweig
8258381,89,Onel Hernandez,Eintracht Braunschweig
8258399,48,Christoph Hemlein,Arminia Bielefeld
8258399,75,Sebastian Schuppan,Arminia Bielefeld
8258401,33,Mirko Boland,Eintracht Braunschweig
8258401,78,Christoffer Nyman,Eintracht Braunschweig
8258401,90,Ken Reichel,Eintracht Braunschweig
8258401,3,Marc Schnatterer,1. FC Heidenheim 1846
8258401,73,Arne Feick,1. FC Heidenheim 1846
8258409,67,Abdoulaye Ba,TSV 1860 München
8258409,78,Michael Liendl,TSV 1860 München
8258409,90,Peter Kurzweg,Würzburger Kickers
8258393,9,Veton Berisha,SpVgg Greuther Fürth
8258403,28,Erich Berko,Dynamo Dresden
8258403,79,Philip Heise,Dynamo Dresden
8258405,29,Jordi Figueras,Karlsruher SC
8258405,26,Rouwen Hennings,Fortuna Düsseldorf
8258405,89,Rouwen Hennings,Fortuna Düsseldorf
8258407,62,Johannes Wurtz,VfL Bochum
8258407,11,Dimitrij Nazarov,Erzgebirge Aue
8258397,83,Philipp Hosiner,1. FC Union Berlin
8258344,28,Nicky Adler,Erzgebirge Aue
8258361,65,Tobias Kempe,1. FC Nürnberg
8258361,70,Tobias Kempe,1. FC Nürnberg
8258361,24,Ylli Sallahi,Karlsruher SC
8258377,55,Stefan Aigner,TSV 1860 München
8258359,54,Niclas Füllkrug,Hannover 96
8258359,67,Damir Kreilach,1. FC Union Berlin
8258371,17,Rico Benatelli,Würzburger Kickers
8258371,90,Júnior Díaz,Würzburger Kickers
8258364,79,Mirko Boland,Eintracht Braunschweig
8258367,21,Robert Žulj,SpVgg Greuther Fürth
8258367,67,Robert Žulj,SpVgg Greuther Fürth
8258379,29,Simon Terodde,VfB Stuttgart
8258379,75,Emiliano Insúa,VfB Stuttgart
8258379,90,Simon Terodde,VfB Stuttgart
8258379,4,Stefan Kutschke,Dynamo Dresden
8258379,22,Stefan Kutschke,Dynamo Dresden
8258379,26,Stefan Kutschke,Dynamo Dresden
8257882,47,Martin Harnik,Hannover 96
8257912,11,Julian Börner,Arminia Bielefeld
8257912,84,Fabian Klos,Arminia Bielefeld
8257912,40,Kaan Ayhan,Fortuna Düsseldorf
8257926,39,Jonas Meffert,Karlsruher SC
8257926,51,Rico Benatelli,Würzburger Kickers
8257880,23,Romuald Lacazette,TSV 1860 München
8257880,90,Marcin Kamiński,VfB Stuttgart
8257895,75,Erich Berko,Dynamo Dresden
8257895,86,Stefan Kutschke,Dynamo Dresden
8257895,49,Sebastian Griesbeck,1. FC Heidenheim 1846
8257917,79,Calogero Rizzuto,Erzgebirge Aue
8257961,51,Aziz Bouhaddouz,FC St. Pauli
8257961,70,Aziz Bouhaddouz,FC St. Pauli
8257981,90,Markus Karl,SV Sandhausen
8257981,17,Andreas Voglsammer,Arminia Bielefeld
8257981,55,Andreas Voglsammer,Arminia Bielefeld
8257981,75,Julian Börner,Arminia Bielefeld
8257977,20,Jacques Zoua,1. FC Kaiserslautern
8257977,39,Christoph Moritz,1. FC Kaiserslautern
8257969,90,Özkan Yildirim,Fortuna Düsseldorf
8257969,15,Philipp Hosiner,1. FC Union Berlin
8257969,54,Kenny Redondo,1. FC Union Berlin
8257969,80,Damir Kreilach,1. FC Union Berlin
8257971,27,Takuma Asano,VfB Stuttgart
8257971,61,Takuma Asano,VfB Stuttgart
8257985,42,Dimitrij Nazarov,Erzgebirge Aue
8257985,49,Cebio Soukou,Erzgebirge Aue
8257985,73,Dimitrij Nazarov,Erzgebirge Aue
8257987,90,Ken Reichel,Eintracht Braunschweig
8258011,32,Niclas Füllkrug,Hannover 96
8258037,24,Tobias Kempe,1. FC Nürnberg
8258037,82,Cedric Teuchert,1. FC Nürnberg
8258037,51,Mario Kvesić,Erzgebirge Aue
8258017,18,Thomas Eisfeld,VfL Bochum
8258019,14,Damir Kreilach,1. FC Union Berlin
8258019,85,Sebastian Polter,1. FC Union Berlin
8258019,88,Philipp Hosiner,1. FC Union Berlin
8258019,68,Marcel Gaus,1. FC Kaiserslautern
8258023,67,John Verhoek,1. FC Heidenheim 1846
8258027,45,Kai Bülow,TSV 1860 München
8258027,82,Markus Karl,SV Sandhausen
8258033,77,Stefan Kutschke,Dynamo Dresden
8258033,17,Christian Gartner,Fortuna Düsseldorf
8258043,87,Christopher Buchtmann,FC St. Pauli
8258003,15,Christoph Hemlein,Arminia Bielefeld
8258003,73,Reinhold Yabo,Arminia Bielefeld
8258003,51,Alexandru Maxim,VfB Stuttgart
8258003,54,Simon Terodde,VfB Stuttgart
8258003,89,Simon Terodde,VfB Stuttgart
8258089,72,André Hoffmann,Fortuna Düsseldorf
8258089,78,Philipp Ziereis,FC St. Pauli
8258089,83,Christopher Buchtmann,FC St. Pauli
8258089,90,Aziz Bouhaddouz,FC St. Pauli
8258103,73,Christian Gytkjær,TSV 1860 München
8258109,74,Aias Aosman,Dynamo Dresden
8258063,35,Pascal Köpke,Erzgebirge Aue
8258063,90,Dimitrij Nazarov,Erzgebirge Aue
8258063,3,Waldemar Anton,Hannover 96
8258063,59,Martin Harnik,Hannover 96
8258099,57,Mathias Wittek,1. FC Heidenheim 1846
8258099,47,Florian Dick,Arminia Bielefeld
8258099,58,Tom Schütz,Arminia Bielefeld
8258099,61,Fabian Klos,Arminia Bielefeld
8258077,10,Valdet Rama,Würzburger Kickers
8258077,80,Cedric Teuchert,1. FC Nürnberg
8258093,46,Christoffer Nyman,Eintracht Braunschweig
8258093,87,Christoffer Nyman,Eintracht Braunschweig
8258097,17,Richard Sukuta-Pasu,SV Sandhausen
8258097,33,Thomas Pledl,SV Sandhausen
8258097,68,Richard Sukuta-Pasu,SV Sandhausen
8258097,90,Richard Sukuta-Pasu,SV Sandhausen
8258095,29,Alexandru Maxim,VfB Stuttgart
8258095,33,Simon Terodde,VfB Stuttgart
8258095,68,Daniel Ginczek,VfB Stuttgart
8258095,57,Sebastian Polter,1. FC Union Berlin
8258163,56,Mats Møller Dæhli,FC St. Pauli
8258163,62,Aziz Bouhaddouz,FC St. Pauli
8258163,52,John Verhoek,1. FC Heidenheim 1846
8258169,33,Philipp Hosiner,1. FC Union Berlin
8258169,54,Damir Kreilach,1. FC Union Berlin
8258169,76,Lucas Höler,SV Sandhausen
8258183,50,Thomas Eisfeld,VfL Bochum
8258183,51,Marco Stiepermann,VfL Bochum
8258183,70,Anthony Losilla,VfL Bochum
8258183,88,Görkem Sağlam,VfL Bochum
8258183,7,Niklas Hauptmann,Dynamo Dresden
8258183,25,Akaki Gogia,Dynamo Dresden
8258131,25,Hanno Behrens,1. FC Nürnberg
8258131,33,Cedric Teuchert,1. FC Nürnberg
8258131,47,Simon Terodde,VfB Stuttgart
8258131,50,Daniel Ginczek,VfB Stuttgart
8258131,90,Florian Klein,VfB Stuttgart
8258152,54,Andreas Voglsammer,Arminia Bielefeld
8258152,90,Serdar Dursun,SpVgg Greuther Fürth
8258157,35,David Kinsombi,Karlsruher SC
8258157,4,Kacper Przybyłko,1. FC Kaiserslautern
8258157,68,Sebastian Kerk,1. FC Kaiserslautern
8258157,87,Jacques Zoua,1. FC Kaiserslautern
8258147,55,Christoffer Nyman,Eintracht Braunschweig
8258176,8,Niclas Füllkrug,Hannover 96
8258190,3,Fabian Kalig,Erzgebirge Aue
8258190,10,Dimitrij Nazarov,Erzgebirge Aue
8258190,18,Pascal Köpke,Erzgebirge Aue
8258190,60,Patrick Weihrauch,Würzburger Kickers
8258214,16,Martin Harnik,Hannover 96
8258214,25,Martin Harnik,Hannover 96
8258223,90,Marcel Gaus,1. FC Kaiserslautern
8258223,49,Aziz Bouhaddouz,FC St. Pauli
8258223,69,Christopher Buchtmann,FC St. Pauli
8258246,89,Marco Hartmann,Dynamo Dresden
8258246,43,Christian Gytkjær,TSV 1860 München
8258246,46,Levent Ayçiçek,TSV 1860 München
8258218,70,Abdelhamid Sabiri,1. FC Nürnberg
8258253,90,Julian Schauerte,Fortuna Düsseldorf
8258253,85,Lukas Fröde,Würzburger Kickers
8258236,89,Yann Rolim,Karlsruher SC
8258242,82,Selim Gündüz,VfL Bochum
8258242,7,Keanu Staude,Arminia Bielefeld
8258249,14,Simon Terodde,VfB Stuttgart
8258249,69,Simon Terodde,VfB Stuttgart
8258249,75,Alexandru Maxim,VfB Stuttgart
8258229,6,Ken Reichel,Eintracht Braunschweig
8258229,64,Ken Reichel,Eintracht Braunschweig
8258229,75,Domi Kumbela,Eintracht Braunschweig
8258229,65,Maxi Thiel,1. FC Union Berlin
8258265,40,Felix Klaus,Hannover 96
8258269,34,Abdoulaye Ba,TSV 1860 München
8258269,31,Peniel Mlapa,VfL Bochum
8258269,79,Tom Weilandt,VfL Bochum
8258271,24,Julian Börner,Arminia Bielefeld
8258271,65,Reinhold Yabo,Arminia Bielefeld
8258271,67,Reinhold Yabo,Arminia Bielefeld
8258271,71,Keanu Staude,Arminia Bielefeld
8258271,76,Reinhold Yabo,Arminia Bielefeld
8258271,14,Jan Hochscheidt,Eintracht Braunschweig
8258275,70,Lasse Sobiech,FC St. Pauli
8258275,37,Robert Žulj,SpVgg Greuther Fürth
8258283,59,Mario Kvesić,Erzgebirge Aue
8258304,82,Sebastian Griesbeck,1. FC Heidenheim 1846
8258306,20,Korbinian Vollmann,SV Sandhausen
8258308,13,Abdelhamid Sabiri,1. FC Nürnberg
8258308,75,Kevin Möhwald,1. FC Nürnberg
8258308,88,Abdelhamid Sabiri,1. FC Nürnberg
8258308,27,Jerome Kiesewetter,Fortuna Düsseldorf
8258308,70,Rouwen Hennings,Fortuna Düsseldorf
8258310,7,Oskar Zawada,Karlsruher SC
8258310,89,Oskar Zawada,Karlsruher SC
8258310,90,Gaetan Krebs,Karlsruher SC
8258310,12,Jannik Müller,Dynamo Dresden
8258310,34,Akaki Gogia,Dynamo Dresden
8258310,37,Akaki Gogia,Dynamo Dresden
8258310,80,Jannik Müller,Dynamo Dresden
8258312,57,Thomas Pledl,SV Sandhausen
8258312,60,Florian Hübner,Hannover 96
8258316,20,Daniel Halfar,1. FC Kaiserslautern
8258322,7,Selim Gündüz,VfL Bochum
8258322,23,Lennart Thy,FC St. Pauli
8258322,55,Lasse Sobiech,FC St. Pauli
8258322,86,Lennart Thy,FC St. Pauli
8258326,66,Serdar Dursun,SpVgg Greuther Fürth
8258326,38,Kenny Redondo,1. FC Union Berlin
8258326,78,Sebastian Polter,1. FC Union Berlin
8258329,2,Domi Kumbela,Eintracht Braunschweig
8258329,34,Julius Biada,Eintracht Braunschweig
8258329,15,Bjarne Thoelke,Karlsruher SC
8258334,62,Jannik Müller,Dynamo Dresden
8258334,84,Julian Börner,Arminia Bielefeld
8258339,86,Marc Schnatterer,1. FC Heidenheim 1846
8258339,90,Tim Kleindienst,1. FC Heidenheim 1846
8258339,62,Stefan Aigner,TSV 1860 München
8258349,39,Christian Gartner,Fortuna Düsseldorf
8258356,32,Matthias Zimmermann,VfB Stuttgart
8258356,59,Simon Terodde,VfB Stuttgart
8258356,80,Simon Terodde,VfB Stuttgart
8258356,89,Daniel Ginczek,VfB Stuttgart
8258356,78,Tobias Schröck,Würzburger Kickers
