GameID,League,Season,Date,HomeTeam,AwayTeam,Result
2415925,2Bundesliga,2015-2016,24.07.2015,MSV Duisburg,1. FC Kaiserslautern,1:3
2415969,2Bundesliga,2015-2016,25.07.2015,SpVgg Greuther Fürth,Karlsruher SC,1:0
2415978,2Bundesliga,2015-2016,25.07.2015,FC St. Pauli,Arminia Bielefeld,0:0
2415990,2Bundesliga,2015-2016,25.07.2015,FSV Frankfurt,RB Leipzig,0:1
2415946,2Bundesliga,2015-2016,26.07.2015,SC Paderborn 07,VfL Bochum,0:1
2415953,2Bundesliga,2015-2016,26.07.2015,Eintracht Braunschweig,SV Sandhausen,1:3
2415962,2Bundesliga,2015-2016,26.07.2015,1. FC Union Berlin,Fortuna Düsseldorf,1:1
2415984,2Bundesliga,2015-2016,26.07.2015,1. FC Heidenheim 1846,TSV 1860 München,1:0
2415937,2Bundesliga,2015-2016,27.07.2015,SC Freiburg,1. FC Nürnberg,6:3
2416050,2Bundesliga,2015-2016,31.07.2015,1. FC Nürnberg,1. FC Heidenheim 1846,3:2
2416078,2Bundesliga,2015-2016,31.07.2015,Arminia Bielefeld,FSV Frankfurt,0:0
2416033,2Bundesliga,2015-2016,31.07.2015,1. FC Kaiserslautern,Eintracht Braunschweig,0:0
2416063,2Bundesliga,2015-2016,01.08.2015,VfL Bochum,MSV Duisburg,3:0
2416068,2Bundesliga,2015-2016,01.08.2015,TSV 1860 München,SC Freiburg,0:1
2416057,2Bundesliga,2015-2016,02.08.2015,Fortuna Düsseldorf,SC Paderborn 07,1:2
2416025,2Bundesliga,2015-2016,02.08.2015,Karlsruher SC,FC St. Pauli,1:2
2416072,2Bundesliga,2015-2016,02.08.2015,SV Sandhausen,1. FC Union Berlin,4:3
2416041,2Bundesliga,2015-2016,03.08.2015,RB Leipzig,SpVgg Greuther Fürth,2:2
2416114,2Bundesliga,2015-2016,14.08.2015,SC Paderborn 07,SV Sandhausen,0:6
2416147,2Bundesliga,2015-2016,14.08.2015,1. FC Heidenheim 1846,Fortuna Düsseldorf,1:0
2416156,2Bundesliga,2015-2016,14.08.2015,FSV Frankfurt,Karlsruher SC,1:2
2416107,2Bundesliga,2015-2016,15.08.2015,SC Freiburg,VfL Bochum,1:3
2416119,2Bundesliga,2015-2016,15.08.2015,Eintracht Braunschweig,RB Leipzig,0:2
2416128,2Bundesliga,2015-2016,16.08.2015,1. FC Union Berlin,1. FC Kaiserslautern,2:2
2416138,2Bundesliga,2015-2016,16.08.2015,FC St. Pauli,SpVgg Greuther Fürth,3:2
2416164,2Bundesliga,2015-2016,16.08.2015,MSV Duisburg,Arminia Bielefeld,2:2
2416124,2Bundesliga,2015-2016,17.08.2015,1. FC Nürnberg,TSV 1860 München,2:2
2416214,2Bundesliga,2015-2016,21.08.2015,SpVgg Greuther Fürth,FSV Frankfurt,0:2
2416225,2Bundesliga,2015-2016,21.08.2015,SV Sandhausen,1. FC Heidenheim 1846,0:0
2416227,2Bundesliga,2015-2016,21.08.2015,Arminia Bielefeld,Eintracht Braunschweig,0:2
2416185,2Bundesliga,2015-2016,22.08.2015,Karlsruher SC,MSV Duisburg,2:0
2416204,2Bundesliga,2015-2016,22.08.2015,Fortuna Düsseldorf,SC Freiburg,1:2
2416198,2Bundesliga,2015-2016,23.08.2015,RB Leipzig,FC St. Pauli,0:1
2416209,2Bundesliga,2015-2016,23.08.2015,VfL Bochum,1. FC Nürnberg,2:1
2416221,2Bundesliga,2015-2016,23.08.2015,TSV 1860 München,1. FC Union Berlin,0:0
2416191,2Bundesliga,2015-2016,24.08.2015,1. FC Kaiserslautern,SC Paderborn 07,1:0
2416237,2Bundesliga,2015-2016,28.08.2015,SC Freiburg,SV Sandhausen,4:1
2416254,2Bundesliga,2015-2016,28.08.2015,1. FC Union Berlin,RB Leipzig,1:1
2416263,2Bundesliga,2015-2016,28.08.2015,1. FC Heidenheim 1846,1. FC Kaiserslautern,3:1
2416240,2Bundesliga,2015-2016,29.08.2015,SC Paderborn 07,Arminia Bielefeld,1:2
2416274,2Bundesliga,2015-2016,29.08.2015,MSV Duisburg,SpVgg Greuther Fürth,2:2
2416246,2Bundesliga,2015-2016,30.08.2015,Eintracht Braunschweig,Karlsruher SC,6:0
2416249,2Bundesliga,2015-2016,30.08.2015,1. FC Nürnberg,Fortuna Düsseldorf,1:0
2416268,2Bundesliga,2015-2016,30.08.2015,FSV Frankfurt,FC St. Pauli,1:0
2416258,2Bundesliga,2015-2016,31.08.2015,VfL Bochum,TSV 1860 München,1:0
2416343,2Bundesliga,2015-2016,11.09.2015,1. FC Kaiserslautern,SC Freiburg,0:2
2416347,2Bundesliga,2015-2016,11.09.2015,RB Leipzig,SC Paderborn 07,2:0
2416360,2Bundesliga,2015-2016,11.09.2015,SV Sandhausen,VfL Bochum,1:1
2416341,2Bundesliga,2015-2016,12.09.2015,Karlsruher SC,1. FC Union Berlin,0:3
2416366,2Bundesliga,2015-2016,12.09.2015,Arminia Bielefeld,1. FC Heidenheim 1846,0:0
2416350,2Bundesliga,2015-2016,13.09.2015,Fortuna Düsseldorf,TSV 1860 München,3:0
2416354,2Bundesliga,2015-2016,13.09.2015,SpVgg Greuther Fürth,1. FC Nürnberg,3:2
2416364,2Bundesliga,2015-2016,13.09.2015,FSV Frankfurt,Eintracht Braunschweig,0:3
2416357,2Bundesliga,2015-2016,14.09.2015,FC St. Pauli,MSV Duisburg,2:0
2416368,2Bundesliga,2015-2016,18.09.2015,SC Freiburg,Arminia Bielefeld,2:2
2416378,2Bundesliga,2015-2016,18.09.2015,VfL Bochum,Fortuna Düsseldorf,1:1
2416382,2Bundesliga,2015-2016,18.09.2015,1. FC Heidenheim 1846,RB Leipzig,1:1
2416370,2Bundesliga,2015-2016,19.09.2015,SC Paderborn 07,Karlsruher SC,2:0
2416374,2Bundesliga,2015-2016,19.09.2015,1. FC Nürnberg,SV Sandhausen,2:0
2416380,2Bundesliga,2015-2016,19.09.2015,TSV 1860 München,1. FC Kaiserslautern,1:1
2416372,2Bundesliga,2015-2016,20.09.2015,Eintracht Braunschweig,FC St. Pauli,0:0
2416376,2Bundesliga,2015-2016,20.09.2015,1. FC Union Berlin,SpVgg Greuther Fürth,1:2
2416384,2Bundesliga,2015-2016,20.09.2015,MSV Duisburg,FSV Frankfurt,0:1
2416386,2Bundesliga,2015-2016,22.09.2015,Karlsruher SC,Fortuna Düsseldorf,1:1
2416388,2Bundesliga,2015-2016,22.09.2015,1. FC Kaiserslautern,1. FC Nürnberg,0:3
2416396,2Bundesliga,2015-2016,22.09.2015,SV Sandhausen,TSV 1860 München,1:1
2416400,2Bundesliga,2015-2016,22.09.2015,Arminia Bielefeld,VfL Bochum,1:1
2416392,2Bundesliga,2015-2016,23.09.2015,SpVgg Greuther Fürth,SC Paderborn 07,3:0
2416394,2Bundesliga,2015-2016,23.09.2015,FC St. Pauli,1. FC Heidenheim 1846,1:0
2416398,2Bundesliga,2015-2016,23.09.2015,FSV Frankfurt,1. FC Union Berlin,3:2
2416402,2Bundesliga,2015-2016,23.09.2015,MSV Duisburg,Eintracht Braunschweig,0:5
2416390,2Bundesliga,2015-2016,24.09.2015,RB Leipzig,SC Freiburg,1:1
2416410,2Bundesliga,2015-2016,25.09.2015,1. FC Nürnberg,Arminia Bielefeld,2:2
2416412,2Bundesliga,2015-2016,25.09.2015,Fortuna Düsseldorf,SV Sandhausen,0:1
2416416,2Bundesliga,2015-2016,25.09.2015,VfL Bochum,1. FC Kaiserslautern,1:2
2416406,2Bundesliga,2015-2016,26.09.2015,SC Paderborn 07,FC St. Pauli,0:0
2416414,2Bundesliga,2015-2016,26.09.2015,1. FC Union Berlin,MSV Duisburg,3:2
2416404,2Bundesliga,2015-2016,27.09.2015,SC Freiburg,FSV Frankfurt,2:0
2416418,2Bundesliga,2015-2016,27.09.2015,TSV 1860 München,RB Leipzig,2:2
2416420,2Bundesliga,2015-2016,27.09.2015,1. FC Heidenheim 1846,Karlsruher SC,1:1
2416408,2Bundesliga,2015-2016,28.09.2015,Eintracht Braunschweig,SpVgg Greuther Fürth,0:1
2415932,2Bundesliga,2015-2016,02.10.2015,1. FC Kaiserslautern,Fortuna Düsseldorf,3:0
2415973,2Bundesliga,2015-2016,02.10.2015,FSV Frankfurt,1. FC Heidenheim 1846,0:4
2415977,2Bundesliga,2015-2016,02.10.2015,Arminia Bielefeld,TSV 1860 München,1:1
2415956,2Bundesliga,2015-2016,03.10.2015,SpVgg Greuther Fürth,VfL Bochum,0:5
2415966,2Bundesliga,2015-2016,03.10.2015,FC St. Pauli,SV Sandhausen,1:3
2415927,2Bundesliga,2015-2016,04.10.2015,Karlsruher SC,SC Freiburg,1:1
2415941,2Bundesliga,2015-2016,04.10.2015,RB Leipzig,1. FC Nürnberg,3:2
2415945,2Bundesliga,2015-2016,04.10.2015,Eintracht Braunschweig,1. FC Union Berlin,2:1
2415982,2Bundesliga,2015-2016,05.10.2015,MSV Duisburg,SC Paderborn 07,1:0
2416001,2Bundesliga,2015-2016,16.10.2015,SC Paderborn 07,Eintracht Braunschweig,2:0
2416010,2Bundesliga,2015-2016,16.10.2015,Fortuna Düsseldorf,Arminia Bielefeld,1:0
2416046,2Bundesliga,2015-2016,16.10.2015,SV Sandhausen,1. FC Kaiserslautern,1:0
2416005,2Bundesliga,2015-2016,17.10.2015,1. FC Nürnberg,FSV Frankfurt,1:1
2416015,2Bundesliga,2015-2016,17.10.2015,1. FC Union Berlin,FC St. Pauli,3:3
2415996,2Bundesliga,2015-2016,18.10.2015,SC Freiburg,SpVgg Greuther Fürth,5:2
2416020,2Bundesliga,2015-2016,18.10.2015,VfL Bochum,RB Leipzig,0:1
2416036,2Bundesliga,2015-2016,18.10.2015,1. FC Heidenheim 1846,MSV Duisburg,1:0
2416027,2Bundesliga,2015-2016,19.10.2015,TSV 1860 München,Karlsruher SC,0:1
2416065,2Bundesliga,2015-2016,23.10.2015,RB Leipzig,Fortuna Düsseldorf,2:1
2416071,2Bundesliga,2015-2016,23.10.2015,SpVgg Greuther Fürth,TSV 1860 München,1:0
2416083,2Bundesliga,2015-2016,23.10.2015,FSV Frankfurt,VfL Bochum,3:2
2416061,2Bundesliga,2015-2016,24.10.2015,Karlsruher SC,1. FC Kaiserslautern,2:0
2416070,2Bundesliga,2015-2016,24.10.2015,1. FC Union Berlin,SC Paderborn 07,0:2
2416091,2Bundesliga,2015-2016,24.10.2015,MSV Duisburg,1. FC Nürnberg,0:0
2416067,2Bundesliga,2015-2016,25.10.2015,Eintracht Braunschweig,1. FC Heidenheim 1846,1:0
2416076,2Bundesliga,2015-2016,25.10.2015,FC St. Pauli,SC Freiburg,1:0
2416088,2Bundesliga,2015-2016,25.10.2015,Arminia Bielefeld,SV Sandhausen,0:0
2416109,2Bundesliga,2015-2016,30.10.2015,1. FC Kaiserslautern,Arminia Bielefeld,0:2
2416123,2Bundesliga,2015-2016,30.10.2015,Fortuna Düsseldorf,SpVgg Greuther Fürth,1:0
2416126,2Bundesliga,2015-2016,30.10.2015,VfL Bochum,FC St. Pauli,1:1
2416104,2Bundesliga,2015-2016,31.10.2015,SC Paderborn 07,FSV Frankfurt,1:1
2416135,2Bundesliga,2015-2016,31.10.2015,1. FC Heidenheim 1846,1. FC Union Berlin,0:2
2416099,2Bundesliga,2015-2016,01.11.2015,SC Freiburg,Eintracht Braunschweig,2:2
2416131,2Bundesliga,2015-2016,01.11.2015,TSV 1860 München,MSV Duisburg,1:0
2416143,2Bundesliga,2015-2016,01.11.2015,SV Sandhausen,RB Leipzig,1:2
2416118,2Bundesliga,2015-2016,02.11.2015,1. FC Nürnberg,Karlsruher SC,0:0
2416174,2Bundesliga,2015-2016,06.11.2015,Karlsruher SC,VfL Bochum,3:0
2416188,2Bundesliga,2015-2016,06.11.2015,SpVgg Greuther Fürth,Arminia Bielefeld,0:0
2416197,2Bundesliga,2015-2016,06.11.2015,FSV Frankfurt,SV Sandhausen,0:1
2416183,2Bundesliga,2015-2016,07.11.2015,1. FC Union Berlin,1. FC Nürnberg,3:3
2416218,2Bundesliga,2015-2016,07.11.2015,MSV Duisburg,SC Freiburg,1:1
2416168,2Bundesliga,2015-2016,08.11.2015,SC Paderborn 07,1. FC Heidenheim 1846,1:1
2416179,2Bundesliga,2015-2016,08.11.2015,RB Leipzig,1. FC Kaiserslautern,0:2
2416182,2Bundesliga,2015-2016,08.11.2015,Eintracht Braunschweig,TSV 1860 München,0:0
2416190,2Bundesliga,2015-2016,09.11.2015,FC St. Pauli,Fortuna Düsseldorf,4:0
2416236,2Bundesliga,2015-2016,20.11.2015,Fortuna Düsseldorf,MSV Duisburg,1:1
2416239,2Bundesliga,2015-2016,20.11.2015,VfL Bochum,1. FC Union Berlin,1:1
2416248,2Bundesliga,2015-2016,20.11.2015,SV Sandhausen,Karlsruher SC,3:1
2416242,2Bundesliga,2015-2016,21.11.2015,TSV 1860 München,FC St. Pauli,2:0
2416253,2Bundesliga,2015-2016,21.11.2015,Arminia Bielefeld,RB Leipzig,0:1
2416233,2Bundesliga,2015-2016,22.11.2015,SC Freiburg,SC Paderborn 07,4:1
2416234,2Bundesliga,2015-2016,22.11.2015,1. FC Kaiserslautern,FSV Frankfurt,1:1
2416243,2Bundesliga,2015-2016,22.11.2015,1. FC Heidenheim 1846,SpVgg Greuther Fürth,1:2
2416235,2Bundesliga,2015-2016,23.11.2015,1. FC Nürnberg,Eintracht Braunschweig,2:1
2416278,2Bundesliga,2015-2016,27.11.2015,SpVgg Greuther Fürth,1. FC Kaiserslautern,2:4
2416282,2Bundesliga,2015-2016,27.11.2015,1. FC Heidenheim 1846,SC Freiburg,1:2
2416270,2Bundesliga,2015-2016,27.11.2015,Eintracht Braunschweig,VfL Bochum,1:0
2416262,2Bundesliga,2015-2016,28.11.2015,SC Paderborn 07,TSV 1860 München,4:4
2416273,2Bundesliga,2015-2016,28.11.2015,1. FC Union Berlin,Arminia Bielefeld,1:1
2416281,2Bundesliga,2015-2016,29.11.2015,FC St. Pauli,1. FC Nürnberg,0:4
2416339,2Bundesliga,2015-2016,29.11.2015,FSV Frankfurt,Fortuna Düsseldorf,1:2
2416340,2Bundesliga,2015-2016,29.11.2015,MSV Duisburg,SV Sandhausen,3:0
2416267,2Bundesliga,2015-2016,30.11.2015,Karlsruher SC,RB Leipzig,0:1
2416352,2Bundesliga,2015-2016,04.12.2015,1. FC Nürnberg,SC Paderborn 07,2:1
2416359,2Bundesliga,2015-2016,04.12.2015,TSV 1860 München,FSV Frankfurt,0:1
2416362,2Bundesliga,2015-2016,04.12.2015,SV Sandhausen,SpVgg Greuther Fürth,1:1
2416345,2Bundesliga,2015-2016,05.12.2015,SC Freiburg,1. FC Union Berlin,3:0
2416363,2Bundesliga,2015-2016,05.12.2015,Arminia Bielefeld,Karlsruher SC,2:1
2416346,2Bundesliga,2015-2016,06.12.2015,1. FC Kaiserslautern,FC St. Pauli,1:2
2416349,2Bundesliga,2015-2016,06.12.2015,RB Leipzig,MSV Duisburg,4:2
2416356,2Bundesliga,2015-2016,06.12.2015,VfL Bochum,1. FC Heidenheim 1846,1:1
2416353,2Bundesliga,2015-2016,07.12.2015,Fortuna Düsseldorf,Eintracht Braunschweig,1:0
2415947,2Bundesliga,2015-2016,11.12.2015,VfL Bochum,SC Paderborn 07,4:0
2415954,2Bundesliga,2015-2016,11.12.2015,SV Sandhausen,Eintracht Braunschweig,0:2
2415985,2Bundesliga,2015-2016,11.12.2015,TSV 1860 München,1. FC Heidenheim 1846,1:3
2415963,2Bundesliga,2015-2016,12.12.2015,Fortuna Düsseldorf,1. FC Union Berlin,0:3
2415970,2Bundesliga,2015-2016,12.12.2015,Karlsruher SC,SpVgg Greuther Fürth,1:0
2415926,2Bundesliga,2015-2016,13.12.2015,1. FC Kaiserslautern,MSV Duisburg,2:0
2415938,2Bundesliga,2015-2016,13.12.2015,1. FC Nürnberg,SC Freiburg,2:1
2415991,2Bundesliga,2015-2016,13.12.2015,RB Leipzig,FSV Frankfurt,3:1
2415979,2Bundesliga,2015-2016,14.12.2015,Arminia Bielefeld,FC St. Pauli,0:0
2416026,2Bundesliga,2015-2016,18.12.2015,FC St. Pauli,Karlsruher SC,1:2
2416073,2Bundesliga,2015-2016,18.12.2015,1. FC Union Berlin,SV Sandhausen,1:0
2416079,2Bundesliga,2015-2016,18.12.2015,FSV Frankfurt,Arminia Bielefeld,1:2
2416042,2Bundesliga,2015-2016,19.12.2015,SpVgg Greuther Fürth,RB Leipzig,1:2
2416051,2Bundesliga,2015-2016,19.12.2015,1. FC Heidenheim 1846,1. FC Nürnberg,0:3
2416034,2Bundesliga,2015-2016,20.12.2015,Eintracht Braunschweig,1. FC Kaiserslautern,1:1
2416064,2Bundesliga,2015-2016,20.12.2015,MSV Duisburg,VfL Bochum,0:0
2416069,2Bundesliga,2015-2016,20.12.2015,SC Freiburg,TSV 1860 München,3:0
2416058,2Bundesliga,2015-2016,21.12.2015,SC Paderborn 07,Fortuna Düsseldorf,0:0
2416108,2Bundesliga,2015-2016,05.02.2016,VfL Bochum,SC Freiburg,2:0
2416115,2Bundesliga,2015-2016,05.02.2016,SV Sandhausen,SC Paderborn 07,1:0
2416129,2Bundesliga,2015-2016,05.02.2016,1. FC Kaiserslautern,1. FC Union Berlin,2:2
2416125,2Bundesliga,2015-2016,06.02.2016,TSV 1860 München,1. FC Nürnberg,0:1
2416148,2Bundesliga,2015-2016,06.02.2016,Fortuna Düsseldorf,1. FC Heidenheim 1846,0:1
2416120,2Bundesliga,2015-2016,07.02.2016,RB Leipzig,Eintracht Braunschweig,2:0
2416139,2Bundesliga,2015-2016,07.02.2016,SpVgg Greuther Fürth,FC St. Pauli,0:2
2416157,2Bundesliga,2015-2016,07.02.2016,Karlsruher SC,FSV Frankfurt,1:1
2416165,2Bundesliga,2015-2016,08.02.2016,Arminia Bielefeld,MSV Duisburg,2:1
2416192,2Bundesliga,2015-2016,12.02.2016,SC Paderborn 07,1. FC Kaiserslautern,0:4
2416199,2Bundesliga,2015-2016,12.02.2016,FC St. Pauli,RB Leipzig,1:0
2416215,2Bundesliga,2015-2016,12.02.2016,FSV Frankfurt,SpVgg Greuther Fürth,1:2
2416186,2Bundesliga,2015-2016,13.02.2016,MSV Duisburg,Karlsruher SC,0:1
2416226,2Bundesliga,2015-2016,13.02.2016,1. FC Heidenheim 1846,SV Sandhausen,1:1
2416205,2Bundesliga,2015-2016,14.02.2016,SC Freiburg,Fortuna Düsseldorf,1:2
2416222,2Bundesliga,2015-2016,14.02.2016,1. FC Union Berlin,TSV 1860 München,3:0
2416228,2Bundesliga,2015-2016,14.02.2016,Eintracht Braunschweig,Arminia Bielefeld,1:0
2416210,2Bundesliga,2015-2016,15.02.2016,1. FC Nürnberg,VfL Bochum,1:1
2416255,2Bundesliga,2015-2016,19.02.2016,RB Leipzig,1. FC Union Berlin,3:0
2416269,2Bundesliga,2015-2016,19.02.2016,FC St. Pauli,FSV Frankfurt,1:3
2416275,2Bundesliga,2015-2016,19.02.2016,SpVgg Greuther Fürth,MSV Duisburg,1:1
2416247,2Bundesliga,2015-2016,20.02.2016,Karlsruher SC,Eintracht Braunschweig,2:2
2416264,2Bundesliga,2015-2016,20.02.2016,1. FC Kaiserslautern,1. FC Heidenheim 1846,2:2
2416238,2Bundesliga,2015-2016,21.02.2016,SV Sandhausen,SC Freiburg,0:2
2416241,2Bundesliga,2015-2016,21.02.2016,Arminia Bielefeld,SC Paderborn 07,1:1
2416259,2Bundesliga,2015-2016,21.02.2016,TSV 1860 München,VfL Bochum,1:1
2416250,2Bundesliga,2015-2016,22.02.2016,Fortuna Düsseldorf,1. FC Nürnberg,1:1
2416342,2Bundesliga,2015-2016,26.02.2016,1. FC Union Berlin,Karlsruher SC,2:1
2416348,2Bundesliga,2015-2016,26.02.2016,SC Paderborn 07,RB Leipzig,0:1
2416355,2Bundesliga,2015-2016,26.02.2016,1. FC Nürnberg,SpVgg Greuther Fürth,2:1
2416344,2Bundesliga,2015-2016,27.02.2016,SC Freiburg,1. FC Kaiserslautern,2:0
2416351,2Bundesliga,2015-2016,27.02.2016,TSV 1860 München,Fortuna Düsseldorf,3:2
2416361,2Bundesliga,2015-2016,27.02.2016,VfL Bochum,SV Sandhausen,3:2
2416358,2Bundesliga,2015-2016,28.02.2016,MSV Duisburg,FC St. Pauli,0:2
2416365,2Bundesliga,2015-2016,28.02.2016,Eintracht Braunschweig,FSV Frankfurt,0:0
2416367,2Bundesliga,2015-2016,28.02.2016,1. FC Heidenheim 1846,Arminia Bielefeld,3:2
2416371,2Bundesliga,2015-2016,01.03.2016,Karlsruher SC,SC Paderborn 07,0:0
2416375,2Bundesliga,2015-2016,01.03.2016,SV Sandhausen,1. FC Nürnberg,0:2
2416377,2Bundesliga,2015-2016,01.03.2016,SpVgg Greuther Fürth,1. FC Union Berlin,2:0
2416379,2Bundesliga,2015-2016,01.03.2016,Fortuna Düsseldorf,VfL Bochum,1:3
2416381,2Bundesliga,2015-2016,01.03.2016,1. FC Kaiserslautern,TSV 1860 München,0:1
2416369,2Bundesliga,2015-2016,02.03.2016,Arminia Bielefeld,SC Freiburg,1:4
2416383,2Bundesliga,2015-2016,02.03.2016,RB Leipzig,1. FC Heidenheim 1846,3:1
2416385,2Bundesliga,2015-2016,02.03.2016,FSV Frankfurt,MSV Duisburg,3:3
2416373,2Bundesliga,2015-2016,03.03.2016,FC St. Pauli,Eintracht Braunschweig,1:0
2416387,2Bundesliga,2015-2016,04.03.2016,Fortuna Düsseldorf,Karlsruher SC,0:1
2416397,2Bundesliga,2015-2016,04.03.2016,TSV 1860 München,SV Sandhausen,3:2
2416389,2Bundesliga,2015-2016,04.03.2016,1. FC Nürnberg,1. FC Kaiserslautern,2:1
2416393,2Bundesliga,2015-2016,05.03.2016,SC Paderborn 07,SpVgg Greuther Fürth,1:1
2416399,2Bundesliga,2015-2016,05.03.2016,1. FC Union Berlin,FSV Frankfurt,4:0
2416395,2Bundesliga,2015-2016,06.03.2016,1. FC Heidenheim 1846,FC St. Pauli,2:0
2416401,2Bundesliga,2015-2016,06.03.2016,VfL Bochum,Arminia Bielefeld,2:2
2416403,2Bundesliga,2015-2016,06.03.2016,Eintracht Braunschweig,MSV Duisburg,1:1
2416391,2Bundesliga,2015-2016,07.03.2016,SC Freiburg,RB Leipzig,2:1
2416407,2Bundesliga,2015-2016,11.03.2016,FC St. Pauli,SC Paderborn 07,3:4
2416409,2Bundesliga,2015-2016,11.03.2016,SpVgg Greuther Fürth,Eintracht Braunschweig,3:0
2416411,2Bundesliga,2015-2016,11.03.2016,Arminia Bielefeld,1. FC Nürnberg,0:4
2416413,2Bundesliga,2015-2016,12.03.2016,SV Sandhausen,Fortuna Düsseldorf,1:0
2416415,2Bundesliga,2015-2016,12.03.2016,MSV Duisburg,1. FC Union Berlin,2:1
2416405,2Bundesliga,2015-2016,13.03.2016,FSV Frankfurt,SC Freiburg,1:3
2416419,2Bundesliga,2015-2016,13.03.2016,RB Leipzig,TSV 1860 München,2:1
2416421,2Bundesliga,2015-2016,13.03.2016,Karlsruher SC,1. FC Heidenheim 1846,0:0
2416417,2Bundesliga,2015-2016,14.03.2016,1. FC Kaiserslautern,VfL Bochum,0:2
2416488,2Bundesliga,2015-2016,18.03.2016,1. FC Union Berlin,Eintracht Braunschweig,3:1
2416491,2Bundesliga,2015-2016,18.03.2016,1. FC Heidenheim 1846,FSV Frankfurt,2:2
2416493,2Bundesliga,2015-2016,18.03.2016,SC Paderborn 07,MSV Duisburg,0:0
2416486,2Bundesliga,2015-2016,19.03.2016,Fortuna Düsseldorf,1. FC Kaiserslautern,4:3
2416490,2Bundesliga,2015-2016,19.03.2016,SV Sandhausen,FC St. Pauli,0:2
2416487,2Bundesliga,2015-2016,20.03.2016,1. FC Nürnberg,RB Leipzig,3:1
2416489,2Bundesliga,2015-2016,20.03.2016,VfL Bochum,SpVgg Greuther Fürth,2:2
2416492,2Bundesliga,2015-2016,20.03.2016,TSV 1860 München,Arminia Bielefeld,1:1
2416485,2Bundesliga,2015-2016,21.03.2016,SC Freiburg,Karlsruher SC,1:0
2416477,2Bundesliga,2015-2016,01.04.2016,Eintracht Braunschweig,SC Paderborn 07,2:1
2416480,2Bundesliga,2015-2016,01.04.2016,FC St. Pauli,1. FC Union Berlin,0:0
2416483,2Bundesliga,2015-2016,01.04.2016,MSV Duisburg,1. FC Heidenheim 1846,0:2
2416479,2Bundesliga,2015-2016,02.04.2016,Arminia Bielefeld,Fortuna Düsseldorf,0:0
2416481,2Bundesliga,2015-2016,02.04.2016,RB Leipzig,VfL Bochum,3:1
2416478,2Bundesliga,2015-2016,03.04.2016,FSV Frankfurt,1. FC Nürnberg,0:3
2416482,2Bundesliga,2015-2016,03.04.2016,Karlsruher SC,TSV 1860 München,3:1
2416484,2Bundesliga,2015-2016,03.04.2016,1. FC Kaiserslautern,SV Sandhausen,2:0
2416476,2Bundesliga,2015-2016,04.04.2016,SpVgg Greuther Fürth,SC Freiburg,2:3
2416469,2Bundesliga,2015-2016,08.04.2016,1. FC Heidenheim 1846,Eintracht Braunschweig,2:2
2416470,2Bundesliga,2015-2016,08.04.2016,SC Paderborn 07,1. FC Union Berlin,0:4
2416471,2Bundesliga,2015-2016,08.04.2016,TSV 1860 München,SpVgg Greuther Fürth,0:1
2416473,2Bundesliga,2015-2016,09.04.2016,VfL Bochum,FSV Frankfurt,4:1
2416474,2Bundesliga,2015-2016,09.04.2016,SV Sandhausen,Arminia Bielefeld,1:4
2416467,2Bundesliga,2015-2016,10.04.2016,1. FC Kaiserslautern,Karlsruher SC,0:0
2416472,2Bundesliga,2015-2016,10.04.2016,SC Freiburg,FC St. Pauli,4:3
2416475,2Bundesliga,2015-2016,10.04.2016,1. FC Nürnberg,MSV Duisburg,1:2
2416468,2Bundesliga,2015-2016,11.04.2016,Fortuna Düsseldorf,RB Leipzig,1:3
2416459,2Bundesliga,2015-2016,15.04.2016,FSV Frankfurt,SC Paderborn 07,0:2
2416464,2Bundesliga,2015-2016,15.04.2016,MSV Duisburg,TSV 1860 München,2:1
2416466,2Bundesliga,2015-2016,15.04.2016,RB Leipzig,SV Sandhausen,0:1
2416461,2Bundesliga,2015-2016,16.04.2016,Karlsruher SC,1. FC Nürnberg,2:1
2416463,2Bundesliga,2015-2016,16.04.2016,FC St. Pauli,VfL Bochum,2:0
2416460,2Bundesliga,2015-2016,17.04.2016,Arminia Bielefeld,1. FC Kaiserslautern,0:1
2416462,2Bundesliga,2015-2016,17.04.2016,SpVgg Greuther Fürth,Fortuna Düsseldorf,3:1
2416465,2Bundesliga,2015-2016,17.04.2016,1. FC Union Berlin,1. FC Heidenheim 1846,1:0
2416458,2Bundesliga,2015-2016,18.04.2016,Eintracht Braunschweig,SC Freiburg,2:2
2416450,2Bundesliga,2015-2016,22.04.2016,VfL Bochum,Karlsruher SC,1:1
2416455,2Bundesliga,2015-2016,22.04.2016,Fortuna Düsseldorf,FC St. Pauli,1:1
2416457,2Bundesliga,2015-2016,22.04.2016,SC Freiburg,MSV Duisburg,3:0
2416449,2Bundesliga,2015-2016,23.04.2016,1. FC Heidenheim 1846,SC Paderborn 07,1:1
2416453,2Bundesliga,2015-2016,23.04.2016,1. FC Nürnberg,1. FC Union Berlin,6:2
2416452,2Bundesliga,2015-2016,24.04.2016,TSV 1860 München,Eintracht Braunschweig,1:0
2416454,2Bundesliga,2015-2016,24.04.2016,Arminia Bielefeld,SpVgg Greuther Fürth,4:2
2416456,2Bundesliga,2015-2016,24.04.2016,SV Sandhausen,FSV Frankfurt,1:0
2416451,2Bundesliga,2015-2016,25.04.2016,1. FC Kaiserslautern,RB Leipzig,1:1
2416440,2Bundesliga,2015-2016,29.04.2016,SC Paderborn 07,SC Freiburg,1:2
2416441,2Bundesliga,2015-2016,29.04.2016,FSV Frankfurt,1. FC Kaiserslautern,1:4
2416443,2Bundesliga,2015-2016,29.04.2016,MSV Duisburg,Fortuna Düsseldorf,2:1
2416444,2Bundesliga,2015-2016,29.04.2016,1. FC Union Berlin,VfL Bochum,1:0
2416445,2Bundesliga,2015-2016,29.04.2016,FC St. Pauli,TSV 1860 München,0:2
2416448,2Bundesliga,2015-2016,29.04.2016,RB Leipzig,Arminia Bielefeld,1:1
2416442,2Bundesliga,2015-2016,30.04.2016,Eintracht Braunschweig,1. FC Nürnberg,3:1
2416446,2Bundesliga,2015-2016,30.04.2016,SpVgg Greuther Fürth,1. FC Heidenheim 1846,0:2
2416447,2Bundesliga,2015-2016,02.05.2016,Karlsruher SC,SV Sandhausen,3:0
2416431,2Bundesliga,2015-2016,08.05.2016,TSV 1860 München,SC Paderborn 07,1:0
2416432,2Bundesliga,2015-2016,08.05.2016,RB Leipzig,Karlsruher SC,2:0
2416433,2Bundesliga,2015-2016,08.05.2016,VfL Bochum,Eintracht Braunschweig,2:3
2416434,2Bundesliga,2015-2016,08.05.2016,Arminia Bielefeld,1. FC Union Berlin,2:0
2416435,2Bundesliga,2015-2016,08.05.2016,1. FC Kaiserslautern,SpVgg Greuther Fürth,3:1
2416436,2Bundesliga,2015-2016,08.05.2016,1. FC Nürnberg,FC St. Pauli,1:0
2416437,2Bundesliga,2015-2016,08.05.2016,SC Freiburg,1. FC Heidenheim 1846,2:0
2416438,2Bundesliga,2015-2016,08.05.2016,Fortuna Düsseldorf,FSV Frankfurt,1:0
2416439,2Bundesliga,2015-2016,08.05.2016,SV Sandhausen,MSV Duisburg,2:2
2416422,2Bundesliga,2015-2016,15.05.2016,1. FC Union Berlin,SC Freiburg,2:1
2416423,2Bundesliga,2015-2016,15.05.2016,FC St. Pauli,1. FC Kaiserslautern,5:2
2416424,2Bundesliga,2015-2016,15.05.2016,MSV Duisburg,RB Leipzig,1:0
2416425,2Bundesliga,2015-2016,15.05.2016,SC Paderborn 07,1. FC Nürnberg,0:1
2416426,2Bundesliga,2015-2016,15.05.2016,Eintracht Braunschweig,Fortuna Düsseldorf,0:2
2416427,2Bundesliga,2015-2016,15.05.2016,1. FC Heidenheim 1846,VfL Bochum,2:4
2416428,2Bundesliga,2015-2016,15.05.2016,FSV Frankfurt,TSV 1860 München,2:1
2416429,2Bundesliga,2015-2016,15.05.2016,SpVgg Greuther Fürth,SV Sandhausen,3:1
2416430,2Bundesliga,2015-2016,15.05.2016,Karlsruher SC,Arminia Bielefeld,1:1
