GameID,Minute,Scorer,Team
2226744,34,Michael Liendl,Fortuna Düsseldorf
2226744,65,Charlison Benschop,Fortuna Düsseldorf
2226744,60,Ken Reichel,Eintracht Braunschweig
2226744,84,Håvard Nielsen,Eintracht Braunschweig
2226748,15,Simon Terodde,VfL Bochum
2226748,18,Kacper Przybyłko,SpVgg Greuther Fürth
2226756,78,Sören Gonther,FC St. Pauli
2226756,42,Alfredo Morales,FC Ingolstadt 04
2226752,42,Marc Schnatterer,1. FC Heidenheim 1846
2226752,84,Patrick Mayer,1. FC Heidenheim 1846
2226752,10,Björn Schlicke,FSV Frankfurt
2226746,69,Jakub Sylvestr,1. FC Nürnberg
2226754,36,Dominik Stroh-Engel,SV Darmstadt 98
2226760,68,Srđan Lakić,1. FC Kaiserslautern
2226760,71,Srđan Lakić,1. FC Kaiserslautern
2226760,80,Philipp Hofmann,1. FC Kaiserslautern
2226760,26,Rubin Okotie,TSV 1860 München
2226760,33,Rubin Okotie,TSV 1860 München
2226828,13,Nejmeddin Daghfous,VfR Aalen
2226828,70,Manuel Junglas,VfR Aalen
2226838,16,Edmond Kapllani,FSV Frankfurt
2226838,45,Edmond Kapllani,FSV Frankfurt
2226838,11,Ilian Micanski,Karlsruher SC
2226838,18,Ilian Micanski,Karlsruher SC
2226838,41,Ilian Micanski,Karlsruher SC
2226814,64,Damir Kreilach,1. FC Union Berlin
2226814,35,Michael Liendl,Fortuna Düsseldorf
2226792,38,Håvard Nielsen,Eintracht Braunschweig
2226792,56,Ken Reichel,Eintracht Braunschweig
2226792,72,Ken Reichel,Eintracht Braunschweig
2226844,16,Solomon Okoronkwo,Erzgebirge Aue
2226844,5,Stanislav Šesták,VfL Bochum
2226844,28,Stanislav Šesták,VfL Bochum
2226844,41,Yusuke Tasaka,VfL Bochum
2226844,66,Simon Terodde,VfL Bochum
2226844,78,Simon Terodde,VfL Bochum
2226822,22,Stefan Lex,FC Ingolstadt 04
2226822,90,Karl-Heinz Lappe,FC Ingolstadt 04
2226822,16,Romain Brégerie,SV Darmstadt 98
2226822,74,Dominik Stroh-Engel,SV Darmstadt 98
2226804,39,Yussuf Poulsen,RB Leipzig
2226804,68,Matthias Morys,RB Leipzig
2226804,82,Denis Thomalla,RB Leipzig
2226834,89,Alexander Mühling,SV Sandhausen
2226834,77,Alexander Ring,1. FC Kaiserslautern
2226800,8,Abdul Rahman Baba,SpVgg Greuther Fürth
2226800,17,Goran Šukalo,SpVgg Greuther Fürth
2226800,57,Abdul Rahman Baba,SpVgg Greuther Fürth
2226800,76,Tom Weilandt,SpVgg Greuther Fürth
2226800,87,Robert Žulj,SpVgg Greuther Fürth
2226800,35,Javier Pinola,1. FC Nürnberg
2226937,4,Christopher Nöthe,FC St. Pauli
2226937,90,Lasse Sobiech,FC St. Pauli
2226937,23,René Gartler,SV Sandhausen
2226955,51,Florian Niederlechner,1. FC Heidenheim 1846
2226955,55,Sebastian Griesbeck,1. FC Heidenheim 1846
2226955,13,Rubin Okotie,TSV 1860 München
2226955,66,Leonardo,TSV 1860 München
2226963,3,Daniel Frahn,RB Leipzig
2226888,29,Hanno Balitsch,FSV Frankfurt
2226933,19,Manuel Gulde,Karlsruher SC
2226933,65,Reinhold Yabo,Karlsruher SC
2226927,11,Karim Matmour,1. FC Kaiserslautern
2226927,53,Srđan Lakić,1. FC Kaiserslautern
2226927,3,Dennis Kruppke,Eintracht Braunschweig
2226943,62,Mathew Leckie,FC Ingolstadt 04
2226943,81,Pascal Groß,FC Ingolstadt 04
2226977,59,Hanno Behrens,SV Darmstadt 98
2226977,71,Dominik Stroh-Engel,SV Darmstadt 98
2226949,69,Simon Terodde,VfL Bochum
2226949,49,Sören Brandy,1. FC Union Berlin
2227033,7,Candeias,1. FC Nürnberg
2227033,30,Timo Gebhart,1. FC Nürnberg
2227033,67,Peniel Mlapa,1. FC Nürnberg
2227033,78,Robert Koch,1. FC Nürnberg
2227039,65,Oliver Barth,VfR Aalen
2227039,86,Leandro Grech,VfR Aalen
2227039,15,Kevin Stöger,1. FC Kaiserslautern
2227039,71,Srđan Lakić,1. FC Kaiserslautern
2227015,48,Reinhold Yabo,Karlsruher SC
2227015,6,Adriano Grimaldi,1. FC Heidenheim 1846
2227065,2,Erwin Hoffer,Fortuna Düsseldorf
2227065,8,Charlison Benschop,Fortuna Düsseldorf
2227065,50,Erwin Hoffer,Fortuna Düsseldorf
2227005,17,Mirko Boland,Eintracht Braunschweig
2227005,5,Simon Terodde,VfL Bochum
2227005,77,Simon Terodde,VfL Bochum
2227023,54,Rubin Okotie,TSV 1860 München
2227023,31,Dominik Stroh-Engel,SV Darmstadt 98
2227045,7,Stefan Lex,FC Ingolstadt 04
2227045,60,Lukas Hinterseer,FC Ingolstadt 04
2227045,79,Stefan Lex,FC Ingolstadt 04
2227011,21,Kacper Przybyłko,SpVgg Greuther Fürth
2227011,23,Zsolt Korcsmár,SpVgg Greuther Fürth
2227011,52,Florian Trinks,SpVgg Greuther Fürth
2227089,37,Willi Orban,1. FC Kaiserslautern
2227099,11,Stefan Lex,FC Ingolstadt 04
2227099,62,Benjamin Hübner,FC Ingolstadt 04
2227099,82,Mathew Leckie,FC Ingolstadt 04
2227099,52,Andreas Ludwig,VfR Aalen
2227099,90,André Hainault,VfR Aalen
2227115,62,Yusuke Tasaka,VfL Bochum
2227115,19,Manuel Torres,Karlsruher SC
2227135,19,Yussuf Poulsen,RB Leipzig
2227135,20,Daniel Frahn,RB Leipzig
2227135,84,Yussuf Poulsen,RB Leipzig
2227135,48,Håvard Nielsen,Eintracht Braunschweig
2227147,42,Marcel Heller,SV Darmstadt 98
2227147,68,Dominik Stroh-Engel,SV Darmstadt 98
2227093,31,John Verhoek,FC St. Pauli
2227093,21,Leonardo,TSV 1860 München
2227093,45,Yannick Stark,TSV 1860 München
2227107,83,Andrew Wooten,SV Sandhausen
2227125,57,Marc Schnatterer,1. FC Heidenheim 1846
2227125,60,Florian Niederlechner,1. FC Heidenheim 1846
2227125,90,Alper Bagceci,1. FC Heidenheim 1846
2227125,82,Benjamin Köhler,1. FC Union Berlin
2227083,23,Erwin Hoffer,Fortuna Düsseldorf
2227083,62,Sérgio da Silva Pinto,Fortuna Düsseldorf
2227187,34,Håvard Nielsen,Eintracht Braunschweig
2227187,90,Dennis Kruppke,Eintracht Braunschweig
2227225,80,Andrew Wooten,SV Sandhausen
2227237,41,Frank Löning,Erzgebirge Aue
2227237,56,Rico Benatelli,Erzgebirge Aue
2227237,69,Romario Kortzorg,Erzgebirge Aue
2227195,57,Marco Stiepermann,SpVgg Greuther Fürth
2227195,82,Tom Weilandt,SpVgg Greuther Fürth
2227195,11,Alexander Ring,1. FC Kaiserslautern
2227215,20,Rubin Okotie,TSV 1860 München
2227215,16,Pascal Groß,FC Ingolstadt 04
2227231,41,Edmond Kapllani,FSV Frankfurt
2227231,29,Anthony Losilla,VfL Bochum
2227231,57,Michael Gregoritsch,VfL Bochum
2227231,64,Simon Terodde,VfL Bochum
2227231,79,Simon Terodde,VfL Bochum
2227231,84,Stanislav Šesták,VfL Bochum
2227201,9,Hiroki Yamada,Karlsruher SC
2227201,20,Reinhold Yabo,Karlsruher SC
2227201,40,Reinhold Yabo,Karlsruher SC
2227209,23,Charlison Benschop,Fortuna Düsseldorf
2227209,42,Charlison Benschop,Fortuna Düsseldorf
2227209,82,Joel Pohjanpalo,Fortuna Düsseldorf
2227209,37,Florian Niederlechner,1. FC Heidenheim 1846
2227209,68,Florian Niederlechner,1. FC Heidenheim 1846
2227219,70,Sebastian Polter,1. FC Union Berlin
2227219,83,Sebastian Polter,1. FC Union Berlin
2227219,77,Yussuf Poulsen,RB Leipzig
2227263,69,Tom Weilandt,SpVgg Greuther Fürth
2227263,38,Andreas Ludwig,VfR Aalen
2227271,15,Lasse Sobiech,FC St. Pauli
2227273,22,Lukas Hinterseer,FC Ingolstadt 04
2227273,20,Frank Löning,Erzgebirge Aue
2227275,90,Andrew Wooten,SV Sandhausen
2227269,42,Alexander Ring,1. FC Kaiserslautern
2227281,3,Marc Schnatterer,1. FC Heidenheim 1846
2227281,9,Kevin Kraus,1. FC Heidenheim 1846
2227281,59,Patrick Mayer,1. FC Heidenheim 1846
2227285,37,Dominik Kaiser,RB Leipzig
2227285,48,Yussuf Poulsen,RB Leipzig
2227285,58,Yussuf Poulsen,RB Leipzig
2227285,33,Ilian Micanski,Karlsruher SC
2227289,16,Romain Brégerie,SV Darmstadt 98
2227289,32,Aytaç Sulu,SV Darmstadt 98
2227289,34,Jérôme Gondorf,SV Darmstadt 98
2227289,85,Aytaç Sulu,SV Darmstadt 98
2227277,14,Michael Gregoritsch,VfL Bochum
2227277,67,Joel Pohjanpalo,Fortuna Düsseldorf
2226796,38,Benjamin Kessel,Eintracht Braunschweig
2226796,54,Mushaga Bakenga,Eintracht Braunschweig
2226796,90,Andrew Wooten,SV Sandhausen
2226810,6,Rubin Okotie,TSV 1860 München
2226810,74,Ilie,TSV 1860 München
2226830,77,Fabian Müller,Erzgebirge Aue
2226802,39,Daniel Gordon,Karlsruher SC
2226818,85,Christopher Quiring,1. FC Union Berlin
2226818,73,Marcel Heller,SV Darmstadt 98
2226806,60,Joel Pohjanpalo,Fortuna Düsseldorf
2226806,86,Charlison Benschop,Fortuna Düsseldorf
2226806,18,Georg Teigl,RB Leipzig
2226806,61,Georg Teigl,RB Leipzig
2226824,44,Joni Kauko,FSV Frankfurt
2226824,62,Vincenzo Grifo,FSV Frankfurt
2226824,32,Christopher Nöthe,FC St. Pauli
2226824,35,Marc Rzatkowski,FC St. Pauli
2226824,58,Philipp Ziereis,FC St. Pauli
2226824,86,Dennis Daube,FC St. Pauli
2226836,9,Patrick Mayer,1. FC Heidenheim 1846
2226836,20,Marc Schnatterer,1. FC Heidenheim 1846
2226836,28,Marc Schnatterer,1. FC Heidenheim 1846
2226836,39,Florian Niederlechner,1. FC Heidenheim 1846
2226836,77,Robert Leipertz,1. FC Heidenheim 1846
2226794,24,Candeias,1. FC Nürnberg
2226794,41,Alessandro Schöpf,1. FC Nürnberg
2226794,51,Alessandro Schöpf,1. FC Nürnberg
2226794,62,Alexander Ring,1. FC Kaiserslautern
2226794,71,Chris Löwe,1. FC Kaiserslautern
2226848,8,Tom Weilandt,SpVgg Greuther Fürth
2226848,17,Tom Weilandt,SpVgg Greuther Fürth
2226858,83,Fabian Weiß,VfR Aalen
2226858,85,Arne Feick,VfR Aalen
2226864,44,Michael Gregoritsch,VfL Bochum
2226864,56,Jakub Sylvestr,1. FC Nürnberg
2226850,20,Srđan Lakić,1. FC Kaiserslautern
2226850,35,Marcel Gaus,1. FC Kaiserslautern
2226852,23,Christopher Nöthe,FC St. Pauli
2226852,73,Marc Rzatkowski,FC St. Pauli
2226852,88,John Verhoek,FC St. Pauli
2226856,46,Lukas Hinterseer,FC Ingolstadt 04
2226862,51,Faton Toski,FSV Frankfurt
2226862,64,Edmond Kapllani,FSV Frankfurt
2226862,88,Vincenzo Grifo,FSV Frankfurt
2226868,46,Tobias Kempe,SV Darmstadt 98
2226868,12,Joel Pohjanpalo,Fortuna Düsseldorf
2226868,26,Joel Pohjanpalo,Fortuna Düsseldorf
2226868,47,Charlison Benschop,Fortuna Düsseldorf
2226868,57,Joel Pohjanpalo,Fortuna Düsseldorf
2226866,31,Dominik Kaiser,RB Leipzig
2226866,21,Philip Heise,1. FC Heidenheim 1846
2226891,90,Mikael Forssell,VfL Bochum
2226891,10,Romain Brégerie,SV Darmstadt 98
2226893,79,Marc Schnatterer,1. FC Heidenheim 1846
2226893,77,Amin Younes,1. FC Kaiserslautern
2226870,74,Alessandro Schöpf,1. FC Nürnberg
2226872,72,Benjamin Kessel,Eintracht Braunschweig
2226872,90,Benjamin Kessel,Eintracht Braunschweig
2226872,59,Marco Stiepermann,SpVgg Greuther Fürth
2226872,68,Kacper Przybyłko,SpVgg Greuther Fürth
2226878,52,Sebastian Polter,1. FC Union Berlin
2226878,59,Sören Brandy,1. FC Union Berlin
2226878,80,Sebastian Polter,1. FC Union Berlin
2226878,24,Seyi Olajengbesi,SV Sandhausen
2226882,19,Lukas Hinterseer,FC Ingolstadt 04
2226886,2,René Klingbeil,Erzgebirge Aue
2226886,8,Arvydas Novikovas,Erzgebirge Aue
2226886,15,Romario Kortzorg,Erzgebirge Aue
2226886,75,Rico Benatelli,Erzgebirge Aue
2226886,51,Valdet Rama,TSV 1860 München
2226876,32,Michael Liendl,Fortuna Düsseldorf
2226903,10,Goran Šukalo,SpVgg Greuther Fürth
2226903,30,Goran Šukalo,SpVgg Greuther Fürth
2226903,15,Vincenzo Grifo,FSV Frankfurt
2226903,21,Tom Beugelsdijk,FSV Frankfurt
2226903,33,Vincenzo Grifo,FSV Frankfurt
2226903,59,Zlatko Dedič,FSV Frankfurt
2226903,88,Vincenzo Grifo,FSV Frankfurt
2226923,39,André Hainault,VfR Aalen
2226923,62,Toni Leistner,1. FC Union Berlin
2226923,70,Sören Brandy,1. FC Union Berlin
2226929,33,Daniel Frahn,RB Leipzig
2226929,6,Fabian Holthaus,VfL Bochum
2226909,90,Marcel Gaus,1. FC Kaiserslautern
2226909,76,Joel Pohjanpalo,Fortuna Düsseldorf
2226919,18,Hiroki Yamada,Karlsruher SC
2226919,31,Rouwen Hennings,Karlsruher SC
2226919,80,Selçuk Alibaz,Karlsruher SC
2226919,89,Hiroki Yamada,Karlsruher SC
2226915,38,Christopher Schindler,TSV 1860 München
2226915,18,Hendrick Zuck,Eintracht Braunschweig
2226915,49,Raffael Korte,Eintracht Braunschweig
2226921,41,Lukas Hinterseer,FC Ingolstadt 04
2226925,64,Florian Hübner,SV Sandhausen
2226925,57,Romario Kortzorg,Erzgebirge Aue
2226931,39,Dominik Stroh-Engel,SV Darmstadt 98
2226931,70,Leon Balogun,SV Darmstadt 98
2226931,82,Tobias Kempe,SV Darmstadt 98
2226947,65,Manuel Torres,Karlsruher SC
2226947,73,Manuel Stiefler,SV Sandhausen
2226959,3,Kacper Przybyłko,SpVgg Greuther Fürth
2226941,18,Jakub Sylvestr,1. FC Nürnberg
2226941,87,Jakub Sylvestr,1. FC Nürnberg
2226941,1,Marc Rzatkowski,FC St. Pauli
2226941,59,Sebastian Maier,FC St. Pauli
2226979,37,Smail Morabit,1. FC Heidenheim 1846
2226979,7,Dominik Stroh-Engel,SV Darmstadt 98
2226945,32,Seung-woo Ryu,Eintracht Braunschweig
2226945,72,Dennis Kruppke,Eintracht Braunschweig
2226945,60,Andreas Ludwig,VfR Aalen
2226971,23,Joan Oumari,FSV Frankfurt
2226971,70,Stipe Vučur,Erzgebirge Aue
2226973,61,Rubin Okotie,TSV 1860 München
2226973,74,Rubin Okotie,TSV 1860 München
2226973,87,Daniel Adlung,TSV 1860 München
2226993,48,Srđan Lakić,1. FC Kaiserslautern
2226993,82,Sebastian Jacob,1. FC Kaiserslautern
2226993,32,Simon Terodde,VfL Bochum
2226993,88,Stanislav Šesták,VfL Bochum
2227013,72,Odise Roshi,FSV Frankfurt
2227017,26,Alexander Mühling,SV Sandhausen
2227017,77,Andrew Wooten,SV Sandhausen
2227017,16,Niclas Füllkrug,1. FC Nürnberg
2227001,26,Florian Niederlechner,1. FC Heidenheim 1846
2227001,31,Florian Niederlechner,1. FC Heidenheim 1846
2227001,52,Robert Leipertz,1. FC Heidenheim 1846
2227029,5,Dominik Stroh-Engel,SV Darmstadt 98
2226989,47,Hiroki Yamada,Karlsruher SC
2226989,57,Daniel Gordon,Karlsruher SC
2226989,75,Hiroki Yamada,Karlsruher SC
2227007,45,Marvin Matip,FC Ingolstadt 04
2227007,90,Andre Mijatović,FC Ingolstadt 04
2227007,18,Benjamin Köhler,1. FC Union Berlin
2227007,21,Christopher Quiring,1. FC Union Berlin
2227007,36,Michael Parensen,1. FC Union Berlin
2227007,79,Sebastian Polter,1. FC Union Berlin
2227025,43,Arvydas Novikovas,Erzgebirge Aue
2227025,9,Seung-woo Ryu,Eintracht Braunschweig
2227025,59,Vegar Hedenstad,Eintracht Braunschweig
2226997,4,Bruno Soares,Fortuna Düsseldorf
2227079,57,Simon Terodde,VfL Bochum
2227079,66,Marco Terrazzino,VfL Bochum
2227079,89,Mikael Forssell,VfL Bochum
2227079,2,André Hainault,VfR Aalen
2227081,6,Marc Schnatterer,1. FC Heidenheim 1846
2227081,48,Robert Leipertz,1. FC Heidenheim 1846
2227081,62,Florian Niederlechner,1. FC Heidenheim 1846
2227071,51,Sebastian Polter,1. FC Union Berlin
2227071,9,Daniel Adlung,TSV 1860 München
2227071,39,Rubin Okotie,TSV 1860 München
2227071,46,Rubin Okotie,TSV 1860 München
2227071,49,Valdet Rama,TSV 1860 München
2227077,1,Håvard Nielsen,Eintracht Braunschweig
2227077,44,Håvard Nielsen,Eintracht Braunschweig
2227077,87,Mushaga Bakenga,Eintracht Braunschweig
2227047,16,Robert Koch,1. FC Nürnberg
2227047,25,Jakub Sylvestr,1. FC Nürnberg
2227047,70,Moritz Hartmann,FC Ingolstadt 04
2227061,74,Dimitrij Nazarov,Karlsruher SC
2227085,17,Yussuf Poulsen,RB Leipzig
2227085,30,Terrence Boyd,RB Leipzig
2227085,53,Terrence Boyd,RB Leipzig
2227085,46,Enis Alushi,FC St. Pauli
2227085,73,John Verhoek,FC St. Pauli
2227069,10,Charlison Benschop,Fortuna Düsseldorf
2227069,77,Joel Pohjanpalo,Fortuna Düsseldorf
2227069,81,Charlison Benschop,Fortuna Düsseldorf
2227069,13,Niko Gießelmann,SpVgg Greuther Fürth
2227069,54,Robert Žulj,SpVgg Greuther Fürth
2227069,84,Robert Žulj,SpVgg Greuther Fürth
2227141,56,Stipe Vučur,Erzgebirge Aue
2227141,77,Damir Kreilach,1. FC Union Berlin
2227141,86,Damir Kreilach,1. FC Union Berlin
2227123,24,Moritz Hartmann,FC Ingolstadt 04
2227123,66,Lukas Hinterseer,FC Ingolstadt 04
2227123,89,Mathew Leckie,FC Ingolstadt 04
2227129,15,Collin Quaner,VfR Aalen
2227129,59,Nejmeddin Daghfous,VfR Aalen
2227111,43,Zlatko Dedič,FSV Frankfurt
2227111,89,Mario Engels,FSV Frankfurt
2227117,59,Marcel Halstenberg,FC St. Pauli
2227117,22,Amin Younes,1. FC Kaiserslautern
2227117,30,Jean Zimmer,1. FC Kaiserslautern
2227117,87,Sebastian Jacob,1. FC Kaiserslautern
2227097,38,Håvard Nielsen,Eintracht Braunschweig
2227169,23,Ben Halloran,Fortuna Düsseldorf
2227169,4,Aziz Bouhaddouz,SV Sandhausen
2227169,67,Seyi Olajengbesi,SV Sandhausen
2227169,77,Aziz Bouhaddouz,SV Sandhausen
2227177,58,Stanislav Šesták,VfL Bochum
2227177,81,Tobias Weis,VfL Bochum
2227177,33,John Verhoek,FC St. Pauli
2227177,37,Philipp Ziereis,FC St. Pauli
2227177,40,Dennis Daube,FC St. Pauli
2227177,69,Sebastian Maier,FC St. Pauli
2227179,50,Dominick Drexler,VfR Aalen
2227157,7,Willi Orban,1. FC Kaiserslautern
2227157,27,Jean Zimmer,1. FC Kaiserslautern
2227157,41,Willi Orban,1. FC Kaiserslautern
2227163,39,Manuel Torres,Karlsruher SC
2227173,47,Steven Skrzybski,1. FC Union Berlin
2227173,71,Maxi Thiel,1. FC Union Berlin
2227173,90,Edmond Kapllani,FSV Frankfurt
2227183,9,Pascal Groß,FC Ingolstadt 04
2227155,14,Alessandro Schöpf,1. FC Nürnberg
2227155,17,Jakub Sylvestr,1. FC Nürnberg
2227155,28,Jürgen Mössmer,1. FC Nürnberg
2227207,76,Niklas Hoheneder,RB Leipzig
2227239,14,Fabian Müller,Erzgebirge Aue
2227239,82,Marcel Titsch-Rivero,1. FC Heidenheim 1846
2227203,22,Seung-woo Ryu,Eintracht Braunschweig
2227203,28,Maxi Thiel,1. FC Union Berlin
2227211,28,Maximilian Wittek,TSV 1860 München
2227211,74,Rubin Okotie,TSV 1860 München
2227211,59,Rouwen Hennings,Karlsruher SC
2227211,67,Hiroki Yamada,Karlsruher SC
2227211,68,Rouwen Hennings,Karlsruher SC
2227233,45,Charlison Benschop,Fortuna Düsseldorf
2227233,63,Charlison Benschop,Fortuna Düsseldorf
2227217,86,Fabian Holland,SV Darmstadt 98
2227221,52,Lukas Hinterseer,FC Ingolstadt 04
2227221,84,Stefan Lex,FC Ingolstadt 04
2227227,64,Jurgen Gjasula,VfR Aalen
2227227,11,Niclas Füllkrug,1. FC Nürnberg
2227227,60,Niclas Füllkrug,1. FC Nürnberg
2226745,67,Håvard Nielsen,Eintracht Braunschweig
2226745,90,Benjamin Kessel,Eintracht Braunschweig
2226745,68,Ben Halloran,Fortuna Düsseldorf
2226753,28,Zlatko Dedič,FSV Frankfurt
2226753,55,Mario Engels,FSV Frankfurt
2226759,2,Christopher Quiring,1. FC Union Berlin
2226759,72,Sebastian Polter,1. FC Union Berlin
2226747,64,Jakub Sylvestr,1. FC Nürnberg
2226755,15,Manuel Stiefler,SV Sandhausen
2226755,63,Aziz Bouhaddouz,SV Sandhausen
2226755,86,Hanno Behrens,SV Darmstadt 98
2226757,22,Mathew Leckie,FC Ingolstadt 04
2226757,80,Pascal Groß,FC Ingolstadt 04
2226757,78,Sebastian Schachten,FC St. Pauli
2226761,26,Yannick Stark,TSV 1860 München
2226761,85,Markus Karl,1. FC Kaiserslautern
2226793,61,Seung-woo Ryu,Eintracht Braunschweig
2226815,89,Mathis Bolly,Fortuna Düsseldorf
2226839,16,Rouwen Hennings,Karlsruher SC
2226839,20,Reinhold Yabo,Karlsruher SC
2226839,51,Rouwen Hennings,Karlsruher SC
2226839,66,Dimitrij Nazarov,Karlsruher SC
2226839,72,Mohamed Aoudia,FSV Frankfurt
2226829,35,John Verhoek,FC St. Pauli
2226829,81,Lennart Thy,FC St. Pauli
2226829,49,Oliver Barth,VfR Aalen
2226829,83,Fabio Kaufmann,VfR Aalen
2226823,7,Hanno Behrens,SV Darmstadt 98
2226823,54,Marcel Heller,SV Darmstadt 98
2226823,20,Pascal Groß,FC Ingolstadt 04
2226823,40,Stefan Lex,FC Ingolstadt 04
2226835,73,Philipp Hofmann,1. FC Kaiserslautern
2226845,90,Tobias Weis,VfL Bochum
2226845,33,René Klingbeil,Erzgebirge Aue
2226805,29,Yussuf Poulsen,RB Leipzig
2226805,86,Rubin Okotie,TSV 1860 München
2226944,30,Pascal Groß,FC Ingolstadt 04
2226964,45,Selçuk Alibaz,Erzgebirge Aue
2226964,58,Patrick Schönfeld,Erzgebirge Aue
2226950,50,Martin Kobylański,1. FC Union Berlin
2226950,86,Damir Kreilach,1. FC Union Berlin
2226950,32,Selim Gündüz,VfL Bochum
2226928,35,Philipp Hofmann,1. FC Kaiserslautern
2226928,73,Alexander Ring,1. FC Kaiserslautern
2226934,55,Rouwen Hennings,Karlsruher SC
2226934,60,Oliver Fink,Fortuna Düsseldorf
2227327,21,Odise Roshi,FSV Frankfurt
2227327,60,Vincenzo Grifo,FSV Frankfurt
2227327,41,Even Hovland,1. FC Nürnberg
2226956,29,Rubin Okotie,TSV 1860 München
2226956,55,Tim Göhlert,1. FC Heidenheim 1846
2226956,66,Florian Niederlechner,1. FC Heidenheim 1846
2227006,36,Simon Terodde,VfL Bochum
2227006,41,Marco Terrazzino,VfL Bochum
2227006,47,Simon Terodde,VfL Bochum
2227006,3,Mirko Boland,Eintracht Braunschweig
2227006,84,Benjamin Kessel,Eintracht Braunschweig
2227016,31,Rouwen Hennings,Karlsruher SC
2227066,26,Axel Bellinghausen,Fortuna Düsseldorf
2227066,83,Michael Liendl,Fortuna Düsseldorf
2227066,15,Bobby Wood,Erzgebirge Aue
2227066,31,Bobby Wood,Erzgebirge Aue
2227066,34,Stefan Mugoša,Erzgebirge Aue
2227040,23,Jean Zimmer,1. FC Kaiserslautern
2227046,69,Stefan Lex,FC Ingolstadt 04
2227046,11,Andrew Wooten,SV Sandhausen
2227046,19,Andrew Wooten,SV Sandhausen
2227046,84,Nicky Adler,SV Sandhausen
2227024,83,Leon Balogun,SV Darmstadt 98
2227024,26,Jannik Bandowski,TSV 1860 München
2227035,4,Peniel Mlapa,1. FC Nürnberg
2227035,54,Jakub Sylvestr,1. FC Nürnberg
2227035,87,Jakub Sylvestr,1. FC Nürnberg
2227035,17,Sebastian Polter,1. FC Union Berlin
2227054,58,Odise Roshi,FSV Frankfurt
2227012,27,Kacper Przybyłko,SpVgg Greuther Fürth
2227100,56,Jurgen Gjasula,VfR Aalen
2227100,77,Mathew Leckie,FC Ingolstadt 04
2227148,83,Jérôme Gondorf,SV Darmstadt 98
2227094,72,Marius Wolf,TSV 1860 München
2227094,10,Sören Gonther,FC St. Pauli
2227094,77,Christopher Nöthe,FC St. Pauli
2227084,67,Joel Pohjanpalo,Fortuna Düsseldorf
2227084,71,Niklas Stark,1. FC Nürnberg
2227084,77,Danny Blum,1. FC Nürnberg
2227084,88,Sebastian Kerk,1. FC Nürnberg
2227090,71,Vincenzo Grifo,FSV Frankfurt
2227090,89,Zlatko Dedič,FSV Frankfurt
2227126,7,Damir Kreilach,1. FC Union Berlin
2227126,28,Sören Brandy,1. FC Union Berlin
2227126,56,Christopher Quiring,1. FC Union Berlin
2227126,5,Marc Schnatterer,1. FC Heidenheim 1846
2227136,45,Emil Berggreen,Eintracht Braunschweig
2227136,84,Dominik Kaiser,RB Leipzig
2227188,90,Jan Rosenthal,SV Darmstadt 98
2227196,37,Jean Zimmer,1. FC Kaiserslautern
2227196,48,Chris Löwe,1. FC Kaiserslautern
2227196,85,Niko Gießelmann,SpVgg Greuther Fürth
2227232,16,Marco Terrazzino,VfL Bochum
2227232,61,Thomas Eisfeld,VfL Bochum
2227232,81,Danny Latza,VfL Bochum
2227232,79,Zlatko Dedič,FSV Frankfurt
2227232,84,Edmond Kapllani,FSV Frankfurt
2227232,90,Edmond Kapllani,FSV Frankfurt
2227202,4,Guido Burgstaller,1. FC Nürnberg
2227202,45,Rouwen Hennings,Karlsruher SC
2227226,65,Aziz Bouhaddouz,SV Sandhausen
2227226,83,Sascha Mockenhaupt,VfR Aalen
2227210,11,Robert Leipertz,1. FC Heidenheim 1846
2227210,23,Oliver Fink,Fortuna Düsseldorf
2227210,61,Axel Bellinghausen,Fortuna Düsseldorf
2227220,3,Dominik Kaiser,RB Leipzig
2227220,7,Joshua Kimmich,RB Leipzig
2227220,13,Georg Teigl,RB Leipzig
2227220,8,Steven Skrzybski,1. FC Union Berlin
2227220,29,Sebastian Polter,1. FC Union Berlin
2227216,41,Danilo Soares,FC Ingolstadt 04
2227216,83,Jannik Bandowski,TSV 1860 München
2227274,65,Stefan Lex,FC Ingolstadt 04
2227274,77,Alfredo Morales,FC Ingolstadt 04
2227274,90,Moritz Hartmann,FC Ingolstadt 04
2227278,12,Charlison Benschop,Fortuna Düsseldorf
2227278,24,Michael Liendl,Fortuna Düsseldorf
2227278,9,Stanislav Šesták,VfL Bochum
2227278,45,Stanislav Šesták,VfL Bochum
2227282,28,Mathias Wittek,1. FC Heidenheim 1846
2227264,68,Collin Quaner,VfR Aalen
2227264,17,Niko Gießelmann,SpVgg Greuther Fürth
2227272,25,Sören Gonther,FC St. Pauli
2227272,65,Lasse Sobiech,FC St. Pauli
2227276,33,Gary Kagelmacher,TSV 1860 München
2227276,90,Gary Kagelmacher,TSV 1860 München
2227276,7,Andrew Wooten,SV Sandhausen
2227276,47,Manuel Stiefler,SV Sandhausen
2227276,52,Nicky Adler,SV Sandhausen
2227290,65,Zlatko Dedič,FSV Frankfurt
2227290,76,Jérôme Gondorf,SV Darmstadt 98
2226811,34,Krisztián Simon,TSV 1860 München
2226811,65,Korbinian Vollmann,TSV 1860 München
2226811,71,Daniel Adlung,TSV 1860 München
2226819,34,Leon Balogun,SV Darmstadt 98
2226819,45,Romain Brégerie,SV Darmstadt 98
2226819,56,Milan Ivana,SV Darmstadt 98
2226819,80,Aytaç Sulu,SV Darmstadt 98
2226819,83,Aytaç Sulu,SV Darmstadt 98
2226837,11,Simon Terodde,VfL Bochum
2226837,20,Stanislav Šesták,VfL Bochum
2226837,70,Stanislav Šesták,VfL Bochum
2226837,74,Michael Gregoritsch,VfL Bochum
2226837,41,Robert Leipertz,1. FC Heidenheim 1846
2226795,14,Alexander Ring,1. FC Kaiserslautern
2226795,30,Philipp Hofmann,1. FC Kaiserslautern
2226795,90,Alessandro Schöpf,1. FC Nürnberg
2226825,46,Lennart Thy,FC St. Pauli
2226825,58,Joni Kauko,FSV Frankfurt
2226797,77,Nik Omladič,Eintracht Braunschweig
2226803,45,Moritz Hartmann,FC Ingolstadt 04
2226803,33,Daniel Gordon,Karlsruher SC
2226803,82,Rouwen Hennings,Karlsruher SC
2226803,90,Rouwen Hennings,Karlsruher SC
2226831,36,Andreas Hofmann,VfR Aalen
2226831,72,Collin Quaner,VfR Aalen
2226831,88,Markus Steinhöfer,VfR Aalen
2226807,7,Rodnei,RB Leipzig
2226807,28,Joshua Kimmich,RB Leipzig
2226807,71,Yussuf Poulsen,RB Leipzig
2226807,59,Joel Pohjanpalo,Fortuna Düsseldorf
2226853,89,Sebastian Polter,1. FC Union Berlin
2226859,75,Rodri,TSV 1860 München
2226859,59,Collin Quaner,VfR Aalen
2226863,80,Edmond Kapllani,FSV Frankfurt
2226863,22,Aziz Bouhaddouz,SV Sandhausen
2226869,44,Charlison Benschop,Fortuna Düsseldorf
2226869,66,Charlison Benschop,Fortuna Düsseldorf
2226867,51,Florian Niederlechner,1. FC Heidenheim 1846
2226865,70,Peniel Mlapa,1. FC Nürnberg
2226865,38,Marco Terrazzino,VfL Bochum
2226865,64,Simon Terodde,VfL Bochum
2226873,28,Robert Žulj,SpVgg Greuther Fürth
2226873,31,Stefan Thesker,SpVgg Greuther Fürth
2226873,79,Ken Reichel,Eintracht Braunschweig
2226894,4,Willi Orban,1. FC Kaiserslautern
2226894,42,Karim Matmour,1. FC Kaiserslautern
2226894,77,Mateusz Klich,1. FC Kaiserslautern
2226894,86,Philipp Hofmann,1. FC Kaiserslautern
2226871,46,Yordy Reyna,RB Leipzig
2226871,76,Dominik Kaiser,RB Leipzig
2226871,29,Guido Burgstaller,1. FC Nürnberg
2226875,54,Jurgen Gjasula,VfR Aalen
2226875,65,Jurgen Gjasula,VfR Aalen
2226875,2,Rouwen Hennings,Karlsruher SC
2226875,63,Ilian Micanski,Karlsruher SC
2226879,50,Timo Achenbach,SV Sandhausen
2226879,6,Christopher Trimmel,1. FC Union Berlin
2226883,22,Benjamin Hübner,FC Ingolstadt 04
2226883,58,Lukas Hinterseer,FC Ingolstadt 04
2226887,5,Romario Kortzorg,Erzgebirge Aue
2226892,21,Romain Brégerie,SV Darmstadt 98
2226892,77,Leon Balogun,SV Darmstadt 98
2226877,9,Kyoung-rok Choi,FC St. Pauli
2226877,16,Kyoung-rok Choi,FC St. Pauli
2226877,40,Waldemar Sobota,FC St. Pauli
2226877,51,Daniel Buballa,FC St. Pauli
2226920,3,Rouwen Hennings,Karlsruher SC
2226920,19,Rouwen Hennings,Karlsruher SC
2226920,69,Manuel Gulde,Karlsruher SC
2226922,27,Pascal Groß,FC Ingolstadt 04
2226932,34,Guido Burgstaller,1. FC Nürnberg
2226932,73,Marco Sailer,SV Darmstadt 98
2226904,20,Joni Kauko,FSV Frankfurt
2226904,58,Niko Gießelmann,SpVgg Greuther Fürth
2226916,5,Hendrick Zuck,Eintracht Braunschweig
2226916,47,Jan Hochscheidt,Eintracht Braunschweig
2226924,83,Sebastian Polter,1. FC Union Berlin
2226924,71,Collin Quaner,VfR Aalen
2226926,74,Alexander Mühling,SV Sandhausen
2226930,62,Simon Terodde,VfL Bochum
2226930,12,Yussuf Poulsen,RB Leipzig
2226930,67,Dominik Kaiser,RB Leipzig
2226910,90,Michael Liendl,Fortuna Düsseldorf
2226910,8,Simon Zoller,1. FC Kaiserslautern
2226942,90,Lasse Sobiech,FC St. Pauli
2226954,65,Moritz Hartmann,FC Ingolstadt 04
2226954,86,Mathew Leckie,FC Ingolstadt 04
2226954,90,Marvin Matip,FC Ingolstadt 04
2226954,33,Joel Pohjanpalo,Fortuna Düsseldorf
2226954,74,Ihlas Bebou,Fortuna Düsseldorf
2226946,54,Collin Quaner,VfR Aalen
2226946,69,Phil Ofosu-Ayeh,VfR Aalen
2226946,51,Mirko Boland,Eintracht Braunschweig
2226974,56,Marius Wolf,TSV 1860 München
2226974,90,Stephan Hain,TSV 1860 München
2226974,16,Michael Gregoritsch,VfL Bochum
2226960,50,Sebastian Freis,SpVgg Greuther Fürth
2226960,89,Johannes Wurtz,SpVgg Greuther Fürth
2226960,8,Maxi Thiel,1. FC Union Berlin
2226960,79,Michael Parensen,1. FC Union Berlin
2226972,59,Rico Benatelli,Erzgebirge Aue
2226980,64,Dominik Stroh-Engel,SV Darmstadt 98
2226980,77,Florian Niederlechner,1. FC Heidenheim 1846
2226984,20,Simon Zoller,1. FC Kaiserslautern
2226984,16,Yussuf Poulsen,RB Leipzig
2227018,75,Sebastian Kerk,1. FC Nürnberg
2227018,90,Guido Burgstaller,1. FC Nürnberg
2227030,79,Lukas Klostermann,RB Leipzig
2227030,90,Fabio Coltorti,RB Leipzig
2227030,77,Hanno Behrens,SV Darmstadt 98
2226994,31,Simon Zoller,1. FC Kaiserslautern
2226994,76,Philipp Hofmann,1. FC Kaiserslautern
2226990,58,Rouwen Hennings,Karlsruher SC
2226990,60,Rouwen Hennings,Karlsruher SC
2226990,13,Marco Rapp,SpVgg Greuther Fürth
2226998,48,Michael Liendl,Fortuna Düsseldorf
2226998,42,Daniel Adlung,TSV 1860 München
2227002,62,Robert Leipertz,1. FC Heidenheim 1846
2227002,82,Marc Schnatterer,1. FC Heidenheim 1846
2227002,90,Christopher Nöthe,FC St. Pauli
2227008,75,Björn Jopek,1. FC Union Berlin
2227008,79,Björn Jopek,1. FC Union Berlin
2227008,5,Marvin Matip,FC Ingolstadt 04
2227008,82,Tobias Levels,FC Ingolstadt 04
2227014,45,Mohamed Aoudia,FSV Frankfurt
2227014,64,Markus Steinhöfer,VfR Aalen
2227026,2,Jan Hochscheidt,Eintracht Braunschweig
2227026,69,Hendrick Zuck,Eintracht Braunschweig
2227026,77,Emil Berggreen,Eintracht Braunschweig
2227026,88,Marc Pfitzner,Eintracht Braunschweig
2227026,11,Bobby Wood,Erzgebirge Aue
2227026,31,Stipe Vučur,Erzgebirge Aue
2227056,19,Romain Brégerie,SV Darmstadt 98
2227056,22,Ronny König,SV Darmstadt 98
2227056,40,Hanno Behrens,SV Darmstadt 98
2227056,13,Kerem Demirbay,1. FC Kaiserslautern
2227056,88,Kevin Stöger,1. FC Kaiserslautern
2227078,59,Emil Berggreen,Eintracht Braunschweig
2227078,69,Emil Berggreen,Eintracht Braunschweig
2227062,19,Stefan Mugoša,Erzgebirge Aue
2227062,75,Stefan Mugoša,Erzgebirge Aue
2227062,85,Clemens Fandrich,Erzgebirge Aue
2227062,71,Manuel Torres,Karlsruher SC
2227070,29,Marco Stiepermann,SpVgg Greuther Fürth
2227070,49,Robert Žulj,SpVgg Greuther Fürth
2227070,66,Goran Šukalo,SpVgg Greuther Fürth
2227073,18,Sebastian Polter,1. FC Union Berlin
2227073,79,Damir Kreilach,1. FC Union Berlin
2227073,89,Sebastian Polter,1. FC Union Berlin
2227080,62,Collin Quaner,VfR Aalen
2227080,66,Markus Steinhöfer,VfR Aalen
2227080,75,Orhan Ademi,VfR Aalen
2227080,16,Onur Bulut,VfL Bochum
2227080,32,Simon Terodde,VfL Bochum
2227080,54,Marco Terrazzino,VfL Bochum
2227082,70,Aziz Bouhaddouz,SV Sandhausen
2227082,79,Ranisav Jovanović,SV Sandhausen
2227082,54,Florian Niederlechner,1. FC Heidenheim 1846
2227082,74,Florian Niederlechner,1. FC Heidenheim 1846
2227086,45,Lennart Thy,FC St. Pauli
2227048,70,Javier Pinola,1. FC Nürnberg
2227048,72,Danny Blum,1. FC Nürnberg
2227112,84,Valdet Rama,TSV 1860 München
2227130,27,Orhan Ademi,VfR Aalen
2227130,70,Jurgen Gjasula,VfR Aalen
2227134,36,Marco Thiede,SV Sandhausen
2227134,54,Aziz Bouhaddouz,SV Sandhausen
2227134,59,Aziz Bouhaddouz,SV Sandhausen
2227134,74,Aziz Bouhaddouz,SV Sandhausen
2227118,47,Jan-Philipp Kalla,FC St. Pauli
2227118,55,Marcel Halstenberg,FC St. Pauli
2227142,64,Martin Kobylański,1. FC Union Berlin
2227142,23,Stefan Mugoša,Erzgebirge Aue
2227142,62,Clemens Fandrich,Erzgebirge Aue
2227098,52,Danny Blum,1. FC Nürnberg
2227098,67,Guido Burgstaller,1. FC Nürnberg
2227098,31,Ken Reichel,Eintracht Braunschweig
2227098,68,Emil Berggreen,Eintracht Braunschweig
2227104,25,Tim Göhlert,1. FC Heidenheim 1846
2227104,42,Philip Heise,1. FC Heidenheim 1846
2227104,49,Marc Schnatterer,1. FC Heidenheim 1846
2227124,45,Michael Gregoritsch,VfL Bochum
2227124,72,Mikael Forssell,VfL Bochum
2227124,83,Yusuke Tasaka,VfL Bochum
2227124,32,Lukas Hinterseer,FC Ingolstadt 04
2227144,66,Tobias Kempe,SV Darmstadt 98
2227156,56,Vallori,TSV 1860 München
2227156,72,Daniel Adlung,TSV 1860 München
2227156,45,Niklas Stark,1. FC Nürnberg
2227164,43,Rouwen Hennings,Karlsruher SC
2227164,87,Rouwen Hennings,Karlsruher SC
2227170,18,Erwin Hoffer,Fortuna Düsseldorf
2227170,90,Michael Liendl,Fortuna Düsseldorf
2227174,24,Edmond Kapllani,FSV Frankfurt
2227174,10,Maxi Thiel,1. FC Union Berlin
2227174,62,Martin Kobylański,1. FC Union Berlin
2227174,81,Damir Kreilach,1. FC Union Berlin
2227178,35,Lennart Thy,FC St. Pauli
2227178,45,Marcel Halstenberg,FC St. Pauli
2227178,49,Christopher Buchtmann,FC St. Pauli
2227178,52,Lennart Thy,FC St. Pauli
2227178,83,Waldemar Sobota,FC St. Pauli
2227178,4,Michael Gregoritsch,VfL Bochum
2227180,12,Oliver Barth,VfR Aalen
2227180,48,Orhan Ademi,VfR Aalen
2227180,39,Marc Schnatterer,1. FC Heidenheim 1846
2227180,44,Florian Niederlechner,1. FC Heidenheim 1846
2227180,75,Robert Leipertz,1. FC Heidenheim 1846
2227180,86,Florian Niederlechner,1. FC Heidenheim 1846
2227184,45,Mathew Leckie,FC Ingolstadt 04
2227184,76,Stefan Lex,FC Ingolstadt 04
2227184,4,Dominik Kaiser,RB Leipzig
2227190,61,Marco Stiepermann,SpVgg Greuther Fürth
2227204,48,Fabian Schönheim,1. FC Union Berlin
2227204,59,Sebastian Polter,1. FC Union Berlin
2227208,29,Daniel Frahn,RB Leipzig
2227208,45,Dominik Kaiser,RB Leipzig
2227212,69,Manuel Torres,Karlsruher SC
2227212,9,Kai Bülow,TSV 1860 München
2227218,71,Tobias Kempe,SV Darmstadt 98
2227222,41,Erik Thommy,1. FC Kaiserslautern
2227222,81,Max Christiansen,FC Ingolstadt 04
2227228,28,Dave Bulthuis,1. FC Nürnberg
2227228,87,Guido Burgstaller,1. FC Nürnberg
2227228,50,Jurgen Gjasula,VfR Aalen
2227234,13,Lukas Schmitz,Fortuna Düsseldorf
2227234,19,Ihlas Bebou,Fortuna Düsseldorf
2227234,11,Edmond Kapllani,FSV Frankfurt
2227234,21,Edmond Kapllani,FSV Frankfurt
2227234,83,Zlatko Dedič,FSV Frankfurt
2227240,55,Kevin Kraus,1. FC Heidenheim 1846
2227240,72,Robert Leipertz,1. FC Heidenheim 1846
2227240,80,Patrick Schönfeld,Erzgebirge Aue
2227240,88,Martin Männel,Erzgebirge Aue
